# UnrealEd OBJ exporter (_Internal)



v -7.234566 55.295544 -11.160888

v -7.005850 54.794701 -11.234097

v -7.004086 54.795261 -11.135328

v 7.070474 65.555656 9.921983

v 7.084800 65.081497 6.837583

v 7.070474 65.555656 9.921983

v 7.071360 63.636200 9.517813

v 7.071360 63.636200 9.517813

v 7.070474 65.555656 9.921983

v 7.071340 65.081497 6.837583

v 7.084800 65.081497 6.837583

v 7.070474 65.555656 9.921983

v 7.084800 63.636898 9.517803

v 7.084800 63.636898 9.517803

v 7.071340 65.081497 6.837583

v 7.071340 65.081497 6.837583

v 7.084800 65.081497 6.837583

v 7.084800 63.526600 6.497093

v 7.071360 63.525700 6.497093

v 7.084800 63.526600 6.497093

v 7.071360 63.525700 6.497093

v 6.831260 54.432167 -10.993011

v 6.991633 54.614407 -10.426273

v -6.980522 62.534946 -10.761192

v 6.831260 54.432167 -10.993011

v 7.142512 54.892994 -11.045056

v 7.131020 54.899101 -10.946297

v 7.351912 63.010292 9.228955

v 7.080001 62.572536 9.591418

v 7.314354 62.509964 9.516562

v -7.005850 54.794701 -11.234097

v -7.234566 55.295544 -11.160888

v 6.956354 62.994366 -11.417539

v 6.956354 62.994366 -11.417539

v -7.234566 55.295544 -11.160888

v -7.140875 55.067341 -11.750614

v 6.956354 62.994366 -11.417539

v -7.140875 55.067341 -11.750614

v 6.910008 62.975704 -11.130900

v -7.234566 55.295544 -11.160888

v 7.309586 62.476570 -11.133415

v -7.004086 54.795261 -11.135328

v -7.005850 54.794701 -11.234097

v -7.004086 54.795261 -11.135328

v 7.309586 62.476570 -11.133415

v -7.234566 55.295544 -11.160888

v 6.910008 62.975704 -11.130900

v 6.831260 54.432167 -10.993011

v -7.095157 62.584343 -11.043124

v -7.095157 62.584343 -11.043124

v 7.142512 54.892994 -11.045056

v -6.779262 63.143818 -11.058196

v -6.980522 62.534946 -10.761192

v 6.991633 54.614407 -10.426273

v -6.779262 63.143818 -11.058196

v 7.131020 54.899101 -10.946297

v 7.131020 54.899101 -10.946297

v -6.779262 63.143818 -11.058196

v -6.980522 62.534946 -10.761192

v 6.831260 54.432167 -10.993011

v 6.831260 54.432167 -10.993011

v -7.095157 62.584343 -11.043124

v -6.980522 62.534946 -10.761192

v -6.779262 63.143818 -11.058196

v 7.142512 54.892994 -11.045056

v 7.309586 62.476570 -11.133415

v 7.309586 62.476570 -11.133415

v 6.956354 62.994366 -11.417539

v 6.910008 62.975704 -11.130900

v 7.084800 63.636898 9.517803

v 7.071360 63.636200 9.517813

v 7.292550 61.584301 9.401612

v 7.084800 63.526600 6.497093

v 7.084800 63.636898 9.517803

v 7.305930 61.585701 9.401592

v 7.292550 61.584301 9.401612

v 7.071360 63.636200 9.517813

v 7.071360 63.525700 6.497093

v 7.314354 62.509964 9.516562

v 6.859883 54.648003 -10.071094

v 7.080001 62.572536 9.591418

v 7.351912 63.010292 9.228955

v 7.465535 54.370045 -10.291622

v 7.080001 62.572536 9.591418

v 7.351912 63.010292 9.228955

v 7.203336 55.011219 -10.451787

v 7.465535 54.370045 -10.291622

v 7.314354 62.509964 9.516562

v 7.080001 62.572536 9.591418

v 7.929356 62.970154 -10.243015

v 7.895868 55.099457 9.541643

v 7.600031 54.813671 9.662787

v 7.335799 63.045372 -9.869480

v 7.600031 54.813671 9.662787

v 7.895868 55.099457 9.541643

v 7.600031 54.813671 9.662787

v 7.333215 54.501198 9.415388

v 7.335799 63.045372 -9.869480

v 7.600031 54.813671 9.662787

v 7.333215 54.501198 9.415388

v 7.572522 62.532803 -10.329809

v 7.335799 63.045372 -9.869480

v 7.929356 62.970154 -10.243015

v 7.335799 63.045372 -9.869480

v 7.572522 62.532803 -10.329809

v 7.465535 54.370045 -10.291622

v 7.203336 55.011219 -10.451787

v 7.465535 54.370045 -10.291622

v 7.305930 61.585701 9.401592

v 7.305930 61.585701 9.401592

v 7.292550 61.584301 9.401612

v 7.292550 61.584301 6.626923

v 7.071360 63.525700 6.497093

v 7.084800 63.526600 6.497093

v 7.305930 61.585701 6.626913

v 7.292550 61.584301 6.626923

v 7.305930 61.585701 6.626913

v 7.292550 61.584301 6.626923

v 7.305930 61.585701 6.626913

v 6.859883 54.648003 -10.071094

v 6.788090 53.947403 -0.416768

v 6.788090 53.947403 6.482642

v 6.788090 54.655201 6.482642

v 7.376548 54.672436 6.394885

v 7.372981 54.287697 -0.565915

v 6.788090 54.655201 -0.416765

v 7.301404 53.970314 6.380937

v 7.372981 54.287697 -0.565915

v 6.788090 54.655201 -0.416765

v 7.377466 54.298950 -0.226441

v 6.788090 54.655201 -0.387395

v 6.788090 54.655201 -0.416765

v 7.372981 54.287697 -0.565915

v 6.788090 53.947403 -0.387397

v 6.788090 53.947403 -0.416768

v 7.301404 53.970314 6.380937

v 6.788090 53.947403 6.482642

v 6.788090 53.947403 -0.416768

v 7.372981 54.287697 -0.565915

v 6.788090 54.655201 -0.387395

v 7.377466 54.298950 -0.226441

v 7.375346 54.679836 -7.300364

v 7.377466 54.298950 -0.226441

v 7.315076 53.983433 -7.236485

v 6.788090 53.947403 -0.387397

v 6.788090 54.655201 -0.387395

v 6.788090 54.655201 -7.286798

v 7.375346 54.679836 -7.300364

v 6.788090 54.655201 -7.286798

v 6.788090 53.947403 -7.286798

v 7.315076 53.983433 -7.236485

v 7.377466 54.298950 -0.226441

v 6.788090 53.947403 -0.387397

v 7.540634 54.018028 9.157615

v 7.130925 63.157776 9.142182

v 7.573952 63.196712 10.114671

v 6.788090 53.947403 -7.286798

v 7.422840 54.121704 10.279101

v 7.573952 63.196712 10.114671

v 6.472778 63.215290 10.378132

v -7.003087 62.529121 10.130422

v -6.999452 62.821751 10.102264

v -7.080431 62.529976 9.546343

v -7.233739 55.172520 10.095882

v 6.888421 62.973991 10.229917

v 6.888421 62.973991 10.229917

v -7.233739 55.172520 10.095882

v 6.976053 63.103046 10.959054

v -7.234805 55.185429 10.786269

v 6.966552 62.729393 10.246150

v 6.976053 63.103046 10.959054

v -7.218770 55.116600 10.785003

v -7.218770 55.116600 10.785003

v 6.976053 63.103046 10.959054

v 6.788090 54.655201 6.482642

v 7.376548 54.672436 6.394885

v 7.309950 54.121704 10.166203

v 7.573952 63.196712 10.114671

v 7.130925 63.157776 9.142182

v 6.416689 54.144718 9.982056

v 6.472778 63.215290 10.378132

v 7.573952 63.196712 10.114671

v 6.788090 53.947403 10.517302

v 6.788090 53.947403 6.482642

v 7.301404 53.970314 6.380937

v 7.563240 53.947403 10.517302

v 6.788090 54.655201 10.517303

v 7.563240 53.947403 10.517302

v 7.301404 53.970314 6.380937

v 7.376548 54.672436 6.394885

v 7.563240 54.655201 10.517303

v 7.376548 54.672436 6.394885

v 6.788090 54.655201 6.482642

v -7.080431 62.529976 9.546343

v 6.938616 54.641354 9.515117

v -7.003087 62.529121 10.130422

v 6.913493 54.409069 10.150753

v 6.788090 53.947403 10.517302

v 7.563240 54.655201 10.517303

v 6.788090 54.655201 10.517303

v -7.611235 63.141754 10.096301

v -6.528889 63.091675 10.384932

v -6.468225 54.000259 9.976947

v -6.528889 63.091675 10.384932

v -7.611235 63.141754 10.096301

v -7.465500 54.121704 10.279101

v -7.183800 63.271194 9.134522

v -7.611235 63.141754 10.096301

v -7.352610 54.121704 10.166203

v -6.468225 54.000259 9.976947

v -7.352610 54.121704 10.166203

v -7.579140 54.127071 9.139573

v -7.465500 54.121704 10.279101

v -7.611235 63.141754 10.096301

v 6.788090 54.655201 10.517303

v 6.788090 53.947403 10.517302

v 7.563240 53.947403 10.517302

v 7.563240 54.655201 10.517303

v -7.233739 55.172520 10.095882

v -7.218770 55.116600 10.785003

v -7.234805 55.185429 10.786269

v 6.788090 54.655201 -7.286798

v 7.375346 54.679836 -7.300364

v 7.563240 54.655201 -11.321497

v 7.375346 54.679836 -7.300364

v 7.315076 53.983433 -7.236485

v 7.563240 53.947403 -11.321498

v 6.788090 54.655201 -11.321497

v 6.788090 54.655201 -11.321497

v 6.416689 54.144718 9.982056

v 7.540634 54.018028 9.157615

v 7.309950 54.121704 10.166203

v 7.422840 54.121704 10.279101

v 6.966552 62.729393 10.246150

v -6.993807 54.702423 10.388696

v 6.976053 63.103046 10.959054

v 6.966552 62.729393 10.246150

v 6.888421 62.973991 10.229917

v 6.966552 62.729393 10.246150

v -7.233739 55.172520 10.095882

v -6.993807 54.702423 10.388696

v -7.233739 55.172520 10.095882

v 7.563240 54.655201 -11.321497

v 6.788090 53.947403 -11.321498

v -7.234805 55.185429 10.786269

v -6.999452 62.821751 10.102264

v -7.003087 62.529121 10.130422

v 6.913493 54.409069 10.150753

v 6.938616 54.641354 9.515117

v -7.080431 62.529976 9.546343

v -6.999452 62.821751 10.102264

v 6.788090 54.655201 -11.321497

v 7.563240 54.655201 -11.321497

v 7.563240 53.947403 -11.321498

v 6.788090 53.947403 -11.321498

v 7.217759 54.918224 9.935745

v -6.999452 62.821751 10.102264

v 7.217759 54.918224 9.935745

v 7.315076 53.983433 -7.236485

v 6.788090 53.947403 -7.286798

v 6.788090 53.947403 -11.321498

v 7.563240 53.947403 -11.321498

v 6.913493 54.409069 10.150753

v 6.913493 54.409069 10.150753

v 6.788090 73.080498 -7.286797

v 7.376559 73.104332 -7.311628

v 7.563240 73.080498 -11.321497

v 7.376559 73.104332 -7.311628

v 7.315634 72.409454 -7.236965

v 7.563240 72.372803 -11.321497

v 6.788090 72.372803 -7.286797

v 6.788090 73.080498 -7.286797

v 6.788090 73.080498 -11.321497

v 6.788090 72.372803 10.517303

v 6.788090 72.372803 6.482643

v 7.300450 72.394798 6.382428

v 7.071340 65.081497 -7.713347

v 7.070395 65.556564 -10.795984

v 7.071360 63.636200 -10.393598

v 7.084800 63.636898 -10.393598

v 7.070395 65.556564 -10.795984

v 7.084800 65.081497 -7.713347

v 6.788090 73.080498 -11.321497

v 7.563240 73.080498 -11.321497

v 6.788090 72.372803 -11.321497

v 7.578129 72.286674 -10.909863

v 7.131440 72.375496 -9.946349

v 7.539736 63.227211 -9.957814

v 7.070395 65.556564 -10.795984

v 7.084800 63.636898 -10.393598

v 7.071360 63.636200 -10.393598

v 6.788090 73.080498 -11.321497

v 7.563240 73.080498 -11.321497

v 7.563240 72.372803 -11.321497

v 7.371925 72.713875 -0.577646

v 7.374504 73.101952 6.424827

v 7.300450 72.394798 6.382428

v 6.788090 73.080498 -0.416767

v 6.788090 73.080498 6.482643

v 7.374504 73.101952 6.424827

v 6.788090 72.372803 -0.416768

v 6.788090 72.372803 6.482643

v 6.788090 73.080498 6.482643

v 7.371925 72.713875 -0.577646

v 6.788090 73.080498 -0.416767

v 7.378501 72.724686 -0.237984

v 6.788090 73.080498 -0.387395

v 6.788090 73.080498 -0.416767

v 7.371925 72.713875 -0.577646

v 6.788090 72.372803 -0.387397

v 6.788090 72.372803 -0.416768

v 7.300450 72.394798 6.382428

v 6.788090 72.372803 6.482643

v 6.788090 72.372803 -0.416768

v 7.371925 72.713875 -0.577646

v 6.788090 73.080498 -0.387395

v 7.378501 72.724686 -0.237984

v 7.376559 73.104332 -7.311628

v 7.378501 72.724686 -0.237984

v 7.315634 72.409454 -7.236965

v 6.788090 72.372803 -0.387397

v 6.788090 73.080498 -0.387395

v 7.376559 73.104332 -7.311628

v 6.788090 73.080498 -7.286797

v 6.788090 72.372803 -11.321497

v 6.788090 72.372803 -11.321497

v 7.563240 72.372803 -11.321497

v 7.315634 72.409454 -7.236965

v 6.788090 72.372803 -7.286797

v 7.084800 63.526600 -7.372848

v 7.071360 63.525700 -7.372857

v 7.292550 61.584301 -7.502687

v 7.305930 61.585701 -7.502667

v 7.292550 61.584301 -10.277397

v 7.292550 61.584301 -7.502687

v 7.071360 63.525700 -7.372857

v 7.315634 72.409454 -7.236965

v 7.378501 72.724686 -0.237984

v 6.788090 72.372803 -0.387397

v 7.595034 63.991920 9.753249

v 7.328105 72.210510 -9.793529

v 7.930372 72.151550 -10.192619

v 7.895374 64.285027 9.584768

v 7.930372 72.151550 -10.192619

v 7.328105 72.210510 -9.793529

v 7.328105 72.210510 -9.793529

v 6.788090 72.372803 -7.286797

v 7.563240 72.372803 10.517303

v 6.788090 73.080498 10.517303

v 7.563240 72.372803 10.517303

v 7.300450 72.394798 6.382428

v 7.374504 73.101952 6.424827

v 6.788090 72.372803 10.517303

v 6.788090 73.080498 10.517303

v 6.788090 72.372803 10.517303

v 7.563240 72.372803 10.517303

v 7.084800 63.526600 -7.372848

v 7.071360 63.525700 -7.372857

v 7.071360 63.525700 -7.372857

v 7.084800 63.526600 -7.372848

v 7.084800 65.081497 -7.713347

v 7.071340 65.081497 -7.713347

v 7.070395 65.556564 -10.795984

v 7.071340 65.081497 -7.713347

v 7.309950 63.324898 -10.970397

v 7.539736 63.227211 -9.957814

v 7.131440 72.375496 -9.946349

v 7.084800 65.081497 -7.713347

v 7.572207 63.141563 -10.907842

v 7.132235 63.164314 -9.947172

v 7.539916 54.023952 -9.958602

v 7.132235 63.164314 -9.947172

v 7.572207 63.141563 -10.907842

v 7.309950 54.121704 -10.970398

v 7.422840 54.121704 -11.083198

v 6.416207 54.124237 -10.785957

v 6.472060 63.230553 -11.181575

v 6.416207 54.124237 -10.785957

v 7.309950 54.121704 -10.970398

v 7.572207 63.141563 -10.907842

v 7.422840 54.121704 -11.083198

v 7.572207 63.141563 -10.907842

v 6.472060 63.230553 -11.181575

v 7.539916 54.023952 -9.958602

v 7.084800 63.526600 -7.372848

v 7.305930 61.585701 -7.502667

v 7.305930 61.585701 -10.277397

v 7.115000 69.198898 2.741113

v 7.101690 69.198898 2.741113

v 7.101690 66.509804 2.741113

v 7.115000 66.509804 2.741113

v 7.895374 64.285027 9.584768

v 7.595034 63.991920 9.753249

v 7.595034 63.991920 9.753249

v 7.332906 63.690197 9.452910

v 7.595034 63.991920 9.753249

v 7.332906 63.690197 9.452910

v 7.563054 71.685753 -10.292722

v 7.101690 69.198898 2.741113

v 7.115000 69.198898 2.741113

v 7.115000 69.198898 -3.545357

v 7.101690 66.509804 2.741113

v 7.101690 69.198898 2.741113

v 7.101690 69.198898 -3.545357

v 7.115000 69.198898 -3.545357

v 7.115000 69.198898 2.741113

v 7.115000 66.509804 2.741113

v 7.115000 66.509804 2.741113

v 7.101690 66.509804 2.741113

v 7.101690 66.509804 -3.545357

v 7.084800 63.636898 -10.393598

v 7.071360 63.636200 -10.393598

v 7.292550 61.584301 -10.277397

v 7.305930 61.585701 -10.277397

v 7.305930 61.585701 -7.502667

v 7.292550 61.584301 -7.502687

v 7.305930 61.585701 -10.277397

v 7.292550 61.584301 -10.277397

v 7.071360 63.636200 -10.393598

v 7.084800 63.636898 -10.393598

v 7.115000 66.509804 -3.545357

v 7.101690 66.509804 -3.545357

v 7.101690 69.198898 -3.545357

v 7.101690 69.198898 -3.545357

v 7.328105 72.210510 -9.793529

v 7.563054 71.685753 -10.292722

v 7.115000 69.198898 -3.545357

v 7.101690 66.509804 -3.545357

v 7.115000 66.509804 -3.545357

v 7.115000 66.509804 -3.545357

v -0.022667 63.147423 -30.195971

v -6.830740 63.150604 -11.321497

v -7.605900 63.150604 -11.321497

v 6.788090 63.858299 -0.387401

v 7.379570 63.489510 -0.341755

v 7.382471 63.877357 -7.344974

v 7.379570 63.489510 -0.341755

v 7.303430 63.171059 -7.362242

v 6.788090 63.150604 -0.387401

v 6.788090 63.858299 -0.387401

v 6.788090 63.858299 -7.286807

v 7.382471 63.877357 -7.344974

v 6.788090 63.858299 -7.286807

v 6.788090 63.150604 -7.286807

v 6.788090 63.858299 -11.321497

v 7.382471 63.877357 -7.344974

v 7.303430 63.171059 -7.362242

v 7.563250 63.150604 -11.321497

v 6.788090 63.858299 -7.286807

v 7.382471 63.877357 -7.344974

v 7.563250 63.858299 -11.321497

v 0.098413 63.900345 -31.122498

v 7.329796 71.981323 -10.793510

v 7.320678 71.786194 -10.633984

v -0.286865 63.257160 -31.104668

v 7.320678 71.786194 -10.633984

v 6.786452 72.187454 -10.567340

v 7.329796 71.981323 -10.793510

v 0.098413 63.900345 -31.122498

v 7.320678 71.786194 -10.633984

v 6.786452 72.187454 -10.567340

v -0.639851 63.788307 -30.938597

v 6.788090 63.858299 -11.321497

v 7.563250 63.858299 -11.321497

v 0.513093 63.859859 -30.978420

v 7.563250 63.858299 -11.321497

v 7.563250 63.150604 -11.321497

v 0.332977 63.171078 -31.482344

v 6.788090 63.150604 -11.321497

v 6.788090 63.858299 -11.321497

v -0.023182 63.857578 -30.158998

v 0.098413 63.900345 -31.122498

v -0.639851 63.788307 -30.938597

v 6.788090 63.150604 -11.321497

v 7.563250 63.150604 -11.321497

v 7.303430 63.171059 -7.362242

v 6.788090 63.858299 -0.387401

v 6.788090 63.150604 -0.387401

v 7.379570 63.489510 -0.341755

v -0.286865 63.257160 -31.104668

v 0.098413 63.900345 -31.122498

v -7.343258 63.171963 -7.272321

v -6.830740 63.150604 -7.286807

v 6.788090 63.858299 -11.321497

v 7.563250 63.150604 -11.321497

v 6.788090 63.150604 -11.321497

v 7.329796 71.981323 -10.793510

v 6.786452 72.187454 -10.567340

v 7.320678 71.786194 -10.633984

v -0.818740 63.150604 -30.154299

v -7.605900 63.150604 -11.321497

v -7.605900 63.858299 -11.321497

v 7.563250 63.858299 -11.321497

v 6.788090 63.150604 -11.321497

v -0.023182 63.857578 -30.158998

v -6.830750 63.858299 -11.321497

v -6.830740 63.150604 -11.321497

v -0.818738 63.858299 -30.154299

v -7.605900 63.858299 -11.321497

v -6.830750 63.858299 -11.321497

v 0.218788 63.600105 -31.563520

v -7.273282 71.639137 -11.288774

v -7.379259 71.413910 -10.728718

v -7.273282 71.639137 -11.288774

v -7.732954 71.999985 -11.334839

v -0.404709 63.583763 -31.729904

v -7.732954 71.999985 -11.334839

v -7.273282 71.639137 -11.288774

v 0.218788 63.600105 -31.563520

v -0.023182 63.857578 -30.158998

v 0.513093 63.859859 -30.978420

v -6.830750 63.858299 -11.321497

v -6.830740 63.858299 -7.286807

v -6.830740 63.150604 -7.286807

v -0.022667 63.147423 -30.195971

v -7.424195 63.877068 -7.289787

v -6.830740 63.858299 -7.286807

v -7.605900 63.150604 -11.321497

v -7.343258 63.171963 -7.272321

v -7.424195 63.877068 -7.289787

v 0.218788 63.600105 -31.563520

v -0.404709 63.583763 -31.729904

v 7.303430 63.171059 -7.362242

v 7.379570 63.489510 -0.341755

v 6.788090 63.150604 -0.387401

v 6.788090 63.150604 -7.286807

v -7.273282 71.639137 -11.288774

v 0.218788 63.600105 -31.563520

v -0.170670 63.252430 -31.308403

v -0.170670 63.252430 -31.308403

v -6.830740 63.150604 -11.321497

v -0.023182 63.857578 -30.158998

v -0.500608 63.540051 -32.181854

v 0.332977 63.171078 -31.482344

v -0.022667 63.147423 -30.195971

v -0.818738 63.858299 -30.154299

v 0.332977 63.171078 -31.482344

v -0.818740 63.150604 -30.154299

v -0.022667 63.147423 -30.195971

v -7.605900 63.858299 -11.321497

v 6.788090 63.150604 -7.286807

v 0.332977 63.171078 -31.482344

v -0.500608 63.540051 -32.181854

v -0.500608 63.540051 -32.181854

v 0.332977 63.171078 -31.482344

v -0.022667 63.147423 -30.195971

v -0.023182 63.857578 -30.158998

v -0.500608 63.540051 -32.181854

v -0.023182 63.857578 -30.158998

v -0.500608 63.540051 -32.181854

v -0.818740 63.150604 -30.154299

v -0.818740 63.150604 -30.154299

v -0.818738 63.858299 -30.154299

v -0.818738 63.858299 -30.154299

v 0.513093 63.859859 -30.978420

v 0.513093 63.859859 -30.978420

v -0.023182 63.857578 -30.158998

v -6.969460 63.636200 -10.393598

v -6.982900 63.636898 -10.393598

v -6.968747 65.541679 -10.823592

v -6.982900 65.081497 -7.713347

v -6.968747 65.541679 -10.823592

v -6.982900 63.636898 -10.393598

v -6.969460 63.636200 -10.393598

v -6.968747 65.541679 -10.823592

v -6.969440 65.081497 -7.713347

v -7.622646 72.337318 -10.928780

v -7.465500 63.324898 -11.083297

v -7.583157 63.217548 -9.961168

v -7.622646 72.337318 -10.928780

v -7.352600 63.324898 -10.970397

v -6.471571 63.320518 -10.776543

v -6.537059 72.428055 -11.187843

v -6.471571 63.320518 -10.776543

v -7.465500 63.324898 -11.083297

v 7.004598 63.578762 -11.097458

v -6.776160 71.896072 -11.011707

v 7.004598 63.578762 -11.097458

v 7.221085 64.143417 -10.886662

v 7.422850 63.324898 -11.083297

v 6.424325 63.202873 -10.782130

v 6.483949 72.292450 -11.188381

v 7.097692 63.766403 -10.431003

v -6.947750 71.653069 -10.472143

v -6.982900 63.526600 -7.372848

v -6.969470 63.525700 -7.372857

v -6.982900 63.526600 -7.372848

v -6.969470 63.525700 -7.372857

v -6.969440 65.081497 -7.713347

v -6.982900 65.081497 -7.713347

v -6.968747 65.541679 -10.823592

v -6.982900 65.081497 -7.713347

v -7.171467 72.368370 -9.945048

v -7.583157 63.217548 -9.961168

v -7.352600 63.324898 -10.970397

v -6.969440 65.081497 -7.713347

v -7.379259 71.413910 -10.728718

v 6.424325 63.202873 -10.782130

v 7.309950 63.324898 -10.970397

v 7.578129 72.286674 -10.909863

v -7.622646 72.337318 -10.928780

v -7.622646 72.337318 -10.928780

v 7.422850 63.324898 -11.083297

v -6.537059 72.428055 -11.187843

v -7.171467 72.368370 -9.945048

v -6.984824 71.731232 -11.051266

v -6.947750 71.653069 -10.472143

v -6.776160 71.896072 -11.011707

v 7.111490 72.060051 -11.306461

v -7.196954 64.476997 -11.073691

v 6.891625 72.227119 -11.700858

v 7.004598 63.578762 -11.097458

v -6.984824 71.731232 -11.051266

v 7.578129 72.286674 -10.909863

v 7.578129 72.286674 -10.909863

v -6.969470 63.525700 -7.372857

v -6.982900 63.526600 -7.372848

v -7.204030 61.585701 -7.502667

v -7.190660 61.584301 -7.502687

v -6.969470 63.525700 -7.372857

v -7.190660 61.584301 -7.502687

v -7.190660 61.584301 -10.277397

v -7.204030 61.585701 -10.277397

v -7.204030 61.585701 -7.502667

v -6.982900 63.526600 -7.372848

v -6.969460 63.636200 -10.393598

v -6.982900 63.636898 -10.393598

v -6.982900 63.636898 -10.393598

v -6.969460 63.636200 -10.393598

v -7.190660 61.584301 -10.277397

v -7.204030 61.585701 -10.277397

v -7.190660 61.584301 -7.502687

v -7.204030 61.585701 -7.502667

v -7.204030 61.585701 -10.277397

v -7.190660 61.584301 -10.277397

v 7.097692 63.766403 -10.431003

v 7.004598 63.578762 -11.097458

v -6.776160 71.896072 -11.011707

v -7.196954 64.476997 -11.073691

v -7.002603 63.909695 -11.291887

v 7.147256 71.742485 -11.082217

v -6.984824 71.731232 -11.051266

v -6.776160 71.896072 -11.011707

v -6.947750 71.653069 -10.472143

v 7.221085 64.143417 -10.886662

v 7.111490 72.060051 -11.306461

v 7.147256 71.742485 -11.082217

v -7.002603 63.909695 -11.291887

v -7.153107 64.253700 -11.751707

v 6.891625 72.227119 -11.700858

v 7.111490 72.060051 -11.306461

v 7.111490 72.060051 -11.306461

v -7.582033 54.232906 -9.956124

v -7.158833 63.343670 -9.907136

v -7.568696 63.415203 -10.914470

v -6.465314 54.261787 -10.779437

v -6.532098 63.348091 -11.183392

v -7.568696 63.415203 -10.914470

v -7.352610 54.121704 -10.970398

v -7.568696 63.415203 -10.914470

v -7.158833 63.343670 -9.907136

v -7.196954 64.476997 -11.073691

v -7.465500 54.121704 -11.083198

v -7.568696 63.415203 -10.914470

v -6.532098 63.348091 -11.183392

v 6.483949 72.292450 -11.188381

v -7.582033 54.232906 -9.956124

v -7.465500 54.121704 -11.083198

v -7.352610 54.121704 -10.970398

v -6.465314 54.261787 -10.779437

v -7.196954 64.476997 -11.073691

v -7.153107 64.253700 -11.751707

v -6.507118 72.535515 -10.810209

v -6.538293 81.655205 -11.188058

v -7.609063 81.738869 -10.906117

v 6.756078 72.934578 -11.069068

v -7.101270 81.030777 -11.057617

v -7.101270 81.030777 -11.057617

v -7.060161 80.942734 -10.460161

v -6.832504 81.153999 -11.011950

v -0.308432 81.763344 -30.959063

v -7.451035 90.190918 -10.615936

v 0.285410 82.086914 -31.543818

v -7.230419 90.277290 -11.000290

v -7.451035 90.190918 -10.615936

v -7.451035 90.190918 -10.615936

v -7.771625 90.445526 -11.261965

v -0.465139 82.064499 -31.656971

v -7.771625 90.445526 -11.261965

v -7.230419 90.277290 -11.000290

v 0.285410 82.086914 -31.543818

v -6.539761 90.852295 -11.188643

v -6.473368 81.745178 -10.775259

v -7.465510 81.751503 -11.083296

v -7.622620 90.762108 -10.929526

v -7.352610 81.751503 -10.970396

v -6.473368 81.745178 -10.775259

v -7.622620 90.762108 -10.929526

v -7.465510 81.751503 -11.083296

v -7.582888 81.644218 -9.959957

v 7.002278 73.040329 -10.420650

v -7.060161 80.942734 -10.460161

v 7.422840 72.547104 -11.083197

v 6.421404 72.691422 -10.780778

v 6.484449 81.776741 -11.181943

v 6.421404 72.691422 -10.780778

v 7.309950 72.547104 -10.970397

v 7.566084 81.670959 -10.918334

v 7.539434 72.449417 -9.956510

v 7.422840 72.547104 -11.083197

v 7.566084 81.670959 -10.918334

v -7.171654 90.795029 -9.944226

v -7.582888 81.644218 -9.959957

v -7.352610 81.751503 -10.970396

v -7.622620 90.762108 -10.929526

v -7.622620 90.762108 -10.929526

v -6.539761 90.852295 -11.188643

v -7.171654 90.795029 -9.944226

v -7.230419 90.277290 -11.000290

v -7.771625 90.445526 -11.261965

v -7.451035 90.190918 -10.615936

v 7.309950 72.547104 -10.970397

v 7.539434 72.449417 -9.956510

v 7.132534 81.576530 -9.945617

v 6.766262 81.335297 -11.140360

v 6.921480 81.128174 -11.156712

v 6.745338 81.368279 -11.717399

v 6.766262 81.335297 -11.140360

v -7.463757 73.571548 -11.116709

v 6.766262 81.335297 -11.140360

v -7.286247 73.427490 -11.748564

v 6.745338 81.368279 -11.717399

v 6.921480 81.128174 -11.156712

v 6.745338 81.368279 -11.717399

v 7.132534 81.576530 -9.945617

v 7.566084 81.670959 -10.918334

v 7.566084 81.670959 -10.918334

v 6.484449 81.776741 -11.181943

v 6.921480 81.128174 -11.156712

v -7.463757 73.571548 -11.116709

v 6.921480 81.128174 -11.156712

v -7.033680 73.138542 -11.333958

v -6.832504 81.153999 -11.011950

v 7.212224 73.343719 -10.846337

v 6.756078 72.934578 -11.069068

v 7.002278 73.040329 -10.420650

v 6.756078 72.934578 -11.069068

v -6.832504 81.153999 -11.011950

v -6.832504 81.153999 -11.011950

v 6.756078 72.934578 -11.069068

v 7.212224 73.343719 -10.846337

v -7.060161 80.942734 -10.460161

v -7.101270 81.030777 -11.057617

v -7.033680 73.138542 -11.333958

v -7.463757 73.571548 -11.116709

v -7.286247 73.427490 -11.748564

v -7.463757 73.571548 -11.116709

v 0.105370 82.339340 -31.097286

v -0.642686 82.212242 -30.947195

v 6.783457 90.612038 -10.572868

v 0.285410 82.086914 -31.543818

v -0.465139 82.064499 -31.656971

v 0.285410 82.086914 -31.543818

v -0.308432 81.763344 -30.959063

v -0.021335 82.284996 -30.154297

v -0.818748 82.284996 -30.154297

v -0.021335 82.284996 -30.154297

v -0.018158 81.570953 -30.197468

v -0.818748 82.284996 -30.154297

v -0.491073 81.934540 -32.023380

v -0.818749 81.577301 -30.154297

v -0.491073 81.934540 -32.023380

v 0.292488 81.603218 -31.747375

v -0.491073 81.934540 -32.023380

v 0.776074 82.284996 -30.154297

v -7.605910 82.284996 -11.321496

v -0.818748 82.284996 -30.154297

v -0.818749 81.577301 -30.154297

v -6.830750 81.577301 -11.321496

v -0.018158 81.570953 -30.197468

v -0.021335 82.284996 -30.154297

v -6.830750 82.284996 -11.321496

v -0.021335 82.284996 -30.154297

v -0.818748 82.284996 -30.154297

v -0.021335 82.284996 -30.154297

v -0.018158 81.570953 -30.197468

v 6.788090 81.577301 -11.321496

v 0.292488 81.603218 -31.747375

v -0.018158 81.570953 -30.197468

v 0.292488 81.603218 -31.747375

v 7.563240 81.577301 -11.321496

v -7.605900 81.577301 -11.321496

v -0.818749 81.577301 -30.154297

v -0.018158 81.570953 -30.197468

v -0.018158 81.570953 -30.197468

v 0.292488 81.603218 -31.747375

v -0.818749 81.577301 -30.154297

v -0.491073 81.934540 -32.023380

v 0.292488 81.603218 -31.747375

v 0.776074 82.284996 -30.154297

v 7.563240 82.284996 -11.321496

v 0.776074 82.284996 -30.154297

v 6.788090 82.284996 -11.321496

v 7.344529 90.238937 -10.570462

v 0.105370 82.339340 -31.097286

v -0.279807 81.693367 -31.079826

v 7.344529 90.238937 -10.570462

v -0.279807 81.693367 -31.079826

v 0.105370 82.339340 -31.097286

v -0.642686 82.212242 -30.947195

v 0.105370 82.339340 -31.097286

v 7.344529 90.238937 -10.570462

v 6.788090 81.577301 -11.321496

v 7.292550 79.929398 -10.277396

v 7.305930 79.930901 -10.277396

v 7.305930 79.930901 -7.502666

v 7.292550 79.929398 -7.502687

v 7.305930 79.930901 -10.277396

v 7.292550 79.929398 -10.277396

v 7.071360 81.981300 -10.393597

v 7.084800 81.982101 -10.393597

v 6.788090 81.577301 -11.321496

v 7.563240 81.577301 -11.321496

v 7.308816 81.607635 -7.266105

v 7.071360 81.870903 -7.372856

v 7.071360 81.981300 -10.393597

v 7.292550 79.929398 -10.277396

v 7.305930 79.930901 -10.277396

v 7.084800 81.982101 -10.393597

v 7.084800 81.871704 -7.372847

v 7.305930 79.930901 -7.502666

v 7.292550 79.929398 -7.502687

v 7.292550 79.929398 -7.502687

v 7.305930 79.930901 -7.502666

v 7.084800 81.871704 -7.372847

v 6.788090 81.577301 -7.286797

v -6.982910 83.426598 -7.713346

v -6.969440 83.426598 -7.713346

v -6.967618 83.886879 -10.823415

v 7.071360 81.870903 -7.372856

v 6.788090 82.284996 -11.321496

v -6.969440 83.426598 -7.713346

v -6.982910 83.426598 -7.713346

v -6.982910 81.871704 -7.372847

v -6.969470 81.870903 -7.372856

v -6.830750 82.284996 -11.321496

v -6.830750 82.284996 -7.286796

v -6.830750 81.577301 -7.286807

v -6.969440 83.426598 -7.713346

v -6.969470 81.870903 -7.372856

v -6.969460 81.981300 -10.393597

v -6.982910 81.982101 -10.393597

v -6.982910 81.871704 -7.372847

v -6.982910 83.426598 -7.713346

v 7.563240 81.577301 -11.321496

v 7.563240 82.284996 -11.321496

v 6.783457 90.612038 -10.572868

v 7.334485 90.415207 -10.777835

v 7.334485 90.415207 -10.777835

v 6.788090 82.284996 -11.321496

v 6.788090 81.577301 -11.321496

v 6.788090 81.577301 -7.286797

v -7.605910 82.284996 -11.321496

v -7.415106 82.315247 -7.336563

v -6.830750 82.284996 -7.286796

v -7.605900 81.577301 -11.321496

v -7.360485 81.612190 -7.371896

v -7.415106 82.315247 -7.336563

v -6.967618 83.886879 -10.823415

v -6.967618 83.886879 -10.823415

v -6.967618 83.886879 -10.823415

v -6.969460 81.981300 -10.393597

v -6.830750 81.577301 -11.321496

v -6.982910 81.982101 -10.393597

v -7.605910 82.284996 -11.321496

v 7.563240 81.577301 -11.321496

v 7.563240 82.284996 -11.321496

v 7.376964 82.309395 -7.283319

v 7.084800 81.982101 -10.393597

v 7.071360 81.981300 -10.393597

v 7.069541 83.897232 -10.804218

v 6.788090 82.284996 -7.286806

v 7.084800 81.982101 -10.393597

v 7.069541 83.897232 -10.804218

v 7.084800 83.426598 -7.713346

v 7.071340 83.426598 -7.713346

v 7.069541 83.897232 -10.804218

v 7.071360 81.981300 -10.393597

v 6.788090 82.284996 -7.286806

v 7.308816 81.607635 -7.266105

v 7.376964 82.309395 -7.283319

v 7.084800 81.871704 -7.372847

v 7.071360 81.870903 -7.372856

v 7.071360 81.870903 -7.372856

v 7.084800 81.871704 -7.372847

v 7.084800 83.426598 -7.713346

v -6.830750 82.284996 -11.321496

v -7.605900 81.577301 -11.321496

v -6.969470 81.870903 -7.372856

v -6.982910 81.871704 -7.372847

v -7.204040 79.930901 -7.502666

v -6.830750 81.577301 -11.321496

v -6.830750 81.577301 -7.286807

v -7.360485 81.612190 -7.371896

v -7.190660 79.929398 -7.502687

v -6.969470 81.870903 -7.372856

v -7.190660 79.929398 -7.502687

v -7.190660 79.929398 -10.277396

v -7.204040 79.930901 -10.277396

v -7.204040 79.930901 -7.502666

v -6.982910 81.871704 -7.372847

v -6.969460 81.981300 -10.393597

v -6.982910 81.982101 -10.393597

v -6.982910 81.982101 -10.393597

v -6.969460 81.981300 -10.393597

v -7.190660 79.929398 -10.277396

v -7.204040 79.930901 -10.277396

v -7.190660 79.929398 -7.502687

v -7.204040 79.930901 -7.502666

v -7.204040 79.930901 -10.277396

v -7.190660 79.929398 -10.277396

v 7.071340 83.426598 -7.713346

v 7.069541 83.897232 -10.804218

v 7.071340 83.426598 -7.713346

v 7.084800 83.426598 -7.713346

v 7.334485 90.415207 -10.777835

v 6.783457 90.612038 -10.572868

v 7.344529 90.238937 -10.570462

v -7.244251 64.371414 10.094875

v 6.896655 72.182281 10.229819

v 6.896655 72.182281 10.229819

v -7.244251 64.371414 10.094875

v 6.964954 72.303383 10.956227

v -7.260452 64.373558 10.783654

v -7.218770 64.319801 10.784904

v 6.964954 72.303383 10.956227

v -6.992692 71.726135 10.127793

v -6.781846 71.899025 10.127894

v -7.123745 71.720909 9.401067

v 6.964954 72.303383 10.956227

v 6.936629 71.915222 10.244878

v 6.896655 72.182281 10.229819

v -7.615744 72.344025 10.105936

v -6.518884 72.425362 10.378905

v -6.460787 63.322731 9.980340

v -6.518884 72.425362 10.378905

v -7.615744 72.344025 10.105936

v -7.465500 63.324898 10.279102

v -7.174229 72.368195 9.143830

v -7.615744 72.344025 10.105936

v -7.352600 63.324898 10.166203

v -7.615744 72.344025 10.105936

v -7.174229 72.368195 9.143830

v -7.582753 63.226837 9.155291

v -6.460787 63.322731 9.980340

v -7.352600 63.324898 10.166203

v -7.465500 63.324898 10.279102

v -7.582753 63.226837 9.155291

v -7.465500 72.547104 -11.083297

v -7.609063 81.738869 -10.906117

v -6.538293 81.655205 -11.188058

v -7.352610 72.547104 -10.970397

v -7.609063 81.738869 -10.906117

v -7.158358 81.768143 -9.908014

v -7.244251 64.371414 10.094875

v -7.218770 64.319801 10.784904

v -7.260452 64.373558 10.783654

v -7.582176 72.657272 -9.956790

v -7.158358 81.768143 -9.908014

v -7.609063 81.738869 -10.906117

v 6.823040 71.711647 9.657191

v 6.855605 63.833981 -10.122741

v 7.472280 63.800137 -9.753119

v 7.201498 64.315163 -10.225439

v 7.472280 63.800137 -9.753119

v 7.112838 72.002998 9.761199

v 7.472280 63.800137 -9.753119

v 7.201498 64.315163 -10.225439

v 7.349471 72.332039 9.501460

v 7.112838 72.002998 9.761199

v 7.472280 63.800137 -9.753119

v 6.855605 63.833981 -10.122741

v 7.112838 72.002998 9.761199

v 7.112838 72.002998 9.761199

v 7.349471 72.332039 9.501460

v 6.823040 71.711647 9.657191

v -7.582176 72.657272 -9.956790

v -7.465500 72.547104 -11.083297

v -7.352610 72.547104 -10.970397

v -6.507118 72.535515 -10.810209

v 6.936629 71.915222 10.244878

v -7.001532 63.903015 10.388950

v 6.936629 71.915222 10.244878

v -7.244251 64.371414 10.094875

v -7.001532 63.903015 10.388950

v -7.218770 64.319801 10.784904

v -7.244251 64.371414 10.094875

v 6.936629 71.915222 10.244878

v -7.260452 64.373558 10.783654

v 6.888319 63.719070 9.573142

v -6.992692 71.726135 10.127793

v -7.123745 71.720909 9.401067

v 7.027338 63.650482 10.260693

v -6.992692 71.726135 10.127793

v 7.027338 63.650482 10.260693

v -7.123745 71.720909 9.401067

v 6.910930 63.784401 9.575203

v 6.910930 63.784401 9.575203

v -7.123745 71.720909 9.401067

v -6.781846 71.899025 10.127894

v 7.422850 63.324898 10.279102

v 7.571149 72.452911 10.123478

v 6.485453 72.548225 10.378349

v 7.541125 63.225933 9.159750

v 7.129755 72.358093 9.143890

v 7.571149 72.452911 10.123478

v 7.309950 63.324898 10.166203

v 7.571149 72.452911 10.123478

v 7.129755 72.358093 9.143890

v 6.420082 63.463951 9.977039

v 6.485453 72.548225 10.378349

v 7.571149 72.452911 10.123478

v 6.964954 72.303383 10.956227

v 7.213383 64.154106 9.970486

v -6.781846 71.899025 10.127894

v -6.781846 71.899025 10.127894

v 7.213383 64.154106 9.970486

v 6.888319 63.719070 9.573142

v 7.027338 63.650482 10.260693

v 6.888319 63.719070 9.573142

v 6.910930 63.784401 9.575203

v 6.420082 63.463951 9.977039

v 7.541125 63.225933 9.159750

v 7.309950 63.324898 10.166203

v 7.422850 63.324898 10.279102

v 7.027338 63.650482 10.260693

v 7.027338 63.650482 10.260693

v -7.678920 63.836235 9.601021

v -7.418060 72.085487 -9.996186

v -7.631346 71.528397 -10.426085

v -7.407695 63.540466 9.308841

v -7.631346 71.528397 -10.426085

v -7.282180 69.198898 -3.545357

v -7.268860 69.198898 -3.545357

v -7.268860 66.509804 -3.545357

v -7.268860 66.509804 2.741113

v -7.268860 66.509804 -3.545357

v -7.268860 69.198898 -3.545357

v -7.282180 69.198898 -3.545357

v -7.282180 66.509804 -3.545357

v -7.282180 66.509804 2.741113

v -7.282180 66.509804 -3.545357

v -7.268860 66.509804 -3.545357

v -7.268860 66.509804 2.741113

v -7.282180 66.509804 -3.545357

v -7.412132 71.792587 9.578646

v -7.321583 63.518604 -10.092455

v -7.069207 64.107231 -10.404351

v -7.661812 72.103279 9.288387

v -7.069207 64.107231 -10.404351

v -8.016413 71.961624 -10.269327

v -7.418060 72.085487 -9.996186

v -7.678920 63.836235 9.601021

v -7.418060 72.085487 -9.996186

v -8.016413 71.961624 -10.269327

v -7.986701 64.094574 9.511115

v -6.714270 63.693020 -10.152584

v -7.321583 63.518604 -10.092455

v -7.412132 71.792587 9.578646

v -7.321583 63.518604 -10.092455

v -6.714270 63.693020 -10.152584

v -7.120742 71.564491 9.608533

v -7.412132 71.792587 9.578646

v -7.321583 63.518604 -10.092455

v -6.830740 63.858299 -0.387395

v -6.830740 63.150604 -0.387395

v -7.424195 63.877068 -7.289787

v -7.413284 63.489445 -0.231976

v -6.830740 63.858299 -0.387395

v -7.343258 63.171963 -7.272321

v -7.413284 63.489445 -0.231976

v -6.830740 63.858299 -7.286807

v -7.424195 63.877068 -7.289787

v -6.830740 63.150604 6.482643

v -6.830740 63.858299 6.482643

v -6.830740 63.858299 10.517303

v -7.678920 63.836235 9.601021

v -7.418060 72.085487 -9.996186

v -6.830740 63.150604 10.517303

v -7.605900 63.150604 10.517303

v -7.352836 63.183350 6.439445

v -6.969460 63.636200 9.517813

v -6.982900 63.636898 9.517803

v -7.204030 61.585701 9.401592

v -7.268860 69.198898 -3.545357

v -7.282180 69.198898 -3.545357

v -7.282180 69.198898 2.741113

v -6.969470 63.525700 6.497103

v -6.969460 63.636200 9.517813

v -7.190660 61.584301 9.401612

v -7.204030 61.585701 9.401592

v -6.982900 63.636898 9.517803

v -6.982900 63.526600 6.497093

v -7.190660 61.584301 9.401612

v -6.830740 63.858299 -0.416767

v -6.830740 63.150604 -0.416769

v -7.418697 63.501106 -0.569965

v -7.413284 63.489445 -0.231976

v -6.830740 63.150604 -0.387395

v -6.830740 63.858299 -0.387395

v -7.190660 61.584301 9.401612

v -7.204030 61.585701 9.401592

v -7.204030 61.585701 6.626913

v -6.830740 63.150604 6.482643

v -6.982900 63.526600 6.497093

v -6.969470 63.525700 6.497103

v -7.190660 61.584301 6.626923

v -7.190660 61.584301 6.626923

v -7.204030 61.585701 6.626913

v -7.204030 61.585701 6.626913

v -7.190660 61.584301 6.626923

v -7.183800 63.271194 9.134522

v -7.579140 54.127071 9.139573

v -7.418697 63.501106 -0.569965

v -7.352836 63.183350 6.439445

v -6.830740 63.858299 -0.416767

v -7.418697 63.501106 -0.569965

v -7.417316 63.883755 6.436398

v -6.969460 63.636200 9.517813

v -6.969470 63.525700 6.497103

v -6.969440 65.081497 6.837583

v -6.830740 63.150604 -0.416769

v -6.830740 63.858299 -0.416767

v -7.417316 63.883755 6.436398

v -6.830740 63.858299 6.482643

v -6.982900 65.081497 6.837583

v -6.969440 65.081497 6.837583

v -6.969470 63.525700 6.497103

v -7.407695 63.540466 9.308841

v -6.969440 65.081497 6.837583

v -6.982900 65.081497 6.837583

v -6.968569 65.544708 9.942299

v -7.343258 63.171963 -7.272321

v -6.830740 63.150604 -7.286807

v -6.830740 63.150604 -0.387395

v -7.413284 63.489445 -0.231976

v -7.352836 63.183350 6.439445

v -7.418697 63.501106 -0.569965

v -6.830740 63.150604 -0.416769

v -6.830740 63.150604 6.482643

v -6.982900 65.081497 6.837583

v -6.982900 63.526600 6.497093

v -6.982900 63.636898 9.517803

v -6.830740 63.858299 6.482643

v -7.417316 63.883755 6.436398

v -7.605900 63.858299 10.517303

v -7.417316 63.883755 6.436398

v -7.352836 63.183350 6.439445

v -7.605900 63.150604 10.517303

v -6.982900 63.526600 6.497093

v -7.282180 66.509804 2.741113

v -7.282180 69.198898 2.741113

v -7.268860 69.198898 2.741113

v -7.661812 72.103279 9.288387

v -7.412132 71.792587 9.578646

v -7.120742 71.564491 9.608533

v -7.268860 69.198898 2.741113

v -7.282180 69.198898 2.741113

v -7.282180 66.509804 2.741113

v -7.268860 66.509804 2.741113

v -7.678920 63.836235 9.601021

v -7.605900 63.858299 10.517303

v -6.830740 63.858299 10.517303

v -7.986701 64.094574 9.511115

v -6.982900 63.636898 9.517803

v -6.969460 63.636200 9.517813

v -6.968569 65.544708 9.942299

v -6.830740 63.150604 10.517303

v -6.968569 65.544708 9.942299

v -6.968569 65.544708 9.942299

v -7.268860 69.198898 2.741113

v 0.651622 63.629311 31.378340

v 0.776087 63.858299 29.350101

v -0.021323 63.858299 29.350101

v 0.776087 63.858299 29.350101

v 0.776088 63.150604 29.350101

v -0.543700 63.370911 31.378887

v -0.543700 63.370911 31.378887

v -0.818733 63.858299 29.350101

v -0.021323 63.150604 29.350101

v -0.021323 63.858299 29.350101

v -0.818733 63.858299 29.350101

v -0.818733 63.150604 29.350101

v -0.543700 63.370911 31.378887

v -0.350311 63.787811 30.117775

v 0.251085 63.585678 30.674772

v 7.571397 71.999092 10.213164

v 0.251085 63.585678 30.674772

v -0.350311 63.787811 30.117775

v 7.096037 71.571884 9.990279

v 7.096037 71.571884 9.990279

v -0.350311 63.787811 30.117775

v -0.021796 63.164520 30.287376

v 7.096037 71.571884 9.990279

v -0.021796 63.164520 30.287376

v -0.350311 63.787811 30.117775

v -0.173618 63.499523 30.975382

v -7.571384 71.722450 10.266943

v 0.510366 63.472252 30.614071

v -6.915471 71.866058 10.264112

v 0.510366 63.472252 30.614071

v -0.173618 63.499523 30.975382

v -7.484752 71.522453 10.183809

v -7.484752 71.522453 10.183809

v -0.173618 63.499523 30.975382

v -0.048278 63.162781 30.273993

v -7.484752 71.522453 10.183809

v -0.048278 63.162781 30.273993

v -0.173618 63.499523 30.975382

v 6.788090 63.858299 10.517303

v -0.021323 63.858299 29.350101

v 0.776087 63.858299 29.350101

v 7.563250 63.858299 10.517303

v 0.776087 63.858299 29.350101

v 0.776088 63.150604 29.350101

v 7.370826 63.487698 -0.566673

v 7.380471 63.875927 6.432671

v 7.299538 63.171646 6.449296

v 6.788090 63.858299 -0.416771

v 6.788090 63.858299 6.482643

v 7.380471 63.875927 6.432671

v 6.788090 63.150604 -0.416774

v 6.788090 63.150604 6.482633

v 6.788090 63.858299 6.482643

v 7.370826 63.487698 -0.566673

v 6.788090 63.858299 -0.416771

v 6.788100 63.150604 10.517303

v -0.021323 63.150604 29.350101

v -0.021323 63.858299 29.350101

v 6.788090 63.858299 -0.416771

v 7.370826 63.487698 -0.566673

v -0.818733 63.858299 29.350101

v -0.021323 63.858299 29.350101

v -0.021323 63.858299 29.350101

v -0.021323 63.150604 29.350101

v -6.830740 63.150604 10.517303

v -0.818733 63.150604 29.350101

v -0.818733 63.858299 29.350101

v -7.605900 63.858299 10.517303

v 0.651622 63.629311 31.378340

v 0.776088 63.150604 29.350101

v -0.021323 63.150604 29.350101

v 6.788090 63.150604 -0.416774

v -0.543700 63.370911 31.378887

v -0.818733 63.150604 29.350101

v 7.563250 63.150604 10.517303

v 0.776088 63.150604 29.350101

v -0.021323 63.150604 29.350101

v -0.818733 63.150604 29.350101

v 7.571397 71.999092 10.213164

v 7.085073 71.882545 9.811421

v 0.651622 63.629311 31.378340

v 7.085073 71.882545 9.811421

v 7.563250 63.858299 10.517303

v 7.563250 63.150604 10.517303

v 6.788090 63.858299 10.517303

v 6.788090 63.858299 10.517303

v 7.563250 63.150604 10.517303

v 7.299538 63.171646 6.449296

v 7.380471 63.875927 6.432671

v 7.563250 63.858299 10.517303

v 7.380471 63.875927 6.432671

v 6.788090 63.858299 6.482643

v -7.605900 63.150604 10.517303

v 6.788100 63.150604 10.517303

v -6.830740 63.858299 10.517303

v -6.915471 71.866058 10.264112

v -7.571384 71.722450 10.266943

v 6.788100 63.150604 10.517303

v 7.563250 63.858299 10.517303

v 6.788090 63.858299 10.517303

v 7.299538 63.171646 6.449296

v 7.085073 71.882545 9.811421

v 7.571397 71.999092 10.213164

v -6.915471 71.866058 10.264112

v -7.484752 71.522453 10.183809

v -7.571384 71.722450 10.266943

v 7.096037 71.571884 9.990279

v 6.788090 63.150604 6.482633

v 6.788090 63.150604 -0.416774

v 7.370826 63.487698 -0.566673

v 7.299538 63.171646 6.449296

v 6.788090 63.150604 6.482633

v -7.675332 82.230873 9.680739

v -7.415468 90.456474 -9.864628

v -6.830750 82.284996 -0.416761

v -6.830750 81.577301 -0.416765

v -7.423502 81.914146 -0.463197

v -7.423502 81.914146 -0.463197

v -7.347595 81.599403 6.535903

v -6.830750 82.284996 -0.416761

v -7.423502 81.914146 -0.463197

v -7.419394 82.307014 6.480256

v -6.830750 81.577301 -0.416765

v -6.830750 82.284996 -0.416761

v -6.830750 82.284996 6.482644

v -7.419394 82.307014 6.480256

v -6.830750 82.284996 6.482644

v -6.830750 81.577301 6.482643

v -7.632846 89.920364 -10.343139

v -7.407710 81.931061 9.397869

v -7.675332 82.230873 9.680739

v -7.407710 81.931061 9.397869

v -0.021328 81.577301 29.350103

v -0.818738 81.577301 29.350103

v -7.605900 81.577301 10.517303

v 7.563240 81.577301 10.517303

v 0.714537 81.580032 29.527531

v -0.021328 81.577301 29.350103

v -0.818738 81.577301 29.350103

v -0.818737 82.284996 29.350103

v -7.605900 82.284996 10.517303

v -0.021327 82.284996 29.350103

v -0.021328 81.577301 29.350103

v -6.830750 81.577301 10.517303

v -0.818737 82.284996 29.350103

v -0.021327 82.284996 29.350103

v -6.830750 82.284996 10.517303

v 6.788090 81.577301 10.517303

v -0.021328 81.577301 29.350103

v -0.021327 82.284996 29.350103

v 7.563240 82.284996 10.517303

v 0.776083 82.284996 29.350103

v 0.714537 81.580032 29.527531

v 6.788090 82.284996 10.517303

v -0.021327 82.284996 29.350103

v 0.776083 82.284996 29.350103

v 7.563240 82.284996 10.517303

v 7.563240 81.577301 10.517303

v -7.204030 79.930901 6.626904

v -7.190660 79.929398 6.626923

v -7.190660 79.929398 9.401604

v -7.190660 79.929398 6.626923

v -7.204030 79.930901 6.626904

v -6.982900 81.871704 6.497084

v -6.982900 81.871704 6.497084

v -7.204030 79.930901 6.626904

v -7.204030 79.930901 9.401593

v -7.190660 79.929398 9.401604

v -7.190660 79.929398 6.626923

v -6.969470 81.870903 6.497094

v -6.969470 81.870903 6.497094

v -6.830750 81.577301 -0.416765

v -6.830750 81.577301 6.482643

v -7.347595 81.599403 6.535903

v -7.423502 81.914146 -0.463197

v -7.347595 81.599403 6.535903

v -6.830750 81.577301 6.482643

v -6.830750 81.577301 10.517303

v -7.204030 79.930901 9.401593

v -0.564338 81.764992 31.307621

v 0.652254 82.037605 31.378551

v 0.652254 82.037605 31.378551

v 0.714537 81.580032 29.527531

v -0.021327 82.284996 29.350103

v 0.776083 82.284996 29.350103

v 0.776083 82.284996 29.350103

v -7.511670 90.151398 10.339908

v -6.915750 90.305939 10.236940

v -7.479985 89.946434 10.198645

v -0.564338 81.764992 31.307621

v 6.788090 81.577301 10.517303

v -6.915750 90.305939 10.236940

v -7.511670 90.151398 10.339908

v -0.150326 81.935074 31.003830

v -0.564338 81.764992 31.307621

v -0.818737 82.284996 29.350103

v -0.021328 81.577301 29.350103

v -0.021327 82.284996 29.350103

v -0.818737 82.284996 29.350103

v -0.818738 81.577301 29.350103

v 0.714537 81.580032 29.527531

v 0.652254 82.037605 31.378551

v 0.714537 81.580032 29.527531

v -0.564338 81.764992 31.307621

v -0.021328 81.577301 29.350103

v -0.564338 81.764992 31.307621

v -0.150326 81.935074 31.003830

v -7.511670 90.151398 10.339908

v -7.479985 89.946434 10.198645

v -7.479985 89.946434 10.198645

v -6.915750 90.305939 10.236940

v 0.493809 81.922874 30.592403

v -0.027983 81.576317 30.283270

v -7.479985 89.946434 10.198645

v -7.605900 82.284996 10.517303

v -6.830750 82.284996 10.517303

v -7.605900 81.577301 10.517303

v -6.967697 83.898033 9.926907

v -6.969440 83.426598 6.837584

v -6.967697 83.898033 9.926907

v -6.982900 81.982101 9.517804

v -6.969440 83.426598 6.837584

v -6.967697 83.898033 9.926907

v -6.969460 81.981300 9.517814

v -6.982900 81.982101 9.517804

v -6.967697 83.898033 9.926907

v -6.982900 83.426598 6.837584

v -6.830750 82.284996 10.517303

v -6.830750 81.577301 10.517303

v -6.969460 81.981300 9.517814

v -0.818738 81.577301 29.350103

v -0.021328 81.577301 29.350103

v -7.605900 82.284996 10.517303

v -6.830750 82.284996 10.517303

v -6.830750 82.284996 6.482644

v -7.605900 81.577301 10.517303

v -7.605900 82.284996 10.517303

v -7.419394 82.307014 6.480256

v -6.982900 83.426598 6.837584

v -6.982900 83.426598 6.837584

v -6.969440 83.426598 6.837584

v -6.969470 81.870903 6.497094

v -6.969470 81.870903 6.497094

v -6.982900 81.871704 6.497084

v -7.419394 82.307014 6.480256

v 0.493809 81.922874 30.592403

v -0.150326 81.935074 31.003830

v -0.150326 81.935074 31.003830

v -0.027983 81.576317 30.283270

v -7.204030 79.930901 9.401593

v -7.190660 79.929398 9.401604

v -6.969460 81.981300 9.517814

v -6.982900 81.982101 9.517804

v -6.969460 81.981300 9.517814

v -7.347595 81.599403 6.535903

v -6.982900 81.871704 6.497084

v -6.830750 81.577301 10.517303

v -6.982900 81.982101 9.517804

v -7.605900 81.577301 10.517303

v -6.830750 72.372803 -0.387391

v -7.426647 72.722588 -0.345205

v -7.352323 72.401527 -7.323654

v -6.830750 72.372803 -7.286797

v -7.418327 81.267021 -9.894663

v -8.017478 81.202332 -10.313260

v -7.988128 73.331482 9.474980

v -8.017478 81.202332 -10.313260

v -7.418327 81.267021 -9.894663

v -7.678378 73.043617 9.643721

v -7.611338 81.670715 10.119099

v -6.527946 81.783417 10.377983

v -6.464591 72.695129 9.975997

v -6.527946 81.783417 10.377983

v -7.611338 81.670715 10.119099

v -7.465500 72.547104 10.279102

v -7.428905 81.928078 -0.336005

v -7.415106 82.315247 -7.336563

v -7.360485 81.612190 -7.371896

v -6.830750 82.284996 -0.387390

v -6.830750 82.284996 -7.286796

v -7.415106 82.315247 -7.336563

v -7.173287 81.578087 9.144073

v -7.611338 81.670715 10.119099

v -7.352610 72.547104 10.166203

v -7.611338 81.670715 10.119099

v -7.173287 81.578087 9.144073

v -7.583081 72.447479 9.156717

v -7.662282 81.340195 9.314005

v -7.076203 73.336624 -10.381374

v -7.329689 72.737022 -10.115491

v -7.422315 81.016899 9.564746

v -7.329689 72.737022 -10.115491

v -7.076203 73.336624 -10.381374

v -7.426647 72.722588 -0.345205

v -7.417126 73.109177 -7.327644

v -7.352323 72.401527 -7.323654

v -6.830750 73.080498 -0.387389

v -6.830750 73.080498 -7.286797

v -7.417126 73.109177 -7.327644

v -6.830750 72.372803 -0.387391

v -6.830750 72.372803 -7.286797

v -6.830750 73.080498 -7.286797

v -7.426647 72.722588 -0.345205

v -6.830750 73.080498 -0.387389

v -7.329689 72.737022 -10.115491

v -6.710437 72.911034 -10.175273

v -7.125223 80.776917 9.587532

v -6.710437 72.911034 -10.175273

v -7.329689 72.737022 -10.115491

v -7.422315 81.016899 9.564746

v -7.363396 72.415695 6.386125

v -7.424082 72.726051 -0.579864

v -6.830750 72.372803 -0.416763

v -6.830750 72.372803 6.482643

v -6.830750 73.080498 -0.416761

v -6.830750 72.372803 -0.416763

v -7.424082 72.726051 -0.579864

v -7.426647 72.722588 -0.345205

v -6.830750 72.372803 -0.387391

v -6.830750 73.080498 -0.387389

v -7.424082 72.726051 -0.579864

v -7.363396 72.415695 6.386125

v -6.830750 73.080498 -0.416761

v -7.424082 72.726051 -0.579864

v -7.403659 73.116196 6.390337

v -6.830750 72.372803 -0.416763

v -6.830750 73.080498 -0.416761

v -6.830750 73.080498 6.482643

v -7.403659 73.116196 6.390337

v -6.830750 73.080498 6.482643

v -6.830750 72.372803 6.482643

v -7.633182 80.721855 -10.358194

v -7.407726 72.733566 9.381356

v -7.678378 73.043617 9.643721

v -7.407726 72.733566 9.381356

v -7.633182 80.721855 -10.358194

v -7.418327 81.267021 -9.894663

v -7.678378 73.043617 9.643721

v -7.418327 81.267021 -9.894663

v -7.360485 81.612190 -7.371896

v -6.830750 81.577301 -7.286807

v -6.830750 81.577301 -0.387391

v -7.428905 81.928078 -0.336005

v -7.352323 72.401527 -7.323654

v -7.605900 72.372803 -11.321497

v -6.830750 72.372803 -11.321497

v -6.830750 72.372803 -7.286797

v -7.605900 72.372803 -11.321497

v -7.605910 73.080498 -11.321497

v -6.830750 73.080498 -11.321497

v -6.830750 72.372803 -11.321497

v -7.417126 73.109177 -7.327644

v -7.605910 73.080498 -11.321497

v -7.605900 72.372803 -11.321497

v -6.830750 73.080498 -7.286797

v -6.830750 73.080498 -11.321497

v -7.605910 73.080498 -11.321497

v -6.830750 72.372803 -11.321497

v -6.830750 73.080498 -11.321497

v -7.352323 72.401527 -7.323654

v -7.417126 73.109177 -7.327644

v -7.363396 72.415695 6.386125

v -6.830750 72.372803 6.482643

v -6.830750 72.372803 10.517303

v -7.605900 72.372803 10.517303

v -7.403659 73.116196 6.390337

v -7.363396 72.415695 6.386125

v -7.605900 72.372803 10.517303

v -6.830750 73.080498 6.482643

v -7.403659 73.116196 6.390337

v -7.605900 73.080498 10.517303

v -6.830750 73.080498 10.517303

v -7.605900 73.080498 10.517303

v -6.830750 73.080498 10.517303

v -6.830750 72.372803 10.517303

v -6.830750 73.080498 10.517303

v -7.605900 73.080498 10.517303

v -7.605900 72.372803 10.517303

v -6.830750 72.372803 10.517303

v -7.988128 73.331482 9.474980

v -7.678378 73.043617 9.643721

v -7.583081 72.447479 9.156717

v -7.465500 72.547104 10.279102

v -7.352610 72.547104 10.166203

v -6.464591 72.695129 9.975997

v -7.125223 80.776917 9.587532

v -7.422315 81.016899 9.564746

v -6.830750 82.284996 -0.387390

v -7.428905 81.928078 -0.336005

v -7.422315 81.016899 9.564746

v -6.830750 81.577301 -0.387391

v -7.662282 81.340195 9.314005

v -6.830750 82.284996 -0.387390

v -6.830750 81.577301 -0.387391

v -7.428905 81.928078 -0.336005

v 7.100500 82.186325 -10.429794

v 6.989891 81.976723 -11.008162

v -6.799222 90.056465 -10.761011

v -6.799222 90.056465 -10.761011

v 6.989891 81.976723 -11.008162

v 7.131020 82.528999 -10.946296

v -6.973352 90.150200 -11.048605

v 7.126098 82.532227 -11.045196

v 6.989891 81.976723 -11.008162

v 7.131020 82.528999 -10.946296

v 7.126098 82.532227 -11.045196

v -6.827326 90.795250 -11.053251

v 7.309950 81.751503 -10.970396

v 7.539338 81.653778 -9.956131

v 7.131454 90.789391 -9.944762

v -6.827326 90.795250 -11.053251

v 6.998493 90.434662 -11.324615

v 7.138226 90.169746 -11.080948

v -6.991824 82.341171 -11.294172

v 7.140011 90.601448 -9.951488

v 7.539271 99.724319 -9.955811

v 7.309940 99.825699 -10.970395

v 7.570468 90.701996 -10.913198

v 7.422840 99.825699 -11.083295

v 7.539271 99.724319 -9.955811

v 7.570468 90.701996 -10.913198

v 7.309940 99.825699 -10.970395

v 6.425624 99.945801 -10.781954

v 6.481122 90.857307 -11.187582

v 6.425624 99.945801 -10.781954

v 7.422840 99.825699 -11.083295

v -6.973352 90.150200 -11.048605

v -6.799222 90.056465 -10.761011

v -6.827326 90.795250 -11.053251

v 7.632209 82.670967 9.500681

v 7.328196 90.871315 -10.377531

v 7.927079 90.583939 -10.201847

v 7.539338 81.653778 -9.956131

v 7.422840 81.751503 -11.083296

v 7.572373 90.814827 -10.921595

v 6.429567 81.773766 -10.776510

v 7.309950 81.751503 -10.970396

v 7.572373 90.814827 -10.921595

v 7.422840 81.751503 -11.083296

v 6.429567 81.773766 -10.776510

v 6.496234 90.848808 -11.188497

v 7.131020 82.528999 -10.946296

v 6.989891 81.976723 -11.008162

v 7.126098 82.532227 -11.045196

v 7.100500 82.186325 -10.429794

v -6.799222 90.056465 -10.761011

v 6.989891 81.976723 -11.008162

v -6.973352 90.150200 -11.048605

v -6.827326 90.795250 -11.053251

v -7.443493 82.783821 -11.091581

v -6.991824 82.341171 -11.294172

v 7.138226 90.169746 -11.080948

v 6.998493 90.434662 -11.324615

v -7.443493 82.783821 -11.091581

v 6.783812 90.592674 -11.714293

v -7.243893 82.646309 -11.753474

v 6.998493 90.434662 -11.324615

v -7.443493 82.783821 -11.091581

v -7.243893 82.646309 -11.753474

v -7.443493 82.783821 -11.091581

v 7.632209 82.670967 9.500681

v 7.927079 90.583939 -10.201847

v 7.328196 90.871315 -10.377531

v 7.328196 90.871315 -10.377531

v 7.400427 82.750809 9.403781

v 6.998493 90.434662 -11.324615

v 6.496234 90.848808 -11.188497

v 7.572373 90.814827 -10.921595

v 7.572373 90.814827 -10.921595

v 7.131454 90.789391 -9.944762

v 7.400427 82.750809 9.403781

v 7.140011 90.601448 -9.951488

v 7.035880 91.046196 -10.449828

v 7.047394 91.396309 -7.534588

v 7.047394 91.396309 -7.534588

v 7.035880 91.046196 -10.449828

v 7.632209 82.670967 9.500681

v 7.400427 82.750809 9.403781

v 7.073378 92.429077 -10.731192

v 7.073378 92.429077 -10.731192

v 7.570468 90.701996 -10.913198

v 6.783812 90.592674 -11.714293

v 7.570468 90.701996 -10.913198

v 6.481122 90.857307 -11.187582

v 7.377716 89.567924 -10.358206

v 7.341328 89.568886 -7.519863

v 7.047394 91.396309 -7.534588

v 7.047394 91.396309 -7.534588

v 7.341328 89.568886 -7.519863

v 7.377716 89.567924 -10.358206

v 7.035880 91.046196 -10.449828

v 7.035880 91.046196 -10.449828

v 7.079614 90.208374 9.603826

v 7.314415 90.132866 9.500069

v 7.097443 90.008606 9.959144

v -0.111326 81.493713 30.527191

v -0.347466 82.219421 30.111578

v 7.097443 90.008606 9.959144

v -0.347466 82.219421 30.111578

v -0.111326 81.493713 30.527191

v 0.342519 82.112473 30.417650

v -0.347466 82.219421 30.111578

v 7.097443 90.008606 9.959144

v 7.069319 83.889679 9.942389

v 7.084800 83.426598 6.837584

v 7.069319 83.889679 9.942389

v 7.071360 81.981300 9.517814

v -0.347466 82.219421 30.111578

v 0.342519 82.112473 30.417650

v 7.644272 90.507637 10.005054

v 6.788090 82.284996 10.517303

v 7.074507 90.298401 9.845979

v 7.563240 73.080498 10.517303

v 7.071360 81.981300 9.517814

v 7.069319 83.889679 9.942389

v 7.071340 83.426598 6.837584

v 7.084800 83.426598 6.837584

v 7.069319 83.889679 9.942389

v 7.084800 81.982101 9.517804

v 7.333630 82.224785 9.181272

v 7.084800 81.982101 9.517804

v 6.788090 82.284996 6.482644

v 7.371954 82.312881 6.481994

v 7.563240 82.284996 10.517303

v 7.563240 81.577301 10.517303

v 6.788090 81.577301 6.482643

v 6.788090 81.577301 10.517303

v 6.788090 82.284996 10.517303

v 7.071340 83.426598 6.837584

v 7.071340 83.426598 6.837584

v 7.084800 83.426598 6.837584

v 7.084800 81.871704 6.497084

v 7.071360 81.870903 6.497094

v 7.084800 81.871704 6.497084

v 7.371954 82.312881 6.481994

v 7.315219 81.610420 6.526997

v 7.352120 90.629356 9.202769

v 6.788090 73.080498 6.482643

v 6.788090 73.080498 10.517303

v 7.563240 73.080498 10.517303

v 7.563240 73.080498 10.517303

v 7.644272 90.507637 10.005054

v 7.074507 90.298401 9.845979

v 6.788090 82.284996 6.482644

v 7.071360 81.870903 6.497094

v 7.374504 73.101952 6.424827

v 6.788090 81.577301 -0.387397

v 6.788090 81.577301 -7.286797

v 7.308816 81.607635 -7.266105

v 7.374228 81.926239 -0.224404

v 6.788090 81.577301 -0.416771

v 7.385014 81.926605 -0.476182

v 7.315219 81.610420 6.526997

v 6.788090 81.577301 6.482643

v 6.788090 81.577301 -0.387397

v 7.376964 82.309395 -7.283319

v 6.788090 82.284996 -7.286806

v 6.788090 82.284996 -0.387397

v 7.644272 90.507637 10.005054

v 7.097443 90.008606 9.959144

v 7.074507 90.298401 9.845979

v 7.315219 81.610420 6.526997

v 7.308816 81.607635 -7.266105

v 7.376964 82.309395 -7.283319

v 7.374228 81.926239 -0.224404

v 7.084800 81.982101 9.517804

v 7.071360 81.981300 9.517814

v 7.292550 79.929398 9.401604

v 7.084800 81.871704 6.497084

v 7.084800 81.982101 9.517804

v 7.305930 79.930901 9.401593

v 7.292550 79.929398 9.401604

v 7.071360 81.981300 9.517814

v 7.071360 81.870903 6.497094

v 7.305930 79.930901 9.401593

v 7.305930 79.930901 9.401593

v 7.292550 79.929398 9.401604

v 7.292550 79.929398 6.626923

v 6.788090 82.284996 -0.387397

v 7.374228 81.926239 -0.224404

v 7.079614 90.208374 9.603826

v 6.859150 82.284515 -10.053496

v 7.465063 81.993042 -10.306523

v 7.203690 82.631004 -10.475499

v 7.465063 81.993042 -10.306523

v 7.079614 90.208374 9.603826

v 6.788090 81.577301 6.482643

v 7.071360 81.870903 6.497094

v 7.084800 81.871704 6.497084

v 7.305930 79.930901 6.626904

v 7.292550 79.929398 6.626923

v 7.305930 79.930901 6.626904

v 7.292550 79.929398 6.626923

v 7.305930 79.930901 6.626904

v 7.203690 82.631004 -10.475499

v 7.352120 90.629356 9.202769

v 7.079614 90.208374 9.603826

v 7.465063 81.993042 -10.306523

v 6.859150 82.284515 -10.053496

v 7.465063 81.993042 -10.306523

v 7.314415 90.132866 9.500069

v 7.555468 90.206841 -10.508699

v 7.333630 82.224785 9.181272

v 7.555468 90.206841 -10.508699

v 7.328196 90.871315 -10.377531

v 7.632209 82.670967 9.500681

v 7.385014 81.926605 -0.476182

v 6.788090 81.577301 -0.416771

v 6.788090 82.284996 -0.416769

v 6.788090 82.284996 -0.387397

v 6.788090 81.577301 -0.387397

v 7.374228 81.926239 -0.224404

v 6.788090 82.284996 -0.416769

v 6.788090 81.577301 -0.416771

v 7.315219 81.610420 6.526997

v 7.385014 81.926605 -0.476182

v 7.371954 82.312881 6.481994

v 7.385014 81.926605 -0.476182

v 6.788090 82.284996 -0.416769

v 6.788090 82.284996 6.482644

v 7.371954 82.312881 6.481994

v 7.333630 82.224785 9.181272

v 7.314415 90.132866 9.500069

v 7.352120 90.629356 9.202769

v -7.005840 73.220100 10.324002

v -7.013312 73.215500 10.225211

v 7.305377 80.896233 10.209620

v 7.305377 80.896233 10.209620

v -7.013312 73.215500 10.225211

v 6.899422 81.408218 10.228906

v -7.263372 73.712341 10.277851

v -7.263372 73.712341 10.277851

v 6.911822 81.395683 10.509188

v -7.263372 73.712341 10.277851

v -7.005840 73.220100 10.324002

v -7.166334 73.490982 10.842672

v -7.263372 73.712341 10.277851

v 6.911822 81.395683 10.509188

v -7.166334 73.490982 10.842672

v 6.911822 81.395683 10.509188

v -7.013312 73.215500 10.225211

v -7.263372 73.712341 10.277851

v 7.030790 72.771683 10.153739

v -6.986278 80.942947 10.128857

v -6.945081 80.873787 9.554269

v -6.986278 80.942947 10.128857

v 7.030790 72.771683 10.153739

v 7.097508 72.977173 9.523933

v -6.945081 80.873787 9.554269

v -6.755249 81.106934 10.118318

v -6.755249 81.106934 10.118318

v -6.755249 81.106934 10.118318

v 7.214952 73.342705 9.936533

v 7.030790 72.771683 10.153739

v 7.030790 72.771683 10.153739

v 7.214952 73.342705 9.936533

v 7.305377 80.896233 10.209620

v 6.421422 72.685226 9.976104

v 6.487352 81.770485 10.378877

v 7.569035 81.672287 10.120440

v 7.309950 72.547104 10.166203

v 7.569035 81.672287 10.120440

v 7.131510 81.579193 9.140444

v 7.540051 72.449142 9.155076

v 7.131510 81.579193 9.140444

v 7.569035 81.672287 10.120440

v 7.422840 72.547104 10.279102

v 7.569035 81.672287 10.120440

v 6.487352 81.770485 10.378877

v 6.899422 81.408218 10.228906

v 6.899422 81.408218 10.228906

v 6.911822 81.395683 10.509188

v 7.305377 80.896233 10.209620

v 7.112953 81.225853 9.761617

v 7.472526 73.020882 -9.757185

v 6.855859 73.058685 -10.116986

v 6.823385 80.936066 9.662817

v 7.112953 81.225853 9.761617

v 7.349436 81.554886 9.503320

v 7.112953 81.225853 9.761617

v 7.349436 81.554886 9.503320

v 7.201527 73.536858 -10.226823

v 7.472526 73.020882 -9.757185

v 7.112953 81.225853 9.761617

v 6.823385 80.936066 9.662817

v 7.930135 81.390411 -10.229638

v 7.897190 73.522636 9.545606

v 7.600762 73.214676 9.731422

v 7.336842 81.449478 -9.812101

v 7.600762 73.214676 9.731422

v 7.897190 73.522636 9.545606

v 7.600762 73.214676 9.731422

v 7.333207 72.904671 9.472980

v 7.336842 81.449478 -9.812101

v 7.600762 73.214676 9.731422

v 7.333207 72.904671 9.472980

v 7.574752 80.940491 -10.282777

v 7.336842 81.449478 -9.812101

v 7.930135 81.390411 -10.229638

v 7.336842 81.449478 -9.812101

v 7.574752 80.940491 -10.282777

v 7.472526 73.020882 -9.757185

v 6.855859 73.058685 -10.116986

v 7.201527 73.536858 -10.226823

v 7.472526 73.020882 -9.757185

v 7.097508 72.977173 9.523933

v -7.005840 73.220100 10.324002

v -6.945081 80.873787 9.554269

v -6.986278 80.942947 10.128857

v -6.755249 81.106934 10.118318

v 6.421422 72.685226 9.976104

v 7.540051 72.449142 9.155076

v 7.309950 72.547104 10.166203

v 7.422840 72.547104 10.279102

v -7.410997 90.202522 9.531267

v -7.322100 81.922699 -10.154261

v -7.070361 82.538513 -10.391463

v 7.377796 89.538948 9.417176

v 7.344607 89.554070 6.617253

v 7.058036 91.329056 6.449946

v 7.058036 91.329056 6.449946

v 7.344607 89.554070 6.617253

v 7.377796 89.538948 9.417176

v 7.026017 90.996956 9.524434

v 7.026017 90.996956 9.524434

v -7.661821 90.535759 9.301926

v -7.070361 82.538513 -10.391463

v -8.016782 90.401077 -10.303275

v -7.415468 90.456474 -9.864628

v -7.675332 82.230873 9.680739

v -7.415468 90.456474 -9.864628

v -8.016782 90.401077 -10.303275

v -7.985273 82.536972 9.475629

v -6.714339 82.098885 -10.204533

v -7.322100 81.922699 -10.154261

v -7.410997 90.202522 9.531267

v -7.322100 81.922699 -10.154261

v -6.714339 82.098885 -10.204533

v -7.121548 89.964455 9.544928

v -7.410997 90.202522 9.531267

v -7.322100 81.922699 -10.154261

v -7.632846 89.920364 -10.343139

v -7.415468 90.456474 -9.864628

v -7.985273 82.536972 9.475629

v -7.675332 82.230873 9.680739

v -7.121548 89.964455 9.544928

v -7.410997 90.202522 9.531267

v -7.661821 90.535759 9.301926

v 7.422840 81.751503 10.279103

v 7.569095 90.878159 10.120090

v 6.485256 90.977837 10.378227

v 7.540234 81.653648 9.155827

v 7.131368 90.783752 9.141081

v 7.569095 90.878159 10.120090

v 7.309950 81.751503 10.166204

v 7.569095 90.878159 10.120090

v 7.131368 90.783752 9.141081

v 6.420319 81.892189 9.976901

v 6.485256 90.977837 10.378227

v 7.569095 90.878159 10.120090

v 7.422840 81.751503 10.279103

v 7.309950 81.751503 10.166204

v 7.540234 81.653648 9.155827

v 6.420319 81.892189 9.976901

v 7.026017 90.996956 9.524434

v 7.058036 91.329056 6.449946

v 7.058036 91.329056 6.449946

v 7.026017 90.996956 9.524434

v -7.147897 99.388962 9.519691

v 6.903409 91.497734 9.559576

v 6.874843 91.226105 9.948672

v 6.874843 91.226105 9.948672

v 6.769267 90.944679 10.188488

v -7.224456 98.983955 9.976434

v 6.769267 90.944679 10.188488

v 6.874843 91.226105 9.948672

v -7.009807 99.556641 10.182709

v 7.073195 92.433731 9.843226

v 7.073195 92.433731 9.843226

v 7.576108 90.702026 10.120201

v 6.487095 90.848045 10.384976

v 6.426526 99.942833 9.976226

v 7.137406 90.592239 9.149721

v 7.576108 90.702026 10.120201

v 7.309940 99.825699 10.166205

v 7.576108 90.702026 10.120201

v 7.137406 90.592239 9.149721

v 7.540959 99.715927 9.159026

v 6.487095 90.848045 10.384976

v 7.576108 90.702026 10.120201

v 7.422830 99.825699 10.279104

v -7.009807 99.556641 10.182709

v -7.224456 98.983955 9.976434

v -7.009807 99.556641 10.182709

v 6.903409 91.497734 9.559576

v -7.147897 99.388962 9.519691

v 6.874843 91.226105 9.948672

v -7.009807 99.556641 10.182709

v 6.426526 99.942833 9.976226

v 7.540959 99.715927 9.159026

v 7.309940 99.825699 10.166205

v 7.422830 99.825699 10.279104

v -0.529986 99.948067 30.262737

v -0.594205 99.297050 29.864367

v -0.021336 99.292198 29.350103

v -0.594205 99.297050 29.864367

v 6.788080 99.292198 6.482644

v 6.788080 100.000000 6.482644

v 6.788080 100.000000 -0.416766

v 7.571651 91.496101 9.864032

v -0.023554 100.008492 30.304008

v 0.160056 99.589584 30.868717

v 7.571651 91.496101 9.864032

v 0.160056 99.589584 30.868717

v -0.023554 100.008492 30.304008

v -0.460759 99.574966 30.384214

v 0.160056 99.589584 30.868717

v 7.571651 91.496101 9.864032

v 0.160056 99.589584 30.868717

v -0.460759 99.574966 30.384214

v 6.944234 91.197395 10.051416

v -7.243392 91.728851 9.657094

v -0.062187 99.913979 30.222069

v 0.429406 99.504570 30.481474

v -7.148030 91.414398 10.022504

v 0.429406 99.504570 30.481474

v -0.062187 99.913979 30.222069

v -0.304280 99.544800 30.625505

v 0.429406 99.504570 30.481474

v -7.148030 91.414398 10.022504

v 0.429406 99.504570 30.481474

v -0.304280 99.544800 30.625505

v -7.599468 91.166977 10.247014

v -0.021337 100.000000 29.350103

v 0.776074 100.000000 29.350103

v 7.563240 100.000000 10.517304

v -0.021337 100.000000 29.350103

v -0.021336 99.292198 29.350103

v -0.594205 99.297050 29.864367

v -0.529986 99.948067 30.262737

v 0.776074 100.000000 29.350103

v 0.711016 99.295891 29.562763

v 7.563240 99.292198 10.517304

v -0.021336 99.292198 29.350103

v -0.021337 100.000000 29.350103

v 6.788080 100.000000 10.517304

v -0.021337 100.000000 29.350103

v -0.529986 99.948067 30.262737

v 0.711016 99.295891 29.562763

v -0.021336 99.292198 29.350103

v 6.788080 99.292198 10.517304

v -7.605910 100.000000 10.517304

v -0.529986 99.948067 30.262737

v -6.830760 99.292198 -0.416772

v -7.414454 99.660339 -0.570313

v -6.830760 100.000000 10.517304

v -0.021337 100.000000 29.350103

v -0.021336 99.292198 29.350103

v -6.830760 99.292198 10.517304

v -0.594205 99.297050 29.864367

v -7.605910 99.292198 10.517304

v -0.594205 99.297050 29.864367

v -0.529986 99.948067 30.262737

v 6.788080 100.000000 10.517304

v 7.563240 100.000000 10.517304

v 7.563240 99.292198 10.517304

v 6.788080 99.292198 10.517304

v 6.788080 100.000000 -0.416766

v 6.788080 100.000000 6.482644

v 7.309965 99.967323 6.436102

v 6.944234 91.197395 10.051416

v 0.637482 99.528275 31.432762

v 0.637482 99.528275 31.432762

v 7.309965 99.967323 6.436102

v 7.563240 100.000000 10.517304

v 7.563240 99.292198 10.517304

v 7.373735 99.265938 6.429428

v 6.788080 99.292198 10.517304

v 6.788080 100.000000 10.517304

v 7.563240 99.292198 10.517304

v 6.788080 99.292198 10.517304

v 6.788080 99.292198 6.482644

v 6.788080 100.000000 6.482644

v 7.309965 99.967323 6.436102

v 7.373735 99.265938 6.429428

v -6.830760 100.000000 -0.416772

v -7.421405 99.271919 6.438134

v -7.414454 99.660339 -0.570313

v -6.830760 99.292198 -0.416772

v -7.344408 99.976234 6.440650

v -7.414454 99.660339 -0.570313

v -6.830760 100.000000 -0.416772

v -7.414454 99.660339 -0.570313

v -7.344408 99.976234 6.440650

v -6.830760 99.292198 6.482635

v -6.830760 99.292198 -0.416772

v -6.830760 100.000000 -0.416772

v -7.011766 91.391525 10.130011

v -7.599468 91.166977 10.247014

v -7.148030 91.414398 10.022504

v -6.830760 99.292198 6.482635

v -7.421405 99.271919 6.438134

v -6.830750 100.000000 6.482635

v -6.830750 100.000000 6.482635

v -6.830760 100.000000 10.517304

v -6.830760 99.292198 10.517304

v -7.605910 100.000000 10.517304

v -7.605910 99.292198 10.517304

v 7.475828 91.416832 10.318818

v -7.599468 91.166977 10.247014

v -7.011766 91.391525 10.130011

v -7.243392 91.728851 9.657094

v -6.830760 100.000000 10.517304

v -6.830760 99.292198 10.517304

v -7.344408 99.976234 6.440650

v -7.011766 91.391525 10.130011

v -7.148030 91.414398 10.022504

v -7.243392 91.728851 9.657094

v -7.421405 99.271919 6.438134

v -7.605910 99.292198 10.517304

v -7.605910 100.000000 10.517304

v -6.830760 99.292198 6.482635

v 6.944234 91.197395 10.051416

v 7.571651 91.496101 9.864032

v 7.475828 91.416832 10.318818

v -6.830750 100.000000 6.482635

v -7.344408 99.976234 6.440650

v -7.421405 99.271919 6.438134

v 0.776074 100.000000 29.350103

v 0.711016 99.295891 29.562763

v 0.776074 100.000000 29.350103

v 0.637482 99.528275 31.432762

v -7.011766 91.391525 10.130011

v 0.711016 99.295891 29.562763

v 0.711016 99.295891 29.562763

v 6.961509 90.349754 10.249226

v -7.013719 82.357368 10.421248

v 6.787927 90.543152 10.220932

v -7.407389 82.787735 10.188690

v -7.407389 82.787735 10.188690

v 6.787927 90.543152 10.220932

v 6.961509 90.349754 10.249226

v -7.407389 82.787735 10.188690

v -7.013719 82.357368 10.421248

v -7.280096 82.622299 10.836856

v -7.407389 82.787735 10.188690

v 6.961509 90.349754 10.249226

v -7.280096 82.622299 10.836856

v 6.751904 90.577881 10.795237

v -6.985378 90.150017 10.134113

v -7.041762 90.201607 9.851213

v 6.881883 82.032562 10.078335

v -6.985378 90.150017 10.134113

v 6.881883 82.032562 10.078335

v 6.938961 82.272957 9.515232

v -7.041762 90.201607 9.851213

v -6.838558 90.802834 10.150053

v 7.126829 82.531822 10.134997

v 7.131030 82.528999 10.036204

v -6.838558 90.802834 10.150053

v -7.041762 90.201607 9.851213

v -6.838558 90.802834 10.150053

v 7.131030 82.528999 10.036204

v -6.469353 99.948669 9.977023

v -6.525574 90.859528 10.384115

v -7.614722 90.769714 10.106853

v -7.465510 99.825699 10.279104

v -7.614722 90.769714 10.106853

v -6.525574 90.859528 10.384115

v -7.352620 99.825699 10.166205

v -7.614722 90.769714 10.106853

v -7.180459 90.703438 9.138273

v -7.580660 99.825386 9.146136

v -7.180459 90.703438 9.138273

v -7.614722 90.769714 10.106853

v -7.605224 90.829018 10.094419

v -6.518904 90.853607 10.378873

v -6.460814 81.748581 9.980273

v -6.518904 90.853607 10.378873

v -7.605224 90.829018 10.094419

v -7.465500 81.751503 10.279103

v -7.184592 90.893196 9.135221

v -7.605224 90.829018 10.094419

v -7.352610 81.751503 10.166204

v -7.605224 90.829018 10.094419

v -7.184592 90.893196 9.135221

v -7.579123 81.756660 9.139497

v 6.938961 82.272957 9.515232

v -6.460814 81.748581 9.980273

v -7.352610 81.751503 10.166204

v -7.465500 81.751503 10.279103

v -7.579123 81.756660 9.139497

v 6.881883 82.032562 10.078335

v 7.126829 82.531822 10.134997

v 7.131030 82.528999 10.036204

v -6.927294 90.993706 10.211052

v -6.921957 90.931923 10.803527

v 6.751904 90.577881 10.795237

v 6.961509 90.349754 10.249226

v 6.787927 90.543152 10.220932

v -7.580660 99.825386 9.146136

v 6.881883 82.032562 10.078335

v 6.881883 82.032562 10.078335

v 7.126829 82.531822 10.134997

v -7.465510 99.825699 10.279104

v -7.352620 99.825699 10.166205

v -6.469353 99.948669 9.977023

v -6.945855 91.258186 10.250261

v -7.041762 90.201607 9.851213

v -6.838558 90.802834 10.150053

v -6.985378 90.150017 10.134113

v 7.179050 98.678665 10.195303

v -6.927294 90.993706 10.211052

v -6.945855 91.258186 10.250261

v 7.179050 98.678665 10.195303

v 7.024492 99.250008 10.422022

v 7.120630 98.891022 10.846227

v 7.179050 98.678665 10.195303

v -6.945855 91.258186 10.250261

v 7.120630 98.891022 10.846227

v -6.921957 90.931923 10.803527

v -6.945855 91.258186 10.250261

v 7.024492 99.250008 10.422022

v 7.179050 98.678665 10.195303

v 7.475828 91.416832 10.318818

v 6.751904 90.577881 10.795237

v -6.921957 90.931923 10.803527

v -6.927294 90.993706 10.211052

v 6.788080 100.000000 -11.321495

v 6.788080 100.000000 -7.286806

v 7.313219 99.968040 -7.336297

v 7.563230 100.000000 -11.321495

v 7.313219 99.968040 -7.336297

v 7.374431 99.263161 -7.337357

v 6.788080 99.292198 -11.321495

v 6.788080 99.292198 -7.286806

v 6.788080 100.000000 -7.286806

v 7.563230 99.292198 -11.321495

v 7.374431 99.263161 -7.337357

v 6.788080 99.292198 -7.286806

v 7.563230 100.000000 -11.321495

v 6.788080 99.292198 -0.387392

v 7.383895 99.648109 -0.326936

v 6.788080 100.000000 -0.387394

v -6.681727 91.115555 -10.947036

v -7.298523 91.246071 -10.996196

v 0.035820 99.427391 -31.582460

v 7.563230 99.292198 -11.321495

v 6.788080 100.000000 -11.321495

v 6.788080 99.292198 -11.321495

v -0.019921 99.999908 -30.165167

v 0.670702 99.989563 -30.470881

v 7.563230 100.000000 -11.321495

v 7.563230 99.292198 -11.321495

v 0.642764 99.293968 -30.562149

v -0.021339 99.292198 -30.154297

v 6.788080 99.292198 -11.321495

v 6.788080 100.000000 -11.321495

v 0.152020 99.910416 -31.323088

v 7.341071 91.720955 -10.735165

v 7.358670 91.285599 -10.800596

v -0.152976 99.306503 -31.090240

v 7.325505 91.152672 -10.625138

v 7.341071 91.720955 -10.735165

v 7.325505 91.152672 -10.625138

v 7.358670 91.285599 -10.800596

v 7.341071 91.720955 -10.735165

v 7.793866 91.056953 -11.077621

v 7.358670 91.285599 -10.800596

v 7.325505 91.152672 -10.625138

v 6.788080 100.000000 -0.387394

v 7.383895 99.648109 -0.326936

v 7.313219 99.968040 -7.336297

v 7.313219 99.968040 -7.336297

v 7.383895 99.648109 -0.326936

v 6.788080 99.292198 -0.387392

v 6.788080 100.000000 -0.387394

v 7.374431 99.263161 -7.337357

v 7.383895 99.648109 -0.326936

v 6.788080 99.292198 -0.387392

v 7.374431 99.263161 -7.337357

v 6.788080 100.000000 -7.286806

v 6.788080 99.292198 -7.286806

v 7.793866 91.056953 -11.077621

v 7.325505 91.152672 -10.625138

v -0.152976 99.306503 -31.090240

v 7.358670 91.285599 -10.800596

v 7.793866 91.056953 -11.077621

v 0.476781 99.463768 -31.525511

v -7.241751 91.485863 -10.940356

v -6.681727 91.115555 -10.947036

v 0.728683 99.499794 -31.311361

v 0.670702 99.989563 -30.470881

v 0.642764 99.293968 -30.562149

v -0.019921 99.999908 -30.165167

v -0.021339 99.292198 -30.154297

v 0.152020 99.910416 -31.323088

v -0.152976 99.306503 -31.090240

v -0.021339 99.292198 -30.154297

v -0.818749 99.292198 -30.154297

v -0.152976 99.306503 -31.090240

v 0.476781 99.463768 -31.525511

v -0.818746 100.000000 -30.154297

v -7.605910 100.000000 -11.321495

v -0.021339 99.292198 -30.154297

v -0.019921 99.999908 -30.165167

v -6.830760 100.000000 -11.321495

v -0.818749 99.292198 -30.154297

v -0.021339 99.292198 -30.154297

v -6.830760 99.292198 -11.321495

v -0.818746 100.000000 -30.154297

v -0.818749 99.292198 -30.154297

v -7.605910 99.292198 -11.321495

v 0.728683 99.499794 -31.311361

v 0.035820 99.427391 -31.582460

v -7.241751 91.485863 -10.940356

v 0.229697 99.874825 -31.061319

v 0.035820 99.427391 -31.582460

v -7.241751 91.485863 -10.940356

v 0.035820 99.427391 -31.582460

v 0.229697 99.874825 -31.061319

v -0.019921 99.999908 -30.165167

v 0.670702 99.989563 -30.470881

v 0.642764 99.293968 -30.562149

v 0.267194 100.098770 -32.323837

v -0.019921 99.999908 -30.165167

v 0.670702 99.989563 -30.470881

v 0.267194 100.098770 -32.323837

v -6.681727 91.115555 -10.947036

v -7.241751 91.485863 -10.940356

v -7.298523 91.246071 -10.996196

v -6.830760 100.000000 -11.321495

v -7.605910 100.000000 -11.321495

v -7.346591 99.977493 -7.327172

v -7.298523 91.246071 -10.996196

v -7.605910 99.292198 -11.321495

v -7.605910 100.000000 -11.321495

v 0.642764 99.293968 -30.562149

v -0.584014 99.601532 -31.849426

v 0.267194 100.098770 -32.323837

v 0.642764 99.293968 -30.562149

v -0.584014 99.601532 -31.849426

v -0.818746 100.000000 -30.154297

v -0.584014 99.601532 -31.849426

v -0.019921 99.999908 -30.165167

v -0.584014 99.601532 -31.849426

v -0.021339 99.292198 -30.154297

v -6.830760 100.000000 -11.321495

v -6.830760 99.292198 -11.321495

v -0.584014 99.601532 -31.849426

v 0.267194 100.098770 -32.323837

v 0.267194 100.098770 -32.323837

v -0.818749 99.292198 -30.154297

v -0.818746 100.000000 -30.154297

v 6.788080 99.292198 -0.416764

v 7.376171 99.651001 -0.567973

v 7.373735 99.265938 6.429428

v 6.788080 99.292198 -0.416764

v 7.376171 99.651001 -0.567973

v 7.309965 99.967323 6.436102

v 7.376171 99.651001 -0.567973

v 6.788080 99.292198 6.482644

v 7.376171 99.651001 -0.567973

v 6.788080 99.292198 -0.416764

v 7.373735 99.265938 6.429428

v 7.380432 90.876839 -10.454919

v 7.970613 91.168808 -10.312004

v 7.680237 99.052391 9.338429

v 7.680237 99.052391 9.338429

v 7.970613 91.168808 -10.312004

v 7.362732 98.770668 -11.115349

v 6.952215 99.213760 -11.334621

v -7.039612 91.203308 -11.157222

v -6.832020 91.026573 -11.137619

v -6.832020 91.026573 -11.137619

v 7.362732 98.770668 -11.115349

v 6.952215 99.213760 -11.334621

v 7.362732 98.770668 -11.115349

v -7.039612 91.203308 -11.157222

v -7.605910 99.292198 -11.321495

v -6.830760 99.292198 -11.321495

v -6.830760 99.292198 -7.286806

v -6.793725 91.001404 -11.717210

v 7.237486 98.942657 -11.749141

v 7.364433 99.517067 9.090961

v 7.448998 99.005318 9.336048

v 7.680237 99.052391 9.338429

v -7.039612 91.203308 -11.157222

v 7.362732 98.770668 -11.115349

v 7.237486 98.942657 -11.749141

v -6.830760 99.292198 -11.321495

v -6.830760 100.000000 -11.321495

v -6.830750 100.000000 -7.286806

v 6.895837 91.502029 -10.473636

v -7.047633 99.569695 -11.101478

v -6.832020 91.026573 -11.137619

v -7.039612 91.203308 -11.157222

v -6.793725 91.001404 -11.717210

v 6.856091 91.232056 -10.861001

v -7.150219 99.385506 -10.429302

v -7.150219 99.385506 -10.429302

v -7.047633 99.569695 -11.101478

v 6.856091 91.232056 -10.861001

v 6.856091 91.232056 -10.861001

v -7.047633 99.569695 -11.101478

v -7.239037 98.995781 -10.889470

v 6.749290 90.953461 -11.097458

v -7.239037 98.995781 -10.889470

v -7.047633 99.569695 -11.101478

v -6.830750 100.000000 -7.286806

v -6.830760 99.292198 -7.286806

v 7.619995 91.032516 9.328843

v 7.570996 91.561455 9.546653

v 7.334091 91.534508 9.530159

v 6.788080 100.000000 -0.416766

v 7.586689 91.540382 -10.608079

v 7.364433 99.517067 9.090961

v 7.680237 99.052391 9.338429

v 7.380432 90.876839 -10.454919

v 7.364433 99.517067 9.090961

v 7.448998 99.005318 9.336048

v 7.448998 99.005318 9.336048

v 7.334091 91.534508 9.530159

v 7.570996 91.561455 9.546653

v 7.272017 99.632591 -10.077267

v 7.570996 91.561455 9.546653

v 7.334091 91.534508 9.530159

v 6.671800 99.469612 -10.182229

v 7.380432 90.876839 -10.454919

v 7.380432 90.876839 -10.454919

v 7.016029 99.060722 -10.363194

v 7.619995 91.032516 9.328843

v 7.334091 91.534508 9.530159

v 7.272017 99.632591 -10.077267

v 7.619995 91.032516 9.328843

v 7.586689 91.540382 -10.608079

v 7.016029 99.060722 -10.363194

v 7.272017 99.632591 -10.077267

v 6.671800 99.469612 -10.182229

v 7.272017 99.632591 -10.077267

v -6.793725 91.001404 -11.717210

v 6.749290 90.953461 -11.097458

v 6.856091 91.232056 -10.861001

v 6.895837 91.502029 -10.473636

v -7.935915 98.862030 9.574805

v -7.970290 91.001930 -10.184342

v -7.368428 90.745499 -10.286490

v -7.641503 99.050446 9.452202

v -7.368428 90.745499 -10.286490

v -7.970290 91.001930 -10.184342

v -7.368428 90.745499 -10.286490

v -7.641503 99.050446 9.452202

v -7.597329 91.368385 -10.517722

v -7.368428 90.745499 -10.286490

v -7.641503 99.050446 9.452202

v -7.597329 91.368385 -10.517722

v -7.376253 99.353798 9.178962

v -7.392980 90.890511 9.323159

v -7.155995 91.217537 9.567441

v -7.519850 99.550148 -10.244000

v -7.155995 91.217537 9.567441

v -7.392980 90.890511 9.323159

v -7.253757 98.899002 -10.358842

v -6.897040 99.298676 -10.082440

v -6.869491 91.433823 9.667099

v -7.155995 91.217537 9.567441

v -7.253757 98.899002 -10.358842

v -7.519850 99.550148 -10.244000

v -6.948406 91.387154 -7.194592

v -6.921630 91.046059 -10.344454

v -7.282199 89.568695 -10.236432

v -7.282199 89.568695 -10.236432

v -6.921630 91.046059 -10.344454

v -6.948406 91.387154 -7.194592

v -7.240973 89.572006 -7.461735

v -7.240973 89.572006 -7.461735

v -7.423146 99.271233 -7.322935

v -7.346591 99.977493 -7.327172

v -7.605910 100.000000 -11.321495

v -7.423146 99.271233 -7.322935

v -7.605910 99.292198 -11.321495

v -6.527462 90.595230 -11.182005

v -7.598398 90.632050 -10.891470

v -7.465510 99.825699 -11.083295

v -7.160508 90.701767 -9.895586

v -7.598398 90.632050 -10.891470

v -7.352620 99.825699 -10.970395

v -7.598398 90.632050 -10.891470

v -6.527462 90.595230 -11.182005

v -6.493922 99.687714 -10.816566

v -6.948406 91.387154 -7.194592

v -6.971289 92.444733 -10.690398

v -6.921630 91.046059 -10.344454

v -6.921630 91.046059 -10.344454

v -6.971289 92.444733 -10.690398

v -6.948406 91.387154 -7.194592

v -7.598398 90.632050 -10.891470

v -7.160508 90.701767 -9.895586

v -7.579556 99.828102 -9.945455

v -6.869491 91.433823 9.667099

v -6.897040 99.298676 -10.082440

v -7.519850 99.550148 -10.244000

v -7.519850 99.550148 -10.244000

v -7.423146 99.271233 -7.322935

v -6.830760 99.292198 -7.286806

v -6.830760 99.292198 -0.387398

v -7.346591 99.977493 -7.327172

v -7.423146 99.271233 -7.322935

v -7.421480 99.660423 -0.322702

v -6.830760 100.000000 -0.387400

v -6.830750 100.000000 -7.286806

v -7.346591 99.977493 -7.327172

v -6.830760 100.000000 -0.387400

v -7.421480 99.660423 -0.322702

v -7.421480 99.660423 -0.322702

v -6.830760 99.292198 -0.387398

v -7.641503 99.050446 9.452202

v -7.935915 98.862030 9.574805

v -7.155995 91.217537 9.567441

v -7.376253 99.353798 9.178962

v -7.421480 99.660423 -0.322702

v -6.830760 99.292198 -0.387398

v -6.830760 100.000000 -0.387400

v -6.950834 91.532928 6.651947

v -7.240054 89.119743 6.194977

v -7.288393 89.602783 9.448503

v -7.288393 89.602783 9.448503

v -7.240054 89.119743 6.194977

v -6.950834 91.532928 6.651947

v -6.937476 91.095688 9.532061

v -6.937476 91.095688 9.532061

v -7.579556 99.828102 -9.945455

v -7.465510 99.825699 -11.083295

v -7.352620 99.825699 -10.970395

v -6.493922 99.687714 -10.816566

v -6.971501 92.439972 9.826979

v -6.937476 91.095688 9.532061

v -6.937476 91.095688 9.532061

v -6.971501 92.439972 9.826979

v -6.950834 91.532928 6.651947

v -6.950834 91.532928 6.651947

v -7.075822 54.909985 -10.385135

v -7.662440 62.914307 9.311883

v -7.424054 62.602200 9.592004

v -7.331484 54.339649 -10.047779

v -7.424054 62.602200 9.592004

v -7.662440 62.914307 9.311883

v -7.125696 62.352634 9.591311

v -7.424054 62.602200 9.592004

v -7.331484 54.339649 -10.047779

v -7.424054 62.602200 9.592004

v -7.125696 62.352634 9.591311

v -6.709841 54.488411 -10.169582

v -7.688130 54.730755 9.349226

v -7.422213 63.045860 -10.395222

v -7.407354 54.417282 9.119390

v -7.985906 54.921021 9.437397

v -7.688130 54.730755 9.349226

v -7.422213 63.045860 -10.395222

v -7.688130 54.730755 9.349226

v -7.985906 54.921021 9.437397

v -8.013302 62.782333 -10.321708

v -7.688130 54.730755 9.349226

v -7.422213 63.045860 -10.395222

v -7.629342 62.391838 -10.574710

v -7.629342 62.391838 -10.574710

v -7.331484 54.339649 -10.047779

v -7.075822 54.909985 -10.385135

v -7.422213 63.045860 -10.395222

v -8.013302 62.782333 -10.321708

v -7.407354 54.417282 9.119390

v 7.022482 44.126637 -11.115408

v 6.763131 44.411160 -11.324282

v 0.140844 34.775871 -11.771247

v -0.833722 34.583435 -12.081656

v -6.897329 44.391773 -11.150166

v -6.830750 54.655201 -0.387387

v -7.426417 54.300098 -0.331963

v -6.897329 44.391773 -11.150166

v -6.444648 44.435226 -11.684241

v -0.251300 34.621807 -12.483247

v -6.830750 53.947403 -0.387391

v -0.183971 34.794735 -11.777190

v -6.897329 44.391773 -11.150166

v -6.588241 44.454659 -11.112193

v -6.444648 44.435226 -11.684241

v -6.897329 44.391773 -11.150166

v -7.331484 54.339649 -10.047779

v -6.709841 54.488411 -10.169582

v -6.830750 54.655201 -7.286798

v -6.830750 54.655201 -0.387387

v -6.830750 53.947403 -0.387391

v -7.413886 54.689709 -7.361277

v -7.426417 54.300098 -0.331963

v -6.830750 54.655201 -0.387387

v -7.353032 53.977528 -7.309002

v -7.426417 54.300098 -0.331963

v -6.830750 53.947403 -7.286798

v -6.830750 54.655201 -7.286798

v -7.413886 54.689709 -7.361277

v -6.830750 53.947403 -0.387391

v -7.426417 54.300098 -0.331963

v -7.353032 53.977528 -7.309002

v -6.830750 53.947403 -7.286798

v -6.444648 44.435226 -11.684241

v -6.588241 44.454659 -11.112193

v -0.183971 34.794735 -11.777190

v -6.588241 44.454659 -11.112193

v 0.293311 34.734989 -12.471940

v 6.495401 44.577911 -11.662152

v 6.763131 44.411160 -11.324282

v 0.140844 34.775871 -11.771247

v 6.763131 44.411160 -11.324282

v 6.495401 44.577911 -11.662152

v 0.693667 34.440643 -12.087037

v 0.140844 34.775871 -11.771247

v 6.763131 44.411160 -11.324282

v 0.140844 34.775871 -11.771247

v 0.693667 34.440643 -12.087037

v 0.293311 34.734989 -12.471940

v 7.022482 44.126637 -11.115408

v -0.183971 34.794735 -11.777190

v -0.183971 34.794735 -11.777190

v -0.833722 34.583435 -12.081656

v -0.251300 34.621807 -12.483247

v -6.830750 54.655201 -11.321497

v -7.425217 45.093319 -0.324863

v -6.830750 44.743500 -0.387386

v -6.830750 45.451302 -0.387386

v 7.338816 53.585354 -10.766715

v 6.782699 53.776512 -10.577528

v -0.534277 45.451298 -30.826815

v -7.605910 45.451199 -11.321498

v -6.830750 45.451302 -11.321498

v 7.305830 53.360554 -10.680352

v -7.419373 45.476906 -7.331634

v -7.605910 45.451199 -11.321498

v -7.605900 44.743500 -11.321498

v -6.830750 45.451199 -7.286788

v -6.830750 45.451302 -0.387386

v -6.830750 44.743500 -0.387386

v -7.419373 45.476906 -7.331634

v -7.425217 45.093319 -0.324863

v -6.830750 45.451302 -0.387386

v -7.354107 44.772835 -7.353223

v -7.425217 45.093319 -0.324863

v -6.830750 44.743500 -7.286798

v -6.830750 45.451199 -7.286788

v -7.419373 45.476906 -7.331634

v -6.969501 44.753399 -10.393599

v -6.982910 44.754601 -10.393599

v -6.982910 46.987198 -10.355498

v -6.830750 45.451199 -7.286788

v -6.830750 44.743500 -0.387386

v -7.425217 45.093319 -0.324863

v -7.354107 44.772835 -7.353223

v -6.830750 44.743500 -7.286798

v -6.830750 44.743500 -11.321498

v -6.830750 45.451302 -11.321498

v -6.969440 46.987198 -10.355498

v -0.021335 45.451199 -30.154299

v -6.830750 45.451302 -11.321498

v -6.830750 44.743500 -11.321498

v -0.482796 44.788006 -31.173349

v -7.605900 44.743500 -11.321498

v -7.605910 45.451199 -11.321498

v -6.830750 44.743500 -11.321498

v -6.830750 44.743500 -7.286798

v -7.354107 44.772835 -7.353223

v -6.969470 44.801102 -7.215249

v -6.982910 44.801899 -7.215258

v -7.381661 42.305759 -8.897102

v -7.605900 44.743500 -11.321498

v -7.324220 42.701199 -10.829698

v -6.969501 44.753399 -10.393599

v -6.969470 44.801102 -7.215249

v -6.982910 44.801899 -7.215258

v -6.982910 44.754601 -10.393599

v -7.337490 42.703499 -10.829698

v -7.381661 42.305759 -8.897102

v -7.381661 42.305759 -8.897102

v -7.381661 42.305759 -8.897102

v -7.337490 42.703499 -10.829698

v -7.324220 42.701199 -10.829698

v -6.982900 46.987198 -7.713338

v -6.982910 46.987198 -10.355498

v -6.982910 44.754601 -10.393599

v -6.969501 44.753399 -10.393599

v -6.969440 46.987198 -10.355498

v -6.969440 46.987198 -7.713338

v -7.354107 44.772835 -7.353223

v 7.563240 44.743500 -11.321498

v 6.788090 44.743500 -11.321498

v -0.021335 44.743500 -30.154299

v 0.776075 44.743500 -30.154299

v -0.482796 44.788006 -31.173349

v -0.482796 44.788006 -31.173349

v 0.668445 45.168018 -32.171928

v 0.776075 44.743500 -30.154299

v 7.308967 44.774086 -7.264083

v -0.643515 45.376942 -30.949312

v 0.105648 45.505127 -31.096581

v 7.305830 53.360554 -10.680352

v 6.788090 44.743500 -7.286798

v 6.788090 44.743500 -11.321498

v 6.788080 45.451302 -11.321498

v -0.021335 45.451199 -30.154299

v 7.563240 45.451199 -11.321498

v 7.563240 44.743500 -11.321498

v 0.776075 44.743500 -30.154299

v 6.788080 45.451302 -11.321498

v 7.563240 45.451199 -11.321498

v 0.657978 45.447929 -30.513193

v 6.782699 53.776512 -10.577528

v 6.782699 53.776512 -10.577528

v 7.338816 53.585354 -10.766715

v 0.105648 45.505127 -31.096581

v -0.296053 44.841381 -31.126415

v 7.305830 53.360554 -10.680352

v 0.105648 45.505127 -31.096581

v 7.338816 53.585354 -10.766715

v 7.305830 53.360554 -10.680352

v -0.643515 45.376942 -30.949312

v -0.296053 44.841381 -31.126415

v 0.105648 45.505127 -31.096581

v -0.021335 45.451199 -30.154299

v 0.657978 45.447929 -30.513193

v -0.021335 44.743500 -30.154299

v -0.021335 44.743500 -30.154299

v -0.021335 44.743500 -30.154299

v -0.534277 45.451298 -30.826815

v -0.021335 45.451199 -30.154299

v 0.657978 45.447929 -30.513193

v -0.534277 45.451298 -30.826815

v 0.657978 45.447929 -30.513193

v -7.419373 45.476906 -7.331634

v 0.776075 44.743500 -30.154299

v -0.534277 45.451298 -30.826815

v 0.657978 45.447929 -30.513193

v 0.668445 45.168018 -32.171928

v -0.482796 44.788006 -31.173349

v 0.668445 45.168018 -32.171928

v 6.788080 45.451302 -11.321498

v 6.788090 44.743500 -11.321498

v 6.788090 44.743500 -7.286798

v 7.563240 44.743500 -11.321498

v 7.563240 45.451199 -11.321498

v 7.375197 45.477081 -7.269466

v 6.788090 45.451199 -7.286798

v -6.982910 44.801899 -7.215258

v -6.969470 44.801102 -7.215249

v -0.021335 44.743500 -30.154299

v -0.021335 45.451199 -30.154299

v -0.534277 45.451298 -30.826815

v -6.982910 44.754601 -10.393599

v -6.969501 44.753399 -10.393599

v -7.324220 42.701199 -10.829698

v -6.982910 44.801899 -7.215258

v -6.969470 44.801102 -7.215249

v -6.969440 46.987198 -7.713338

v 6.788090 45.451199 -7.286798

v 7.308967 44.774086 -7.264083

v 7.375197 45.477081 -7.269466

v -6.982900 46.987198 -7.713338

v -0.482796 44.788006 -31.173349

v -6.969440 46.987198 -10.355498

v -6.982910 46.987198 -10.355498

v -6.982900 46.987198 -7.713338

v -7.337490 42.703499 -10.829698

v -6.969440 46.987198 -7.713338

v -29.085201 -95.820305 25.959497

v -24.707500 -67.515999 -0.280042

v -24.723000 -67.616806 -0.413080

v -27.852499 -95.396797 26.713198

v -28.054699 -95.370796 26.713097

v -28.142399 -95.941505 25.959896

v -23.764700 -67.637199 -0.279603

v -24.707500 -67.515999 -0.280042

v -29.085201 -95.820305 25.959497

v -24.723000 -67.616806 -0.413080

v -23.584738 -67.814285 -0.366296

v -27.962034 -96.111282 25.867588

v -27.962034 -96.111282 25.867588

v -29.100700 -95.921097 25.826397

v -29.085201 -95.820305 25.959497

v -28.054699 -95.370796 26.713097

v -27.852499 -95.396797 26.713198

v -23.474800 -67.092499 0.473644

v -23.474800 -67.092499 0.473644

v -27.852499 -95.396797 26.713198

v -27.962034 -96.111282 25.867588

v -23.764700 -67.637199 -0.279603

v -28.142399 -95.941505 25.959896

v -28.054699 -95.370796 26.713097

v -28.142399 -95.941505 25.959896

v -29.100700 -95.921097 25.826397

v -29.100700 -95.921097 25.826397

v -23.584738 -67.814285 -0.366296

v -22.847900 -67.532303 -0.019899

v -22.847900 -67.439201 -0.019899

v -23.531157 -67.442863 0.048803

v -23.677000 -67.066505 0.473548

v -23.677000 -67.066505 0.473548

v -23.474800 -67.092499 0.473644

v -23.584738 -67.814285 -0.366296

v -23.407598 -67.532303 -0.019899

v -23.764700 -67.637199 -0.279603

v -23.677000 -67.066505 0.473548

v -21.494801 -53.273304 -1.860682

v -21.366499 -53.304897 -1.849682

v -21.115480 -52.476017 -2.106331

v -23.600775 -68.108490 -0.070133

v -24.707500 -67.515999 -0.280042

v -21.307100 -52.762699 -2.292992

v -22.019199 -52.285625 -2.355959

v -21.115480 -52.476017 -2.106331

v -22.019199 -52.285625 -2.355959

v -21.115480 -52.476017 -2.106331

v -23.504988 -66.576927 -23.131252

v -23.732510 -67.456726 -22.927992

v -21.115480 -52.476017 -2.106331

v -21.366499 -53.304897 -1.849682

v -24.723000 -67.616806 -0.413080

v -23.856201 -67.400497 -22.903503

v -21.494801 -53.273304 -1.860682

v -21.307100 -52.762699 -2.292992

v -21.366499 -53.304897 -1.849682

v -21.494801 -53.273304 -1.860682

v -23.856201 -67.400497 -22.903503

v -21.307100 -52.762699 -2.292992

v -22.019199 -52.285625 -2.355959

v -24.394899 -66.711197 -23.398104

v -24.394899 -66.711197 -23.398104

v -22.019199 -52.285625 -2.355959

v -1.352829 -52.345432 -22.423624

v -1.409930 -52.734798 -23.229801

v -22.847900 -67.439201 -0.019899

v -22.847900 -67.532303 -0.019899

v -22.847900 -67.532303 -24.032404

v -22.849129 -67.437119 -23.986946

v -23.531157 -67.442863 0.048803

v -22.847900 -67.439201 -0.019899

v -22.847900 -67.532303 -24.032404

v -22.847900 -67.532303 -0.019899

v -23.407598 -67.532303 -0.019899

v -23.600775 -68.108490 -0.070133

v -23.531157 -67.442863 0.048803

v -23.527773 -67.439896 -23.995453

v -1.493010 -52.623703 -23.373501

v -0.953556 -53.317566 -23.394035

v -9.649227 -52.654617 -23.632133

v -10.454702 -59.524982 -23.840200

v -21.013569 -58.998444 -23.195469

v -20.898165 -58.720375 -23.671085

v -9.657035 -52.722828 -23.145267

v -20.898165 -58.720375 -23.671085

v -21.013569 -58.998444 -23.195469

v -9.657035 -52.722828 -23.145267

v -23.407598 -67.532303 -0.019899

v -23.600775 -68.108490 -0.070133

v -23.320049 -68.160782 -24.147030

v -24.354700 -66.601700 -23.490805

v -23.504988 -66.576927 -23.131252

v -23.732510 -67.456726 -22.927992

v -23.668499 -66.889801 -23.335804

v -23.668499 -66.889801 -23.335804

v -24.354700 -66.601700 -23.490805

v -22.849129 -67.437119 -23.986946

v -23.527773 -67.439896 -23.995453

v -23.407598 -67.532303 -24.032404

v -23.407598 -67.532303 -24.032404

v -10.494036 -59.487968 -24.259695

v -10.726187 -59.110245 -23.839001

v -20.814215 -59.028500 -23.562668

v -10.726187 -59.110245 -23.839001

v -10.494036 -59.487968 -24.259695

v -20.814215 -59.028500 -23.562668

v -1.352829 -52.345432 -22.423624

v -22.607901 -66.847900 -23.533005

v -22.515100 -66.962898 -23.522104

v -22.247068 -66.665276 -24.399088

v -22.607901 -66.847900 -23.533005

v -1.352829 -52.345432 -22.423624

v -22.515100 -66.962898 -23.522104

v -22.459801 -66.984901 -24.274603

v -1.409930 -52.734798 -23.229801

v -0.953556 -53.317566 -23.394035

v -21.996241 -67.509697 -24.356075

v -22.247068 -66.665276 -24.399088

v -1.409930 -52.734798 -23.229801

v -22.459801 -66.984901 -24.274603

v -22.026899 -67.521103 -24.223904

v -22.026899 -67.521103 -24.223904

v -21.996241 -67.509697 -24.356075

v -0.953556 -53.317566 -23.394035

v -10.767311 -59.426964 -24.283218

v -10.767311 -59.426964 -24.283218

v -10.454702 -59.524982 -23.840200

v -23.732510 -67.456726 -22.927992

v -23.668499 -66.889801 -23.335804

v -23.504988 -66.576927 -23.131252

v -23.856201 -67.400497 -22.903503

v -22.459801 -66.984901 -24.274603

v -22.515100 -66.962898 -23.522104

v -22.607901 -66.847900 -23.533005

v -22.247068 -66.665276 -24.399088

v -21.996241 -67.509697 -24.356075

v -22.026899 -67.521103 -24.223904

v -22.849129 -67.437119 -23.986946

v -22.847900 -67.532303 -24.032404

v -23.407598 -67.532303 -24.032404

v -24.354700 -66.601700 -23.490805

v -23.504988 -66.576927 -23.131252

v -23.668499 -66.889801 -23.335804

v -24.394899 -66.711197 -23.398104

v -23.527773 -67.439896 -23.995453

v -23.320049 -68.160782 -24.147030

v -23.320049 -68.160782 -24.147030

v -23.612804 -67.564568 -11.302783

v -24.553612 -73.712791 -23.949478

v -23.612804 -67.564568 -11.302783

v -25.011257 -73.728867 -24.124113

v -24.553612 -73.712791 -23.949478

v -25.011257 -73.728867 -24.124113

v -25.207066 -74.221413 -7.325465

v -24.868416 -74.656143 -7.022266

v -24.559370 -73.957687 -24.210985

v -24.868416 -74.656143 -7.022266

v -25.207066 -74.221413 -7.325465

v -25.095419 -74.069946 -24.244864

v -24.559370 -73.957687 -24.210985

v -24.868416 -74.656143 -7.022266

v -24.778624 -74.392944 -24.243208

v -24.868416 -74.656143 -7.022266

v -25.095419 -74.069946 -24.244864

v -24.559370 -73.957687 -24.210985

v -24.559370 -73.957687 -24.210985

v -24.778624 -74.392944 -24.243208

v -0.953556 -53.317566 -23.394035

v -1.493010 -52.623703 -23.373501

v -1.493010 -52.623703 -23.373501

v -9.649227 -52.654617 -23.632133

v -1.352829 -52.345432 -22.423624

v 1.783390 36.651100 -11.581698

v 1.783390 36.647800 -11.560999

v 1.783390 32.025101 -12.304899

v 1.783390 32.025101 -12.304899

v 1.783390 36.647800 -11.560999

v -1.942640 36.647800 -11.560999

v -1.942640 36.651100 -11.581698

v 1.783390 36.651100 -11.581698

v 1.783390 32.028400 -12.325700

v 1.783390 32.028400 -12.325700

v -1.942640 32.025101 -12.304899

v -1.942640 32.028400 -12.325700

v 1.783390 32.028400 -12.325700

v 1.783390 32.025101 -12.304899

v -1.942640 32.025101 -12.304899

v -1.942640 32.028400 -12.325700

v -12.687036 4.791721 -16.088341

v -12.915010 4.777312 -16.837254

v -12.565701 4.735371 -16.216600

v -12.687036 4.791721 -16.088341

v -12.565701 4.735371 -16.216600

v -11.879926 4.392273 -16.174900

v -23.548599 -69.162598 2.067717

v -23.548599 -69.162598 -2.987033

v -23.375299 -69.162598 -2.987033

v -23.375299 -67.113098 -2.987033

v -23.375299 -69.162598 -2.987033

v -23.548599 -69.162598 -2.987033

v -23.548599 -67.113098 -2.987033

v -23.548599 -69.162598 -2.987033

v -23.548599 -69.162598 2.067717

v -1.942640 36.647800 -11.560999

v -1.942640 36.651100 -11.581698

v -1.942640 32.028400 -12.325700

v -23.375299 -69.162598 2.067717

v -23.375299 -69.162598 -2.987033

v -23.375299 -67.113098 -2.987033

v -23.407598 -68.059700 -0.784314

v -23.527599 -68.059700 -0.784314

v -23.527002 -67.439041 -0.814460

v -23.375299 -69.162598 2.067717

v -23.548599 -67.113098 2.067717

v -23.548599 -69.162598 2.067717

v -23.375299 -69.162598 2.067717

v -23.548599 -67.113098 -2.987033

v -23.407598 -67.532303 -0.784314

v -23.486834 -67.300270 23.148653

v -23.527599 -68.059036 23.267689

v -23.486834 -67.300270 23.148653

v -22.768757 -67.630295 23.058199

v -22.825485 -67.380501 -1.009610

v -22.768757 -67.630295 23.058199

v -23.486834 -67.300270 23.148653

v -23.407598 -67.532303 -0.784314

v -23.407598 -67.532303 -0.784314

v -23.486834 -67.300270 23.148653

v -23.407598 -68.059700 23.228195

v -23.527002 -67.439041 -0.814460

v -23.527599 -68.059036 23.267689

v -23.486834 -67.300270 23.148653

v -22.825485 -67.380501 -1.009610

v -23.527002 -67.439041 -0.814460

v -23.407598 -68.059700 23.228195

v -24.565077 -73.737076 23.211561

v -25.004980 -73.722031 23.319626

v -23.636061 -67.698792 10.789227

v -25.004980 -73.722031 23.319626

v -24.565077 -73.737076 23.211561

v -24.866161 -74.653564 6.372906

v -24.556725 -73.961754 23.393080

v -25.095434 -74.071548 23.460901

v -25.205099 -74.221008 6.535032

v -25.095434 -74.071548 23.460901

v -24.556725 -73.961754 23.393080

v -22.825485 -67.380501 -1.009610

v -23.375299 -67.113098 2.067717

v -23.375299 -67.113098 -2.987033

v -23.548599 -67.113098 -2.987033

v -1.942640 32.025101 -12.304899

v -1.942640 36.651100 -11.581698

v -1.942640 36.647800 -11.560999

v 1.783390 36.647800 -11.560999

v 1.783390 36.651100 -11.581698

v -24.777124 -74.392334 23.464891

v -24.556725 -73.961754 23.393080

v -24.556725 -73.961754 23.393080

v -24.777124 -74.392334 23.464891

v -24.866161 -74.653564 6.372906

v -23.407598 -68.059700 23.228195

v -23.527599 -68.059036 23.267689

v -23.527599 -68.059700 -0.784314

v -23.636061 -67.698792 10.789227

v -23.548599 -67.113098 2.067717

v -0.855878 34.356232 -12.076904

v -12.687036 4.791721 -16.088341

v -11.879926 4.392273 -16.174900

v -6.389591 20.181913 -14.391376

v -6.389591 20.181913 -14.391376

v -0.855878 34.356232 -12.076904

v -0.728852 34.299290 -12.805897

v -12.915010 4.777312 -16.837254

v -0.140732 34.210651 -12.430200

v -12.565701 4.735371 -16.216600

v -0.855878 34.356232 -12.076904

v -0.140732 34.210651 -12.430200

v -0.728852 34.299290 -12.805897

v -0.855878 34.356232 -12.076904

v -12.565701 4.735371 -16.216600

v 5.894906 20.441946 -14.375704

v -24.212334 -74.618309 7.020759

v -23.169300 -67.915421 10.793800

v 5.894906 20.441946 -14.375704

v -24.723995 -74.503784 6.739577

v -23.169300 -67.915421 10.793800

v -23.407598 -68.059700 -0.784314

v -23.407598 -68.059700 -0.784314

v -23.527599 -68.059700 -0.784314

v -24.212334 -74.618309 7.020759

v -24.723995 -74.503784 6.739577

v -24.866161 -74.653564 6.372906

v -25.205099 -74.221008 6.535032

v 6.432083 19.818205 -14.212944

v -24.866161 -74.653564 6.372906

v 6.432083 19.818205 -14.212944

v -23.375299 -67.113098 2.067717

v -23.548599 -67.113098 2.067717

v -23.375299 -67.113098 2.067717

v -12.915010 4.777312 -16.837254

v -12.687036 4.791721 -16.088341

v -11.879926 4.392273 -16.174900

v -14.303906 -4.057010 -7.835472

v -14.503094 -4.564389 -7.926149

v -14.503094 -4.564389 -7.926149

v -14.303906 -4.057010 -7.835472

v -15.903003 -13.004181 -0.378558

v -15.709377 -12.883374 -0.482763

v -12.705627 4.808621 -15.140035

v -12.706338 4.508443 14.071837

v -15.709377 -12.883374 -0.482763

v -15.903003 -13.004181 -0.378558

v -11.903934 4.446365 14.025837

v -15.058605 -13.320878 -0.409152

v -15.709377 -12.883374 -0.482763

v -15.903003 -13.004181 -0.378558

v -15.669410 -13.429730 0.289557

v -12.879265 4.193027 14.890800

v -15.669410 -13.429730 0.289557

v -15.903003 -13.004181 -0.378558

v -12.673326 4.409242 14.298265

v -12.673326 4.409242 14.298265

v -15.903003 -13.004181 -0.378558

v -15.058605 -13.320878 -0.409152

v -15.709377 -12.883374 -0.482763

v -15.051444 -13.245505 -0.505475

v -11.926640 4.574785 -14.872028

v -15.051444 -13.245505 -0.505475

v -15.709377 -12.883374 -0.482763

v -12.642000 4.502621 -15.073800

v -12.642000 4.502621 -15.073800

v -15.709377 -12.883374 -0.482763

v -15.712622 -13.475142 -1.074672

v -12.874681 4.153046 -15.673109

v -15.712622 -13.475142 -1.074672

v -15.903003 -13.004181 -0.378558

v -15.729563 -13.568444 -17.516319

v -14.346966 -4.168489 -8.090327

v -14.421584 -4.508376 -7.734569

v -15.729563 -13.568444 -17.516319

v -14.421584 -4.508376 -7.734569

v -14.346966 -4.168489 -8.090327

v -15.903003 -13.004181 -0.378558

v -15.709377 -12.883374 -0.482763

v -15.058605 -13.320878 -0.409152

v -15.709377 -12.883374 -0.482763

v -15.903003 -13.004181 -0.378558

v -15.712622 -13.475142 -1.074672

v -6.593874 -4.287064 -17.224642

v -13.895548 -4.114928 -17.046015

v -6.593874 -4.287064 -17.224642

v -13.708572 -4.445398 -16.839228

v -14.348561 -4.330686 -16.615570

v -14.348561 -4.330686 -16.615570

v -13.708572 -4.445398 -16.839228

v -13.895548 -4.114928 -17.046015

v -12.874681 4.153046 -15.673109

v -12.705627 4.808621 -15.140035

v -12.642000 4.502621 -15.073800

v -12.697095 4.403188 -14.975228

v -12.731738 4.673479 -15.913799

v -12.597301 4.900321 -15.609200

v -8.149130 34.802601 -0.832497

v -8.687328 34.638924 -0.849171

v -8.139830 34.716900 -0.729364

v -11.926640 4.574785 -14.872028

v -12.642000 4.502621 -15.073800

v -12.705627 4.808621 -15.140035

v -12.092800 4.889171 -15.665901

v -12.597301 4.900321 -15.609200

v -12.731738 4.673479 -15.913799

v -12.104300 4.994811 -15.793000

v -12.597301 4.900321 -15.609200

v -8.687328 34.638924 -0.849171

v -8.417696 34.353210 -0.171481

v -12.697095 4.403188 -14.975228

v -8.417696 34.353210 -0.171481

v -8.687328 34.638924 -0.849171

v -12.104300 4.994811 -15.793000

v -8.149130 34.802601 -0.832497

v -8.139830 34.716900 -0.729364

v -8.687328 34.638924 -0.849171

v -8.149130 34.802601 -0.832497

v -12.104300 4.994811 -15.793000

v -8.139830 34.716900 -0.729364

v -8.687328 34.638924 -0.849171

v -12.597301 4.900321 -15.609200

v -11.851240 4.738081 15.222654

v -12.565787 4.740165 15.177718

v -12.476501 4.620999 15.198700

v -12.711813 4.103945 15.109932

v -11.903934 4.446365 14.025837

v -12.706338 4.508443 14.071837

v -12.673326 4.409242 14.298265

v -12.705627 4.808621 -15.140035

v -12.874681 4.153046 -15.673109

v -11.926640 4.574785 -14.872028

v -12.705627 4.808621 -15.140035

v -12.778860 4.006592 0.081564

v -12.708997 4.103704 -15.386523

v -12.338182 4.475904 -15.481147

v -12.932192 4.845261 0.066020

v -12.338182 4.475904 -15.481147

v -12.708997 4.103704 -15.386523

v -12.338182 4.475904 -15.481147

v -11.825809 4.729585 -15.452252

v -12.145031 4.478461 0.050077

v -11.825809 4.729585 -15.452252

v -12.338182 4.475904 -15.481147

v -12.932192 4.845261 0.066020

v -12.778860 4.006592 0.081564

v -12.951172 4.828005 -0.322665

v -12.565787 4.740165 15.177718

v -11.851240 4.738081 15.222654

v -12.150623 4.461419 -0.293038

v -11.851240 4.738081 15.222654

v -12.476501 4.620999 15.198700

v -12.711813 4.103945 15.109932

v -12.565787 4.740165 15.177718

v -12.951172 4.828005 -0.322665

v -12.476501 4.620999 15.198700

v -12.711813 4.103945 15.109932

v -12.788109 4.020030 -0.367837

v -12.706338 4.508443 14.071837

v -11.903934 4.446365 14.025837

v -12.879265 4.193027 14.890800

v -12.673326 4.409242 14.298265

v -12.673326 4.409242 14.298265

v -12.706338 4.508443 14.071837

v -15.903003 -13.004181 -0.378558

v -12.092800 4.889171 -15.665901

v -12.092800 4.889171 -15.665901

v -12.731738 4.673479 -15.913799

v -12.697095 4.403188 -14.975228

v -12.731738 4.673479 -15.913799

v -12.932192 4.845261 0.066020

v -12.932192 4.845261 0.066020

v -12.145031 4.478461 0.050077

v -12.788109 4.020030 -0.367837

v -12.951172 4.828005 -0.322665

v -12.951172 4.828005 -0.322665

v -12.150623 4.461419 -0.293038

v 12.996501 4.420720 15.451699

v 11.912001 4.420720 15.451699

v 25.480700 -95.729294 27.414595

v 11.912001 4.420720 15.451699

v 11.912001 4.420690 15.254800

v 25.390562 -95.545731 27.186487

v 11.912001 4.420690 15.254800

v 6.543030 44.917801 10.119402

v 7.309960 44.917801 10.166203

v 11.912001 4.420720 15.451699

v 6.543030 44.917801 10.279101

v 6.543030 44.917801 10.119402

v 25.480700 -95.729294 27.414595

v -7.414906 54.680889 6.450571

v -6.830750 54.655201 6.482642

v -6.830750 54.655201 -0.416759

v -7.359068 53.984638 6.429308

v -7.414906 54.680889 6.450571

v -7.421477 54.298321 -0.571347

v -6.830750 54.655201 6.482642

v -6.830750 53.947403 6.482642

v -6.830750 53.947403 -0.416761

v -6.830750 53.947403 -0.416761

v -6.830750 53.947403 6.482642

v -7.359068 53.984638 6.429308

v -7.184857 53.326298 9.416451

v -7.100328 53.391060 10.145127

v -7.008403 53.582771 9.961462

v -7.483805 53.114594 10.198093

v -7.661973 53.492653 9.903830

v -6.830750 54.655201 6.482642

v -7.414906 54.680889 6.450571

v -7.605900 54.655201 10.517303

v -6.830750 54.655201 10.517303

v -6.806823 53.512390 10.122134

v -7.359068 53.984638 6.429308

v -6.830750 53.947403 6.482642

v -6.830750 53.947403 10.517302

v -7.605900 53.947403 10.517302

v -6.830750 53.947403 10.517302

v -7.605900 53.947403 10.517302

v -7.605900 54.655201 10.517303

v -7.414906 54.680889 6.450571

v -6.830750 54.655201 10.517303

v -7.421477 54.298321 -0.571347

v -6.830750 54.655201 -0.416759

v 12.996501 4.420720 15.451699

v 7.422840 44.917801 10.279101

v 6.543030 44.917801 10.279101

v -7.421477 54.298321 -0.571347

v 12.857300 4.420720 15.312500

v 7.309960 44.917801 10.166203

v 7.263190 44.917801 9.207332

v -7.421477 54.298321 -0.571347

v -6.830750 54.655201 -0.416759

v -6.830750 53.947403 -0.416761

v 12.799700 4.420720 14.130500

v 7.263190 44.917801 9.207332

v 7.422850 44.917801 9.207332

v 11.912001 4.420720 15.451699

v -7.605900 53.947403 10.517302

v -6.830750 53.947403 10.517302

v -6.830750 54.655201 10.517303

v -7.605900 54.655201 10.517303

v 6.854738 45.330826 9.577237

v -7.100328 53.391060 10.145127

v -7.184857 53.326298 9.416451

v -7.184857 53.326298 9.416451

v 6.910920 45.377300 9.575212

v 6.910920 45.377300 9.575212

v -7.184857 53.326298 9.416451

v -6.806823 53.512390 10.122134

v -6.806823 53.512390 10.122134

v 7.203106 45.749447 9.972795

v -6.806823 53.512390 10.122134

v -7.100328 53.391060 10.145127

v 6.894139 45.332462 10.266733

v 6.854738 45.330826 9.577237

v 6.894139 45.332462 10.266733

v 6.894139 45.332462 10.266733

v 6.894139 45.332462 10.266733

v 7.203106 45.749447 9.972795

v 12.857300 4.420720 15.312500

v 6.854738 45.330826 9.577237

v 6.910920 45.377300 9.575212

v 6.894139 45.332462 10.266733

v 11.912001 4.420690 15.254800

v 12.799700 4.420720 14.130500

v -0.021327 45.451302 29.350101

v 0.716904 45.445675 29.555740

v -0.818737 45.451302 29.350101

v 0.716904 45.445675 29.555740

v 0.627314 45.241138 31.426479

v 0.713921 44.745903 29.530018

v -0.487119 44.788498 30.363899

v 0.627314 45.241138 31.426479

v -7.359068 53.984638 6.429308

v 7.563240 45.451302 10.517302

v 0.716904 45.445675 29.555740

v 0.713921 44.745903 29.530018

v 0.713921 44.745903 29.530018

v 0.627314 45.241138 31.426479

v -0.487119 44.788498 30.363899

v -0.487119 44.788498 30.363899

v 7.125788 54.065800 9.166348

v 7.422850 44.917801 9.207332

v 7.263190 44.917801 9.207332

v 7.125788 54.065800 9.166348

v 7.263190 44.917801 9.207332

v 7.309960 44.917801 10.166203

v 6.483685 53.985226 10.381783

v 6.543030 44.917801 10.119402

v 6.543030 44.917801 10.279101

v 6.483685 53.985226 10.381783

v 6.543030 44.917801 10.279101

v 7.422840 44.917801 10.279101

v 7.584808 54.075966 10.088934

v 7.422840 44.917801 10.279101

v 7.422850 44.917801 9.207332

v 7.584808 54.075966 10.088934

v 7.309960 44.917801 10.166203

v 6.543030 44.917801 10.119402

v 7.125788 54.065800 9.166348

v 6.483685 53.985226 10.381783

v 7.584808 54.075966 10.088934

v 7.584808 54.075966 10.088934

v 0.716904 45.445675 29.555740

v 7.539963 53.556767 10.301554

v 6.997955 53.053310 10.266888

v 7.061763 53.450714 9.875251

v -7.483805 53.114594 10.198093

v 0.008559 44.704327 30.362589

v -0.390589 45.382114 30.322220

v -7.483805 53.114594 10.198093

v -0.390589 45.382114 30.322220

v 0.008559 44.704327 30.362589

v 0.423960 45.175808 30.372032

v -0.390589 45.382114 30.322220

v -7.483805 53.114594 10.198093

v -0.390589 45.382114 30.322220

v 0.423960 45.175808 30.372032

v -7.008403 53.582771 9.961462

v -7.661973 53.492653 9.903830

v -7.008403 53.582771 9.961462

v -7.661973 53.492653 9.903830

v 0.716904 45.445675 29.555740

v 7.563240 45.451302 10.517302

v 6.788090 45.451199 10.517302

v -0.021327 45.451302 29.350101

v 6.997955 53.053310 10.266888

v -0.095633 44.679623 30.480808

v -0.419959 45.300449 30.313906

v 6.997955 53.053310 10.266888

v -0.419959 45.300449 30.313906

v -0.095633 44.679623 30.480808

v 0.223820 45.151623 30.745316

v -0.419959 45.300449 30.313906

v 6.997955 53.053310 10.266888

v -0.419959 45.300449 30.313906

v 0.223820 45.151623 30.745316

v 7.539963 53.556767 10.301554

v 7.061763 53.450714 9.875251

v 7.061763 53.450714 9.875251

v 7.539963 53.556767 10.301554

v -0.487119 44.788498 30.363899

v -0.021327 44.743500 29.350101

v 0.713921 44.745903 29.530018

v -0.021327 45.451302 29.350101

v -0.021327 44.743500 29.350101

v 7.263180 44.917801 -10.011498

v 7.309960 44.917801 -10.970398

v 12.857300 4.420721 -16.116699

v 7.422840 44.917801 -11.083198

v 7.422840 44.917801 -10.011498

v 12.996501 4.420721 -14.934701

v 7.422840 44.917801 -10.011498

v 7.263180 44.917801 -10.011498

v 12.799700 4.420721 -14.934701

v 8.686599 34.356541 -11.660433

v 8.799882 34.780937 -0.508414

v 8.686599 34.356541 -11.660433

v 8.682701 34.338882 10.792568

v 8.682701 34.338882 10.792568

v 8.799882 34.780937 -0.508414

v 8.782280 32.019199 -2.265139

v 8.797350 32.021400 -2.265139

v 8.797350 32.021400 1.460901

v 8.782280 32.019199 1.460901

v 8.488978 34.384617 -12.149706

v -0.300402 33.956440 -12.185087

v 25.390562 -95.545731 27.186487

v 11.912001 4.420690 15.254800

v 12.857300 4.420720 15.312500

v 12.996501 4.420720 14.130500

v 12.996501 4.420720 15.451699

v 27.768045 -95.511185 27.387352

v 27.659500 -95.729294 27.275496

v 12.857300 4.420720 15.312500

v 12.799700 4.420720 14.130500

v 12.799700 4.420720 14.130500

v 12.996501 4.420720 14.130500

v 27.798700 -95.729294 25.096497

v 8.682701 34.338882 10.792568

v 8.224603 34.727833 10.745246

v 8.109407 34.440361 -11.631003

v 8.224603 34.727833 10.745246

v 8.682701 34.338882 10.792568

v 8.799882 34.780937 -0.508414

v 12.799700 4.420721 -14.934701

v 12.857300 4.420721 -16.116699

v 27.662651 -95.751068 -28.082569

v 12.857300 4.420721 -16.116699

v 11.912001 4.420691 -16.059101

v 25.430513 -95.835289 -28.025740

v 0.021516 34.732525 -12.218498

v -0.300402 33.956440 -12.185087

v 8.488978 34.384617 -12.149706

v 0.021516 34.732525 -12.218498

v 27.798700 -95.729294 25.096497

v 27.768045 -95.511185 27.387352

v 27.659500 -95.729294 27.275496

v 27.599892 -95.760574 25.037018

v 27.599892 -95.760574 25.037018

v 27.599892 -95.760574 25.037018

v 27.768045 -95.511185 27.387352

v 27.659500 -95.729294 27.275496

v 27.768045 -95.511185 27.387352

v 27.599892 -95.760574 25.037018

v 27.798700 -95.729294 25.096497

v 27.768045 -95.511185 27.387352

v 25.480700 -95.729294 27.414595

v 25.390562 -95.545731 27.186487

v 27.659500 -95.729294 27.275496

v 27.768045 -95.511185 27.387352

v 25.390562 -95.545731 27.186487

v 12.996501 4.420721 -14.934701

v 12.799700 4.420721 -14.934701

v 11.912001 4.420691 -16.059101

v 12.857300 4.420721 -16.116699

v 7.309960 44.917801 -10.970398

v 7.335612 53.833225 -9.849767

v 7.600094 45.588013 9.720671

v 7.895339 45.880318 9.578926

v 7.929901 53.748165 -10.200487

v 7.895339 45.880318 9.578926

v 7.600094 45.588013 9.720671

v 7.333013 45.288845 9.439234

v 7.600094 45.588013 9.720671

v 7.335612 53.833225 -9.849767

v 7.600094 45.588013 9.720671

v 7.333013 45.288845 9.439234

v 7.573408 53.328434 -10.325351

v 8.686599 34.356541 -11.660433

v 8.686599 34.356541 -11.660433

v 8.799882 34.780937 -0.508414

v 8.109407 34.440361 -11.631003

v 8.797350 32.021400 -2.265139

v 8.782280 32.019199 -2.265139

v 8.119830 36.654301 -2.265138

v 8.797350 32.021400 1.460901

v 8.797350 32.021400 -2.265139

v 8.134900 36.656498 -2.265138

v 8.119830 36.654301 -2.265138

v 8.782280 32.019199 -2.265139

v 8.782280 32.019199 1.460901

v 8.782280 32.019199 1.460901

v 8.797350 32.021400 1.460901

v 8.134900 36.656498 1.460892

v 8.134900 36.656498 -2.265138

v 12.996501 4.420720 14.130500

v 7.422850 44.917801 9.207332

v 7.422840 44.917801 10.279101

v 7.929901 53.748165 -10.200487

v 7.335612 53.833225 -9.849767

v 7.335612 53.833225 -9.849767

v 7.573408 53.328434 -10.325351

v 6.720317 53.705856 -11.171340

v 6.963844 53.529018 -11.158446

v 6.771608 53.752148 -11.727315

v 8.134900 36.656498 1.460892

v 8.119830 36.654301 1.460892

v 8.119830 36.654301 1.460892

v 8.134900 36.656498 -2.265138

v 8.119830 36.654301 -2.265138

v 8.119830 36.654301 1.460892

v 8.134900 36.656498 1.460892

v 6.543030 44.917698 -10.923598

v 6.771608 53.752148 -11.727315

v -7.265976 45.822586 -11.746454

v -7.487396 45.951981 -11.130875

v 6.963844 53.529018 -11.158446

v -7.487396 45.951981 -11.130875

v -7.265976 45.822586 -11.746454

v -7.487396 45.951981 -11.130875

v -7.015069 45.514431 -11.340514

v 6.963844 53.529018 -11.158446

v -7.015069 45.514431 -11.340514

v -7.487396 45.951981 -11.130875

v 6.963844 53.529018 -11.158446

v 12.996501 4.420720 15.451699

v 12.996501 4.420720 14.130500

v 27.662651 -95.751068 -28.082569

v 6.543030 44.917698 -10.923598

v 7.309960 44.917801 -10.970398

v 7.590162 53.956131 -10.890774

v 7.422840 44.917801 -10.011498

v 7.422840 44.917801 -11.083198

v 7.590162 53.956131 -10.890774

v 7.309960 44.917801 -10.970398

v 7.263180 44.917801 -10.011498

v 7.123395 54.041355 -9.969000

v 7.123395 54.041355 -9.969000

v 7.263180 44.917801 -10.011498

v 7.123395 54.041355 -9.969000

v 7.590162 53.956131 -10.890774

v 6.483891 54.019627 -11.185001

v 7.590162 53.956131 -10.890774

v 7.422840 44.917801 -11.083198

v 7.422840 44.917801 -10.011498

v 6.771608 53.752148 -11.727315

v 6.720317 53.705856 -11.171340

v 6.720317 53.705856 -11.171340

v 12.241657 4.422176 -15.945202

v 12.076310 4.734949 -15.202951

v -0.552682 4.480493 -15.525076

v -0.316098 4.005709 -16.133936

v 12.241657 4.422176 -15.945202

v -0.414065 4.846820 -16.293741

v 12.209279 4.762125 -15.899161

v 12.241657 4.422176 -15.945202

v 12.076310 4.734949 -15.202951

v 12.209279 4.762125 -15.899161

v -0.414065 4.846820 -16.293741

v 6.543030 44.917801 -11.083198

v 7.422840 44.917801 -11.083198

v 12.996501 4.420721 -16.255899

v 12.996501 4.420721 -16.255899

v -24.702034 -67.483932 -0.268506

v -24.707500 -67.515999 -0.524172

v -29.085201 -95.820305 -26.763706

v -29.085201 -95.820305 -26.763706

v -24.707500 -67.515999 -0.524172

v -23.764700 -67.637199 -0.524610

v 11.912001 4.420721 -16.255899

v 12.076310 4.734949 -15.202951

v 12.241657 4.422176 -15.945202

v 12.209279 4.762125 -15.899161

v -0.552682 4.480493 -15.525076

v -0.414065 4.846820 -16.293741

v 6.731841 45.290874 -11.051136

v 6.998043 45.393494 -10.428704

v -7.060517 53.313377 -10.450170

v -6.855104 53.529419 -11.014885

v 7.213162 45.723194 -10.838698

v 6.731841 45.290874 -11.051136

v -6.855104 53.529419 -11.014885

v 6.731841 45.290874 -11.051136

v 7.213162 45.723194 -10.838698

v -6.855104 53.529419 -11.014885

v -7.060517 53.313377 -10.450170

v 6.998043 45.393494 -10.428704

v -7.141970 53.382095 -11.008475

v -7.141970 53.382095 -11.008475

v -7.060517 53.313377 -10.450170

v -6.855104 53.529419 -11.014885

v -7.141970 53.382095 -11.008475

v 6.543030 44.917698 -10.923598

v 6.543030 44.917801 -11.083198

v 11.912001 4.420721 -16.255899

v 12.499391 -29.134312 -20.206488

v 17.179743 -29.295462 -20.325941

v 16.957586 -28.903034 -20.526489

v 12.499391 -29.134312 -20.206488

v 16.957586 -28.903034 -20.526489

v 17.179743 -29.295462 -20.325941

v 25.480700 -95.729294 -28.218803

v 11.912001 4.420721 -16.255899

v 12.996501 4.420721 -16.255899

v 25.430513 -95.835289 -28.025740

v 11.912001 4.420691 -16.059101

v 11.912001 4.420721 -16.255899

v -0.414065 4.846820 -16.293741

v -0.316098 4.005709 -16.133936

v 27.798700 -95.729294 -28.218803

v 12.996501 4.420721 -16.255899

v 12.996501 4.420721 -14.934701

v 27.798700 -95.729294 -25.900705

v 12.996501 4.420721 -14.934701

v 12.799700 4.420721 -14.934701

v -23.764700 -67.637199 -0.524610

v -23.677000 -67.066505 -1.277763

v -28.054699 -95.370796 -27.517305

v -27.859793 -95.452919 -26.056175

v -23.577999 -67.764000 -0.391666

v -24.702034 -67.483932 -0.268506

v 6.483891 54.019627 -11.185001

v 6.483891 54.019627 -11.185001

v 6.543030 44.917801 -11.083198

v -23.449999 -66.925652 -1.122418

v -23.577999 -67.764000 -0.391666

v -28.054699 -95.370796 -27.517305

v -23.677000 -67.066505 -1.277763

v -23.449999 -66.925652 -1.122418

v -27.859793 -95.452919 -26.056175

v -27.852499 -95.396797 -27.517403

v -28.142399 -95.941505 -26.764105

v -27.852499 -95.396797 -27.517403

v -29.087641 -95.838089 -26.552839

v -29.087641 -95.838089 -26.552839

v -28.142399 -95.941505 -26.764105

v -27.175753 -88.983978 -25.842386

v -26.806503 -89.005440 -25.655771

v -27.143904 -89.056931 -20.964867

v -26.806503 -89.005440 -25.655771

v -27.175753 -88.983978 -25.842386

v -27.143904 -89.056931 -20.964867

v -27.859793 -95.452919 -26.056175

v -29.087641 -95.838089 -26.552839

v -28.142399 -95.941505 -26.764105

v -29.085201 -95.820305 -26.763706

v -24.209494 -74.609314 -7.829865

v -24.715775 -74.472069 -7.560124

v 6.543030 44.917801 -11.083198

v 6.543030 44.917698 -10.923598

v -27.852499 -95.396797 -27.517403

v -28.054699 -95.370796 -27.517305

v -24.715775 -74.472069 -7.560124

v -24.209494 -74.609314 -7.829865

v -23.152908 -67.845955 -11.638960

v -12.581260 4.732814 -15.203977

v 0.045976 4.484406 -15.532159

v 0.261838 4.849337 -16.294754

v -12.474283 4.424757 -15.962541

v 0.261838 4.849337 -16.294754

v 0.045976 4.484406 -15.532159

v -0.075092 4.013704 -16.138540

v 0.261838 4.849337 -16.294754

v -12.474283 4.424757 -15.962541

v 0.261838 4.849337 -16.294754

v -0.075092 4.013704 -16.138540

v -12.474283 4.424757 -15.962541

v -12.533092 4.767612 -15.901361

v -12.533092 4.767612 -15.901361

v -12.581260 4.732814 -15.203977

v 6.731841 45.290874 -11.051136

v -12.533092 4.767612 -15.901361

v -12.474283 4.424757 -15.962541

v -12.581260 4.732814 -15.203977

v -23.152908 -67.845955 -11.638960

v 27.798700 -95.729294 -25.900705

v 27.576275 -95.603317 -25.823580

v 27.798700 -95.729294 -28.218803

v 25.480700 -95.729294 -28.218803

v 27.798700 -95.729294 -28.218803

v 27.798700 -95.729294 -25.900705

v 27.576275 -95.603317 -25.823580

v 27.662651 -95.751068 -28.082569

v 25.480700 -95.729294 -28.218803

v 27.798700 -95.729294 -28.218803

v 27.662651 -95.751068 -28.082569

v 25.430513 -95.835289 -28.025740

v -24.702034 -67.483932 -0.268506

v -23.764700 -67.637199 -0.524610

v -24.707500 -67.515999 -0.524172

v -23.577999 -67.764000 -0.391666

v -23.449999 -66.925652 -1.122418

v -23.677000 -67.066505 -1.277763

v 10.493475 20.470886 -0.431832

v 10.514950 20.081697 -7.990598

v 10.493475 20.470886 -0.431832

v 11.050018 20.445375 -7.957743

v -0.242809 4.855191 15.774248

v 12.488235 4.767754 15.383086

v 12.708808 4.726239 14.674559

v 12.626788 4.424923 15.427025

v 12.488235 4.767754 15.383086

v -0.242809 4.855191 15.774248

v 12.626788 4.424923 15.427025

v -0.005238 4.014608 15.622692

v 0.122391 4.484888 14.998477

v 12.708808 4.726239 14.674559

v 12.626788 4.424923 15.427025

v 0.122391 4.484888 14.998477

v -0.242809 4.855191 15.774248

v -0.242809 4.855191 15.774248

v 10.493475 20.470886 -0.431832

v 10.633759 19.791431 6.877168

v 10.493475 20.470886 -0.431832

v 10.982689 20.201855 7.457191

v 10.982689 20.201855 7.457191

v 10.982689 20.201855 7.457191

v 10.633759 19.791431 6.877168

v 10.982689 20.201855 7.457191

v -0.005238 4.014608 15.622692

v 0.577501 4.888321 15.683568

v 12.643259 4.521443 14.104925

v 12.697930 4.755076 15.049036

v 0.577501 4.888321 15.683568

v 0.304904 4.475063 15.007112

v -12.298784 4.735593 14.694109

v 12.561400 4.900320 14.804999

v -12.265100 4.620999 15.325600

v 0.577501 4.888321 15.683568

v 0.278059 4.118610 15.711201

v 0.304904 4.475063 15.007112

v 0.577501 4.888321 15.683568

v -12.265100 4.620999 15.325600

v 12.488235 4.767754 15.383086

v 12.626788 4.424923 15.427025

v 12.708808 4.726239 14.674559

v 12.056900 4.889170 14.861600

v 12.561400 4.900320 14.804999

v 12.697930 4.755076 15.049036

v 8.719008 34.404457 0.177241

v 8.106490 34.802601 0.028342

v 12.068399 4.994810 14.988799

v -12.298784 4.735593 14.694109

v 12.068399 4.994810 14.988799

v 8.106490 34.802601 0.028342

v 8.097190 34.716900 -0.074793

v 8.097190 34.716900 -0.074793

v 8.719008 34.404457 0.177241

v 12.561400 4.900320 14.804999

v 12.643259 4.521443 14.104925

v 8.352198 34.519371 -0.724954

v 8.719008 34.404457 0.177241

v 12.561400 4.900320 14.804999

v 8.719008 34.404457 0.177241

v 8.352198 34.519371 -0.724954

v 10.514950 20.081697 -7.990598

v 10.514950 20.081697 -7.990598

v 12.068399 4.994810 14.988799

v 8.106490 34.802601 -0.832497

v 8.097190 34.716900 -0.729364

v 8.617202 34.857182 -0.746121

v 8.719008 34.404457 0.177241

v 8.097190 34.716900 -0.074793

v 8.106490 34.802601 0.028342

v 12.679776 4.307167 -15.037211

v 12.617349 5.274935 -15.618382

v 8.617202 34.857182 -0.746121

v 8.617202 34.857182 -0.746121

v 12.617349 5.274935 -15.618382

v 12.068399 4.994811 -15.793000

v 8.097190 34.716900 -0.729364

v 12.056900 4.889171 -15.665901

v 12.561400 4.900321 -15.609200

v 12.068399 4.994811 -15.793000

v 12.056900 4.889171 -15.665901

v 8.097190 34.716900 -0.729364

v 12.561400 4.900321 -15.609200

v 12.679776 4.307167 -15.037211

v 8.525203 34.129192 -0.295916

v 12.679776 4.307167 -15.037211

v 12.561400 4.900321 -15.609200

v 12.617349 5.274935 -15.618382

v 12.617349 5.274935 -15.618382

v 12.561400 4.900321 -15.609200

v 12.056900 4.889171 -15.665901

v 12.068399 4.994811 -15.793000

v 11.912001 4.420691 -16.059101

v 10.514950 20.081697 -7.990598

v 11.050018 20.445375 -7.957743

v 8.106490 34.802601 -0.832497

v 8.106490 34.802601 -0.832497

v 8.617202 34.857182 -0.746121

v 8.617202 34.857182 -0.746121

v 8.525203 34.129192 -0.295916

v 12.056900 4.889170 14.861600

v 12.056900 4.889170 14.861600

v 12.643259 4.521443 14.104925

v 12.697930 4.755076 15.049036

v 12.697930 4.755076 15.049036

v -6.261302 20.059021 13.497997

v 0.161428 20.499798 13.383781

v 6.531686 20.167992 14.062919

v -6.306833 20.444454 13.959314

v -6.261302 20.059021 13.497997

v 0.161428 20.499798 13.383781

v -6.261302 20.059021 13.497997

v -6.306833 20.444454 13.959314

v -6.261302 20.059021 13.497997

v 0.161428 20.499798 13.383781

v 0.161428 20.499798 13.383781

v 6.531686 20.167992 14.062919

v -11.953900 4.335109 15.445500

v -0.189814 34.126266 11.462897

v -0.233750 34.042801 11.557702

v -0.842870 34.344307 11.352435

v -0.189814 34.126266 11.462897

v -12.722503 4.704313 15.297050

v -0.233750 34.042801 11.557702

v -0.720809 34.355900 11.449102

v -12.565701 4.735370 15.412299

v -12.870378 4.867107 16.030165

v -0.655349 34.517620 11.996474

v -0.842870 34.344307 11.352435

v -12.565701 4.735370 15.412299

v -0.720809 34.355900 11.449102

v -0.655349 34.517620 11.996474

v 6.525557 20.074957 13.497774

v 6.525557 20.074957 13.497774

v 6.525557 20.074957 13.497774

v 6.525557 20.074957 13.497774

v 11.845513 4.390391 15.371443

v 0.099382 34.210083 11.625244

v 0.698982 34.641384 11.236894

v 12.529699 4.735370 15.412299

v 0.698982 34.641384 11.236894

v 0.099382 34.210083 11.625244

v 0.614012 34.486759 11.973291

v 0.698982 34.641384 11.236894

v 12.529699 4.735370 15.412299

v 0.698982 34.641384 11.236894

v 0.614012 34.486759 11.973291

v 12.793371 4.992982 16.004057

v -1.951940 32.014900 11.537001

v -1.951940 32.018200 11.557801

v -1.951940 36.644798 10.838702

v -0.720809 34.355900 11.449102

v -0.842870 34.344307 11.352435

v -0.655349 34.517620 11.996474

v -1.951940 36.641602 10.817903

v -1.951940 32.018200 11.557801

v -1.951940 32.014900 11.537001

v 1.774090 32.014900 11.537001

v 1.774090 32.018200 11.557801

v 1.774090 32.014900 11.537001

v -1.951940 32.014900 11.537001

v -1.951940 36.641602 10.817903

v -1.951940 36.644798 10.838702

v -1.951940 32.018200 11.557801

v 1.774090 32.018200 11.557801

v 1.774090 32.018200 11.557801

v 1.774090 32.014900 11.537001

v 1.774090 36.641602 10.817903

v -0.720809 34.355900 11.449102

v -0.233750 34.042801 11.557702

v -0.189814 34.126266 11.462897

v -0.842870 34.344307 11.352435

v -0.720809 34.355900 11.449102

v -0.189814 34.126266 11.462897

v 1.774090 36.641602 10.817903

v 1.774090 36.644798 10.838702

v 12.614341 4.888712 15.271278

v -0.088902 34.633434 11.783128

v 0.117044 34.557793 11.276355

v 0.117044 34.557793 11.276355

v -0.088902 34.633434 11.783128

v 1.774090 36.644798 10.838702

v 8.402006 34.603699 11.381545

v 8.402006 34.603699 11.381545

v -0.033121 34.463089 11.079955

v -0.695844 34.495491 11.143525

v -6.627346 44.115196 10.353902

v -0.695844 34.495491 11.143525

v -0.033121 34.463089 11.079955

v -6.627346 44.115196 10.353902

v -6.627346 44.115196 10.353902

v -0.033121 34.463089 11.079955

v -0.242522 34.571182 11.643775

v -6.429290 44.409855 10.879913

v -0.242522 34.571182 11.643775

v -0.033121 34.463089 11.079955

v -6.481981 44.307476 10.320002

v -6.627346 44.115196 10.353902

v -6.429290 44.409855 10.879913

v -6.481981 44.307476 10.320002

v -6.429290 44.409855 10.879913

v -6.481981 44.307476 10.320002

v -1.951940 36.641602 10.817903

v -1.951940 36.644798 10.838702

v 1.774090 36.644798 10.838702

v 1.774090 36.641602 10.817903

v 6.828485 44.349812 10.348717

v 0.775638 34.560410 11.278541

v 0.154798 34.808903 10.969632

v 6.828485 44.349812 10.348717

v 0.154798 34.808903 10.969632

v 0.775638 34.560410 11.278541

v 0.201380 34.607910 11.679968

v 0.154798 34.808903 10.969632

v 6.828485 44.349812 10.348717

v 0.154798 34.808903 10.969632

v 0.201380 34.607910 11.679968

v 6.395833 44.427567 10.877947

v 6.555263 44.466255 10.305830

v 6.395833 44.427567 10.877947

v 12.614341 4.888712 15.271278

v 12.793371 4.992982 16.004057

v 6.555263 44.466255 10.305830

v 6.395833 44.427567 10.877947

v 6.828485 44.349812 10.348717

v 6.555263 44.466255 10.305830

v -12.722503 4.704313 15.297050

v -12.565701 4.735370 15.412299

v -12.870378 4.867107 16.030165

v -12.418523 3.929901 15.587621

v -12.053092 4.755795 15.410852

v -11.965301 4.349450 15.546200

v -12.565701 4.735370 15.412299

v -12.722503 4.704313 15.297050

v 12.529699 4.735370 15.412299

v -12.265100 4.620999 15.325600

v -12.298784 4.735593 14.694109

v -12.265100 4.620999 15.325600

v -12.053092 4.755795 15.410852

v -11.953900 4.335109 15.445500

v -12.418523 3.929901 15.587621

v 0.278059 4.118610 15.711201

v -12.418523 3.929901 15.587621

v 0.309190 4.126961 15.813256

v -12.053092 4.755795 15.410852

v -12.418523 3.929901 15.587621

v -12.053092 4.755795 15.410852

v 12.614341 4.888712 15.271278

v 12.529699 4.735370 15.412299

v 11.845513 4.390391 15.371443

v 0.309190 4.126961 15.813256

v 0.577501 4.888321 15.683568

v 0.309190 4.126961 15.813256

v 12.793371 4.992982 16.004057

v 12.614341 4.888712 15.271278

v 11.845513 4.390391 15.371443

v 0.278059 4.118610 15.711201

v -11.965301 4.349450 15.546200

v -11.965301 4.349450 15.546200

v -11.953900 4.335109 15.445500

v -12.870378 4.867107 16.030165

v -12.722503 4.704313 15.297050

v -7.296975 53.261608 -11.215896

v 0.213407 45.198460 -31.549469

v -0.151917 44.826149 -31.359047

v -0.444059 45.218197 -31.626905

v 0.213407 45.198460 -31.549469

v -7.296975 53.261608 -11.215896

v 0.213407 45.198460 -31.549469

v -0.444059 45.218197 -31.626905

v -7.764070 53.627155 -11.248444

v -7.491635 45.745304 9.319214

v -7.722838 45.683208 9.351731

v -7.407473 45.219398 9.106002

v -7.363412 52.990131 -10.770634

v 0.213407 45.198460 -31.549469

v -7.296975 53.261608 -11.215896

v -7.363412 52.990131 -10.770634

v -7.764070 53.627155 -11.248444

v -7.296975 53.261608 -11.215896

v -0.151917 44.826149 -31.359047

v -7.352610 44.917801 -10.970398

v -12.893300 4.420721 -16.116699

v -11.947900 4.420691 -16.059101

v -6.585690 44.917801 -11.083198

v -11.947900 4.420721 -16.255899

v -13.032400 4.420721 -16.255899

v -7.465500 44.917801 -11.083198

v -13.032400 4.420721 -16.255899

v -13.032400 4.420721 -14.934701

v -8.012982 53.582436 -10.329790

v -7.422356 53.869644 -10.462581

v -7.722838 45.683208 9.351731

v -7.422356 53.869644 -10.462581

v -8.012982 53.582436 -10.329790

v -7.722838 45.683208 9.351731

v -7.722838 45.683208 9.351731

v -7.422356 53.869644 -10.462581

v -7.628834 53.189293 -10.576622

v -7.407473 45.219398 9.106002

v -7.628834 53.189293 -10.576622

v -7.422356 53.869644 -10.462581

v -7.305840 44.917801 -10.011498

v -12.835600 4.420721 -14.934701

v -12.893300 4.420721 -16.116699

v -7.465510 44.917801 -10.011498

v -12.835600 4.420721 -14.934701

v -7.305840 44.917801 -10.011498

v -7.465510 44.917801 -10.011498

v -13.032400 4.420721 -14.934701

v -6.585690 44.917801 -10.923598

v -11.947900 4.420691 -16.059101

v -11.947900 4.420721 -16.255899

v -7.605900 54.655201 -11.321497

v -7.413886 54.689709 -7.361277

v -6.830750 54.655201 -7.286798

v -6.830750 53.947403 -11.321498

v -6.830750 53.947403 -7.286798

v -7.353032 53.977528 -7.309002

v -7.605900 53.947403 -11.321498

v -7.353032 53.977528 -7.309002

v -7.413886 54.689709 -7.361277

v -6.830750 54.655201 -11.321497

v -7.605900 54.655201 -11.321497

v -6.830750 53.947403 -11.321498

v -7.605900 53.947403 -11.321498

v -7.605900 53.947403 -11.321498

v -7.605900 54.655201 -11.321497

v -6.830750 54.655201 -11.321497

v -7.407473 45.219398 9.106002

v -7.491635 45.745304 9.319214

v -7.491635 45.745304 9.319214

v -6.830750 53.947403 -11.321498

v -7.384741 53.213394 9.546344

v -7.635460 53.191837 9.510307

v -7.332178 45.110931 -10.136169

v -7.332178 45.110931 -10.136169

v -7.635460 53.191837 9.510307

v -7.661824 53.708996 9.300676

v -7.384741 53.213394 9.546344

v -6.709526 45.297432 -10.153907

v -7.080820 45.696362 -10.395590

v -7.661824 53.708996 9.300676

v -7.384741 53.213394 9.546344

v -7.305840 44.917801 -10.011498

v -7.166018 54.025475 -9.969419

v -6.585690 44.917801 -11.083198

v -6.526453 53.983875 -11.185868

v -7.465510 44.917801 -10.011498

v -7.166018 54.025475 -9.969419

v -7.630370 54.016773 -10.891897

v -7.352610 44.917801 -10.970398

v -7.630370 54.016773 -10.891897

v -7.166018 54.025475 -9.969419

v -6.585690 44.917801 -10.923598

v -6.526453 53.983875 -11.185868

v -7.630370 54.016773 -10.891897

v -7.465500 44.917801 -11.083198

v -7.630370 54.016773 -10.891897

v -6.526453 53.983875 -11.185868

v -7.332178 45.110931 -10.136169

v -13.032400 4.420721 -14.934701

v -13.032400 4.420721 -16.255899

v -27.834600 -95.729294 -28.218803

v -27.709520 -95.816788 -28.088827

v -12.893300 4.420721 -16.116699

v -12.835600 4.420721 -14.934701

v -13.032400 4.420721 -16.255899

v -11.947900 4.420721 -16.255899

v -25.516600 -95.729294 -28.218803

v -25.439774 -95.643013 -28.002644

v -11.947900 4.420691 -16.059101

v -12.893300 4.420721 -16.116699

v -11.947900 4.420721 -16.255899

v -11.947900 4.420691 -16.059101

v -25.439774 -95.643013 -28.002644

v -12.473499 -29.105946 -20.221283

v -16.984694 -29.335329 -20.278122

v -17.137733 -28.964668 -20.526033

v -6.709526 45.297432 -10.153907

v -12.473499 -29.105946 -20.221283

v -17.137733 -28.964668 -20.526033

v -16.984694 -29.335329 -20.278122

v -12.835600 4.420721 -14.934701

v -13.032400 4.420721 -14.934701

v -27.834600 -95.729294 -25.900705

v -7.332178 45.110931 -10.136169

v -7.080820 45.696362 -10.395590

v -25.516600 -95.729294 -28.218803

v -7.465510 44.917801 -10.011498

v -6.585690 44.917801 -10.923598

v -7.305840 44.917801 -10.011498

v -7.465500 44.917801 -11.083198

v -6.585690 44.917801 -11.083198

v -7.352610 44.917801 -10.970398

v 6.727620 53.655933 10.278555

v -7.012706 45.590443 10.274954

v -7.469477 45.978115 10.274366

v 6.727620 53.655933 10.278555

v -7.469477 45.978115 10.274366

v -7.012706 45.590443 10.274954

v -7.635460 53.191837 9.510307

v -7.384741 53.213394 9.546344

v -7.661824 53.708996 9.300676

v -7.465500 44.917801 -11.083198

v -6.585690 44.917801 -10.923598

v -6.585690 44.917801 -11.083198

v 7.067157 53.351452 10.274801

v -7.352610 44.917801 -10.970398

v 7.067157 53.351452 10.274801

v -27.646626 -95.831993 -25.849232

v -27.834600 -95.729294 -25.900705

v -27.646626 -95.831993 -25.849232

v -27.834600 -95.729294 -28.218803

v -27.709520 -95.816788 -28.088827

v -27.646626 -95.831993 -25.849232

v -27.834600 -95.729294 -25.900705

v -27.834600 -95.729294 -28.218803

v -25.516600 -95.729294 -28.218803

v -25.439774 -95.643013 -28.002644

v -27.709520 -95.816788 -28.088827

v -27.709520 -95.816788 -28.088827

v -27.834600 -95.729294 -28.218803

v -13.032400 4.420720 15.451699

v -11.947900 4.420720 15.451699

v -6.585690 44.917801 10.279101

v -8.874200 32.008999 -2.265139

v -8.859090 32.007103 -2.265139

v -8.859090 32.007103 1.460901

v -8.859090 32.007103 -2.265139

v -8.874200 32.008999 -2.265139

v -8.310830 36.657200 -2.265138

v -8.310830 36.657200 -2.265138

v -8.874200 32.008999 -2.265139

v -8.874200 32.008999 1.460901

v 6.744461 53.740864 10.805600

v 6.727620 53.655933 10.278555

v -7.469477 45.978115 10.274366

v -6.774603 44.716923 -10.058530

v -7.151429 44.449978 -10.187877

v -8.712535 34.675804 -0.349942

v -7.151429 44.449978 -10.187877

v -6.774603 44.716923 -10.058530

v -8.003160 34.349236 -0.404804

v -8.712535 34.675804 -0.349942

v -7.151429 44.449978 -10.187877

v -7.429457 44.119259 -10.420121

v -8.497477 33.914200 -0.664493

v -7.429457 44.119259 -10.420121

v -7.151429 44.449978 -10.187877

v -8.859090 32.007103 1.460901

v -8.859090 32.007103 -2.265139

v -8.295710 36.655300 -2.265138

v -8.874200 32.008999 1.460901

v -8.874200 32.008999 1.460901

v -8.859090 32.007103 1.460901

v -8.295710 36.655300 1.460892

v -8.295710 36.655300 -2.265138

v -8.310830 36.657200 -2.265138

v -8.310830 36.657200 1.460892

v -8.295710 36.655300 1.460892

v -7.133228 44.748444 9.664440

v -8.712535 34.675804 -0.349942

v -8.013421 34.286602 -0.425036

v -8.470904 34.237827 0.150706

v -8.712535 34.675804 -0.349942

v -7.133228 44.748444 9.664440

v -8.712535 34.675804 -0.349942

v -8.470904 34.237827 0.150706

v -7.389143 44.450031 9.941978

v -6.790061 44.684120 9.207558

v -8.013421 34.286602 -0.425036

v -8.712535 34.675804 -0.349942

v -6.830750 45.451302 -0.416757

v -6.830750 44.743500 -0.416757

v -7.422957 45.081821 -0.477079

v -6.790061 44.684120 9.207558

v -7.133228 44.748444 9.664440

v -7.348550 44.766747 6.529974

v -7.422957 45.081821 -0.477079

v -6.830750 44.743500 -0.416757

v -7.422957 45.081821 -0.477079

v -7.348550 44.766747 6.529974

v -6.830750 44.743500 -0.416757

v -6.830750 45.451302 -0.416757

v -6.830750 45.451302 6.482652

v -6.830750 44.743500 6.482652

v -7.418942 45.473511 6.474165

v -6.830750 44.743500 6.482652

v -8.295710 36.655300 -2.265138

v -7.465500 44.917801 10.279101

v -8.003160 34.349236 -0.404804

v -6.585690 44.917698 10.119402

v -6.585690 44.917801 10.279101

v -11.947900 4.420720 15.451699

v -6.526637 53.987385 10.381811

v -6.585690 44.917801 10.279101

v -7.632971 53.964058 10.087002

v -6.526637 53.987385 10.381811

v -6.585690 44.917698 10.119402

v -6.526637 53.987385 10.381811

v -7.632971 53.964058 10.087002

v -7.465500 44.917801 10.279101

v -7.166963 54.058655 9.164471

v -7.632971 53.964058 10.087002

v -7.352600 44.917801 10.166203

v -7.632971 53.964058 10.087002

v -7.166963 54.058655 9.164471

v -7.465500 44.917801 9.207332

v -7.166963 54.058655 9.164471

v -7.305840 44.917801 9.207332

v -7.280970 45.803875 10.815769

v -7.280970 45.803875 10.815769

v -7.469477 45.978115 10.274366

v 6.727620 53.655933 10.278555

v -8.604668 34.384735 11.345130

v 0.236431 33.955128 11.382507

v -8.604668 34.384735 11.345130

v 0.236431 33.955128 11.382507

v -6.585690 44.917698 10.119402

v -6.585690 44.917801 10.279101

v -7.352600 44.917801 10.166203

v -7.465500 44.917801 10.279101

v -0.072293 34.732300 11.413439

v -0.072293 34.732300 11.413439

v -7.305840 44.917801 9.207332

v -7.465500 44.917801 9.207332

v -0.818737 45.451302 29.350101

v -0.021327 45.451302 29.350101

v -6.830750 45.451199 10.517302

v -7.389143 44.450031 9.941978

v -7.133228 44.748444 9.664440

v -7.384709 42.289967 8.047339

v -7.324220 42.701199 9.953901

v -7.337480 42.703499 9.953912

v -6.982900 44.801899 6.339502

v -6.969470 44.801102 6.339491

v -7.384709 42.289967 8.047339

v -7.324220 42.701199 9.953901

v -7.384709 42.289967 8.047339

v -6.969470 44.801102 6.339491

v -6.982900 44.801899 6.339502

v -7.384709 42.289967 8.047339

v -7.337480 42.703499 9.953912

v -6.969501 44.753399 9.517802

v -6.969440 46.987198 9.479792

v -6.982900 46.987198 9.479792

v -6.982900 44.754601 9.517812

v -6.982900 44.754601 9.517812

v -7.348550 44.766747 6.529974

v -6.830750 44.743500 6.482652

v -6.830750 44.743500 10.517302

v -7.418942 45.473511 6.474165

v -7.348550 44.766747 6.529974

v -7.605900 44.743500 10.517302

v -6.830750 45.451199 10.517302

v -7.337480 42.703499 9.953912

v -7.324220 42.701199 9.953901

v -6.969501 44.753399 9.517802

v -6.969501 44.753399 9.517802

v -6.982900 44.754601 9.517812

v -7.418942 45.473511 6.474165

v -6.830750 45.451302 6.482652

v -6.830750 45.451302 -0.416757

v -7.422957 45.081821 -0.477079

v -7.605900 44.743500 10.517302

v -8.310830 36.657200 1.460892

v -8.295710 36.655300 1.460892

v -8.310830 36.657200 1.460892

v -7.605900 45.451302 10.517302

v -6.830750 44.743500 10.517302

v -7.605900 45.451302 10.517302

v 6.744461 53.740864 10.805600

v -0.021327 44.743500 29.350101

v -7.605900 45.451302 10.517302

v -7.605900 44.743500 10.517302

v -0.487119 44.788498 30.363899

v -6.830750 44.743500 10.517302

v -6.830750 45.451199 10.517302

v -0.021327 45.451302 29.350101

v -0.487119 44.788498 30.363899

v -0.818737 45.451302 29.350101

v -0.021327 44.743500 29.350101

v -6.969470 44.801102 6.339491

v -6.982900 44.801899 6.339502

v -6.982900 46.987198 6.837592

v -6.969440 46.987198 6.837592

v -6.982900 46.987198 6.837592

v -6.982900 44.801899 6.339502

v -6.982900 44.754601 9.517812

v -6.969501 44.753399 9.517802

v -6.969470 44.801102 6.339491

v -6.969440 46.987198 6.837592

v -8.712535 34.675804 -0.349942

v -8.712535 34.675804 -0.349942

v -8.497477 33.914200 -0.664493

v -6.830750 45.451302 6.482652

v -7.418942 45.473511 6.474165

v -6.969440 46.987198 9.479792

v -6.982900 46.987198 9.479792

v -6.969440 46.987198 6.837592

v -6.982900 46.987198 6.837592

v -6.982900 46.987198 9.479792

v -6.969440 46.987198 9.479792

v -12.835600 4.420720 14.130500

v -13.032400 4.420720 14.130500

v -7.465500 44.917801 9.207332

v -12.893300 4.420720 15.312500

v -12.835600 4.420720 14.130500

v -7.305840 44.917801 9.207332

v -13.032400 4.420720 14.130500

v -13.032400 4.420720 15.451699

v -7.465500 44.917801 10.279101

v -11.947900 4.420690 15.254800

v -12.893300 4.420720 15.312500

v -7.352600 44.917801 10.166203

v -11.947900 4.420690 15.254800

v -7.305840 44.917801 9.207332

v -8.776727 34.552238 10.688089

v -8.654249 34.181404 -0.306387

v -8.776727 34.552238 10.688089

v -8.550505 34.654743 -0.431126

v -8.121989 34.718834 10.873259

v -8.776727 34.552238 10.688089

v -8.776727 34.552238 10.688089

v -8.121989 34.718834 10.873259

v -7.465500 44.917801 9.207332

v -7.352600 44.917801 10.166203

v -6.585690 44.917698 10.119402

v -25.462852 -95.808380 27.218361

v -11.947900 4.420690 15.254800

v -11.947900 4.420720 15.451699

v -25.516600 -95.729294 27.414595

v -11.947900 4.420720 15.451699

v -13.032400 4.420720 15.451699

v -12.893300 4.420720 15.312500

v -11.947900 4.420690 15.254800

v -25.462852 -95.808380 27.218361

v -12.835600 4.420720 14.130500

v -12.893300 4.420720 15.312500

v -27.695400 -95.729294 27.275496

v -27.830801 -95.698975 27.410070

v -13.032400 4.420720 15.451699

v -13.032400 4.420720 14.130500

v -27.834600 -95.729294 25.096497

v -13.032400 4.420720 14.130500

v -12.835600 4.420720 14.130500

v -8.149130 34.802601 0.028342

v -8.139830 34.716900 -0.074793

v -8.645001 34.985767 -0.120941

v -8.654249 34.181404 -0.306387

v -8.550505 34.654743 -0.431126

v -8.550505 34.654743 -0.431126

v -8.550505 34.654743 -0.431126

v -8.777082 34.551708 -11.528487

v -8.777082 34.551708 -11.528487

v -8.777082 34.551708 -11.528487

v -8.121657 34.718330 -11.695325

v -8.121657 34.718330 -11.695325

v -8.777082 34.551708 -11.528487

v -25.516600 -95.729294 27.414595

v 0.020087 34.632675 -12.587404

v 0.058526 34.663197 -11.914942

v -8.464687 34.570221 -12.333973

v 0.058526 34.663197 -11.914942

v 0.020087 34.632675 -12.587404

v -8.464687 34.570221 -12.333973

v -27.830801 -95.698975 27.410070

v -27.695400 -95.729294 27.275496

v -27.834600 -95.729294 25.096497

v -27.608364 -95.577980 25.016144

v -27.608364 -95.577980 25.016144

v -12.640084 5.380534 14.761039

v -12.701735 4.415095 14.180501

v -12.597301 4.900320 14.804999

v -12.640084 5.380534 14.761039

v -12.597301 4.900320 14.804999

v -12.092800 4.889170 14.861600

v -12.104300 4.994810 14.988799

v -12.597301 4.900320 14.804999

v -12.701735 4.415095 14.180501

v -8.550014 34.262791 -0.572588

v -12.114410 14.278765 13.440491

v -11.978814 14.433991 9.500770

v -11.519223 13.992229 9.976797

v -12.114410 14.278765 13.440491

v -11.519223 13.992229 9.976797

v -11.978814 14.433991 9.500770

v -12.701735 4.415095 14.180501

v -12.640084 5.380534 14.761039

v -8.645001 34.985767 -0.120941

v -8.139830 34.716900 -0.074793

v -12.092800 4.889170 14.861600

v -12.597301 4.900320 14.804999

v -8.645001 34.985767 -0.120941

v -12.640084 5.380534 14.761039

v -12.104300 4.994810 14.988799

v -12.104300 4.994810 14.988799

v -12.092800 4.889170 14.861600

v -8.139830 34.716900 -0.074793

v -27.830801 -95.698975 27.410070

v -25.462852 -95.808380 27.218361

v -25.516600 -95.729294 27.414595

v -25.462852 -95.808380 27.218361

v -27.830801 -95.698975 27.410070

v -11.162032 20.262972 6.963542

v -11.144382 20.448315 -7.960596

v -10.621620 20.012363 -7.912828

v -10.621620 20.012363 -7.912828

v -10.625531 20.476692 -0.373191

v -10.621620 20.012363 -7.912828

v -11.144382 20.448315 -7.960596

v -10.625531 20.476692 -0.373191

v -10.621620 20.012363 -7.912828

v -10.625531 20.476692 -0.373191

v -10.625531 20.476692 -0.373191

v -10.681011 20.120550 7.180648

v -11.162032 20.262972 6.963542

v -8.149130 34.802601 0.028342

v -8.149130 34.802601 0.028342

v -8.645001 34.985767 -0.120941

v -8.645001 34.985767 -0.120941

v -8.550014 34.262791 -0.572588

v -10.681011 20.120550 7.180648

v -27.830801 -95.698975 27.410070

v -27.834600 -95.729294 25.096497

v -27.608364 -95.577980 25.016144

v -27.608364 -95.577980 25.016144

v -27.695400 -95.729294 27.275496

v -27.830801 -95.698975 27.410070

v -27.695400 -95.729294 27.275496

v -10.681011 20.120550 7.180648

v -10.681011 20.120550 7.180648

v 7.338756 53.300030 9.413852

v 7.351045 53.831001 9.261257

v 7.082891 53.370495 9.590571

v 6.788090 44.743500 10.517302

v -0.021327 44.743500 29.350101

v -0.021327 45.451302 29.350101

v 7.084800 46.987198 9.479792

v 7.071340 46.987198 9.479792

v 7.071400 44.753399 9.517802

v 7.563240 44.743500 10.517302

v 0.713921 44.745903 29.530018

v -0.021327 44.743500 29.350101

v 7.084800 44.754601 9.517812

v 6.788090 45.451199 6.482652

v 7.071340 46.987198 9.479792

v 7.084800 46.987198 9.479792

v 7.084800 46.987198 6.837582

v 7.071340 46.987198 6.837582

v 7.084800 46.987198 6.837582

v 7.084800 46.987198 9.479792

v 7.084800 44.754601 9.517812

v 7.071400 44.753399 9.517802

v 7.071340 46.987198 9.479792

v 7.071340 46.987198 6.837582

v 7.381455 45.466671 6.411558

v 7.563240 44.743500 10.517302

v 6.788090 45.451199 10.517302

v 7.084800 44.801899 6.339502

v 6.788090 44.743500 10.517302

v 7.071370 44.801102 6.339491

v 7.381455 45.466671 6.411558

v 7.563240 45.451302 10.517302

v 7.563240 44.743500 10.517302

v 7.071340 46.987198 6.837582

v 7.084800 46.987198 6.837582

v 7.084800 44.801899 6.339502

v 6.788090 44.743500 6.482642

v 6.788090 44.743500 10.517302

v 6.788090 45.451199 10.517302

v 7.369876 45.079929 -0.573914

v 7.381455 45.466671 6.411558

v 7.298891 44.764160 6.442889

v 6.788090 44.743500 -0.416765

v 6.788090 45.451199 6.482652

v 7.298891 44.764160 6.442889

v 6.788090 44.743500 6.482642

v 6.788090 44.743500 -0.416765

v 6.788090 45.451302 -0.416765

v 7.369876 45.079929 -0.573914

v 6.718299 44.692020 9.229036

v 7.095527 44.422432 9.333325

v 8.649143 34.701015 -0.377640

v 8.649143 34.701015 -0.377640

v 7.095527 44.422432 9.333325

v 7.391352 44.125401 9.618327

v 7.095527 44.422432 9.333325

v 6.718299 44.692020 9.229036

v 7.964502 34.312553 -0.430320

v 7.373790 45.092697 -0.215305

v 6.788090 45.451199 -0.387391

v 6.788090 45.451302 -0.416765

v 7.369876 45.079929 -0.573914

v 6.788090 44.743500 -0.387393

v 6.788090 44.743500 -0.416765

v 7.373790 45.092697 -0.215305

v 7.308967 44.774086 -7.264083

v 6.788090 44.743500 -0.387393

v 6.788090 45.451199 -0.387391

v 7.308967 44.774086 -7.264083

v 7.373790 45.092697 -0.215305

v 6.788090 44.743500 -0.387393

v 7.095527 44.422432 9.333325

v 8.649143 34.701015 -0.377640

v 8.460537 33.930172 -0.147097

v 7.964502 34.312553 -0.430320

v 8.649143 34.701015 -0.377640

v 8.460537 33.930172 -0.147097

v 7.071370 44.801102 6.339491

v 7.298891 44.764160 6.442889

v 7.084800 44.754601 9.517812

v 7.071400 44.753399 9.517802

v 7.426110 42.701199 9.953901

v 7.439380 42.703499 9.953912

v 7.375197 45.477081 -7.269466

v 6.788090 44.743500 -7.286798

v 7.084800 44.801899 -7.215258

v 7.071370 44.801102 -7.215249

v 7.481843 42.317802 -8.875431

v 8.649143 34.701015 -0.377640

v 7.102533 44.428070 -10.156670

v 6.730012 44.699532 -10.040347

v 7.388383 44.126202 -10.414949

v 7.102533 44.428070 -10.156670

v 8.649143 34.701015 -0.377640

v 7.102533 44.428070 -10.156670

v 7.388383 44.126202 -10.414949

v 8.445804 33.911037 -0.660044

v 7.973020 34.309704 -0.359186

v 6.730012 44.699532 -10.040347

v 7.102533 44.428070 -10.156670

v 7.439380 42.703499 -10.829698

v 7.084800 44.754601 -10.393599

v 7.084800 44.801899 -7.215258

v 7.071370 44.801102 -7.215249

v 7.071400 44.753399 -10.393599

v 7.426110 42.701199 -10.829698

v 7.481843 42.317802 -8.875431

v 7.481843 42.317802 -8.875431

v 7.084800 44.754601 -10.393599

v 7.071400 44.753399 -10.393599

v 7.071340 46.987198 -10.355498

v 7.071400 44.753399 -10.393599

v 7.084800 44.754601 -10.393599

v 7.439380 42.703499 -10.829698

v 7.426110 42.701199 -10.829698

v 7.481843 42.317802 -8.875431

v 7.426110 42.701199 -10.829698

v 7.439380 42.703499 -10.829698

v 7.973020 34.309704 -0.359186

v 8.649143 34.701015 -0.377640

v 8.649143 34.701015 -0.377640

v 8.445804 33.911037 -0.660044

v 7.298891 44.764160 6.442889

v 6.788090 44.743500 6.482642

v 7.084800 44.801899 6.339502

v 7.084800 44.754601 9.517812

v 7.439380 42.703499 9.953912

v 7.426110 42.701199 9.953901

v 7.071400 44.753399 9.517802

v 7.071370 44.801102 6.339491

v 7.481850 42.318310 7.999487

v 7.084800 46.987198 -10.355498

v 7.481850 42.318310 7.999487

v 7.481850 42.318310 7.999487

v 7.071370 44.801102 6.339491

v 7.084800 44.801899 6.339502

v 7.071340 46.987198 -7.713338

v 7.071340 46.987198 -10.355498

v 7.071400 44.753399 -10.393599

v 7.084800 44.754601 -10.393599

v 7.084800 46.987198 -10.355498

v 7.084800 46.987198 -7.713338

v 7.071370 44.801102 -7.215249

v 7.084800 44.801899 -7.215258

v 7.084800 46.987198 -10.355498

v 7.071340 46.987198 -10.355498

v 7.071340 46.987198 -7.713338

v 7.084800 46.987198 -7.713338

v 7.071370 44.801102 -7.215249

v 7.084800 44.801899 -7.215258

v 7.084800 46.987198 -7.713338

v 7.071340 46.987198 -7.713338

v 7.375197 45.477081 -7.269466

v 6.788090 45.451199 -7.286798

v 6.788090 45.451199 -0.387391

v 7.373790 45.092697 -0.215305

v 7.381455 45.466671 6.411558

v 7.369876 45.079929 -0.573914

v 6.788090 45.451302 -0.416765

v 6.788090 45.451199 6.482652

v 7.481220 45.159748 -10.341119

v 7.338756 53.300030 9.413852

v 7.082891 53.370495 9.590571

v 7.351045 53.831001 9.261257

v 7.338756 53.300030 9.413852

v 7.481220 45.159748 -10.341119

v 6.850741 45.455788 -10.070777

v 7.082891 53.370495 9.590571

v 7.082891 53.370495 9.590571

v 7.351045 53.831001 9.261257

v 7.217945 45.814911 -10.416950

v 7.439380 42.703499 9.953912

v 7.426110 42.701199 9.953901

v 7.481850 42.318310 7.999487

v 7.391352 44.125401 9.618327

v 6.850741 45.455788 -10.070777

v 7.481220 45.159748 -10.341119

v 7.217945 45.814911 -10.416950

v 7.481220 45.159748 -10.341119

v 19.162800 -38.403400 18.669899

v 21.164101 -52.192497 0.784925

v 21.104923 -52.722076 1.321735

v 21.164101 -52.192497 0.784925

v 21.241909 -52.025761 0.734475

v 21.104923 -52.722076 1.321735

v 20.379257 -52.267715 0.950532

v 21.164101 -52.192497 0.784925

v 19.162800 -38.403400 18.669899

v 20.624546 -53.105839 20.924265

v 19.929811 -45.797497 10.301180

v 20.586992 -52.629547 21.063908

v 19.929811 -45.797497 10.301180

v 20.624546 -53.105839 20.924265

v 20.586992 -52.629547 21.063908

v 19.398960 -38.794693 19.203003

v 21.104923 -52.722076 1.321735

v 21.241909 -52.025761 0.734475

v 18.250916 -38.458145 20.610065

v 18.036606 -38.480450 21.423780

v 18.339100 -38.580399 20.706398

v 18.250916 -38.458145 20.610065

v 18.339100 -38.580399 20.706398

v 18.797916 -39.038097 20.569826

v 19.232847 -38.246498 18.606342

v 19.162800 -38.403400 18.669899

v 19.398960 -38.794693 19.203003

v 18.394114 -38.164501 18.720394

v 19.162800 -38.403400 18.669899

v 19.232847 -38.246498 18.606342

v 20.022406 -45.660576 19.855619

v 20.162270 -45.437840 9.784794

v 20.022406 -45.660576 19.855619

v 19.794470 -45.851353 9.694603

v 19.384724 -45.744049 20.784595

v 19.493645 -45.498817 21.345402

v 9.550777 -45.676113 21.263969

v 19.493645 -45.498817 21.345402

v 19.384724 -45.744049 20.784595

v 9.550777 -45.676113 21.263969

v 1.325078 -52.610886 22.444174

v 18.797916 -39.038097 20.569826

v 18.339100 -38.580399 20.706398

v 18.339100 -38.580399 20.706398

v 18.036606 -38.480450 21.423780

v 0.697374 -52.249073 23.040234

v 18.036606 -38.480450 21.423780

v 18.250916 -38.458145 20.610065

v 0.690276 -51.932533 22.057442

v 0.690276 -51.932533 22.057442

v 18.250916 -38.458145 20.610065

v 18.797916 -39.038097 20.569826

v 19.232847 -38.246498 18.606342

v 19.398960 -38.794693 19.203003

v 18.394114 -38.164501 18.720394

v 19.232847 -38.246498 18.606342

v 21.241909 -52.025761 0.734475

v 18.394114 -38.164501 18.720394

v 19.794470 -45.851353 9.694603

v 20.162270 -45.437840 9.784794

v -0.184046 -67.328491 -25.755114

v -0.163414 -67.279999 -24.852003

v -0.923728 -66.650101 -25.756502

v -0.184046 -67.328491 -25.755114

v 0.004058 -67.167068 -26.015085

v -7.517544 -74.096565 -26.304871

v -23.212034 -74.203400 -24.978189

v -7.517544 -74.096565 -26.304871

v -23.133980 -74.159721 -25.436657

v -0.184046 -67.328491 -25.755114

v -0.923728 -66.650101 -25.756502

v -26.677200 -95.513603 -28.223503

v -0.028675 -67.379700 -24.859903

v -0.163414 -67.279999 -24.852003

v -25.916901 -96.143600 -27.319002

v -25.916901 -96.143600 -27.319002

v -0.163414 -67.279999 -24.852003

v -0.184046 -67.328491 -25.755114

v -25.417717 -95.638306 -28.452816

v 0.004058 -67.167068 -26.015085

v -0.184046 -67.328491 -25.755114

v -0.923195 -66.635902 -25.960005

v 0.004058 -67.167068 -26.015085

v -25.417717 -95.638306 -28.452816

v -25.779701 -96.177399 -28.276403

v -0.184046 -67.328491 -25.755114

v -0.028675 -67.379700 -24.859903

v -26.677200 -95.513603 -28.223503

v -0.923728 -66.650101 -25.756502

v -0.923195 -66.635902 -25.960005

v 0.690276 -51.932533 22.057442

v 0.697374 -52.249073 23.040234

v -9.805029 -67.722008 -24.791613

v -22.911617 -73.698288 -25.441170

v -22.604753 -74.078529 -25.326462

v -23.212034 -74.203400 -24.978189

v -23.133980 -74.159721 -25.436657

v -25.782099 -96.243202 -27.327005

v -25.779701 -96.177399 -28.276403

v -25.782099 -96.243202 -27.327005

v -26.676699 -95.499496 -28.427105

v -25.914400 -96.077797 -28.268404

v -26.676699 -95.499496 -28.427105

v -25.914400 -96.077797 -28.268404

v -19.994223 -88.942230 -27.438467

v -25.216433 -88.928932 -26.546171

v -19.994223 -88.942230 -27.438467

v -25.216433 -88.928932 -26.546171

v -25.075319 -89.028252 -27.271709

v -25.075319 -89.028252 -27.271709

v -25.782099 -96.243202 -27.327005

v -25.916901 -96.143600 -27.319002

v -25.914400 -96.077797 -28.268404

v -25.779701 -96.177399 -28.276403

v -25.417717 -95.638306 -28.452816

v -26.677200 -95.513603 -28.223503

v -26.676699 -95.499496 -28.427105

v -0.923195 -66.635902 -25.960005

v -0.028675 -67.379700 -24.859903

v -9.805029 -67.722008 -24.791613

v -22.604753 -74.078529 -25.326462

v -22.911617 -73.698288 -25.441170

v -22.830912 -73.896935 -24.948162

v -22.911617 -73.698288 -25.441170

v -9.805029 -67.722008 -24.791613

v -22.911617 -73.698288 -25.441170

v -22.830912 -73.896935 -24.948162

v -10.148878 -67.496323 -24.369329

v -7.035530 -74.441826 -26.681030

v -7.423944 -74.425743 -27.120720

v -10.623134 -67.669411 -25.112362

v -7.423944 -74.425743 -27.120720

v -7.035530 -74.441826 -26.681030

v -10.623134 -67.669411 -25.112362

v 25.935093 -96.424797 -28.481050

v -0.184046 -67.328491 -25.755114

v 25.878502 -96.137901 -27.310303

v 25.878502 -96.077797 -28.268404

v 0.125001 -67.214203 -25.801403

v 25.935093 -96.424797 -28.481050

v 25.746199 -96.243202 -27.327005

v -0.007254 -67.379700 -24.859903

v -0.007254 -67.379700 -24.859903

v 25.746199 -96.243202 -27.327005

v 25.878502 -96.137901 -27.310303

v 24.854307 -89.011162 -27.116632

v 20.011017 -89.207924 -27.672014

v 20.103945 -88.893456 -27.307404

v 24.854307 -89.011162 -27.116632

v 20.103945 -88.893456 -27.307404

v 20.011017 -89.207924 -27.672014

v 0.125001 -67.214203 -25.801403

v 25.878502 -96.077797 -28.268404

v 26.641300 -95.513603 -28.223503

v 0.887267 -66.635902 -25.960005

v 26.640701 -95.499496 -28.427105

v 25.935093 -96.424797 -28.481050

v 26.641300 -95.513603 -28.223503

v 26.640701 -95.499496 -28.427105

v 0.887267 -66.635902 -25.960005

v -0.184046 -67.328491 -25.755114

v 0.004058 -67.167068 -26.015085

v 0.004058 -67.167068 -26.015085

v 0.127485 -67.279999 -24.852003

v 0.127485 -67.279999 -24.852003

v 0.887799 -66.650101 -25.756502

v 0.887799 -66.650101 -25.756502

v 10.574081 -67.689011 -25.105490

v 7.384365 -74.433243 -27.120424

v 7.010404 -74.445572 -26.683926

v 7.010404 -74.445572 -26.683926

v 7.384365 -74.433243 -27.120424

v 23.032764 -74.185379 -25.398897

v 7.186982 -74.085945 -26.321594

v 23.115345 -74.203651 -25.003235

v 7.186982 -74.085945 -26.321594

v 23.032764 -74.185379 -25.398897

v 23.115345 -74.203651 -25.003235

v 22.901243 -73.709366 -25.441149

v 22.574078 -74.080284 -25.326014

v 9.733871 -67.705086 -24.791351

v 22.574078 -74.080284 -25.326014

v 22.901243 -73.709366 -25.441149

v 9.733871 -67.705086 -24.791351

v 9.733871 -67.705086 -24.791351

v 22.901243 -73.709366 -25.441149

v 22.785503 -73.891731 -24.948912

v 10.118695 -67.499176 -24.369940

v 22.785503 -73.891731 -24.948912

v 22.901243 -73.709366 -25.441149

v -23.004299 -67.489204 -24.922302

v -23.196815 -68.032364 -24.757708

v -23.004299 -67.379601 -24.820303

v -23.208178 -67.402870 -25.504133

v -9.805029 -67.722008 -24.791613

v -10.148878 -67.496323 -24.369329

v -23.196815 -68.032364 -24.757708

v -0.017964 -68.000198 -24.922302

v -0.017964 -68.000198 -24.922302

v -23.196815 -68.032364 -24.757708

v -23.004299 -67.489204 -24.922302

v 25.878502 -96.077797 -28.268404

v 25.878502 -96.137901 -27.310303

v 25.746199 -96.243202 -27.327005

v 26.640701 -95.499496 -28.427105

v 26.641300 -95.513603 -28.223503

v 25.878502 -96.077797 -28.268404

v 25.935093 -96.424797 -28.481050

v 25.935093 -96.424797 -28.481050

v -23.004299 -67.379601 -24.820303

v -23.196815 -68.032364 -24.757708

v -23.004299 -67.489204 -24.922302

v -23.208178 -67.402870 -25.504133

v -0.017964 -67.489204 -25.500004

v -23.208178 -67.402870 -25.504133

v -23.004299 -67.379601 -24.820303

v -2.463380 -66.779602 -25.677803

v -2.463380 -68.829102 -25.677803

v -2.463380 -68.829102 -25.492504

v -0.017964 -68.000198 -24.820303

v -23.208178 -67.402870 -25.504133

v -0.017964 -67.379601 -25.500004

v -0.017964 -67.489204 -25.500004

v -2.463380 -66.779602 -25.492504

v -0.017964 -68.000198 -24.820303

v -1.950511 -67.417679 -24.856863

v -1.950511 -67.417679 -24.856863

v -1.950511 -67.417679 -24.856863

v -0.017964 -67.379601 -25.500004

v -1.950511 -67.417679 -24.856863

v 2.591370 -68.829102 -25.492504

v -2.463380 -68.829102 -25.492504

v -2.463380 -68.829102 -25.677803

v 2.591370 -68.829102 -25.677803

v 2.591370 -66.779602 -25.677803

v 2.591370 -68.829102 -25.677803

v -2.463380 -68.829102 -25.677803

v -2.463380 -68.829102 -25.492504

v 2.591370 -68.829102 -25.492504

v 2.591370 -66.779602 -25.492504

v 2.591370 -66.779602 -25.492504

v 2.591370 -68.829102 -25.492504

v 2.591370 -68.829102 -25.677803

v -2.463380 -66.779602 -25.677803

v -2.463380 -66.779602 -25.492504

v 0.125001 -67.214203 -25.801403

v 0.004058 -67.167068 -26.015085

v -0.184046 -67.328491 -25.755114

v 0.127485 -67.279999 -24.852003

v 0.125001 -67.214203 -25.801403

v -0.184046 -67.328491 -25.755114

v 2.591370 -66.779602 -25.677803

v -2.463380 -66.779602 -25.677803

v -2.463380 -66.779602 -25.492504

v 0.004058 -67.167068 -26.015085

v 0.125001 -67.214203 -25.801403

v 0.887799 -66.650101 -25.756502

v 0.887267 -66.635902 -25.960005

v 2.591370 -66.779602 -25.492504

v 2.591370 -66.779602 -25.677803

v -0.017964 -68.000198 -24.922302

v -0.017964 -68.000198 -24.820303

v -1.950511 -67.417679 -24.856863

v -0.017964 -67.379601 -25.500004

v -0.017964 -67.489204 -25.500004

v -0.007254 -67.379700 -24.859903

v 10.574081 -67.689011 -25.105490

v 22.860910 -68.023193 -24.743641

v 22.968399 -67.489204 -24.922302

v 22.688774 -67.402023 -25.501705

v 22.787970 -67.378227 -24.811026

v 22.860910 -68.023193 -24.743641

v 22.787970 -67.378227 -24.811026

v 22.688774 -67.402023 -25.501705

v 22.688774 -67.402023 -25.501705

v 22.968399 -67.489204 -24.922302

v 22.860910 -68.023193 -24.743641

v 22.787970 -67.378227 -24.811026

v 22.968399 -67.489204 -24.922302

v 22.860910 -68.023193 -24.743641

v 10.118695 -67.499176 -24.369940

v 9.733871 -67.705086 -24.791351

v 22.688774 -67.402023 -25.501705

v 20.928167 -52.418694 10.049647

v 20.508984 -52.671951 9.778222

v 22.522377 -58.662205 21.251013

v 20.508984 -52.671951 9.778222

v 20.928167 -52.418694 10.049647

v 22.522377 -58.662205 21.251013

v 23.282463 -68.161545 -24.020201

v 23.371700 -67.532303 -24.032404

v 21.282301 -53.121101 21.116299

v 21.182400 -53.140003 21.117098

v 20.970001 -53.005199 -0.402108

v 21.069300 -52.639503 21.121998

v 20.417311 -52.577320 21.127127

v 20.235046 -52.707737 -0.549565

v 23.491676 -67.440361 -24.078489

v 22.812000 -67.532303 -24.032404

v 22.814205 -67.438904 -24.088413

v 20.970001 -53.005199 -0.402108

v 21.182400 -53.140003 21.117098

v 21.069300 -52.639503 21.121998

v 20.417311 -52.577320 21.127127

v 21.126423 -52.496105 21.327467

v 20.888008 -52.366173 -0.203283

v 21.071188 -52.988613 0.010725

v 21.126423 -52.496105 21.327467

v 21.282301 -53.121101 21.116299

v 23.691900 -67.431999 -22.892504

v 23.446402 -66.709290 -23.265961

v 23.632599 -66.889801 -23.335804

v 22.812000 -67.439201 -0.019899

v 22.814205 -67.438904 -24.088413

v 22.812000 -67.532303 -24.032404

v 22.812000 -67.532303 -24.032404

v 23.371700 -67.532303 -24.032404

v 23.371700 -67.532303 -0.019899

v 23.561417 -68.107704 0.180580

v 23.282463 -68.161545 -24.020201

v 23.491676 -67.440361 -24.078489

v 23.371700 -67.532303 -0.019899

v 23.371700 -67.532303 -24.032404

v 23.282463 -68.161545 -24.020201

v 20.514471 -52.687935 -10.608340

v 22.549866 -58.749500 -22.217007

v 23.491676 -67.440361 -24.078489

v 22.814205 -67.438904 -24.088413

v 23.493460 -67.439072 -0.070189

v 21.126423 -52.496105 21.327467

v 20.417311 -52.577320 21.127127

v 21.069300 -52.639503 21.121998

v 20.808563 -52.796555 9.955828

v 21.868029 -59.553768 11.120638

v 20.808563 -52.796555 9.955828

v 22.347670 -59.541851 10.870092

v 20.937208 -52.445240 -10.902210

v 22.549866 -58.749500 -22.217007

v 21.096941 -52.567852 -21.786821

v 21.182400 -53.140003 -21.921301

v 21.282301 -53.121101 -21.920502

v 20.801094 -52.757633 -10.753972

v 22.345779 -59.514168 -11.669096

v 21.864241 -59.532417 -11.921775

v 20.801094 -52.757633 -10.753972

v 21.864241 -59.532417 -11.921775

v 22.345779 -59.514168 -11.669096

v 20.514471 -52.687935 -10.608340

v 20.937208 -52.445240 -10.902210

v 20.970001 -53.005199 -0.402108

v 21.182400 -53.140003 -21.921301

v 21.282301 -53.121101 -21.920502

v 20.235046 -52.707737 -0.549565

v 20.421164 -52.580036 -21.987152

v 21.096941 -52.567852 -21.786821

v 21.096941 -52.567852 -21.786821

v 21.182400 -53.140003 -21.921301

v 20.970001 -53.005199 -0.402108

v 21.282301 -53.121101 -21.920502

v 21.096941 -52.567852 -21.786821

v 21.071188 -52.988613 0.010725

v 20.888008 -52.366173 -0.203283

v 21.096941 -52.567852 -21.786821

v 20.421164 -52.580036 -21.987152

v 21.246469 -53.225834 -1.609476

v 21.096951 -52.630482 -2.297811

v 23.446402 -66.709290 -23.265961

v 23.820200 -67.400497 -22.903503

v 21.246469 -53.225834 -1.609476

v 21.271101 -52.762699 -2.292992

v 21.246469 -53.225834 -1.609476

v 23.820200 -67.400497 -22.903503

v 24.358999 -66.711197 -23.398104

v 21.987545 -52.370125 -2.478633

v 21.271101 -52.762699 -2.292992

v 23.446402 -66.709290 -23.265961

v 21.096951 -52.630482 -2.297811

v 21.987545 -52.370125 -2.478633

v 21.987545 -52.370125 -2.478633

v 24.358999 -66.711197 -23.398104

v 20.235046 -52.707737 -0.549565

v 21.071188 -52.988613 0.010725

v 20.856800 -52.504803 -0.402108

v 20.856800 -52.504803 -0.402108

v 20.888008 -52.366173 -0.203283

v 24.318699 -66.601700 -23.490805

v 24.358999 -66.711197 -23.398104

v 23.446402 -66.709290 -23.265961

v 23.691900 -67.431999 -22.892504

v 23.493460 -67.439072 -0.070189

v 22.812000 -67.439201 -0.019899

v 23.820200 -67.400497 -22.903503

v 22.812000 -67.532303 -0.019899

v 22.812000 -67.532303 -0.019899

v 24.318699 -66.601700 -23.490805

v 24.318699 -66.601700 -23.490805

v 23.632599 -66.889801 -23.335804

v 23.632599 -66.889801 -23.335804

v 22.347670 -59.541851 10.870092

v 21.868029 -59.553768 11.120638

v 0.690276 -51.932533 22.057442

v 1.325078 -52.610886 22.444174

v 23.691900 -67.431999 -22.892504

v 21.182400 -53.140003 21.117098

v 21.282301 -53.121101 21.116299

v 21.126423 -52.496105 21.327467

v 20.235046 -52.707737 -0.549565

v 20.888008 -52.366173 -0.203283

v 20.856800 -52.504803 -0.402108

v 23.371700 -67.532303 -0.019899

v 23.561417 -68.107704 0.180580

v 23.493460 -67.439072 -0.070189

v 22.812000 -67.439201 -0.019899

v 22.812000 -67.532303 -0.019899

v 20.888008 -52.366173 -0.203283

v 20.856800 -52.504803 -0.402108

v 20.856800 -52.504803 -0.402108

v 21.071188 -52.988613 0.010725

v 20.235046 -52.707737 -0.549565

v 21.096951 -52.630482 -2.297811

v 21.246469 -53.225834 -1.609476

v 21.271101 -52.762699 -2.292992

v 21.987545 -52.370125 -2.478633

v 21.071188 -52.988613 0.010725

v 20.970001 -53.005199 -0.402108

v -20.573717 -52.373398 -23.354610

v -20.574163 -52.302181 -24.072166

v -20.966221 -53.218254 -23.305752

v -20.664101 -52.482498 -23.458601

v -9.155668 -45.547440 -21.788681

v -20.445362 -52.704769 -22.905098

v -20.173962 -53.230625 -22.784477

v -9.201833 -46.040382 -22.303961

v -20.173962 -53.230625 -22.784477

v -20.445362 -52.704769 -22.905098

v -20.369717 -52.938229 -22.399170

v -20.445362 -52.704769 -22.905098

v -9.155668 -45.547440 -21.788681

v -20.445362 -52.704769 -22.905098

v -20.369717 -52.938229 -22.399170

v -9.155668 -45.547440 -21.788681

v -0.017964 -52.482498 -24.036201

v -20.574163 -52.302181 -24.072166

v -20.664101 -52.482498 -23.458601

v -20.574163 -52.302181 -24.072166

v -0.017964 -52.482498 -24.036201

v -20.966221 -53.218254 -23.305752

v -0.017964 -52.993500 -23.458601

v -0.017964 -52.993500 -23.458601

v -20.966221 -53.218254 -23.305752

v -20.664101 -52.482498 -23.458601

v -0.500817 -52.993748 -23.357939

v -20.573717 -52.373398 -23.354610

v -20.966221 -53.218254 -23.305752

v -20.574163 -52.302181 -24.072166

v -20.573717 -52.373398 -23.354610

v 0.094663 -52.372864 -23.356594

v -0.017964 -52.372997 -24.036201

v -19.439098 -45.515301 -21.997444

v -19.408699 -45.744446 -21.590218

v -9.621372 -45.589226 -21.781443

v -19.408699 -45.744446 -21.590218

v -19.439098 -45.515301 -21.997444

v -9.614577 -45.855167 -22.203016

v -0.017964 -52.372997 -24.036201

v -0.500817 -52.993748 -23.357939

v -9.614577 -45.855167 -22.203016

v -19.439098 -45.515301 -21.997444

v -19.403761 -45.973022 -22.172289

v -9.640333 -45.589626 -22.212458

v -19.403761 -45.973022 -22.172289

v -19.439098 -45.515301 -21.997444

v -0.017964 -52.482498 -23.458601

v 20.758560 -52.302853 -24.072397

v 0.094663 -52.372864 -23.356594

v -0.017964 -52.482498 -23.458601

v -2.505720 -54.010498 -23.326403

v -2.505720 -54.034298 -23.162201

v -2.505720 -51.032001 -22.727800

v -9.201833 -46.040382 -22.303961

v -9.155668 -45.547440 -21.788681

v -2.505720 -51.008301 -22.892002

v -1.352410 -52.489002 -23.108801

v -1.369229 -52.488331 -22.991667

v -18.788601 -39.033100 -21.445602

v -0.770384 -52.221558 -23.834042

v -0.938805 -52.047497 -23.058102

v -18.375000 -38.580399 -21.510702

v -18.375000 -38.580399 -21.510702

v -0.938805 -52.047497 -23.058102

v -1.352410 -52.489002 -23.108801

v -18.317381 -38.447151 -21.389740

v -1.369229 -52.488331 -22.991667

v -0.827873 -51.952335 -22.971821

v -0.827873 -51.952335 -22.971821

v -0.770384 -52.221558 -23.834042

v -18.088558 -38.465946 -22.219288

v 20.709562 -53.204891 -23.287951

v 20.628101 -52.482498 -23.458601

v 20.675001 -52.374165 -23.356039

v 20.628101 -52.482498 -23.458601

v -0.938805 -52.047497 -23.058102

v -0.770384 -52.221558 -23.834042

v -0.827873 -51.952335 -22.971821

v -2.505720 -51.008301 -22.892002

v -2.505720 -51.032001 -22.727800

v 2.549020 -51.032001 -22.727800

v -2.505720 -51.008301 -22.892002

v 2.549020 -51.008301 -22.892002

v 2.549020 -54.010498 -23.326403

v 2.549020 -54.034298 -23.162201

v 2.549020 -51.032001 -22.727800

v -2.505720 -51.032001 -22.727800

v 2.549020 -51.008301 -22.892002

v 2.549020 -51.008301 -22.892002

v 2.549020 -51.032001 -22.727800

v 2.549020 -54.034298 -23.162201

v 20.758560 -52.302853 -24.072397

v 10.207443 -53.137711 -23.395138

v 22.272575 -59.613350 -23.466816

v 9.998734 -52.787720 -22.950287

v 22.272575 -59.613350 -23.466816

v 10.207443 -53.137711 -23.395138

v 9.998734 -52.787720 -22.950287

v 20.758560 -52.302853 -24.072397

v 20.709562 -53.204891 -23.287951

v 20.709562 -53.204891 -23.287951

v 20.675001 -52.374165 -23.356039

v 20.758560 -52.302853 -24.072397

v 20.675001 -52.374165 -23.356039

v 20.709562 -53.204891 -23.287951

v 20.628101 -52.482498 -23.458601

v -18.788601 -39.021999 -21.561403

v -18.788601 -39.033100 -21.445602

v -18.317381 -38.447151 -21.389740

v -18.317381 -38.447151 -21.389740

v -18.088558 -38.465946 -22.219288

v -18.375000 -38.580399 -21.510702

v -18.375000 -38.580399 -21.510702

v 1.374000 -52.734798 -23.229801

v 0.809896 -53.244976 -23.384949

v 21.990999 -67.521103 -24.223904

v 21.990999 -67.521103 -24.223904

v 0.809896 -53.244976 -23.384949

v 2.549020 -54.010498 -23.326403

v 20.471647 -52.775772 -22.931669

v 20.168159 -53.241383 -22.802763

v 9.035307 -45.924419 -22.219263

v 20.168159 -53.241383 -22.802763

v 20.471647 -52.775772 -22.931669

v 9.035307 -45.924419 -22.219263

v 9.035307 -45.924419 -22.219263

v 20.471647 -52.775772 -22.931669

v 20.361160 -52.995197 -22.422892

v 9.435174 -45.645462 -21.772942

v 20.361160 -52.995197 -22.422892

v 20.471647 -52.775772 -22.931669

v 9.035307 -45.924419 -22.219263

v 9.435174 -45.645462 -21.772942

v 0.809896 -53.244976 -23.384949

v 1.374000 -52.734798 -23.229801

v 1.574154 -52.700886 -23.380461

v -0.017964 -52.482498 -23.458601

v 0.094663 -52.372864 -23.356594

v -0.017964 -52.372997 -24.036201

v -0.500817 -52.993748 -23.357939

v -18.088558 -38.465946 -22.219288

v -9.614577 -45.855167 -22.203016

v -9.614577 -45.855167 -22.203016

v -9.621372 -45.589226 -21.781443

v -9.640333 -45.589626 -22.212458

v -18.788601 -39.021999 -21.561403

v -18.788601 -39.021999 -21.561403

v -18.788601 -39.033100 -21.445602

v -18.317381 -38.447151 -21.389740

v -9.621372 -45.589226 -21.781443

v -9.640333 -45.589626 -22.212458

v -0.017964 -52.993500 -23.458601

v -1.369229 -52.488331 -22.991667

v -1.352410 -52.489002 -23.108801

v -2.505720 -54.034298 -23.162201

v -2.505720 -54.010498 -23.326403

v -0.017964 -52.482498 -24.036201

v 2.549020 -54.010498 -23.326403

v 2.549020 -54.034298 -23.162201

v -2.505720 -54.034298 -23.162201

v -2.505720 -54.010498 -23.326403

v 23.122650 -67.864899 -11.627054

v 24.172869 -74.600357 -7.835308

v 24.682421 -74.481476 -7.554945

v 23.122650 -67.864899 -11.627054

v 24.682421 -74.481476 -7.554945

v 24.172869 -74.600357 -7.835308

v 23.423534 -66.992851 -1.173239

v 23.728701 -67.637199 -0.524610

v 23.641001 -67.066505 -1.277763

v 23.500233 -67.496414 -0.145886

v 23.461000 -67.113098 -2.987033

v 23.634199 -67.113098 -2.987033

v 23.634199 -69.162598 -2.987033

v 23.561417 -68.107704 0.180580

v 24.516153 -73.658836 -23.851490

v 23.564465 -67.459160 -11.096774

v 24.968554 -73.704788 -24.087257

v 23.564465 -67.459160 -11.096774

v 24.671499 -67.515999 -0.524172

v 24.687000 -67.616806 -0.391134

v 23.461000 -69.162598 2.067717

v 23.634199 -69.162598 2.067717

v 23.634199 -67.113098 2.067717

v 23.634199 -69.162598 2.067717

v 23.461000 -69.162598 2.067717

v 23.461000 -69.162598 -2.987033

v 23.634199 -69.162598 2.067717

v 23.634199 -69.162598 -2.987033

v 23.634199 -67.113098 -2.987033

v 23.461000 -67.113098 -2.987033

v 23.461000 -69.162598 -2.987033

v 23.461000 -69.162598 2.067717

v 23.634199 -69.162598 -2.987033

v 23.461000 -69.162598 -2.987033

v 22.139841 -59.298420 -22.207121

v 22.326700 -59.470490 -11.724196

v 21.869879 -59.138020 -11.481119

v 22.139841 -59.298420 -22.207121

v 21.869879 -59.138020 -11.481119

v 22.326700 -59.470490 -11.724196

v 29.049301 -95.820305 -26.763706

v 24.671499 -67.515999 -0.524172

v 24.687000 -67.616806 -0.391134

v 24.687000 -67.616806 -0.391134

v 23.500233 -67.496414 -0.145886

v 29.038111 -95.751106 -26.471399

v 23.728701 -67.637199 -0.524610

v 24.671499 -67.515999 -0.524172

v 29.049301 -95.820305 -26.763706

v 23.423534 -66.992851 -1.173239

v 27.851898 -95.636185 -26.225870

v 23.500233 -67.496414 -0.145886

v 25.060619 -74.071808 -24.273239

v 25.168600 -74.220741 -7.344635

v 24.831577 -74.653542 -7.079961

v 24.521162 -73.962662 -24.152689

v 24.831577 -74.653542 -7.079961

v 25.168600 -74.220741 -7.344635

v 23.423534 -66.992851 -1.173239

v 23.641001 -67.066505 -1.277763

v 28.018799 -95.370796 -27.517305

v 28.018799 -95.370796 -27.517305

v 23.641001 -67.066505 -1.277763

v 23.728701 -67.637199 -0.524610

v 24.831577 -74.653542 -7.079961

v 24.521162 -73.962662 -24.152689

v 24.831577 -74.653542 -7.079961

v 24.741905 -74.393501 -24.224327

v 25.060619 -74.071808 -24.273239

v 24.521162 -73.962662 -24.152689

v 24.968554 -73.704788 -24.087257

v 24.516153 -73.658836 -23.851490

v 24.521162 -73.962662 -24.152689

v 24.741905 -74.393501 -24.224327

v 29.038111 -95.751106 -26.471399

v 28.106499 -95.941505 -26.764105

v 1.374000 -52.734798 -23.229801

v 1.743509 -52.633053 -22.444992

v 1.574154 -52.700886 -23.380461

v 27.816599 -95.396797 -27.517403

v 27.851898 -95.636185 -26.225870

v 28.106499 -95.941505 -26.764105

v 27.816599 -95.396797 -27.517403

v 26.769608 -89.006157 -25.654253

v 27.108404 -89.058342 -20.945852

v 27.141636 -88.985458 -25.818197

v 27.108404 -89.058342 -20.945852

v 27.141636 -88.985458 -25.818197

v 26.769608 -89.006157 -25.654253

v 9.622282 -52.719223 -23.633879

v 10.732591 -59.433384 -24.282499

v 10.431326 -59.594063 -23.846722

v 10.431326 -59.594063 -23.846722

v 10.732591 -59.433384 -24.282499

v 28.106499 -95.941505 -26.764105

v 29.049301 -95.820305 -26.763706

v 29.038111 -95.751106 -26.471399

v 27.851898 -95.636185 -26.225870

v 27.816599 -95.396797 -27.517403

v 28.018799 -95.370796 -27.517305

v 10.686892 -59.110851 -23.836599

v 20.816471 -59.027969 -23.557173

v 10.498775 -59.488216 -24.255501

v 20.816471 -59.027969 -23.557173

v 27.576275 -95.603317 -25.823580

v 10.686892 -59.110851 -23.836599

v 0.809896 -53.244976 -23.384949

v 1.574154 -52.700886 -23.380461

v 22.763111 -67.040085 -24.423956

v 22.763111 -67.040085 -24.423956

v 1.574154 -52.700886 -23.380461

v 1.743509 -52.633053 -22.444992

v 22.479200 -66.962898 -23.522104

v 1.743509 -52.633053 -22.444992

v 1.374000 -52.734798 -23.229801

v 10.498775 -59.488216 -24.255501

v 1.743509 -52.633053 -22.444992

v 22.479200 -66.962898 -23.522104

v 22.682713 -66.923897 -23.536583

v 22.682713 -66.923897 -23.536583

v 22.423901 -66.984901 -24.274603

v 22.423901 -66.984901 -24.274603

v 21.981201 -67.525002 -24.356903

v 21.981201 -67.525002 -24.356903

v 22.682713 -66.923897 -23.536583

v 22.479200 -66.962898 -23.522104

v 22.423901 -66.984901 -24.274603

v 22.763111 -67.040085 -24.423956

v 21.981201 -67.525002 -24.356903

v 22.763111 -67.040085 -24.423956

v 22.423901 -66.984901 -24.274603

v 9.622282 -52.719223 -23.633879

v 21.990999 -67.521103 -24.223904

v 23.634199 -67.113098 -2.987033

v 23.461000 -67.113098 -2.987033

v 23.461000 -67.113098 2.067717

v 23.461000 -67.113098 2.067717

v 23.634199 -67.113098 2.067717

v 23.634199 -67.113098 2.067717

v 23.461000 -67.113098 2.067717

v 2.549030 -54.040199 22.418297

v 2.549030 -51.013500 22.215298

v 2.549030 -51.002399 22.380798

v -2.505720 -51.002399 22.380798

v 2.549030 -51.002399 22.380798

v 2.549030 -51.013500 22.215298

v -2.505720 -51.013500 22.215298

v 2.549030 -51.013500 22.215298

v 2.549030 -54.040199 22.418297

v -2.505720 -51.013500 22.215298

v -0.938805 -52.047497 22.253897

v -0.894783 -51.901855 22.159290

v -1.116475 -51.962254 23.005249

v -1.343584 -52.508354 22.189928

v 20.404024 -52.385551 -1.593982

v 21.164101 -52.192497 -1.589142

v 20.404024 -52.385551 -1.593982

v 18.405794 -38.257381 -19.399815

v 19.162800 -38.403400 -19.474102

v 19.333599 -38.843800 -19.900501

v 19.237183 -38.174652 -19.497496

v 21.338013 -52.653709 -1.984672

v 21.200397 -51.894043 -1.713469

v 21.338013 -52.653709 -1.984672

v 21.216301 -52.645500 -2.013912

v 19.162800 -38.403400 -19.474102

v 19.215000 -38.856400 -19.898903

v 21.216301 -52.645500 -2.013912

v 21.216301 -52.645500 -2.013912

v 19.215000 -38.856400 -19.898903

v 19.333599 -38.843800 -19.900501

v 21.200397 -51.894043 -1.713469

v 19.237183 -38.174652 -19.497496

v 18.405794 -38.257381 -19.399815

v 20.020201 -45.659969 -20.440245

v 20.163387 -45.436600 -10.600135

v 19.792189 -45.847137 -10.405301

v -0.894783 -51.901855 22.159290

v -18.246134 -38.503353 20.590519

v -18.439631 -38.199890 21.381023

v -1.352410 -52.489002 22.304598

v -1.116475 -51.962254 23.005249

v -18.439631 -38.199890 21.381023

v -18.375000 -38.580399 20.706398

v 20.020201 -45.659969 -20.440245

v 19.792189 -45.847137 -10.405301

v 20.163387 -45.436600 -10.600135

v 19.215000 -38.856400 -19.898903

v 19.162800 -38.403400 -19.474102

v 19.237183 -38.174652 -19.497496

v 19.333599 -38.843800 -19.900501

v 19.237183 -38.174652 -19.497496

v 19.162800 -38.403400 -19.474102

v 18.405794 -38.257381 -19.399815

v 20.580820 -52.566772 -21.769707

v 20.622362 -53.076904 -21.679361

v 20.622362 -53.076904 -21.679361

v 20.580820 -52.566772 -21.769707

v 19.912264 -45.605247 -10.803662

v -20.410183 -45.642956 20.033443

v -19.893833 -45.583019 10.046784

v -19.955538 -45.649857 19.935909

v -19.893833 -45.583019 10.046784

v -19.181850 -38.292301 18.722179

v -19.483780 -38.863659 19.043463

v -21.307882 -52.621357 1.213862

v -21.349586 -52.134624 0.518205

v -19.181850 -38.292301 18.722179

v -18.473730 -38.350021 18.450417

v -19.483780 -38.863659 19.043463

v -19.181850 -38.292301 18.722179

v -21.349586 -52.134624 0.518205

v -20.494728 -52.455654 0.757102

v -18.473730 -38.350021 18.450417

v -19.181850 -38.292301 18.722179

v -19.955538 -45.649857 19.935909

v -20.410183 -45.642956 20.033443

v -18.375000 -38.580399 20.706398

v -18.788601 -39.021999 20.757198

v -1.352410 -52.489002 22.304598

v -1.116475 -51.962254 23.005249

v -0.938805 -52.047497 22.253897

v -18.788601 -39.032997 20.641397

v -18.246134 -38.503353 20.590519

v -1.343584 -52.508354 22.189928

v -1.352410 -52.489002 22.304598

v -18.788601 -39.021999 20.757198

v -18.788601 -39.032997 20.641397

v -9.697506 -45.685837 21.306154

v -19.428288 -45.745876 20.784267

v -19.288702 -45.701927 21.223375

v -9.697506 -45.685837 21.306154

v -19.288702 -45.701927 21.223375

v -19.428288 -45.745876 20.784267

v 19.912264 -45.605247 -10.803662

v 21.164101 -52.192497 -1.589142

v 20.404024 -52.385551 -1.593982

v 21.164101 -52.192497 -1.589142

v 21.338013 -52.653709 -1.984672

v 21.200397 -51.894043 -1.713469

v -18.246134 -38.503353 20.590519

v -18.788601 -39.032997 20.641397

v -18.788601 -39.021999 20.757198

v -18.375000 -38.580399 20.706398

v -18.246134 -38.503353 20.590519

v -18.375000 -38.580399 20.706398

v -18.439631 -38.199890 21.381023

v -0.938805 -52.047497 22.253897

v -0.894783 -51.901855 22.159290

v -1.343584 -52.508354 22.189928

v -20.659920 -53.105545 20.924032

v -20.625799 -52.659199 21.108158

v -19.968929 -45.834877 10.357610

v -20.625799 -52.659199 21.108158

v -20.659920 -53.105545 20.924032

v -19.968929 -45.834877 10.357610

v -21.906055 -59.546345 11.120403

v -20.857738 -52.831821 9.959135

v -22.392502 -59.584209 10.878676

v -20.857738 -52.831821 9.959135

v -22.392502 -59.584209 10.878676

v -21.906055 -59.546345 11.120403

v -21.349586 -52.134624 0.518205

v -20.494728 -52.455654 0.757102

v -21.307882 -52.621357 1.213862

v -21.349586 -52.134624 0.518205

v -23.856201 -67.400398 22.099297

v -21.337040 -53.582279 1.337622

v -21.307100 -52.762699 1.488768

v -21.337040 -53.582279 1.337622

v -23.856201 -67.400398 22.099297

v -21.337040 -53.582279 1.337622

v -21.143354 -52.728378 1.632921

v -23.504320 -66.853897 22.668665

v -21.986309 -52.172672 1.371650

v -24.394899 -66.711197 22.593897

v -24.394899 -66.711197 22.593897

v -21.986309 -52.172672 1.371650

v -21.307100 -52.762699 1.488768

v -23.504320 -66.853897 22.668665

v -21.143354 -52.728378 1.632921

v -21.986309 -52.172672 1.371650

v -21.318300 -53.121101 21.116299

v -21.104551 -52.981403 -0.664926

v -21.005899 -53.005199 -0.402108

v -20.923489 -52.367901 -0.976458

v -21.104551 -52.981403 -0.664926

v -21.130932 -52.564045 20.872084

v -21.005899 -53.005199 -0.402108

v -20.892801 -52.504803 -0.402108

v -21.130932 -52.564045 20.872084

v -21.130932 -52.564045 20.872084

v -20.892801 -52.504803 -0.402108

v -20.274570 -52.705894 -0.589985

v -20.457634 -52.577599 21.014204

v -20.274570 -52.705894 -0.589985

v -20.923489 -52.367901 -0.976458

v -20.612501 -54.038002 -2.844132

v -20.612501 -51.004498 -2.844132

v -20.460901 -51.004498 -2.844132

v -20.408546 -52.238567 -1.793014

v -21.267128 -51.958542 -1.623609

v -21.200100 -52.192497 -1.589142

v -20.460901 -51.004498 2.210608

v -20.460901 -51.004498 -2.844132

v -20.612501 -51.004498 -2.844132

v -20.612501 -54.038002 2.210618

v -20.612501 -51.004498 2.210608

v -20.612501 -51.004498 -2.844132

v -20.460901 -51.004498 -2.844132

v -20.460901 -51.004498 2.210608

v -20.460901 -54.038002 2.210618

v -21.143354 -52.728378 1.632921

v -21.307100 -52.762699 1.488768

v -21.986309 -52.172672 1.371650

v -20.612501 -51.004498 2.210608

v -20.460901 -54.038002 2.210618

v -20.460901 -51.004498 2.210608

v -20.612501 -51.004498 2.210608

v -20.612501 -54.038002 2.210618

v -21.337040 -53.582279 1.337622

v -20.460901 -54.038002 -2.844132

v -20.460901 -54.038002 2.210618

v -20.612501 -54.038002 2.210618

v -20.274570 -52.705894 -0.589985

v -20.892801 -52.504803 -0.402108

v -20.923489 -52.367901 -0.976458

v -21.104551 -52.981403 -0.664926

v -21.005899 -53.005199 -0.402108

v -20.460901 -54.038002 -2.844132

v -22.602308 -58.791626 21.491817

v -20.972675 -52.438728 10.084940

v -20.573418 -52.769547 9.949325

v -20.573418 -52.769547 9.949325

v -20.972675 -52.438728 10.084940

v -21.218300 -53.140003 21.117098

v -21.318300 -53.121101 21.116299

v -21.218300 -53.140003 21.117098

v -20.457634 -52.577599 21.014204

v -21.130932 -52.564045 20.872084

v -22.602308 -58.791626 21.491817

v -21.130932 -52.564045 20.872084

v -21.318300 -53.121101 21.116299

v -21.218300 -53.140003 21.117098

v -20.612501 -54.038002 -2.844132

v -21.165184 -52.899284 -1.887886

v -22.177166 -59.299232 -22.417746

v -22.362907 -59.469124 -11.743976

v -20.460901 -54.038002 -2.844132

v -20.612501 -54.038002 -2.844132

v -21.901918 -59.139198 10.829884

v -22.176674 -59.299866 21.568316

v -22.362587 -59.470425 10.942318

v -22.176674 -59.299866 21.568316

v -24.354700 -66.601700 22.686596

v -24.354700 -66.601700 22.686596

v -21.901918 -59.139198 10.829884

v -22.362587 -59.470425 10.942318

v -23.668499 -66.889801 22.531597

v -23.668499 -66.889801 22.531597

v -23.727900 -67.431999 22.088295

v -23.727900 -67.431999 22.088295

v -23.668499 -66.889801 22.531597

v -23.856201 -67.400398 22.099297

v -23.727900 -67.431999 22.088295

v -24.354700 -66.601700 22.686596

v -24.394899 -66.711197 22.593897

v -23.504320 -66.853897 22.668665

v -23.504320 -66.853897 22.668665

v -20.923489 -52.367901 -0.976458

v -20.274570 -52.705894 -0.589985

v -20.454350 -52.578178 -22.097881

v -20.274570 -52.705894 -0.589985

v -20.892801 -52.504803 -0.402108

v -21.105200 -52.639503 -21.926203

v -21.105200 -52.639503 -21.926203

v -20.892801 -52.504803 -0.402108

v -21.005899 -53.005199 -0.402108

v -21.161648 -52.496700 -22.252745

v -21.104551 -52.981403 -0.664926

v -20.923489 -52.367901 -0.976458

v -21.005899 -53.005199 -0.402108

v -21.104551 -52.981403 -0.664926

v -21.318300 -53.121101 -21.920502

v -20.864491 -52.866203 -10.769527

v -21.910114 -59.567272 -11.927683

v -20.864491 -52.866203 -10.769527

v -22.400723 -59.617554 -11.689201

v -21.161648 -52.496700 -22.252745

v -20.454350 -52.578178 -22.097881

v -21.218300 -53.140003 -21.921301

v -21.318300 -53.121101 -21.920502

v -21.218300 -53.140003 -21.921301

v -20.963984 -52.417622 -10.852320

v -20.543465 -52.669601 -10.578613

v -22.552572 -58.641613 -22.018597

v -20.543465 -52.669601 -10.578613

v -20.963984 -52.417622 -10.852320

v -22.552572 -58.641613 -22.018597

v -22.400723 -59.617554 -11.689201

v -21.910114 -59.567272 -11.927683

v -21.161648 -52.496700 -22.252745

v -20.454350 -52.578178 -22.097881

v -21.105200 -52.639503 -21.926203

v -21.161648 -52.496700 -22.252745

v -21.218300 -53.140003 -21.921301

v -21.318300 -53.121101 -21.920502

v -21.902267 -59.139202 -11.663679

v -21.902267 -59.139202 -11.663679

v -22.362907 -59.469124 -11.743976

v -22.177166 -59.299232 -22.417746

v -19.461267 -38.951923 -19.794355

v -19.260597 -38.201084 -19.469522

v -19.198700 -38.403400 -19.474102

v -5.503188 -20.383230 -19.180349

v -14.584446 -13.636089 -18.564119

v -5.734829 -20.697006 -19.252449

v -14.584446 -13.636089 -18.564119

v -5.503188 -20.383230 -19.180349

v -5.734829 -20.697006 -19.252449

v -18.423731 -38.131283 -19.568449

v -19.198700 -38.403400 -19.474102

v -19.260597 -38.201084 -19.469522

v -16.173326 -20.263533 -18.302065

v -16.471390 -20.602634 -18.438101

v -16.732191 -20.650013 -7.097131

v -16.471390 -20.602634 -18.438101

v -16.173326 -20.263533 -18.302065

v -16.732191 -20.650013 -7.097131

v -19.830360 -45.850048 -10.421603

v -20.198593 -45.437607 -10.627835

v -20.056757 -45.661621 -20.606516

v -5.668223 -20.542778 -19.169262

v -5.596563 -20.401964 -19.470030

v -15.694983 -20.505342 -19.300703

v -5.596563 -20.401964 -19.470030

v -5.668223 -20.542778 -19.169262

v -15.694983 -20.505342 -19.300703

v -19.973463 -45.889328 -11.252885

v -20.658482 -53.087803 -21.703131

v -20.625448 -52.674065 -21.936272

v -20.625448 -52.674065 -21.936272

v -20.658482 -53.087803 -21.703131

v -15.412156 -13.048223 -17.597036

v -14.709912 -13.078781 -17.576271

v -15.359500 -13.187999 -17.557501

v -15.592506 -13.701942 -17.488855

v -20.198593 -45.437607 -10.627835

v -19.830360 -45.850048 -10.421603

v -20.056757 -45.661621 -20.606516

v -21.165184 -52.899284 -1.887886

v -19.461267 -38.951923 -19.794355

v -19.198700 -38.403400 -19.474102

v -21.267128 -51.958542 -1.623609

v -19.260597 -38.201084 -19.469522

v -19.461267 -38.951923 -19.794355

v -18.423731 -38.131283 -19.568449

v -19.260597 -38.201084 -19.469522

v -21.267128 -51.958542 -1.623609

v -19.198700 -38.403400 -19.474102

v -18.423731 -38.131283 -19.568449

v -20.408546 -52.238567 -1.793014

v -15.444275 -13.575155 -17.464668

v -16.638748 -20.053007 -7.647519

v -14.926686 -12.497939 -18.320034

v -16.638748 -20.053007 -7.647519

v -12.466701 -29.407736 -20.207663

v -15.489738 -20.615391 -19.400013

v -12.140690 -29.199316 -20.110765

v -15.489738 -20.615391 -19.400013

v -17.914721 -29.235210 -14.024138

v -16.218100 -20.205065 -18.052244

v -17.963091 -28.960680 -13.730318

v -16.218100 -20.205065 -18.052244

v -15.444275 -13.575155 -17.464668

v -14.926686 -12.497939 -18.320034

v -12.466701 -29.407736 -20.207663

v -12.140690 -29.199316 -20.110765

v -19.973463 -45.889328 -11.252885

v -21.165184 -52.899284 -1.887886

v -21.200100 -52.192497 -1.589142

v -21.200100 -52.192497 -1.589142

v -20.408546 -52.238567 -1.793014

v -19.011400 -38.132797 -20.133202

v -0.915939 -14.103700 -17.495100

v -1.070770 -14.007199 -17.487400

v -15.660252 -13.801500 -0.167793

v -15.592506 -13.701942 -17.488855

v -15.359500 -13.187999 -17.557501

v -15.813807 -12.962868 -0.225847

v -15.412156 -13.048223 -17.597036

v -15.592506 -13.701942 -17.488855

v -15.359500 -13.187999 -17.557501

v -14.709912 -13.078781 -17.576271

v -15.028145 -13.331414 -0.230739

v -14.709912 -13.078781 -17.576271

v -15.412156 -13.048223 -17.597036

v -15.813807 -12.962868 -0.225847

v -15.660252 -13.801500 -0.167793

v -15.813807 -12.962868 -0.225847

v -15.813807 -12.962868 -0.225847

v -15.028145 -13.331414 -0.230739

v -17.914721 -29.235210 -14.024138

v -17.963091 -28.960680 -13.730318

v -13.863643 -4.113794 16.241619

v -6.554602 -4.287176 16.421249

v -13.685611 -4.445475 16.034653

v -6.554602 -4.287176 16.421249

v -13.863643 -4.113794 16.241619

v -13.685611 -4.445475 16.034653

v -6.379991 -4.525029 16.496643

v -14.562334 -13.095537 17.188171

v -6.379991 -4.525029 16.496643

v -14.562334 -13.095537 17.188171

v -14.433994 -4.412436 7.422581

v -14.645844 -4.511488 15.684590

v -14.344323 -4.251700 15.961110

v -14.433994 -4.412436 7.422581

v -14.344323 -4.251700 15.961110

v -14.645844 -4.511488 15.684590

v -14.297408 -4.536037 6.935537

v -14.408239 -4.185547 7.326359

v -15.778695 -13.643363 16.782673

v -14.408239 -4.185547 7.326359

v -14.297408 -4.536037 6.935537

v -15.778695 -13.643363 16.782673

v -14.924346 -12.822699 17.271900

v -14.924346 -12.822699 17.271900

v -15.826180 -12.960797 -0.069452

v -15.279686 -13.344030 17.198332

v -14.715543 -13.074501 16.940659

v -15.588816 -13.698906 16.902287

v -15.279686 -13.344030 17.198332

v -15.826180 -12.960797 -0.069452

v -15.020617 -13.344483 -0.421861

v -14.715543 -13.074501 16.940659

v -15.279686 -13.344030 17.198332

v -15.279686 -13.344030 17.198332

v -15.588816 -13.698906 16.902287

v -15.793347 -13.691048 -0.288786

v -15.365203 -13.251160 16.872837

v -16.971958 -21.205622 6.184737

v -15.365203 -13.251160 16.872837

v -16.971958 -21.205622 6.184737

v -16.730745 -20.539127 5.712127

v -16.730745 -20.539127 5.712127

v -15.020617 -13.344483 -0.421861

v -15.826180 -12.960797 -0.069452

v -15.826180 -12.960797 -0.069452

v -15.793347 -13.691048 -0.288786

v -15.131100 -10.876100 2.067710

v -15.018500 -10.895000 2.067710

v -15.018500 -10.895000 -2.987041

v -15.131100 -10.876100 -2.987041

v -15.018500 -10.895000 2.067710

v -15.131100 -10.876100 2.067710

v -15.860300 -15.236100 2.067709

v -15.018500 -10.895000 -2.987041

v -15.018500 -10.895000 2.067710

v -15.747701 -15.255000 2.067709

v -15.860300 -15.236100 2.067709

v -15.131100 -10.876100 2.067710

v -15.131100 -10.876100 -2.987041

v -15.747701 -15.255000 2.067709

v -15.131100 -10.876100 -2.987041

v -15.018500 -10.895000 -2.987041

v -15.747701 -15.255000 -2.987041

v -19.107962 -36.620426 -20.469189

v -15.847123 -13.440937 -1.359880

v -15.843843 -13.926294 -0.343437

v -19.346399 -37.240101 -19.636602

v -15.843843 -13.926294 -0.343437

v -15.971001 -13.515300 -1.164791

v -15.860300 -15.236100 -2.987041

v -15.747701 -15.255000 -2.987041

v -15.843843 -13.926294 -0.343437

v -19.346399 -37.240101 -19.636602

v -15.971001 -13.515300 -1.164791

v -16.718000 -13.412499 -1.186611

v -19.995501 -36.667297 -20.359102

v -15.847123 -13.440937 -1.359880

v -16.697001 -13.311701 -1.336851

v -16.718000 -13.412499 -1.186611

v -15.971001 -13.515300 -1.164791

v -15.843843 -13.926294 -0.343437

v -15.847123 -13.440937 -1.359880

v -15.971001 -13.515300 -1.164791

v -15.860300 -15.236100 -2.987041

v -15.747701 -15.255000 2.067709

v -15.860300 -15.236100 2.067709

v -15.860300 -15.236100 -2.987041

v -15.747701 -15.255000 -2.987041

v -1.094897 -13.986291 -18.383009

v -1.070770 -14.007199 -17.487400

v -0.915939 -14.103700 -17.495100

v -0.906268 -14.040898 -18.247700

v -0.175483 -14.523348 -18.507111

v -1.094897 -13.986291 -18.383009

v -0.906268 -14.040898 -18.247700

v -16.697001 -13.311701 -1.336851

v -15.847123 -13.440937 -1.359880

v -19.107962 -36.620426 -20.469189

v -19.995501 -36.667297 -20.359102

v -16.718000 -13.412499 -1.186611

v -16.697001 -13.311701 -1.336851

v -19.214500 -37.258301 -19.632801

v -19.974501 -36.566498 -20.509401

v -19.248400 -36.770100 -20.337301

v -19.248400 -36.770100 -20.337301

v -19.214500 -37.258301 -19.632801

v -19.974501 -36.566498 -20.509401

v -17.855427 -28.940016 -13.851045

v -17.988117 -29.486794 -13.693222

v -17.988117 -29.486794 -13.693222

v -17.855427 -28.940016 -13.851045

v -0.906268 -14.040898 -18.247700

v -0.915939 -14.103700 -17.495100

v -19.011400 -38.132797 -20.133202

v -1.070770 -14.007199 -17.487400

v -1.094897 -13.986291 -18.383009

v -19.179373 -38.005253 -21.021065

v -19.179373 -38.005253 -21.021065

v -1.094897 -13.986291 -18.383009

v -0.175483 -14.523348 -18.507111

v -18.279699 -38.520000 -20.921602

v -0.175483 -14.523348 -18.507111

v -0.906268 -14.040898 -18.247700

v -0.175483 -14.523348 -18.507111

v -18.279699 -38.520000 -20.921602

v -19.166201 -38.036301 -20.125502

v -19.166201 -38.036301 -20.125502

v -19.001699 -38.070000 -20.885902

v -18.278000 -38.508900 -21.054602

v -19.001699 -38.070000 -20.885902

v -18.278000 -38.508900 -21.054602

v -17.741524 -29.171213 -19.117624

v -17.741524 -29.171213 -19.117624

v -19.974501 -36.566498 -20.509401

v -19.107962 -36.620426 -20.469189

v -19.248400 -36.770100 -20.337301

v -19.107962 -36.620426 -20.469189

v -19.214500 -37.258301 -19.632801

v -19.346399 -37.240101 -19.636602

v -19.995501 -36.667297 -20.359102

v -19.001699 -38.070000 -20.885902

v -19.011400 -38.132797 -20.133202

v -19.166201 -38.036301 -20.125502

v -18.278000 -38.508900 -21.054602

v -18.279699 -38.520000 -20.921602

v -19.001699 -38.070000 -20.885902

v -19.179373 -38.005253 -21.021065

v -19.179373 -38.005253 -21.021065

v 20.546501 -54.038002 2.210618

v 20.698200 -54.038002 2.210618

v 20.698200 -51.004498 2.210608

v 20.379257 -52.267715 0.950532

v 21.098486 -52.587101 1.478449

v 21.271101 -52.762699 1.488768

v 21.458799 -53.273304 1.056468

v 21.330500 -53.304897 1.045458

v 20.698200 -54.038002 2.210618

v 20.546501 -54.038002 2.210618

v 20.546501 -54.038002 -2.844132

v 22.012083 -52.460129 1.814311

v 21.098486 -52.587101 1.478449

v 23.690140 -67.423615 22.077608

v 21.098486 -52.587101 1.478449

v 21.330500 -53.304897 1.045458

v 20.698200 -54.038002 2.210618

v 20.698200 -54.038002 -2.844132

v 20.698200 -51.004498 -2.844132

v 21.330500 -53.304897 1.045458

v 21.458799 -53.273304 1.056468

v 23.820200 -67.400398 22.099297

v 23.820200 -67.400398 22.099297

v 21.458799 -53.273304 1.056468

v 21.271101 -52.762699 1.488768

v 21.271101 -52.762699 1.488768

v 22.012083 -52.460129 1.814311

v 24.358999 -66.711197 22.593897

v 22.012083 -52.460129 1.814311

v 21.098486 -52.587101 1.478449

v 23.501621 -66.756287 22.593948

v 20.698200 -54.038002 -2.844132

v 20.546501 -54.038002 -2.844132

v 20.546501 -51.004498 -2.844132

v 20.698200 -54.038002 -2.844132

v 24.358999 -66.711197 22.593897

v 22.012083 -52.460129 1.814311

v 20.546501 -51.004498 -2.844132

v 20.546501 -54.038002 -2.844132

v 20.546501 -54.038002 2.210618

v 22.159107 -59.620094 21.643044

v 22.139673 -59.195744 21.542082

v 22.141802 -59.175594 11.066116

v 22.139673 -59.195744 21.542082

v 22.159107 -59.620094 21.643044

v 22.141802 -59.175594 11.066116

v 24.318699 -66.601700 22.686596

v 24.318699 -66.601700 22.686596

v 20.698200 -51.004498 -2.844132

v 23.632599 -66.889801 22.531597

v 23.501621 -66.756287 22.593948

v 23.632599 -66.889801 22.531597

v 23.690140 -67.423615 22.077608

v 20.698200 -51.004498 -2.844132

v 20.546501 -51.004498 -2.844132

v 20.546501 -51.004498 2.210608

v 20.546501 -51.004498 2.210608

v 20.698200 -51.004498 2.210608

v 20.698200 -51.004498 2.210608

v 20.546501 -51.004498 2.210608

v 20.379257 -52.267715 0.950532

v 27.105579 -89.057716 20.241144

v 27.140213 -88.983528 25.032831

v 27.105579 -89.057716 20.241144

v 26.770102 -89.006363 24.874233

v 19.886229 -88.943047 26.641230

v 25.189342 -88.934288 25.738052

v 19.886229 -88.943047 26.641230

v 25.189342 -88.934288 25.738052

v 24.994879 -89.024666 26.472809

v 24.994879 -89.024666 26.472809

v -2.505720 -51.013500 22.215298

v -2.505720 -54.040199 22.418297

v -2.505720 -54.029102 22.583799

v -2.505720 -51.002399 22.380798

v 23.690140 -67.423615 22.077608

v 23.632599 -66.889801 22.531597

v 23.501621 -66.756287 22.593948

v 22.423901 -66.984901 23.470396

v 22.479200 -66.962799 22.717897

v 22.572001 -66.847900 22.728796

v 22.192524 -66.654640 23.595564

v 21.901669 -67.469353 23.549400

v 21.990999 -67.521103 23.419697

v 21.990999 -67.521103 23.419697

v 21.901669 -67.469353 23.549400

v 0.625540 -53.124283 22.571861

v 0.625540 -53.124283 22.571861

v 21.901669 -67.469353 23.549400

v 22.192524 -66.654640 23.595564

v 1.374000 -52.734798 22.425598

v 22.423901 -66.984901 23.470396

v 21.990999 -67.521103 23.419697

v 1.388359 -52.393200 21.621254

v 22.572001 -66.847900 22.728796

v 22.479200 -66.962799 22.717897

v 22.192524 -66.654640 23.595564

v 22.572001 -66.847900 22.728796

v 1.388359 -52.393200 21.621254

v 22.479200 -66.962799 22.717897

v 22.423901 -66.984901 23.470396

v 1.374000 -52.734798 22.425598

v 10.437285 -59.487770 23.455532

v 10.700156 -59.110016 23.031366

v 20.704222 -59.029766 22.759312

v 10.700156 -59.110016 23.031366

v 10.437285 -59.487770 23.455532

v 20.704222 -59.029766 22.759312

v 2.549030 -54.029102 22.583799

v -2.505720 -54.029102 22.583799

v -2.505720 -54.040199 22.418297

v 2.549030 -54.040199 22.418297

v -2.505720 -54.040199 22.418297

v -2.505720 -51.002399 22.380798

v -2.505720 -54.029102 22.583799

v 2.549030 -54.029102 22.583799

v 0.625540 -53.124283 22.571861

v 1.388359 -52.393200 21.621254

v 1.374000 -52.734798 22.425598

v 1.457080 -52.623703 22.569298

v 2.549030 -54.029102 22.583799

v 0.625540 -53.124283 22.571861

v 1.388359 -52.393200 21.621254

v 1.457080 -52.623703 22.569298

v 1.457080 -52.623703 22.569298

v 10.441389 -59.653393 23.044979

v 10.734444 -59.445354 23.480625

v 9.631017 -52.757107 22.833275

v 10.734444 -59.445354 23.480625

v 10.441389 -59.653393 23.044979

v 9.631017 -52.757107 22.833275

v 2.549030 -51.002399 22.380798

v 23.632599 -66.889801 22.531597

v 24.358999 -66.711197 22.593897

v 24.318699 -66.601700 22.686596

v 23.501621 -66.756287 22.593948

v 23.820200 -67.400398 22.099297

v 27.140213 -88.983528 25.032831

v 26.770102 -89.006363 24.874233

v 9.653494 -52.607639 22.146372

v 9.346735 -52.672577 22.626492

v 9.346735 -52.672577 22.626492

v 9.653494 -52.607639 22.146372

v 21.072628 -58.944252 22.645901

v 21.072628 -58.944252 22.645901

v 9.223785 -45.614182 20.987453

v 20.478580 -52.751343 22.106421

v 20.126972 -53.221760 21.980837

v 9.158638 -46.035919 21.498972

v 20.126972 -53.221760 21.980837

v 20.478580 -52.751343 22.106421

v 20.478580 -52.751343 22.106421

v 20.369713 -52.961121 21.598654

v 9.223785 -45.614182 20.987453

v 20.369713 -52.961121 21.598654

v 20.478580 -52.751343 22.106421

v 20.538811 -52.375309 22.548550

v 20.524784 -52.301495 23.265932

v 20.628101 -52.482498 22.654398

v 20.940294 -53.215740 22.503796

v -0.017964 -52.482498 23.231998

v 20.524784 -52.301495 23.265932

v 20.628101 -52.482498 22.654398

v 20.524784 -52.301495 23.265932

v -0.017964 -52.482498 23.231998

v 20.524784 -52.301495 23.265932

v 20.538811 -52.375309 22.548550

v -0.126532 -52.373283 22.551241

v 0.360471 -52.993858 22.553381

v 20.538811 -52.375309 22.548550

v 20.940294 -53.215740 22.503796

v -0.017964 -52.993500 22.654398

v 20.940294 -53.215740 22.503796

v 20.628101 -52.482498 22.654398

v 20.940294 -53.215740 22.503796

v -0.017964 -52.993500 22.654398

v 9.223785 -45.614182 20.987453

v 9.223785 -45.614182 20.987453

v 9.158638 -46.035919 21.498972

v -0.017964 -52.372902 23.231998

v -23.004299 -67.379601 24.016096

v -22.691362 -67.401611 24.702442

v -22.675989 -68.002090 24.039110

v -23.004299 -67.379601 24.016096

v -0.017964 -52.482498 22.654398

v -0.017964 -52.372902 23.231998

v -0.126532 -52.373283 22.551241

v -0.017964 -52.482498 22.654398

v 0.360471 -52.993858 22.553381

v -22.459801 -66.984901 23.470396

v -22.026899 -67.521103 23.419697

v -22.017101 -67.525002 23.552595

v -22.772457 -67.022453 23.618727

v -22.664232 -66.886574 22.729588

v -23.004299 -67.489204 24.118095

v -22.691362 -67.401611 24.702442

v -23.004299 -67.379601 24.016096

v -22.772457 -67.022453 23.618727

v -22.459801 -66.984901 23.470396

v -22.515100 -66.962799 22.717897

v -22.675989 -68.002090 24.039110

v -22.026899 -67.521103 23.419697

v -0.986772 -53.335960 22.591024

v -1.409930 -52.734798 22.425598

v -0.986772 -53.335960 22.591024

v -22.026899 -67.521103 23.419697

v -0.986772 -53.335960 22.591024

v -1.493010 -52.623703 22.569298

v -22.772457 -67.022453 23.618727

v -22.515100 -66.962799 22.717897

v -1.834366 -52.667881 21.642452

v -1.409930 -52.734798 22.425598

v -1.834366 -52.667881 21.642452

v -22.515100 -66.962799 22.717897

v -20.807404 -52.302437 23.266054

v -20.807404 -52.302437 23.266054

v -20.664101 -52.482498 22.654398

v -20.706907 -52.376244 22.549437

v -20.807404 -52.302437 23.266054

v -20.734894 -53.207909 22.489769

v -20.706907 -52.376244 22.549437

v -20.664101 -52.482498 22.654398

v -20.734894 -53.207909 22.489769

v -20.734894 -53.207909 22.489769

v -19.751278 -58.202000 22.596245

v -8.702563 -52.262886 22.551422

v -9.272260 -52.376858 22.126019

v -19.751278 -58.202000 22.596245

v -9.272260 -52.376858 22.126019

v -8.702563 -52.262886 22.551422

v -20.807404 -52.302437 23.266054

v -20.706907 -52.376244 22.549437

v -20.664101 -52.482498 22.654398

v -20.734894 -53.207909 22.489769

v -20.681978 -59.034340 22.767572

v -10.451682 -59.486122 23.457983

v -10.724466 -59.109653 23.035812

v -20.681978 -59.034340 22.767572

v -10.724466 -59.109653 23.035812

v -10.451682 -59.486122 23.457983

v -22.017101 -67.525002 23.552595

v -22.459801 -66.984901 23.470396

v -22.459801 -66.984901 23.470396

v -1.834366 -52.667881 21.642452

v -22.664232 -66.886574 22.729588

v -22.772457 -67.022453 23.618727

v -22.664232 -66.886574 22.729588

v -22.017101 -67.525002 23.552595

v -1.834366 -52.667881 21.642452

v -1.409930 -52.734798 22.425598

v -1.493010 -52.623703 22.569298

v -0.986772 -53.335960 22.591024

v 0.360471 -52.993858 22.553381

v -0.017964 -52.993500 22.654398

v -0.017964 -52.482498 22.654398

v -0.126532 -52.373283 22.551241

v -0.017964 -52.372902 23.231998

v -0.017964 -52.482498 23.231998

v -9.649123 -52.661087 22.827038

v -10.768734 -59.437263 23.478662

v -10.454993 -59.528336 23.036852

v -10.454993 -59.528336 23.036852

v -10.768734 -59.437263 23.478662

v -1.493010 -52.623703 22.569298

v -9.649123 -52.661087 22.827038

v -16.718000 -13.412499 0.382380

v -16.697001 -13.311701 0.532623

v -15.775175 -13.031761 0.205114

v -16.069000 -13.985400 -0.340103

v -15.971001 -13.515300 0.360567

v -15.775175 -13.031761 0.205114

v -19.248400 -36.770100 19.533098

v -19.346399 -37.240101 18.832399

v -19.199938 -37.166084 18.756916

v -19.974501 -36.566498 19.705099

v -19.995501 -36.667297 19.554897

v -19.082249 -36.287460 19.392132

v -19.248400 -36.770100 19.533098

v -19.199938 -37.166084 18.756916

v -19.082249 -36.287460 19.392132

v -15.937000 -14.003500 -0.343955

v -15.971001 -13.515300 0.360567

v -0.090791 -13.044629 -18.188087

v -11.683538 4.525124 -16.273550

v -11.494119 4.481354 -17.092796

v -11.683538 4.525124 -16.273550

v -0.090791 -13.044629 -18.188087

v -11.785999 4.460821 -16.399200

v -11.494119 4.481354 -17.092796

v -0.232781 -13.301087 -19.189854

v -12.376466 4.160914 -16.252392

v -0.879880 -13.473506 -18.556162

v -12.376466 4.160914 -16.252392

v -11.785999 4.460821 -16.399200

v 15.145234 -13.446428 -18.411123

v -0.195362 -13.821208 -18.639952

v 0.064092 -13.247108 -19.127531

v 15.357678 -12.991590 -19.058319

v 15.145234 -13.446428 -18.411123

v 15.145234 -13.446428 -18.411123

v 15.167250 -13.107677 -18.368586

v -0.066338 -13.042403 -18.277611

v -0.066338 -13.042403 -18.277611

v 15.167250 -13.107677 -18.368586

v 15.357678 -12.991590 -19.058319

v 6.357251 -4.538406 -17.301693

v 14.564449 -13.132589 -17.994692

v 6.357251 -4.538406 -17.301693

v 14.564449 -13.132589 -17.994692

v 14.884557 -12.819194 -18.075607

v 14.884557 -12.819194 -18.075607

v 15.167250 -13.107677 -18.368586

v 15.357678 -12.991590 -19.058319

v 15.145234 -13.446428 -18.411123

v 2.549020 -9.978799 -17.937000

v 2.549020 -9.978799 -18.066401

v -2.505720 -9.978799 -18.066401

v -2.505720 -9.978799 -17.937000

v 2.549020 -9.978799 -18.066401

v 2.549020 -9.978799 -17.937000

v 2.549020 -15.838399 -17.937000

v -0.066338 -13.042403 -18.277611

v 0.064092 -13.247108 -19.127531

v -0.066338 -13.042403 -18.277611

v -0.195362 -13.821208 -18.639952

v 2.549020 -15.838498 -18.066401

v 2.549020 -15.838399 -17.937000

v 2.549020 -9.978799 -17.937000

v -2.505720 -9.978799 -17.937000

v -2.505720 -9.978799 -18.066401

v 2.549020 -9.978799 -18.066401

v 2.549020 -15.838498 -18.066401

v -2.505720 -9.978799 -17.937000

v -2.505720 -9.978799 -18.066401

v -2.505720 -15.838498 -18.066401

v -8.889687 -45.806301 21.401484

v -20.489317 -52.762028 22.124924

v -20.413708 -53.004025 21.619541

v -9.527677 -45.682400 20.969364

v -20.413708 -53.004025 21.619541

v -20.489317 -52.762028 22.124924

v -20.136299 -53.197433 21.992392

v -20.489317 -52.762028 22.124924

v -20.489317 -52.762028 22.124924

v -20.136299 -53.197433 21.992392

v -8.889687 -45.806301 21.401484

v -9.527677 -45.682400 20.969364

v -8.889687 -45.806301 21.401484

v -8.889687 -45.806301 21.401484

v -15.971001 -13.515300 0.360567

v -19.248400 -36.770100 19.533098

v -19.995501 -36.667297 19.554897

v -16.697001 -13.311701 0.532623

v -19.974501 -36.566498 19.705099

v -19.082249 -36.287460 19.392132

v -19.995501 -36.667297 19.554897

v -19.974501 -36.566498 19.705099

v -16.697001 -13.311701 0.532623

v -19.082249 -36.287460 19.392132

v -19.199938 -37.166084 18.756916

v -15.775175 -13.031761 0.205114

v -19.346399 -37.240101 18.832399

v -19.248400 -36.770100 19.533098

v -15.971001 -13.515300 0.360567

v -15.937000 -14.003500 -0.343955

v -19.199938 -37.166084 18.756916

v -19.346399 -37.240101 18.832399

v -2.505720 -15.838399 -17.937000

v -2.505720 -15.838498 -18.066401

v -2.505720 -15.838399 -17.937000

v -0.090791 -13.044629 -18.188087

v -0.232781 -13.301087 -19.189854

v -0.090791 -13.044629 -18.188087

v -0.879880 -13.473506 -18.556162

v -11.683538 4.525124 -16.273550

v -11.785999 4.460821 -16.399200

v -12.376466 4.160914 -16.252392

v -11.494119 4.481354 -17.092796

v -11.683538 4.525124 -16.273550

v -14.610849 -12.848701 -17.953730

v -5.936100 -4.534665 -17.374939

v -6.366865 -4.305676 -17.217648

v -14.610849 -12.848701 -17.953730

v -6.366865 -4.305676 -17.217648

v -5.936100 -4.534665 -17.374939

v -15.475651 -13.447237 -18.395609

v -0.035991 -13.050398 -18.271463

v 0.023593 -13.824165 -18.643036

v -0.035991 -13.050398 -18.271463

v 0.051190 -13.250880 -19.120714

v -15.228423 -12.987582 -19.051079

v 0.051190 -13.250880 -19.120714

v -0.035991 -13.050398 -18.271463

v -15.475651 -13.447237 -18.395609

v -15.475651 -13.447237 -18.395609

v 0.023593 -13.824165 -18.643036

v -0.035991 -13.050398 -18.271463

v -15.175147 -13.107728 -18.367918

v -15.175147 -13.107728 -18.367918

v -15.228423 -12.987582 -19.051079

v -15.175147 -13.107728 -18.367918

v -15.475651 -13.447237 -18.395609

v -15.228423 -12.987582 -19.051079

v -15.937000 -14.003500 -0.343955

v -16.069000 -13.985400 -0.340103

v -16.069000 -13.985400 -0.340103

v -15.775175 -13.031761 0.205114

v -16.718000 -13.412499 0.382380

v -16.718000 -13.412499 0.382380

v 2.549020 -15.838498 -18.066401

v 2.549020 -15.838399 -17.937000

v -2.505720 -15.838399 -17.937000

v -2.505720 -15.838498 -18.066401

v 5.521103 -20.337889 -19.178888

v 5.731003 -20.672482 -19.252476

v 14.786219 -13.455185 -18.548817

v 1.027963 -13.996190 -17.491106

v 0.880010 -14.103700 -17.495100

v 18.975500 -38.132797 -20.133202

v 18.871094 -37.628941 -20.973869

v 0.950662 -13.837933 -18.362032

v 1.027963 -13.996190 -17.491106

v 18.975500 -38.132797 -20.133202

v 0.880010 -14.103700 -17.495100

v 0.870339 -14.040898 -18.247700

v 0.870339 -14.040898 -18.247700

v 0.148279 -14.490898 -18.283501

v 18.243700 -38.520000 -20.921602

v -0.915939 -14.103702 16.690899

v -1.070770 -14.007201 16.683201

v -1.074468 -13.946456 17.566427

v 0.146571 -14.479798 -18.416401

v 0.950662 -13.837933 -18.362032

v 18.202421 -38.456043 -21.049103

v 18.243700 -38.520000 -20.921602

v 0.148279 -14.490898 -18.283501

v 0.146571 -14.479798 -18.416401

v 19.130301 -38.036301 -20.125502

v 19.130301 -38.036301 -20.125502

v 18.871094 -37.628941 -20.973869

v 18.965799 -38.070000 -20.885902

v 18.965799 -38.070000 -20.885902

v 18.202421 -38.456043 -21.049103

v 1.027963 -13.996190 -17.491106

v 0.870339 -14.040898 -18.247700

v 0.880010 -14.103700 -17.495100

v 0.870339 -14.040898 -18.247700

v 1.027963 -13.996190 -17.491106

v 0.950662 -13.837933 -18.362032

v 0.148279 -14.490898 -18.283501

v 0.870339 -14.040898 -18.247700

v 0.950662 -13.837933 -18.362032

v 0.146571 -14.479798 -18.416401

v -17.994310 -29.485262 12.887136

v -17.854155 -28.890875 12.982045

v -17.854155 -28.890875 12.982045

v -17.994310 -29.485262 12.887136

v -17.752886 -29.164654 18.343069

v -17.752886 -29.164654 18.343069

v -17.927166 -29.289959 13.193902

v -17.973583 -29.027199 12.893705

v -17.973583 -29.027199 12.893705

v -17.927166 -29.289959 13.193902

v -0.906268 -14.040900 17.443501

v -16.261019 -20.438892 17.138557

v -1.074468 -13.946456 17.566427

v 0.041122 -14.234415 17.668348

v -0.906268 -14.040900 17.443501

v -16.261019 -20.438892 17.138557

v -12.590713 -29.134806 19.402323

v -16.989214 -28.902981 19.721579

v -17.288942 -29.292395 19.523298

v -12.590713 -29.134806 19.402323

v -17.288942 -29.292395 19.523298

v -16.989214 -28.902981 19.721579

v -1.070770 -14.007201 16.683201

v -19.166201 -38.036301 19.321299

v -19.133528 -37.923599 20.197493

v -19.011400 -38.132797 19.328997

v -19.166201 -38.036301 19.321299

v -1.070770 -14.007201 16.683201

v -0.906268 -14.040900 17.443501

v -19.001699 -38.070000 20.081598

v -19.011400 -38.132797 19.328997

v -18.279699 -38.520000 20.117399

v -19.001699 -38.070000 20.081598

v -0.906268 -14.040900 17.443501

v -19.133528 -37.923599 20.197493

v -18.278000 -38.508900 20.250397

v 0.041122 -14.234415 17.668348

v 0.041122 -14.234415 17.668348

v -18.278000 -38.508900 20.250397

v -18.279699 -38.520000 20.117399

v -12.191289 -29.079844 19.295544

v -12.486674 -29.356815 19.394871

v -15.642159 -20.230114 18.563150

v -12.486674 -29.356815 19.394871

v -12.191289 -29.079844 19.295544

v -15.642159 -20.230114 18.563150

v -16.469055 -20.601759 17.642561

v -16.733088 -20.652584 6.325648

v -16.174347 -20.263378 17.498152

v -16.733088 -20.652584 6.325648

v -16.469055 -20.601759 17.642561

v -16.174347 -20.263378 17.498152

v 18.965799 -38.070000 -20.885902

v 18.871094 -37.628941 -20.973869

v 19.130301 -38.036301 -20.125502

v 18.975500 -38.132797 -20.133202

v 18.871094 -37.628941 -20.973869

v 18.965799 -38.070000 -20.885902

v 18.202421 -38.456043 -21.049103

v 18.243700 -38.520000 -20.921602

v 18.752701 -39.021999 -21.561403

v 18.238337 -38.565529 -21.458708

v 18.752701 -39.033100 -21.445602

v 19.318830 -45.746529 -21.587320

v 19.155985 -45.701180 -22.027901

v 19.155985 -45.701180 -22.027901

v 19.318830 -45.746529 -21.587320

v 1.030237 -52.011307 -23.790508

v 18.300241 -38.281147 -22.196419

v 18.238337 -38.565529 -21.458708

v 0.588304 -52.109283 -22.993223

v 18.238337 -38.565529 -21.458708

v 18.300241 -38.281147 -22.196419

v 18.238337 -38.565529 -21.458708

v 18.752701 -39.021999 -21.561403

v 1.316480 -52.489002 -23.108801

v 1.316480 -52.489002 -23.108801

v 18.752701 -39.021999 -21.561403

v 18.752701 -39.033100 -21.445602

v 18.752701 -39.033100 -21.445602

v 18.238337 -38.565529 -21.458708

v 1.225816 -52.570534 -23.001848

v 9.351067 -45.686558 -22.113255

v 9.351067 -45.686558 -22.113255

v 0.902877 -52.047497 -23.058102

v 1.225816 -52.570534 -23.001848

v 0.588304 -52.109283 -22.993223

v 1.030237 -52.011307 -23.790508

v 0.902877 -52.047497 -23.058102

v 0.588304 -52.109283 -22.993223

v 0.902877 -52.047497 -23.058102

v 1.225816 -52.570534 -23.001848

v 1.030237 -52.011307 -23.790508

v 1.316480 -52.489002 -23.108801

v -19.001699 -38.070000 20.081598

v -18.279699 -38.520000 20.117399

v -18.278000 -38.508900 20.250397

v -19.133528 -37.923599 20.197493

v -5.643082 -20.401360 18.670427

v -15.785971 -20.501869 18.501417

v -5.643082 -20.401360 18.670427

v -15.785971 -20.501869 18.501417

v -19.001699 -38.070000 20.081598

v -19.133528 -37.923599 20.197493

v -19.166201 -38.036301 19.321299

v -19.011400 -38.132797 19.328997

v -0.915939 -14.103702 16.690899

v -1.074468 -13.946456 17.566427

v 0.041122 -14.234415 17.668348

v -0.915939 -14.103702 16.690899

v -5.682315 -20.538782 18.366238

v -5.682315 -20.538782 18.366238

v -1.074468 -13.946456 17.566427

v -0.035914 -67.177322 25.210506

v 0.887267 -66.635902 25.155796

v 0.887799 -66.650101 24.952295

v 0.125001 -67.214203 24.997196

v -0.035914 -67.177322 25.210506

v 0.125001 -67.214203 24.997196

v -0.181586 -67.331604 24.950014

v -0.181586 -67.331604 24.950014

v 0.125001 -67.214203 24.997196

v 0.127485 -67.279999 24.047796

v -0.007254 -67.379700 24.055696

v 23.447868 -67.302483 23.447506

v 23.491858 -67.437958 -0.742099

v 23.371700 -67.524879 -0.784314

v 24.682247 -67.684677 -0.132383

v 29.090532 -96.082397 25.977556

v 28.015089 -96.661369 26.374878

v 29.049301 -95.820305 25.959497

v 29.090532 -96.082397 25.977556

v 24.682247 -67.684677 -0.132383

v 28.015089 -96.661369 26.374878

v 28.018799 -95.370796 26.713097

v 28.106499 -95.941505 25.959896

v 23.728701 -67.637199 -0.279603

v 27.816599 -95.396797 26.713198

v 23.543249 -67.407494 0.793106

v 23.728701 -67.637199 -0.279603

v 28.106499 -95.941505 25.959896

v 29.049301 -95.820305 25.959497

v 23.543249 -67.407494 0.793106

v 27.816599 -95.396797 26.713198

v 28.018799 -95.370796 26.713097

v 25.881001 -96.143600 26.514797

v 25.746199 -96.243202 26.522797

v -0.007254 -67.379700 24.055696

v -0.007254 -67.379700 24.055696

v 25.746199 -96.243202 26.522797

v 25.338558 -95.762459 27.621893

v 0.125001 -67.214203 24.997196

v 25.878502 -96.077797 27.464195

v 25.881001 -96.143600 26.514797

v -0.181586 -67.331604 24.950014

v 25.338558 -95.762459 27.621893

v 26.641300 -95.513603 27.419294

v 25.878502 -96.077797 27.464195

v 0.125001 -67.214203 24.997196

v 25.338558 -95.762459 27.621893

v 26.640701 -95.499496 27.622896

v 0.887267 -66.635902 25.155796

v 0.887267 -66.635902 25.155796

v 26.640701 -95.499496 27.622896

v 26.641300 -95.513603 27.419294

v 25.746199 -96.243202 26.522797

v 25.881001 -96.143600 26.514797

v 25.878502 -96.077797 27.464195

v 28.015089 -96.661369 26.374878

v 29.090532 -96.082397 25.977556

v 27.816599 -95.396797 26.713198

v 28.106499 -95.941505 25.959896

v 29.049301 -95.820305 25.959497

v 28.018799 -95.370796 26.713097

v 25.338558 -95.762459 27.621893

v 26.640701 -95.499496 27.622896

v 26.641300 -95.513603 27.419294

v 0.127485 -67.279999 24.047796

v 0.127485 -67.279999 24.047796

v 22.793999 -67.363014 -0.509250

v 6.749170 -74.090637 25.551188

v 23.125429 -74.204033 24.177662

v 6.749170 -74.090637 25.551188

v 22.894550 -74.157120 24.643991

v 23.125429 -74.204033 24.177662

v 22.894550 -74.157120 24.643991

v 22.705599 -73.855705 24.138136

v 22.712580 -73.617783 24.628538

v 9.619577 -67.644081 23.982763

v 22.712580 -73.617783 24.628538

v 22.606039 -74.097801 24.522497

v 9.619577 -67.644081 23.982763

v 22.606039 -74.097801 24.522497

v 22.712580 -73.617783 24.628538

v 22.733650 -67.622314 23.542786

v 22.793999 -67.363014 -0.509250

v 23.371700 -67.524879 -0.784314

v 23.491699 -68.059700 -0.784314

v 23.491858 -67.437958 -0.742099

v 23.492983 -68.058640 23.113453

v 23.371700 -67.524879 -0.784314

v 23.371700 -68.059700 -0.784314

v 23.371700 -68.059700 23.228195

v 23.371700 -68.059700 23.228195

v 23.371700 -68.059700 -0.784314

v 23.491699 -68.059700 -0.784314

v 23.542000 -67.764000 -0.412547

v 23.543249 -67.407494 0.793106

v 23.728701 -67.637199 -0.279603

v 23.371700 -67.524879 -0.784314

v 24.682247 -67.684677 -0.132383

v 23.371700 -68.059700 -0.784314

v 23.491858 -67.437958 -0.742099

v 23.491699 -68.059700 -0.784314

v 24.179695 -74.629196 7.014534

v 24.694853 -74.540756 6.718800

v 23.137075 -67.924805 10.787423

v 9.619577 -67.644081 23.982763

v 10.027059 -67.453735 23.561670

v 10.027059 -67.453735 23.561670

v 9.619577 -67.644081 23.982763

v 22.712580 -73.617783 24.628538

v 24.694853 -74.540756 6.718800

v 24.179695 -74.629196 7.014534

v 23.137075 -67.924805 10.787423

v 22.705599 -73.855705 24.138136

v 24.523327 -73.957161 23.432501

v 24.832729 -74.654533 6.359314

v 24.741724 -74.392555 23.457796

v 24.832729 -74.654533 6.359314

v 25.173557 -74.222290 6.499055

v 24.832729 -74.654533 6.359314

v 24.523327 -73.957161 23.432501

v 24.832729 -74.654533 6.359314

v 25.173557 -74.222290 6.499055

v 25.059774 -74.069572 23.443779

v 24.741724 -74.392555 23.457796

v 24.523327 -73.957161 23.432501

v 24.523327 -73.957161 23.432501

v 25.059774 -74.069572 23.443779

v 23.576401 -67.574913 10.541445

v 24.559307 -73.722313 23.128897

v 23.576401 -67.574913 10.541445

v 24.952337 -73.733253 23.313114

v 23.492983 -68.058640 23.113453

v 23.447868 -67.302483 23.447506

v 23.447868 -67.302483 23.447506

v 23.447868 -67.302483 23.447506

v 22.733650 -67.622314 23.542786

v 24.559307 -73.722313 23.128897

v 24.952337 -73.733253 23.313114

v 23.447868 -67.302483 23.447506

v 23.371700 -68.059700 23.228195

v 23.492983 -68.058640 23.113453

v 24.682247 -67.684677 -0.132383

v 23.543249 -67.407494 0.793106

v -0.181586 -67.331604 24.950014

v -0.035914 -67.177322 25.210506

v 0.887799 -66.650101 24.952295

v -0.035914 -67.177322 25.210506

v 0.887799 -66.650101 24.952295

v 23.542000 -67.764000 -0.412547

v 23.542000 -67.764000 -0.412547

v 7.037629 -74.384300 25.861303

v 7.402561 -74.396072 26.304647

v 10.646537 -67.538124 24.258516

v 7.402561 -74.396072 26.304647

v 7.037629 -74.384300 25.861303

v 10.646537 -67.538124 24.258516

v 23.148920 -67.378479 24.009008

v 23.129234 -67.403847 24.698376

v 22.968399 -67.489204 24.118095

v 23.115593 -68.024338 23.935362

v 22.968399 -67.489204 24.118095

v 23.129234 -67.403847 24.698376

v -0.017964 -67.489204 24.695797

v 23.129234 -67.403847 24.698376

v 23.148920 -67.378479 24.009008

v 2.044895 -67.412567 24.048662

v 23.148920 -67.378479 24.009008

v 23.115593 -68.024338 23.935362

v -0.017964 -68.000198 24.118095

v 23.115593 -68.024338 23.935362

v 22.968399 -67.489204 24.118095

v 23.115593 -68.024338 23.935362

v -0.017964 -68.000198 24.118095

v 23.129234 -67.403847 24.698376

v -0.017964 -67.379601 24.695797

v -0.017964 -67.489204 24.695797

v 2.044895 -67.412567 24.048662

v -0.017964 -67.379601 24.695797

v 2.044895 -67.412567 24.048662

v 2.044895 -67.412567 24.048662

v -0.017964 -68.000198 24.016096

v -0.017964 -68.000198 24.016096

v -10.650134 -67.611282 24.284613

v -7.423002 -74.427071 26.316549

v -7.075254 -74.380630 25.860495

v -27.176779 -88.985786 25.037052

v -27.144878 -89.058716 20.124102

v -26.805353 -89.007767 24.825333

v -27.144878 -89.058716 20.124102

v -26.805353 -89.007767 24.825333

v -27.176779 -88.985786 25.037052

v -25.914400 -96.077797 27.464195

v -25.916901 -96.143600 26.514797

v -25.782099 -96.243202 26.522797

v -25.779701 -96.177399 27.472197

v -26.676699 -95.499496 27.622896

v -26.677200 -95.513603 27.419294

v -26.262199 -96.582420 27.725700

v -25.013950 -89.040657 26.017963

v -24.910797 -88.993858 26.403997

v -20.056845 -88.986832 26.792570

v -24.910797 -88.993858 26.403997

v -25.013950 -89.040657 26.017963

v -20.056845 -88.986832 26.792570

v -0.028675 -67.379700 24.055696

v -25.782099 -96.243202 26.522797

v -25.916901 -96.143600 26.514797

v -25.779701 -96.177399 27.472197

v -25.782099 -96.243202 26.522797

v -0.028675 -67.379700 24.055696

v -25.916901 -96.143600 26.514797

v -25.914400 -96.077797 27.464195

v -0.181586 -67.331604 24.950014

v -26.262199 -96.582420 27.725700

v -25.779701 -96.177399 27.472197

v -0.181586 -67.331604 24.950014

v -0.923195 -66.635902 25.155796

v -26.676699 -95.499496 27.622896

v -26.262199 -96.582420 27.725700

v -0.181586 -67.331604 24.950014

v -25.914400 -96.077797 27.464195

v -26.677200 -95.513603 27.419294

v -26.677200 -95.513603 27.419294

v -26.676699 -95.499496 27.622896

v -0.923195 -66.635902 25.155796

v -6.902876 -74.090042 25.544092

v -23.134516 -74.204239 24.179253

v -22.962292 -74.155838 24.641489

v -22.962292 -74.155838 24.641489

v -23.134516 -74.204239 24.179253

v -10.176885 -67.510101 23.565870

v -22.845440 -73.903717 24.144541

v -22.905802 -73.695793 24.637590

v -9.893395 -67.766457 23.992037

v -22.905802 -73.695793 24.637590

v -22.845440 -73.903717 24.144541

v -22.656904 -74.103378 24.525738

v -22.905802 -73.695793 24.637590

v -22.905802 -73.695793 24.637590

v -22.656904 -74.103378 24.525738

v -9.893395 -67.766457 23.992037

v -6.902876 -74.090042 25.544092

v -23.004299 -67.489204 24.118095

v -22.675989 -68.002090 24.039110

v -9.893395 -67.766457 23.992037

v -10.176885 -67.510101 23.565870

v -9.893395 -67.766457 23.992037

v -22.691362 -67.401611 24.702442

v -23.004299 -67.489204 24.118095

v -0.163414 -67.279999 24.047796

v -0.163414 -67.279999 24.047796

v -7.423002 -74.427071 26.316549

v -10.650134 -67.611282 24.284613

v -22.675989 -68.002090 24.039110

v -22.691362 -67.401611 24.702442

v -2.463380 -68.829102 24.615496

v -2.463380 -68.829102 24.800797

v -2.463380 -66.779602 24.800797

v -2.463380 -68.829102 24.800797

v -2.463380 -68.829102 24.615496

v 2.591360 -68.829102 24.615496

v 2.591360 -68.829102 24.800797

v 2.044895 -67.412567 24.048662

v -0.017964 -68.000198 24.016096

v -0.017964 -68.000198 24.118095

v 2.591360 -66.779602 24.615496

v 2.591360 -68.829102 24.615496

v -2.463380 -68.829102 24.615496

v -2.463380 -68.829102 24.800797

v 2.591360 -68.829102 24.800797

v 2.591360 -66.779602 24.800797

v 2.591360 -68.829102 24.800797

v 2.591360 -68.829102 24.615496

v 2.591360 -66.779602 24.615496

v -2.463380 -66.779602 24.615496

v -0.017964 -67.379601 24.695797

v -2.463380 -66.779602 24.615496

v -2.463380 -66.779602 24.800797

v -0.017964 -67.489204 24.695797

v -0.181586 -67.331604 24.950014

v -0.028675 -67.379700 24.055696

v -0.163414 -67.279999 24.047796

v -7.075254 -74.380630 25.860495

v -2.463380 -66.779602 24.615496

v -2.463380 -66.779602 24.800797

v 2.591360 -66.779602 24.800797

v -0.035914 -67.177322 25.210506

v -0.181586 -67.331604 24.950014

v -0.923728 -66.650101 24.952295

v -0.923195 -66.635902 25.155796

v 2.591360 -66.779602 24.615496

v -0.035914 -67.177322 25.210506

v 2.591360 -66.779602 24.800797

v -0.923728 -66.650101 24.952295

v -0.035914 -67.177322 25.210506

v -0.923728 -66.650101 24.952295

v -0.181586 -67.331604 24.950014

v 15.667483 -12.886683 -0.483032

v 12.624608 4.746175 -15.077719

v 11.851368 4.589470 -14.898242

v 15.938900 -15.237500 -2.987041

v 15.826300 -15.256000 -2.987041

v 15.111200 -10.893600 -2.987041

v 15.111200 -10.893600 -2.987041

v 15.826300 -15.256000 -2.987041

v 15.826300 -15.256000 2.067709

v 15.938900 -15.237500 2.067709

v 15.938900 -15.237500 -2.987041

v 15.223800 -10.875199 -2.987041

v 19.212500 -36.770100 19.533098

v 19.078678 -36.645729 19.690807

v 19.178499 -37.258198 18.828598

v 19.310499 -37.240101 18.832399

v 15.858481 -13.009720 -0.333098

v 14.986261 -13.114089 -0.224845

v 15.667483 -12.886683 -0.483032

v 15.810439 -13.946550 -0.440389

v 15.813115 -13.433758 0.554301

v 15.934999 -13.515300 0.360567

v 16.682100 -13.412499 0.382380

v 15.934999 -13.515300 0.360567

v 15.813115 -13.433758 0.554301

v 16.661100 -13.311701 0.532623

v 15.223800 -10.875199 -2.987041

v 15.223800 -10.875199 -2.987041

v 15.111200 -10.893600 -2.987041

v 15.111200 -10.893600 2.067710

v 15.111200 -10.893600 2.067710

v 15.223800 -10.875199 2.067710

v 19.959600 -36.667297 19.554897

v 16.682100 -13.412499 0.382380

v 16.661100 -13.311701 0.532623

v 15.223800 -10.875199 2.067710

v 15.005014 -13.237270 -0.488222

v 15.934999 -13.515300 0.360567

v 16.682100 -13.412499 0.382380

v 19.959600 -36.667297 19.554897

v 12.624608 4.746175 -15.077719

v 15.667483 -12.886683 -0.483032

v 15.858481 -13.009720 -0.333098

v 19.078678 -36.645729 19.690807

v 15.813115 -13.433758 0.554301

v 15.810439 -13.946550 -0.440389

v 19.310499 -37.240101 18.832399

v 15.810439 -13.946550 -0.440389

v 15.934999 -13.515300 0.360567

v 15.810439 -13.946550 -0.440389

v 19.310499 -37.240101 18.832399

v 15.938900 -15.237500 2.067709

v 15.826300 -15.256000 2.067709

v 15.826300 -15.256000 -2.987041

v 15.938900 -15.237500 -2.987041

v 15.826300 -15.256000 2.067709

v 15.938900 -15.237500 2.067709

v 15.223800 -10.875199 2.067710

v 15.111200 -10.893600 2.067710

v 15.002381 -13.339772 -0.518303

v 15.808712 -12.979811 -0.891351

v 15.323600 -13.188001 16.753300

v 15.808712 -12.979811 -0.891351

v 15.002381 -13.339772 -0.518303

v 14.695254 -13.073038 16.780264

v 15.556112 -13.708801 16.634087

v 15.635382 -13.791386 -0.641922

v 15.808712 -12.979811 -0.891351

v 15.323600 -13.188001 16.753300

v 15.808712 -12.979811 -0.891351

v 15.635382 -13.791386 -0.641922

v 12.843054 4.156514 14.877157

v 15.661592 -13.468284 0.239733

v 15.858481 -13.009720 -0.333098

v 15.667483 -12.886683 -0.483032

v 14.986261 -13.114089 -0.224845

v 11.856133 4.618912 14.155408

v 14.986261 -13.114089 -0.224845

v 15.858481 -13.009720 -0.333098

v 12.605999 4.502620 14.269599

v 15.858481 -13.009720 -0.333098

v 15.667483 -12.886683 -0.483032

v 12.702351 4.615761 14.177926

v 12.605999 4.502620 14.269599

v 15.858481 -13.009720 -0.333098

v 15.661592 -13.468284 0.239733

v 12.843054 4.156514 14.877157

v 12.702351 4.615761 14.177926

v 12.605999 4.502620 14.269599

v 11.856133 4.618912 14.155408

v 12.605999 4.502620 14.269599

v 12.702351 4.615761 14.177926

v 12.843054 4.156514 14.877157

v 12.702351 4.615761 14.177926

v 19.178499 -37.258198 18.828598

v 19.178499 -37.258198 18.828598

v 19.212500 -36.770100 19.533098

v 19.212500 -36.770100 19.533098

v 14.325189 -4.294815 16.054920

v 14.617867 -4.508288 15.724300

v 14.393624 -4.437041 7.589735

v 14.617867 -4.508288 15.724300

v 14.325189 -4.294815 16.054920

v 14.393624 -4.437041 7.589735

v 12.702351 4.615761 14.177926

v 11.856133 4.618912 14.155408

v 15.748382 -13.691137 16.827492

v 14.375321 -4.194134 7.332685

v 14.275317 -4.625493 7.022079

v 15.748382 -13.691137 16.827492

v 14.275317 -4.625493 7.022079

v 14.375321 -4.194134 7.332685

v 14.695254 -13.073038 16.780264

v 15.323600 -13.188001 16.753300

v 15.396217 -13.052207 16.490005

v 15.556112 -13.708801 16.634087

v 15.396217 -13.052207 16.490005

v 14.695254 -13.073038 16.780264

v 15.396217 -13.052207 16.490005

v 15.556112 -13.708801 16.634087

v 11.793798 4.731055 14.817321

v 12.309175 4.477355 14.870067

v 12.900750 4.843464 -0.774374

v 12.743800 4.007457 -0.916381

v 12.673820 4.105195 14.569431

v 12.309175 4.477355 14.870067

v 12.900750 4.843464 -0.774374

v 12.309175 4.477355 14.870067

v 12.673820 4.105195 14.569431

v 11.917900 4.335110 -16.249701

v 0.136629 34.155094 -12.263242

v 0.191106 34.042801 -12.361897

v 0.191106 34.042801 -12.361897

v 0.678165 34.355900 -12.253298

v 12.529699 4.735371 -16.216600

v 0.809407 34.321117 -12.159018

v 0.136629 34.155094 -12.263242

v 12.696041 4.681575 -16.104677

v 12.849625 4.827901 -16.839285

v 0.641408 34.443645 -12.811496

v 0.809407 34.321117 -12.159018

v 12.529699 4.735371 -16.216600

v 0.678165 34.355900 -12.253298

v 0.641408 34.443645 -12.811496

v 0.641408 34.443645 -12.811496

v 0.678165 34.355900 -12.253298

v 0.678165 34.355900 -12.253298

v 0.191106 34.042801 -12.361897

v 0.136629 34.155094 -12.263242

v 0.809407 34.321117 -12.159018

v 0.678165 34.355900 -12.253298

v 0.136629 34.155094 -12.263242

v 0.809407 34.321117 -12.159018

v 11.746201 4.524131 -17.042000

v 11.630800 4.586381 -17.034000

v 11.661233 4.550151 -16.272106

v 11.750100 4.460821 -16.399200

v 12.696041 4.681575 -16.104677

v 11.917900 4.335110 -16.249701

v 11.929299 4.349451 -16.350500

v 12.529699 4.735371 -16.216600

v 11.794790 4.731287 -16.198502

v 12.495686 4.760774 -16.023117

v 12.544242 4.422241 -15.944196

v 12.849625 4.827901 -16.839285

v 12.696041 4.681575 -16.104677

v 15.660864 -13.470375 -1.109447

v 15.667483 -12.886683 -0.483032

v 12.645977 4.363293 -15.064404

v 12.645977 4.363293 -15.064404

v 15.667483 -12.886683 -0.483032

v 15.005014 -13.237270 -0.488222

v 15.858481 -13.009720 -0.333098

v 15.660864 -13.470375 -1.109447

v 12.842834 4.165326 -15.664002

v 12.529699 4.735371 -16.216600

v 11.750100 4.460821 -16.399200

v 0.270459 -13.070599 -18.401899

v 0.266595 -13.007298 -19.044600

v 11.661233 4.550151 -16.272106

v 0.113479 -12.999757 -19.036440

v 0.191687 -12.970548 -18.274239

v 0.266595 -13.007298 -19.044600

v 0.113479 -12.999757 -19.036440

v 11.630800 4.586381 -17.034000

v 0.191687 -12.970548 -18.274239

v 1.050045 -13.179980 -18.524427

v 12.525328 4.462180 -16.201637

v 1.050045 -13.179980 -18.524427

v 0.270459 -13.070599 -18.401899

v 11.750100 4.460821 -16.399200

v 11.851368 4.589470 -14.898242

v 12.624608 4.746175 -15.077719

v 15.660864 -13.470375 -1.109447

v 15.858481 -13.009720 -0.333098

v 15.667483 -12.886683 -0.483032

v 12.645977 4.363293 -15.064404

v 12.107773 4.474124 -0.705767

v 11.794790 4.731287 -16.198502

v 12.544242 4.422241 -15.944196

v 12.309175 4.477355 14.870067

v 11.793798 4.731055 14.817321

v 12.107557 4.472232 -0.668785

v 12.743800 4.007457 -0.916381

v 12.900750 4.843464 -0.774374

v 12.892334 4.848661 -0.575813

v 12.495686 4.760774 -16.023117

v 11.794790 4.731287 -16.198502

v 12.544242 4.422241 -15.944196

v 12.738084 4.009645 -0.430721

v 12.544242 4.422241 -15.944196

v 12.495686 4.760774 -16.023117

v 12.892334 4.848661 -0.575813

v 11.929299 4.349451 -16.350500

v 1.050045 -13.179980 -18.524427

v 0.191687 -12.970548 -18.274239

v 0.270459 -13.070599 -18.401899

v 0.113479 -12.999757 -19.036440

v 0.270459 -13.070599 -18.401899

v 0.191687 -12.970548 -18.274239

v 11.929299 4.349451 -16.350500

v 11.917900 4.335110 -16.249701

v 12.849625 4.827901 -16.839285

v 12.696041 4.681575 -16.104677

v 0.113479 -12.999757 -19.036440

v 0.266595 -13.007298 -19.044600

v 0.270459 -13.070599 -18.401899

v 12.900750 4.843464 -0.774374

v 12.107773 4.474124 -0.705767

v 12.107557 4.472232 -0.668785

v 12.892334 4.848661 -0.575813

v 12.892334 4.848661 -0.575813

v 12.645977 4.363293 -15.064404

v 12.624608 4.746175 -15.077719

v 15.858481 -13.009720 -0.333098

v 12.645977 4.363293 -15.064404

v 12.842834 4.165326 -15.664002

v 14.306683 -4.253330 -16.745756

v 14.397179 -4.412269 -8.304848

v 14.608321 -4.511794 -16.550940

v 14.397179 -4.412269 -8.304848

v 14.608321 -4.511794 -16.550940

v 14.306683 -4.253330 -16.745756

v 12.738084 4.009645 -0.430721

v 11.851368 4.589470 -14.898242

v 11.750100 4.460821 -16.399200

v 11.661233 4.550151 -16.272106

v 11.746201 4.524131 -17.042000

v 12.525328 4.462180 -16.201637

v 11.630800 4.586381 -17.034000

v 11.746201 4.524131 -17.042000

v 6.518488 -4.284003 -17.228802

v 13.655276 -4.445986 -16.842245

v 13.785923 -4.113444 -17.049051

v 6.518488 -4.284003 -17.228802

v 13.785923 -4.113444 -17.049051

v 13.655276 -4.445986 -16.842245

v 16.139767 -20.265081 -18.212782

v 16.699091 -20.651121 -7.025288

v 16.432512 -20.603468 -18.487942

v 16.699091 -20.651121 -7.025288

v 19.959600 -36.667297 -20.359102

v 16.682100 -13.412499 -1.186611

v 15.934999 -13.515300 -1.164791

v 19.138649 -37.045048 -20.826685

v 15.840062 -13.637530 -1.530608

v 16.661100 -13.311701 -1.336851

v 15.814394 -13.962689 -0.379014

v 15.840062 -13.637530 -1.530608

v 19.138649 -37.045048 -20.826685

v 16.432512 -20.603468 -18.487942

v 16.139767 -20.265081 -18.212782

v 14.786219 -13.455185 -18.548817

v 5.731003 -20.672482 -19.252476

v 5.521103 -20.337889 -19.178888

v 16.661100 -13.311701 -1.336851

v 16.682100 -13.412499 -1.186611

v 19.959600 -36.667297 -20.359102

v 5.748160 -20.510416 -19.181091

v 15.922989 -20.490168 -19.296331

v 5.547746 -20.490849 -19.515806

v 15.922989 -20.490168 -19.296331

v 5.748160 -20.510416 -19.181091

v 5.547746 -20.490849 -19.515806

v 15.567604 -14.610867 -15.462871

v 16.793932 -21.182356 -6.587462

v 15.567604 -14.610867 -15.462871

v 16.889294 -20.998463 -6.025330

v 16.889294 -20.998463 -6.025330

v 16.793932 -21.182356 -6.587462

v 17.885647 -29.269423 -14.005260

v 17.937895 -29.015285 -13.701609

v 16.213133 -20.354856 -17.976173

v 17.937895 -29.015285 -13.701609

v 17.885647 -29.269423 -14.005260

v 19.178499 -37.258301 -19.632801

v 19.138649 -37.045048 -20.826685

v 19.212500 -36.770100 -20.337301

v 19.310499 -37.240101 -19.636602

v 19.138649 -37.045048 -20.826685

v 19.938499 -36.566498 -20.509401

v 19.959600 -36.667297 -20.359102

v 15.814394 -13.962689 -0.379014

v 19.178499 -37.258301 -19.632801

v 19.310499 -37.240101 -19.636602

v 19.938499 -36.566498 -20.509401

v 19.212500 -36.770100 -20.337301

v 19.310499 -37.240101 -19.636602

v 19.212500 -36.770100 -20.337301

v 15.934999 -13.515300 -1.164791

v 19.938499 -36.566498 -20.509401

v 19.178499 -37.258301 -19.632801

v 16.213133 -20.354856 -17.976173

v 15.551966 -20.372467 -19.378296

v 12.137836 -29.127695 -20.102793

v 15.551966 -20.372467 -19.378296

v 12.449771 -29.360529 -20.199015

v 17.813475 -28.889851 -13.869423

v 17.956259 -29.486549 -13.661044

v 17.715836 -29.166590 -19.188135

v 17.956259 -29.486549 -13.661044

v 17.813475 -28.889851 -13.869423

v 17.715836 -29.166590 -19.188135

v 12.449771 -29.360529 -20.199015

v 12.137836 -29.127695 -20.102793

v 15.814394 -13.962689 -0.379014

v 15.377259 -13.047956 -17.597935

v 15.555981 -13.693997 -17.525757

v 14.684532 -13.073367 -17.575180

v 15.323600 -13.187999 -17.557501

v 15.323600 -13.187999 -17.557501

v 15.555981 -13.693997 -17.525757

v 15.617679 -13.801023 -0.196797

v 15.001776 -13.334812 -0.219224

v 14.684532 -13.073367 -17.575180

v 15.323600 -13.187999 -17.557501

v 15.555981 -13.693997 -17.525757

v 15.377259 -13.047956 -17.597935

v 15.778155 -12.965618 -0.256659

v 15.778155 -12.965618 -0.256659

v 15.377259 -13.047956 -17.597935

v 14.684532 -13.073367 -17.575180

v 15.725066 -13.520174 -17.457392

v 14.366071 -4.143892 -8.086184

v 15.725066 -13.520174 -17.457392

v 14.253713 -4.476760 -7.677075

v 14.253713 -4.476760 -7.677075

v 14.366071 -4.143892 -8.086184

v 15.778155 -12.965618 -0.256659

v 15.001776 -13.334812 -0.219224

v 15.617679 -13.801023 -0.196797

v 15.778155 -12.965618 -0.256659

v 15.840062 -13.637530 -1.530608

v 15.934999 -13.515300 -1.164791

v 16.682100 -13.412499 -1.186611

v 16.661100 -13.311701 -1.336851

v 15.840062 -13.637530 -1.530608

v 15.814394 -13.962689 -0.379014

v 15.934999 -13.515300 -1.164791

v 17.928053 -28.965094 12.923190

v 16.186901 -20.229887 17.236065

v 17.877823 -29.232323 13.221466

v 16.186901 -20.229887 17.236065

v 17.877823 -29.232323 13.221466

v 17.928053 -28.965094 12.923190

v 17.832317 -29.051023 13.305007

v 17.429058 -28.978746 18.486116

v 17.762756 -29.282768 18.333691

v 17.832317 -29.051023 13.305007

v 17.762756 -29.282768 18.333691

v 17.429058 -28.978746 18.486116

v 19.938499 -36.566498 19.705099

v 19.078678 -36.645729 19.690807

v 19.938499 -36.566498 19.705099

v 16.661100 -13.311701 0.532623

v 19.074142 -37.903950 20.200722

v 19.190945 -38.114723 19.334448

v 0.934066 -13.817658 17.555212

v 12.150048 -29.079767 19.296869

v 12.431223 -29.410131 19.404760

v 12.431223 -29.410131 19.404760

v 12.150048 -29.079767 19.296869

v 16.968594 -29.333036 19.473591

v 12.569646 -29.100975 19.422501

v 17.211298 -28.963390 19.718561

v 12.569646 -29.100975 19.422501

v 16.968594 -29.333036 19.473591

v 17.211298 -28.963390 19.718561

v 15.571507 -20.310532 18.570942

v 15.571507 -20.310532 18.570942

v 6.338674 -4.313470 16.413113

v 14.673785 -12.947890 17.160557

v 5.973373 -4.610096 16.577202

v 14.673785 -12.947890 17.160557

v 6.338674 -4.313470 16.413113

v 5.973373 -4.610096 16.577202

v 5.645010 -20.263935 18.365574

v 14.964941 -13.320352 17.734608

v 5.739896 -20.667694 18.449539

v 14.964941 -13.320352 17.734608

v 5.645010 -20.263935 18.365574

v 5.739896 -20.667694 18.449539

v 15.993579 -20.408875 18.629309

v 5.271136 -20.330898 18.921017

v 15.993579 -20.408875 18.629309

v 5.271136 -20.330898 18.921017

v 5.687861 -20.557707 18.322529

v 5.687861 -20.557707 18.322529

v 19.938499 -36.566498 19.705099

v 19.078678 -36.645729 19.690807

v 19.959600 -36.667297 19.554897

v 1.034840 -14.007201 16.683201

v 15.813115 -13.433758 0.554301

v 16.788254 -20.296198 6.100093

v 15.233328 -13.415005 16.517544

v 16.729977 -20.968662 6.107900

v 15.233328 -13.415005 16.517544

v 16.729977 -20.968662 6.107900

v 16.788254 -20.296198 6.100093

v 16.137001 -20.263674 17.497017

v 16.434353 -20.601784 17.663704

v 16.693829 -20.648428 6.364267

v 16.434353 -20.601784 17.663704

v 16.137001 -20.263674 17.497017

v 16.693829 -20.648428 6.364267

v 18.975500 -38.132797 19.328997

v 0.880010 -14.103702 16.690899

v 1.034840 -14.007201 16.683201

v 0.870339 -14.040900 17.443501

v 0.880010 -14.103702 16.690899

v 18.975500 -38.132797 19.328997

v 0.110639 -14.487269 17.698879

v 18.243700 -38.520000 20.117399

v 18.243700 -38.520000 20.117399

v 0.110639 -14.487269 17.698879

v 0.870339 -14.040900 17.443501

v 19.074142 -37.903950 20.200722

v 0.934066 -13.817658 17.555212

v 0.110639 -14.487269 17.698879

v 18.242001 -38.508900 20.250397

v 11.603818 4.478571 15.485246

v 11.482815 4.514361 16.295715

v 11.750100 4.460820 15.594999

v 12.398512 4.258764 15.438456

v 11.603818 4.478571 15.485246

v 18.965799 -38.070000 20.081598

v 19.074142 -37.903950 20.200722

v 18.242001 -38.508900 20.250397

v 19.190945 -38.114723 19.334448

v 18.965799 -38.070000 20.081598

v 18.975500 -38.132797 19.328997

v 19.190945 -38.114723 19.334448

v 18.243700 -38.520000 20.117399

v -15.144514 -13.217438 17.723942

v -5.788518 -20.661041 18.446476

v -15.144514 -13.217438 17.723942

v -5.735022 -20.230652 18.359228

v 2.549030 -15.838401 17.189400

v -2.505720 -15.838401 17.189400

v -2.505720 -15.838401 17.059999

v 2.549030 -15.838401 17.059999

v -5.788518 -20.661041 18.446476

v -5.735022 -20.230652 18.359228

v -11.785999 4.460820 15.594999

v -11.785999 4.460820 15.594999

v -11.564066 4.581271 16.282873

v -11.606831 4.417507 15.483449

v -12.324400 4.170510 15.632600

v -11.606831 4.417507 15.483449

v -12.325100 4.159329 15.519001

v -12.325100 4.159329 15.519001

v -0.841903 -13.362971 17.519146

v -0.844764 -13.360901 17.635199

v -0.124309 -13.122353 17.491087

v -0.841903 -13.362971 17.519146

v -11.606831 4.417507 15.483449

v -0.844764 -13.360901 17.635199

v -0.306387 -13.070601 17.597599

v -11.785999 4.460820 15.594999

v -11.785999 4.460820 15.594999

v -0.306387 -13.070601 17.597599

v -0.346959 -13.114392 18.362564

v -2.505720 -9.978801 17.059999

v -2.505720 -15.838401 17.059999

v -2.505720 -15.838401 17.189400

v 2.549030 -15.838401 17.059999

v -2.505720 -15.838401 17.059999

v -2.505720 -9.978801 17.059999

v 0.934066 -13.817658 17.555212

v 1.034840 -14.007201 16.683201

v 0.880010 -14.103702 16.690899

v -2.505720 -9.978801 17.189400

v 2.549030 -9.978801 17.059999

v 2.549030 -9.978801 17.189400

v 2.549030 -15.838401 17.189400

v 2.549030 -15.838401 17.059999

v 2.549030 -9.978801 17.059999

v 2.549030 -9.978801 17.059999

v -2.505720 -9.978801 17.059999

v -2.505720 -9.978801 17.189400

v 2.549030 -9.978801 17.189400

v 11.750100 4.460820 15.594999

v 0.006965 -13.080757 17.403730

v 0.943046 -13.335632 17.747572

v 12.398512 4.258764 15.438456

v 0.943046 -13.335632 17.747572

v 0.006965 -13.080757 17.403730

v 0.203672 -13.267671 18.376024

v 0.006965 -13.080757 17.403730

v 11.750100 4.460820 15.594999

v -15.238377 -13.177187 17.670462

v -15.059821 -13.756268 17.525068

v 0.164015 -13.731229 17.666391

v 0.000635 -13.243069 18.320084

v -15.240887 -12.976058 18.245342

v -15.238377 -13.177187 17.670462

v -15.059821 -13.756268 17.525068

v -15.238377 -13.177187 17.670462

v 0.404110 -13.022562 17.479820

v 0.404110 -13.022562 17.479820

v -15.238377 -13.177187 17.670462

v -15.240887 -12.976058 18.245342

v 0.404110 -13.022562 17.479820

v 0.404110 -13.022562 17.479820

v 0.164015 -13.731229 17.666391

v 0.000635 -13.243069 18.320084

v -11.564066 4.581271 16.282873

v -0.346959 -13.114392 18.362564

v -0.124309 -13.122353 17.491087

v -2.505720 -9.978801 17.189400

v -2.505720 -15.838401 17.189400

v 2.549030 -15.838401 17.189400

v 0.110639 -14.487269 17.698879

v 0.934066 -13.817658 17.555212

v 0.870339 -14.040900 17.443501

v 0.870339 -14.040900 17.443501

v -0.306387 -13.070601 17.597599

v -0.844764 -13.360901 17.635199

v -0.841903 -13.362971 17.519146

v -0.124309 -13.122353 17.491087

v -0.306387 -13.070601 17.597599

v -0.841903 -13.362971 17.519146

v -0.306387 -13.070601 17.597599

v -0.124309 -13.122353 17.491087

v -0.346959 -13.114392 18.362564

v 2.549030 -9.978801 17.189400

v 15.443544 -13.446471 17.594639

v -0.055161 -13.824521 17.839842

v -0.013849 -13.047166 17.469719

v 15.443544 -13.446471 17.594639

v -0.013849 -13.047166 17.469719

v -0.055161 -13.824521 17.839842

v -0.086893 -13.248631 18.317204

v -0.013849 -13.047166 17.469719

v 15.443544 -13.446471 17.594639

v -0.013849 -13.047166 17.469719

v -0.086893 -13.248631 18.317204

v 15.190701 -12.988374 18.250040

v 0.006965 -13.080757 17.403730

v 0.203672 -13.267671 18.376024

v 11.482815 4.514361 16.295715

v -12.324400 4.170510 15.632600

v -12.325100 4.159329 15.519001

v -12.324400 4.170510 15.632600

v -11.606831 4.417507 15.483449

v -11.564066 4.581271 16.282873

v 18.242001 -38.508900 20.250397

v 18.965799 -38.070000 20.081598

v 18.965799 -38.070000 20.081598

v 15.129925 -13.106254 17.564978

v 15.190701 -12.988374 18.250040

v 15.129925 -13.106254 17.564978

v 15.443544 -13.446471 17.594639

v 15.129925 -13.106254 17.564978

v 15.190701 -12.988374 18.250040

v 19.190945 -38.114723 19.334448

v 6.638011 -4.289730 16.417820

v 13.709565 -4.445358 16.033770

v 11.482815 4.514361 16.295715

v 12.398512 4.258764 15.438456

v 11.603818 4.478571 15.485246

v 11.603818 4.478571 15.485246

v 6.638011 -4.289730 16.417820

v 13.874409 -4.115519 16.244341

v 13.874409 -4.115519 16.244341

v 13.709565 -4.445358 16.033770



vt 0.950684 0.533691

vt 0.947754 0.533203

vt 0.947754 0.533691

vt 0.287598 0.362305

vt 0.287598 0.378906

vt 0.943359 0.088867

vt 0.942871 0.099121

vt 0.184082 0.350098

vt 0.186523 0.339355

vt 0.168335 0.342285

vt 0.099670 0.279785

vt 0.117920 0.282715

vt 0.115479 0.271973

vt 0.942871 0.099121

vt 0.287598 0.378906

vt 0.398193 0.114746

vt 0.398193 0.114746

vt 0.397705 0.105957

vt 0.166260 0.350586

vt 0.097656 0.271484

vt 0.397705 0.105957

vt 0.923828 0.294434

vt 0.920410 0.293945

vt 0.922363 0.368652

vt 0.315918 0.096191

vt 0.313477 0.095703

vt 0.313477 0.096680

vt 0.564941 0.860474

vt 0.567871 0.861328

vt 0.568359 0.860718

vt 0.948242 0.865967

vt 0.951660 0.865723

vt 0.951172 0.776855

vt 0.940430 0.498047

vt 0.941895 0.418457

vt 0.937988 0.418457

vt 0.903809 0.498047

vt 0.905273 0.417969

vt 0.901855 0.498047

vt 0.901855 0.418457

vt 0.995117 0.605957

vt 0.995117 0.686035

vt 0.996094 0.686035

vt 0.932129 0.660889

vt 0.930664 0.750244

vt 0.935059 0.661133

vt 0.934570 0.749756

vt 0.930664 0.497070

vt 0.929688 0.408203

vt 0.923828 0.369141

vt 0.927246 0.497559

vt 0.926270 0.408203

vt 0.947266 0.232910

vt 0.945312 0.307129

vt 0.996094 0.179199

vt 0.995605 0.253906

vt 0.943359 0.200684

vt 0.944336 0.111816

vt 0.940430 0.112305

vt 0.939941 0.200684

vt 0.948730 0.306641

vt 0.963867 0.392090

vt 0.963867 0.390625

vt 0.960938 0.392090

vt 0.996094 0.253906

vt 0.947266 0.776611

vt 0.930664 0.530762

vt 0.933594 0.531738

vt 0.934082 0.531006

vt 0.942871 0.099121

vt 0.942871 0.099121

vt 0.943359 0.110352

vt 0.097656 0.271484

vt 0.115479 0.271973

vt 0.114807 0.260742

vt 0.183472 0.361328

vt 0.184082 0.350098

vt 0.166260 0.350586

vt 0.849121 0.374023

vt 0.909668 0.998442

vt 0.907715 0.889954

vt 0.852539 0.374512

vt 0.849121 0.491699

vt 0.881836 0.620361

vt 0.878906 0.621338

vt 0.878418 0.738281

vt 0.885742 0.888062

vt 0.886230 0.997702

vt 0.887695 0.998185

vt 0.916016 0.497559

vt 0.916016 0.389648

vt 0.914062 0.388184

vt 0.896484 0.864624

vt 0.895020 0.757080

vt 0.893066 0.758301

vt 0.855957 0.735352

vt 0.853516 0.734863

vt 0.857422 0.618652

vt 0.885742 0.880127

vt 0.883301 0.880737

vt 0.883301 0.998024

vt 0.912598 0.495605

vt 0.893066 0.866211

vt 0.887207 0.996740

vt 0.853516 0.617432

vt 0.906250 1.000044

vt 0.853027 0.491211

vt 0.882324 0.738770

vt 0.943359 0.110352

vt 0.545898 0.878418

vt 0.545898 0.878418

vt 0.545898 0.863159

vt 0.397705 0.105957

vt 0.397705 0.105957

vt 0.398193 0.095215

vt 0.166992 0.361328

vt 0.098450 0.260742

vt 0.398193 0.095215

vt 0.545898 0.863159

vt 0.889160 0.889648

vt 0.420898 0.214355

vt 0.420898 0.176270

vt 0.416748 0.176270

vt 0.537598 0.125977

vt 0.537598 0.087891

vt 0.534180 0.088379

vt 0.445801 0.128906

vt 0.447754 0.166992

vt 0.416748 0.214355

vt 0.898926 0.509766

vt 0.902344 0.511719

vt 0.888672 0.884155

vt 0.885254 0.886169

vt 0.902344 0.507812

vt 0.888672 0.888062

vt 0.257324 0.130371

vt 0.260254 0.130859

vt 0.260254 0.093262

vt 0.256836 0.092285

vt 0.088562 0.127930

vt 0.092041 0.128906

vt 0.092041 0.089844

vt 0.006546 0.167969

vt 0.008400 0.129395

vt 0.148438 0.214355

vt 0.152588 0.214355

vt 0.152588 0.176270

vt 0.004368 0.128906

vt 0.088562 0.089844

vt 0.148438 0.176270

vt 0.197021 0.128906

vt 0.197388 0.090332

vt 0.193848 0.091309

vt 0.496582 0.252930

vt 0.496826 0.202637

vt 0.490967 0.202637

vt 0.193848 0.128906

vt 0.358398 0.208496

vt 0.359375 0.158691

vt 0.352783 0.158691

vt 0.968750 0.560303

vt 0.967773 0.560547

vt 0.968750 0.563477

vt 0.930664 0.865967

vt 0.930664 0.777222

vt 0.906738 0.999104

vt 0.907715 0.919312

vt 0.902344 0.999815

vt 0.903809 0.919373

vt 0.940918 0.919312

vt 0.936523 0.918335

vt 0.937500 0.998793

vt 0.997070 0.679199

vt 0.997559 0.768921

vt 0.534180 0.126465

vt 0.449707 0.128906

vt 0.114807 0.240234

vt 0.114624 0.189941

vt 0.108765 0.190430

vt 0.490967 0.151367

vt 0.491455 0.201172

vt 0.497559 0.201172

vt 0.184448 0.338867

vt 0.184448 0.361328

vt 0.187500 0.361816

vt 0.189087 0.338867

vt 0.416748 0.154297

vt 0.247314 0.117676

vt 0.247803 0.140625

vt 0.251709 0.140137

vt 0.232056 0.125977

vt 0.233154 0.148926

vt 0.236694 0.148438

vt 0.920410 0.207031

vt 0.919922 0.281250

vt 0.923828 0.207031

vt 0.923828 0.281738

vt 0.420898 0.154297

vt 0.251465 0.117676

vt 0.236694 0.125977

vt 0.871094 0.145508

vt 0.864746 0.145508

vt 0.864258 0.195801

vt 0.291748 0.160645

vt 0.285156 0.160645

vt 0.286133 0.209961

vt 0.846191 0.233398

vt 0.851562 0.232910

vt 0.852051 0.183594

vt 0.291992 0.210938

vt 0.869629 0.194824

vt 0.329346 0.259277

vt 0.335938 0.259766

vt 0.334961 0.209961

vt 0.866211 0.875061

vt 0.870605 0.875061

vt 0.870605 0.870850

vt 0.866211 0.870850

vt 0.947266 0.383789

vt 0.946777 0.387695

vt 0.947266 0.387695

vt 0.929688 0.751099

vt 0.926270 0.751221

vt 0.925293 0.773315

vt 0.107605 0.115723

vt 0.103821 0.115234

vt 0.103271 0.137695

vt 0.152588 0.154297

vt 0.929688 0.773315

vt 0.352539 0.208496

vt 0.108948 0.240723

vt 0.496338 0.151367

vt 0.489746 0.252441

vt 0.928711 0.777466

vt 0.927246 0.866089

vt 0.937500 0.899414

vt 0.936523 0.903259

vt 0.937012 0.903381

vt 0.949707 0.200684

vt 0.951172 0.112305

vt 0.947754 0.111816

vt 0.941406 0.998747

vt 0.107483 0.137695

vt 0.148438 0.154297

vt 0.997070 0.679443

vt 0.930176 0.750000

vt 0.931641 0.749268

vt 0.932129 0.660400

vt 0.945312 0.156250

vt 0.945312 0.230469

vt 0.948730 0.230957

vt 0.183228 0.341797

vt 0.183228 0.337402

vt 0.178955 0.337402

vt 0.178955 0.341797

vt 0.928711 0.660400

vt 0.950195 0.408203

vt 0.948730 0.497559

vt 0.925781 0.522949

vt 0.929199 0.522705

vt 0.929199 0.500488

vt 0.924316 0.500488

vt 0.949219 0.155762

vt 0.952148 0.497559

vt 0.933594 0.500488

vt 0.930176 0.500732

vt 0.929199 0.522705

vt 0.245850 0.117676

vt 0.242065 0.117188

vt 0.241455 0.139648

vt 0.542480 0.175293

vt 0.546875 0.175293

vt 0.546875 0.152832

vt 0.515137 0.334473

vt 0.515137 0.356445

vt 0.518066 0.357422

vt 0.331787 0.299805

vt 0.350098 0.302246

vt 0.347656 0.291504

vt 0.501465 0.280762

vt 0.503906 0.270508

vt 0.485596 0.272949

vt 0.933594 0.522705

vt 0.245728 0.139648

vt 0.542480 0.152832

vt 0.074036 0.203125

vt 0.068115 0.202637

vt 0.068420 0.252930

vt 0.215576 0.114258

vt 0.214966 0.103516

vt 0.214844 0.103516

vt 0.431396 0.277832

vt 0.431396 0.273926

vt 0.427246 0.273926

vt 0.503906 0.167480

vt 0.505859 0.128906

vt 0.501953 0.129395

vt 0.236938 0.125000

vt 0.236938 0.087402

vt 0.233521 0.087402

vt 0.483154 0.216309

vt 0.483154 0.178711

vt 0.479004 0.178711

vt 0.233521 0.125977

vt 0.479004 0.216309

vt 0.910156 0.753540

vt 0.913574 0.755493

vt 0.887695 0.257812

vt 0.891113 0.255859

vt 0.913574 0.751587

vt 0.887695 0.253906

vt 0.937500 0.137695

vt 0.940430 0.138184

vt 0.940430 0.100586

vt 0.937012 0.099609

vt 0.375000 0.086426

vt 0.371582 0.085449

vt 0.371582 0.124512

vt 0.469971 0.164551

vt 0.471680 0.125977

vt 0.542480 0.212891

vt 0.546875 0.212891

vt 0.467773 0.125488

vt 0.375000 0.124512

vt 0.427246 0.277832

vt 0.928711 0.384766

vt 0.924316 0.384766

vt 0.925781 0.407227

vt 0.928711 0.407227

vt 0.869141 0.133301

vt 0.869141 0.133301

vt 0.869629 0.144043

vt 0.869629 0.144043

vt 0.346924 0.280273

vt 0.330566 0.280273

vt 0.329834 0.291016

vt 0.280518 0.132324

vt 0.280762 0.093750

vt 0.277344 0.094727

vt 0.913574 0.259277

vt 0.915527 0.151367

vt 0.911621 0.149902

vt 0.899414 0.481934

vt 0.899902 0.374023

vt 0.895996 0.375977

vt 0.858398 0.497070

vt 0.277344 0.132812

vt 0.519531 0.334473

vt 0.479004 0.156250

vt 0.292236 0.118164

vt 0.292725 0.141113

vt 0.296387 0.140625

vt 0.483154 0.156250

vt 0.866211 0.870605

vt 0.870605 0.870605

vt 0.870605 0.866455

vt 0.483398 0.281738

vt 0.329834 0.291016

vt 0.869141 0.133301

vt 0.869141 0.133301

vt 0.869629 0.125000

vt 0.869629 0.125000

vt 0.166992 0.366211

vt 0.166992 0.383301

vt 0.033722 0.245605

vt 0.039612 0.246094

vt 0.039734 0.195801

vt 0.167114 0.383301

vt 0.526855 0.202637

vt 0.520996 0.202637

vt 0.520996 0.252930

vt 0.247559 0.192383

vt 0.241821 0.192383

vt 0.241577 0.242188

vt 0.009727 0.168457

vt 0.003780 0.168457

vt 0.004116 0.218262

vt 0.102661 0.188965

vt 0.107849 0.188965

vt 0.109253 0.139160

vt 0.527832 0.252441

vt 0.010712 0.217773

vt 0.102966 0.138672

vt 0.247437 0.242676

vt 0.483398 0.281738

vt 0.484375 0.292480

vt 0.500488 0.292480

vt 0.389648 0.383301

vt 0.389648 0.383301

vt 0.389648 0.368652

vt 0.389648 0.368652

vt 0.912109 0.257812

vt 0.897461 0.483398

vt 0.857422 0.613525

vt 0.854980 0.612793

vt 0.882812 0.867432

vt 0.885254 0.866577

vt 0.885254 0.749268

vt 0.494873 0.430176

vt 0.494873 0.430176

vt 0.494873 0.464355

vt 0.028351 0.401855

vt 0.044220 0.401855

vt 0.044220 0.367188

vt 0.064453 0.401855

vt 0.064453 0.367188

vt 0.048615 0.367188

vt 0.487549 0.942169

vt 0.487793 0.942169

vt 0.487793 0.907593

vt 0.501465 0.280762

vt 0.347656 0.291504

vt 0.487061 0.913818

vt 0.487305 0.913818

vt 0.487305 0.898560

vt 0.487061 0.898560

vt 0.215454 0.092285

vt 0.215454 0.092285

vt 0.214844 0.103516

vt 0.214966 0.103516

vt 0.213257 0.373047

vt 0.213135 0.373047

vt 0.213135 0.388184

vt 0.494873 0.464355

vt 0.881348 0.750854

vt 0.854492 0.495605

vt 0.213257 0.388184

vt 0.028351 0.367188

vt 0.048615 0.401855

vt 0.487549 0.907593

vt 0.230591 0.709473

vt 0.190308 0.605469

vt 0.185791 0.605469

vt 0.470215 0.086914

vt 0.466797 0.086426

vt 0.466797 0.125000

vt 0.514648 0.132324

vt 0.512695 0.170898

vt 0.049194 0.578613

vt 0.053345 0.578613

vt 0.052887 0.540771

vt 0.516602 0.170898

vt 0.470215 0.124512

vt 0.048706 0.540771

vt 0.052612 0.518555

vt 0.026932 0.287109

vt 0.022964 0.287109

vt 0.022400 0.309082

vt 0.005928 0.583252

vt 0.002422 0.583740

vt 0.001343 0.605469

vt 0.877441 0.864136

vt 0.876953 0.744873

vt 0.875488 0.744385

vt 0.108337 0.304199

vt 0.110229 0.425781

vt 0.408936 0.346680

vt 0.412598 0.346680

vt 0.412842 0.226562

vt 0.866211 0.738281

vt 0.869629 0.738281

vt 0.869629 0.617188

vt 0.005917 0.605469

vt 0.001343 0.605469

vt 0.042877 0.713623

vt 0.026566 0.309082

vt 0.022400 0.309082

vt 0.023010 0.419922

vt 0.048431 0.518555

vt 0.052612 0.518555

vt 0.053345 0.415039

vt 0.865723 0.618164

vt 0.408691 0.225586

vt 0.270752 0.605469

vt 0.275146 0.605469

vt 0.273682 0.583740

vt 0.887207 0.619141

vt 0.887207 0.623047

vt 0.890625 0.621094

vt 0.873535 0.865601

vt 0.112000 0.305664

vt 0.187256 0.583252

vt 0.190308 0.583252

vt 0.005917 0.605469

vt 0.275146 0.605469

vt 0.270752 0.605469

vt 0.916016 0.877258

vt 0.916504 0.874146

vt 0.916016 0.877197

vt 0.431641 0.405762

vt 0.431396 0.302246

vt 0.427246 0.302246

vt 0.026566 0.309082

vt 0.048431 0.518555

vt 0.278076 0.381836

vt 0.277100 0.485352

vt 0.281250 0.485352

vt 0.050720 0.709229

vt 0.090820 0.605469

vt 0.086243 0.605469

vt 0.901855 0.867676

vt 0.900879 0.746582

vt 0.898926 0.744385

vt 0.872070 0.620361

vt 0.869629 0.619629

vt 0.869629 0.739014

vt 0.847168 0.880615

vt 0.844238 0.881531

vt 0.843750 0.999963

vt 0.046021 0.709229

vt 0.027054 0.417480

vt 0.277100 0.485352

vt 0.277588 0.507568

vt 0.281738 0.507568

vt 0.049164 0.414551

vt 0.089783 0.583252

vt 0.086243 0.583252

vt 0.431396 0.302246

vt 0.431641 0.279785

vt 0.427490 0.280273

vt 0.873047 0.739014

vt 0.847168 1.000062

vt 0.096802 0.099121

vt 0.096375 0.137695

vt 0.099854 0.137695

vt 0.099854 0.099609

vt 0.918945 0.879150

vt 0.917969 1.000149

vt 0.920898 0.999316

vt 0.898926 0.866821

vt 0.281250 0.485352

vt 0.046021 0.709229

vt 0.227661 0.720459

vt 0.232544 0.716553

vt 0.282227 0.381348

vt 0.427490 0.405762

vt 0.232666 0.716553

vt 0.225830 0.709229

vt 0.230591 0.709473

vt 0.427246 0.302246

vt 0.270752 0.583252

vt 0.493408 0.321289

vt 0.493652 0.327148

vt 0.051941 0.403809

vt 0.048309 0.407715

vt 0.049225 0.414551

vt 0.046021 0.709229

vt 0.429443 0.416992

vt 0.053345 0.414551

vt 0.048920 0.720459

vt 0.225830 0.709229

vt 0.431641 0.405762

vt 0.427490 0.405762

vt 0.050720 0.709229

vt 0.497314 0.320312

vt 0.042877 0.713623

vt 0.046051 0.709229

vt 0.037872 0.095703

vt 0.037933 0.095703

vt 0.038574 0.085449

vt 0.524414 0.253418

vt 0.505859 0.250977

vt 0.508789 0.261230

vt 0.046448 0.277344

vt 0.043915 0.288086

vt 0.062286 0.285645

vt 0.531738 0.207520

vt 0.530762 0.257324

vt 0.537109 0.257812

vt 0.020920 0.146973

vt 0.022400 0.196777

vt 0.027481 0.196777

vt 0.473389 0.215332

vt 0.473633 0.165039

vt 0.467773 0.165039

vt 0.928223 0.866943

vt 0.951660 0.536377

vt 0.949707 0.625000

vt 0.953125 0.624512

vt 0.169800 0.212891

vt 0.175659 0.213379

vt 0.175293 0.163574

vt 0.923340 0.750488

vt 0.922852 0.675781

vt 0.526367 0.261719

vt 0.064270 0.276855

vt 0.653809 0.879333

vt 0.653809 0.879333

vt 0.654297 0.887939

vt 0.654785 0.887939

vt 0.218140 0.365234

vt 0.218140 0.382324

vt 0.204712 0.186035

vt 0.204834 0.236328

vt 0.210815 0.235352

vt 0.218140 0.382324

vt 0.920898 0.877075

vt 0.240967 0.191406

vt 0.246094 0.190918

vt 0.247559 0.141602

vt 0.466797 0.214844

vt 0.210571 0.186035

vt 0.075073 0.252441

vt 0.027115 0.146484

vt 0.537598 0.207520

vt 0.954590 0.533691

vt 0.955078 0.530518

vt 0.954590 0.533447

vt 0.903320 0.244141

vt 0.902344 0.164062

vt 0.905762 0.243164

vt 0.919434 0.750488

vt 0.919434 0.675537

vt 0.033966 0.196289

vt 0.168701 0.163574

vt 0.653809 0.879333

vt 0.653809 0.879333

vt 0.654785 0.868652

vt 0.654297 0.868652

vt 0.064270 0.276855

vt 0.063538 0.266113

vt 0.047119 0.266113

vt 0.509277 0.272461

vt 0.525879 0.272461

vt 0.526367 0.261719

vt 0.046448 0.277344

vt 0.508789 0.261230

vt 0.037933 0.095703

vt 0.037872 0.095703

vt 0.038391 0.107422

vt 0.038483 0.107422

vt 0.494873 0.378418

vt 0.494873 0.378418

vt 0.494873 0.393555

vt 0.494873 0.393555

vt 0.945312 0.867065

vt 0.949219 0.867188

vt 0.948730 0.792725

vt 0.929688 0.496582

vt 0.933105 0.497559

vt 0.933105 0.408203

vt 0.927734 0.777832

vt 0.926270 0.778442

vt 0.945312 0.792603

vt 0.924805 0.866455

vt 0.951660 0.201172

vt 0.953125 0.200684

vt 0.953125 0.111816

vt 0.942871 0.749512

vt 0.942871 0.669678

vt 0.940430 0.669189

vt 0.931152 0.407715

vt 0.437256 0.209961

vt 0.437012 0.259766

vt 0.443115 0.260254

vt 0.536621 0.147461

vt 0.537109 0.197266

vt 0.542969 0.197754

vt 0.210938 0.186035

vt 0.211060 0.236816

vt 0.217041 0.236328

vt 0.949707 0.112305

vt 0.255371 0.171387

vt 0.254883 0.222656

vt 0.260986 0.222168

vt 0.241211 0.141602

vt 0.216797 0.186523

vt 0.444092 0.209473

vt 0.541992 0.146484

vt 0.261475 0.172363

vt 0.938965 0.749023

vt 0.906250 0.163574

vt 0.021500 0.196777

vt 0.021317 0.146484

vt 0.015121 0.145996

vt 0.924316 0.423340

vt 0.924316 0.498047

vt 0.888672 0.880005

vt 0.888672 0.876709

vt 0.887207 0.879761

vt 0.918457 0.375977

vt 0.920410 0.497559

vt 0.901855 0.370117

vt 0.901367 0.247070

vt 0.900391 0.245605

vt 0.871094 0.742432

vt 0.868164 0.744629

vt 0.867676 0.864136

vt 0.847656 0.616211

vt 0.843750 0.615723

vt 0.843750 0.735840

vt 0.302246 0.230957

vt 0.302734 0.181152

vt 0.296875 0.181152

vt 0.230591 0.149414

vt 0.232056 0.199219

vt 0.237183 0.199219

vt 0.343750 0.209961

vt 0.342773 0.259766

vt 0.349365 0.260254

vt 0.920898 0.422852

vt 0.920898 0.497559

vt 0.307373 0.181152

vt 0.301514 0.181641

vt 0.301758 0.231934

vt 0.102600 0.139648

vt 0.097473 0.139160

vt 0.096069 0.188965

vt 0.514648 0.252930

vt 0.521484 0.252441

vt 0.520508 0.202148

vt 0.057617 0.187012

vt 0.057770 0.237305

vt 0.063660 0.236816

vt 0.295898 0.230469

vt 0.063538 0.187012

vt 0.236816 0.148926

vt 0.349609 0.209961

vt 0.849609 0.860840

vt 0.849609 0.863770

vt 0.850586 0.861084

vt 0.039551 0.245605

vt 0.045471 0.246094

vt 0.045593 0.195801

vt 0.934082 0.652344

vt 0.933105 0.652344

vt 0.934082 0.655518

vt 0.929688 0.910522

vt 0.068604 0.237793

vt 0.068420 0.157227

vt 0.942871 0.624756

vt 0.942871 0.545166

vt 0.939453 0.544922

vt 0.065063 0.157715

vt 0.514160 0.202637

vt 0.039764 0.195312

vt 0.308350 0.231445

vt 0.102234 0.189941

vt 0.931152 0.910339

vt 0.929199 0.999741

vt 0.952148 0.294922

vt 0.950195 0.383301

vt 0.218384 0.234375

vt 0.219849 0.145996

vt 0.216309 0.146973

vt 0.944824 0.624512

vt 0.948730 0.623779

vt 0.948242 0.550537

vt 0.949219 0.998186

vt 0.951172 0.910828

vt 0.947754 0.909790

vt 0.945312 0.550049

vt 0.216797 0.235352

vt 0.932617 0.998823

vt 0.953613 0.384277

vt 0.064819 0.237305

vt 0.938965 0.625244

vt 0.844238 0.615234

vt 0.839844 0.614014

vt 0.840332 0.735107

vt 0.872070 0.864380

vt 0.847656 0.735596

vt 0.921875 0.373047

vt 0.898438 0.367188

vt 0.138184 0.848755

vt 0.142944 0.848755

vt 0.063477 0.415039

vt 0.059143 0.414551

vt 0.421631 0.405762

vt 0.424072 0.416016

vt 0.426025 0.405762

vt 0.141113 0.859131

vt 0.136719 0.857788

vt 0.062042 0.404785

vt 0.133545 0.848755

vt 0.421387 0.302246

vt 0.421631 0.405762

vt 0.426025 0.405762

vt 0.286621 0.485352

vt 0.287598 0.381348

vt 0.283447 0.381836

vt 0.178467 0.745117

vt 0.138184 0.848755

vt 0.142944 0.848755

vt 0.063477 0.415039

vt 0.059265 0.414551

vt 0.058563 0.518555

vt 0.059204 0.406250

vt 0.322754 0.709473

vt 0.324707 0.718018

vt 0.367432 0.605469

vt 0.277832 0.605469

vt 0.318115 0.709229

vt 0.322754 0.709473

vt 0.322754 0.709473

vt 0.324707 0.717773

vt 0.318115 0.709229

vt 0.320068 0.719482

vt 0.097656 0.423828

vt 0.101624 0.415039

vt 0.101196 0.311523

vt 0.133545 0.848755

vt 0.098145 0.745117

vt 0.103210 0.426270

vt 0.104980 0.306152

vt 0.101318 0.304688

vt 0.875488 0.369141

vt 0.876953 0.248047

vt 0.873535 0.249512

vt 0.868164 0.742676

vt 0.864258 0.743896

vt 0.864746 0.864258

vt 0.362793 0.605469

vt 0.487793 0.891541

vt 0.487549 0.891541

vt 0.487549 0.906860

vt 0.487793 0.906860

vt 0.212769 0.092285

vt 0.212769 0.092285

vt 0.212158 0.103516

vt 0.212280 0.103516

vt 0.362793 0.605469

vt 0.367432 0.605469

vt 0.365967 0.583252

vt 0.297119 0.291016

vt 0.314941 0.291504

vt 0.314209 0.280273

vt 0.028748 0.266113

vt 0.028061 0.277832

vt 0.045898 0.276855

vt 0.045135 0.266113

vt 0.297852 0.280273

vt 0.245605 0.117188

vt 0.245728 0.117188

vt 0.245117 0.106445

vt 0.362793 0.583252

vt 0.681641 0.861938

vt 0.681641 0.861938

vt 0.681641 0.879089

vt 0.245117 0.106445

vt 0.062744 0.518555

vt 0.752441 0.880310

vt 0.752441 0.880310

vt 0.751953 0.871826

vt 0.751465 0.871826

vt 0.282471 0.485352

vt 0.282715 0.507568

vt 0.286865 0.507568

vt 0.084717 0.272461

vt 0.086731 0.264160

vt 0.068909 0.264648

vt 0.329834 0.268555

vt 0.347656 0.269043

vt 0.345703 0.260742

vt 0.096985 0.311523

vt 0.093567 0.745117

vt 0.868164 0.863647

vt 0.843750 0.734863

vt 0.874023 0.368652

vt 0.062744 0.518555

vt 0.058563 0.518555

vt 0.058838 0.540771

vt 0.182983 0.745117

vt 0.181885 0.723145

vt 0.178467 0.722900

vt 0.425537 0.302246

vt 0.425293 0.280762

vt 0.421631 0.280273

vt 0.066345 0.274902

vt 0.327393 0.257812

vt 0.467773 0.085938

vt 0.467041 0.096191

vt 0.286621 0.485352

vt 0.467285 0.096191

vt 0.421387 0.302246

vt 0.096985 0.311523

vt 0.101196 0.311523

vt 0.101624 0.289062

vt 0.212280 0.103516

vt 0.212158 0.103516

vt 0.212891 0.114258

vt 0.098145 0.722900

vt 0.028061 0.277832

vt 0.025635 0.288086

vt 0.043884 0.285645

vt 0.299072 0.299805

vt 0.317383 0.302246

vt 0.314941 0.291504

vt 0.063049 0.540771

vt 0.097656 0.289062

vt 0.094666 0.722900

vt 0.045898 0.276855

vt 0.297119 0.291016

vt 0.245117 0.106445

vt 0.245117 0.106445

vt 0.245728 0.097656

vt 0.282471 0.485352

vt 0.425537 0.302246

vt 0.751465 0.871826

vt 0.751953 0.871826

vt 0.752441 0.861084

vt 0.282471 0.605469

vt 0.282471 0.583252

vt 0.279297 0.583740

vt 0.752441 0.861084

vt 0.086731 0.264160

vt 0.085938 0.253418

vt 0.069580 0.253418

vt 0.330566 0.279785

vt 0.346924 0.279785

vt 0.347656 0.269043

vt 0.068909 0.264648

vt 0.329834 0.268555

vt 0.467285 0.096191

vt 0.467041 0.096191

vt 0.467773 0.107910

vt 0.467773 0.107910

vt 0.027756 0.392578

vt 0.027847 0.392578

vt 0.027847 0.377441

vt 0.027756 0.377441

vt 0.245605 0.097656

vt 0.287598 0.362305

vt 0.287598 0.378906

vt 0.287598 0.378906

vt 0.928223 0.530273

vt 0.928223 0.527100

vt 0.928223 0.530273

vt 0.925781 0.535400

vt 0.925781 0.624268

vt 0.841797 0.244141

vt 0.842285 0.164062

vt 0.837402 0.244629

vt 0.838379 0.164062

vt 0.997070 0.253418

vt 0.996582 0.164062

vt 0.965820 0.922791

vt 0.965332 0.922607

vt 0.965820 0.926819

vt 0.932129 0.290039

vt 0.933594 0.286133

vt 0.932617 0.286133

vt 0.142212 0.145996

vt 0.135986 0.145508

vt 0.135620 0.195312

vt 0.308838 0.208496

vt 0.315430 0.208008

vt 0.314453 0.158691

vt 0.877441 0.193848

vt 0.871582 0.193848

vt 0.871094 0.243652

vt 0.341553 0.209961

vt 0.335693 0.209961

vt 0.335938 0.260254

vt 0.308594 0.158691

vt 0.140869 0.195312

vt 0.342529 0.259766

vt 0.876953 0.244141

vt 0.405273 0.166992

vt 0.404297 0.217773

vt 0.410645 0.217285

vt 0.153320 0.187012

vt 0.153320 0.237305

vt 0.159424 0.237793

vt 0.947754 0.627930

vt 0.947266 0.631836

vt 0.947754 0.631836

vt 0.460693 0.205078

vt 0.460449 0.255371

vt 0.466553 0.254883

vt 0.889160 0.612061

vt 0.889160 0.502930

vt 0.885742 0.504639

vt 0.876465 0.865479

vt 0.880371 0.864136

vt 0.878906 0.747559

vt 0.854004 0.618896

vt 0.850098 0.617432

vt 0.850586 0.734619

vt 0.241333 0.278809

vt 0.239746 0.387207

vt 0.243286 0.388672

vt 0.853027 0.735352

vt 0.887207 0.613037

vt 0.876953 0.748291

vt 0.243164 0.279785

vt 0.159180 0.187500

vt 0.467285 0.204590

vt 0.016602 0.196777

vt 0.410889 0.166992

vt 0.927734 0.623779

vt 0.929199 0.535400

vt 0.953613 0.535645

vt 0.952148 0.624023

vt 0.955566 0.624268

vt 0.937988 0.301270

vt 0.942383 0.301270

vt 0.941406 0.222168

vt 0.997070 0.253418

vt 0.918457 0.866455

vt 0.921387 0.792236

vt 0.917480 0.791748

vt 0.922363 0.867065

vt 0.929688 0.998355

vt 0.929688 0.909302

vt 0.997559 0.805542

vt 0.996582 0.894287

vt 0.948242 0.383301

vt 0.949219 0.308594

vt 0.944824 0.309570

vt 0.363525 0.160645

vt 0.362549 0.210938

vt 0.369141 0.211426

vt 0.136353 0.247070

vt 0.136719 0.196777

vt 0.130737 0.196289

vt 0.108948 0.240234

vt 0.108826 0.189941

vt 0.102966 0.190430

vt 0.522949 0.152344

vt 0.523438 0.202148

vt 0.529297 0.201660

vt 0.937012 0.221191

vt 0.926270 0.909790

vt 0.927734 0.997822

vt 0.951172 0.997852

vt 0.953125 0.909851

vt 0.997070 0.894348

vt 0.969238 0.795166

vt 0.969238 0.791260

vt 0.968750 0.791382

vt 0.369385 0.161133

vt 0.103088 0.240723

vt 0.527832 0.151367

vt 0.129761 0.246582

vt 0.944336 0.384277

vt 0.949707 0.909363

vt 0.883789 0.738525

vt 0.885254 0.621582

vt 0.881348 0.620605

vt 0.859863 0.998713

vt 0.860352 0.881592

vt 0.236816 0.389648

vt 0.236938 0.389648

vt 0.236938 0.375000

vt 0.433105 0.364258

vt 0.433105 0.398926

vt 0.448975 0.398926

vt 0.632324 0.920959

vt 0.647949 0.920959

vt 0.647949 0.886353

vt 0.494873 0.465820

vt 0.494873 0.465820

vt 0.494873 0.500244

vt 0.236816 0.375000

vt 0.892090 0.737793

vt 0.893555 0.620361

vt 0.889648 0.619873

vt 0.861816 0.251465

vt 0.861328 0.368652

vt 0.915039 0.260742

vt 0.911133 0.261719

vt 0.913086 0.369629

vt 0.897461 0.505371

vt 0.893555 0.504395

vt 0.894043 0.612305

vt 0.909668 0.865845

vt 0.913086 0.865967

vt 0.911133 0.756714

vt 0.893555 0.373047

vt 0.890137 0.373047

vt 0.890137 0.481934

vt 0.864258 0.250488

vt 0.865234 0.368164

vt 0.278076 0.545654

vt 0.282227 0.545654

vt 0.451416 0.127441

vt 0.451416 0.088379

vt 0.447998 0.089355

vt 0.916016 0.500732

vt 0.917969 0.539551

vt 0.447998 0.126953

vt 0.919922 0.500732

vt 0.073242 0.453125

vt 0.069031 0.452637

vt 0.068726 0.475098

vt 0.857422 0.999593

vt 0.856445 0.882629

vt 0.086304 0.884644

vt 0.090881 0.884644

vt 0.089355 0.862183

vt 0.391113 0.103516

vt 0.391113 0.103516

vt 0.391846 0.092285

vt 0.494873 0.394531

vt 0.494873 0.394531

vt 0.494873 0.428711

vt 0.045898 0.255371

vt 0.028061 0.254395

vt 0.028748 0.265625

vt 0.314209 0.279785

vt 0.314941 0.268555

vt 0.297119 0.269043

vt 0.391602 0.092285

vt 0.880371 0.879578

vt 0.880371 0.875671

vt 0.876953 0.877563

vt 0.910156 0.252441

vt 0.906738 0.250977

vt 0.906738 0.254883

vt 0.027756 0.408691

vt 0.027847 0.408691

vt 0.027847 0.393066

vt 0.086243 0.862427

vt 0.225098 0.102051

vt 0.224976 0.102051

vt 0.225586 0.112793

vt 0.045135 0.265625

vt 0.297852 0.279785

vt 0.225586 0.112793

vt 0.027756 0.393066

vt 0.329102 0.209473

vt 0.846191 0.183594

vt 0.918457 0.790161

vt 0.920410 0.751587

vt 0.423828 0.086426

vt 0.420410 0.085449

vt 0.420410 0.124023

vt 0.028061 0.254395

vt 0.045898 0.255371

vt 0.043884 0.246582

vt 0.073853 0.415039

vt 0.069641 0.415039

vt 0.916504 0.751587

vt 0.423828 0.124512

vt 0.225586 0.093750

vt 0.225586 0.093750

vt 0.224976 0.102051

vt 0.881348 0.737793

vt 0.320068 0.362793

vt 0.319824 0.362793

vt 0.320068 0.379883

vt 0.102966 0.099609

vt 0.099915 0.099609

vt 0.099915 0.137695

vt 0.103333 0.138672

vt 0.473877 0.091309

vt 0.473633 0.129883

vt 0.477051 0.128906

vt 0.477051 0.091309

vt 0.299072 0.260742

vt 0.297119 0.269043

vt 0.314941 0.268555

vt 0.374756 0.722900

vt 0.371338 0.722656

vt 0.370117 0.745117

vt 0.085571 0.410645

vt 0.089478 0.410645

vt 0.089355 0.388184

vt 0.225098 0.102051

vt 0.494873 0.500244

vt 0.632324 0.886353

vt 0.448975 0.364258

vt 0.889648 0.737061

vt 0.892090 0.482422

vt 0.909668 0.756958

vt 0.167114 0.388672

vt 0.167236 0.388672

vt 0.167236 0.373535

vt 0.167114 0.373535

vt 0.895996 0.613281

vt 0.085144 0.388184

vt 0.374756 0.745117

vt 0.914551 0.368652

vt 0.391113 0.103516

vt 0.391113 0.103516

vt 0.391846 0.114258

vt 0.072876 0.475098

vt 0.317383 0.257812

vt 0.025558 0.244141

vt 0.494873 0.428711

vt 0.418701 0.859863

vt 0.419434 0.848755

vt 0.414795 0.848755

vt 0.115723 0.291992

vt 0.111511 0.291992

vt 0.411621 0.860107

vt 0.035156 0.580322

vt 0.410156 0.848755

vt 0.033997 0.569092

vt 0.038177 0.569092

vt 0.085510 0.284668

vt 0.089661 0.284668

vt 0.088440 0.273438

vt 0.842285 0.372070

vt 0.837891 0.370117

vt 0.838379 0.490234

vt 0.863281 0.737305

vt 0.867188 0.735107

vt 0.866699 0.617432

vt 0.910645 0.997950

vt 0.912598 0.880066

vt 0.909180 0.878357

vt 0.891602 0.745605

vt 0.890137 0.865479

vt 0.893555 0.863770

vt 0.012505 0.337402

vt 0.012749 0.217773

vt 0.016769 0.336914

vt 0.016525 0.218750

vt 0.291748 0.313965

vt 0.296143 0.313965

vt 0.295410 0.194824

vt 0.514160 0.500000

vt 0.515625 0.376465

vt 0.512207 0.378906

vt 0.874023 0.997150

vt 0.875488 0.876465

vt 0.872070 0.874023

vt 0.455078 0.745117

vt 0.414795 0.848755

vt 0.419434 0.848755

vt 0.115234 0.395508

vt 0.115723 0.291992

vt 0.111511 0.291992

vt 0.519043 0.171387

vt 0.520996 0.132812

vt 0.517090 0.132812

vt 0.978027 0.509033

vt 0.978027 0.547119

vt 0.981445 0.546875

vt 0.033997 0.405273

vt 0.033539 0.442871

vt 0.037689 0.443359

vt 0.981445 0.508301

vt 0.038177 0.405273

vt 0.033264 0.465332

vt 0.033997 0.569092

vt 0.038177 0.569092

vt 0.849121 0.599365

vt 0.852539 0.597412

vt 0.410156 0.848755

vt 0.414795 0.848755

vt 0.069641 0.578857

vt 0.073853 0.578857

vt 0.072876 0.475098

vt 0.089661 0.284668

vt 0.085510 0.284668

vt 0.085144 0.388184

vt 0.042236 0.999589

vt 0.041473 0.988297

vt 0.046173 0.988297

vt 0.849121 0.595703

vt 0.049194 0.999513

vt 0.050873 0.988297

vt 0.001356 0.884644

vt 0.041473 0.988297

vt 0.046173 0.988297

vt 0.050873 0.988297

vt 0.863281 0.617188

vt 0.841797 0.491211

vt 0.114258 0.281250

vt 0.893066 0.744141

vt 0.459717 0.745117

vt 0.111084 0.395508

vt 0.037415 0.465332

vt 0.037415 0.465332

vt 0.111084 0.395508

vt 0.111633 0.417969

vt 0.115601 0.417969

vt 0.459717 0.745117

vt 0.458496 0.722656

vt 0.455078 0.722900

vt 0.089355 0.388184

vt 0.005928 0.884644

vt 0.068726 0.475098

vt 0.291992 0.195312

vt 0.872559 0.997250

vt 0.033264 0.465332

vt 0.115234 0.395508

vt 0.455078 0.745117

vt 0.002899 0.862305

vt 0.875000 0.872925

vt 0.875488 0.875916

vt 0.931152 0.527100

vt 0.930176 0.530273

vt 0.930664 0.530518

vt 0.875977 0.872925

vt 0.005917 0.862427

vt 0.271729 0.094727

vt 0.268311 0.093750

vt 0.268799 0.132324

vt 0.271729 0.132812

vt 0.856445 0.492188

vt 0.855469 0.375488

vt 0.884766 0.370605

vt 0.884766 0.374512

vt 0.888184 0.372559

vt 0.510254 0.132324

vt 0.508789 0.170898

vt 0.978027 0.744873

vt 0.981445 0.745117

vt 0.981445 0.706787

vt 0.084412 0.415039

vt 0.080200 0.415039

vt 0.079651 0.452637

vt 0.512695 0.170410

vt 0.978027 0.706787

vt 0.083801 0.453125

vt 0.878906 0.374023

vt 0.879395 0.491211

vt 0.881836 0.492188

vt 0.858887 0.491211

vt 0.230591 0.988297

vt 0.235229 0.988297

vt 0.275146 0.884644

vt 0.185791 0.884644

vt 0.226196 0.989273

vt 0.230591 0.988297

vt 0.253906 0.283203

vt 0.249634 0.283203

vt 0.249268 0.386719

vt 0.080200 0.578857

vt 0.084412 0.578857

vt 0.083435 0.475098

vt 0.410156 0.709229

vt 0.414795 0.709229

vt 0.374756 0.605469

vt 0.038330 0.465332

vt 0.039062 0.569092

vt 0.043243 0.569092

vt 0.122253 0.395508

vt 0.122742 0.291992

vt 0.118591 0.291016

vt 0.455078 0.605469

vt 0.414795 0.709229

vt 0.419434 0.709229

vt 0.459717 0.605469

vt 0.118103 0.395508

vt 0.027756 0.424316

vt 0.027847 0.424316

vt 0.027847 0.409180

vt 0.394775 0.114746

vt 0.394775 0.114746

vt 0.394287 0.104004

vt 0.501465 0.264160

vt 0.500488 0.253418

vt 0.484131 0.253418

vt 0.114807 0.241211

vt 0.098450 0.241211

vt 0.097656 0.251465

vt 0.394043 0.104004

vt 0.255371 0.093262

vt 0.255371 0.130859

vt 0.258545 0.131348

vt 0.259033 0.092773

vt 0.273682 0.862793

vt 0.270752 0.862427

vt 0.270752 0.884644

vt 0.027756 0.409180

vt 0.411621 0.720215

vt 0.418701 0.720459

vt 0.121216 0.281250

vt 0.118530 0.291016

vt 0.414795 0.709229

vt 0.419434 0.709229

vt 0.122742 0.291992

vt 0.927734 0.523926

vt 0.927734 0.527100

vt 0.928223 0.523926

vt 0.039978 0.580078

vt 0.190308 0.884644

vt 0.152100 0.218750

vt 0.148560 0.218262

vt 0.148193 0.337402

vt 0.252930 0.272461

vt 0.410156 0.709229

vt 0.039062 0.569092

vt 0.043243 0.569092

vt 0.249634 0.283203

vt 0.253906 0.283203

vt 0.226196 0.989265

vt 0.226440 0.999615

vt 0.226196 0.989265

vt 0.233765 0.999083

vt 0.230591 0.988297

vt 0.233643 0.999116

vt 0.876953 0.614258

vt 0.876465 0.491211

vt 0.875000 0.490723

vt 0.871094 0.494141

vt 0.867676 0.495117

vt 0.867676 0.613281

vt 0.140869 0.293945

vt 0.142822 0.415039

vt 0.370117 0.605469

vt 0.079285 0.475098

vt 0.253418 0.386719

vt 0.027756 0.359863

vt 0.027756 0.376953

vt 0.400879 0.114258

vt 0.400146 0.103516

vt 0.099670 0.260254

vt 0.117920 0.262695

vt 0.115479 0.252441

vt 0.483398 0.264648

vt 0.481201 0.274902

vt 0.499268 0.272461

vt 0.079285 0.475098

vt 0.083435 0.475098

vt 0.400146 0.103516

vt 0.235229 0.988297

vt 0.230591 0.988297

vt 0.370117 0.605469

vt 0.374756 0.605469

vt 0.374756 0.583252

vt 0.253418 0.386719

vt 0.249268 0.386719

vt 0.249512 0.408691

vt 0.027847 0.376953

vt 0.394775 0.095215

vt 0.394775 0.095215

vt 0.394043 0.104004

vt 0.097656 0.251465

vt 0.501465 0.264160

vt 0.371338 0.583252

vt 0.152344 0.336914

vt 0.871582 0.613770

vt 0.144653 0.291504

vt 0.873535 0.611572

vt 0.400635 0.092285

vt 0.400635 0.092285

vt 0.400146 0.103516

vt 0.483398 0.264648

vt 0.115479 0.252441

vt 0.253418 0.408691

vt 0.394287 0.104004

vt 0.270752 0.884644

vt 0.400146 0.103516

vt 0.275146 0.884644

vt 0.371338 0.101562

vt 0.367676 0.101074

vt 0.368164 0.139648

vt 0.371338 0.139648

vt 0.900879 0.892273

vt 0.896973 0.890503

vt 0.897461 0.998514

vt 0.913574 0.998622

vt 0.916992 0.996828

vt 0.915527 0.889343

vt 0.869629 0.192871

vt 0.875977 0.193359

vt 0.876465 0.143555

vt 0.318115 0.209961

vt 0.324463 0.209473

vt 0.323486 0.159180

vt 0.277588 0.133301

vt 0.275391 0.171875

vt 0.279541 0.172363

vt 0.284424 0.126465

vt 0.284424 0.088379

vt 0.281006 0.088379

vt 0.401123 0.184082

vt 0.395508 0.183594

vt 0.395264 0.233887

vt 0.358643 0.209961

vt 0.352539 0.210449

vt 0.352783 0.260742

vt 0.858887 0.373535

vt 0.858398 0.490234

vt 0.862305 0.490234

vt 0.892578 0.368652

vt 0.894043 0.250977

vt 0.890137 0.250977

vt 0.903809 0.377930

vt 0.901855 0.416504

vt 0.905762 0.416504

vt 0.405273 0.088867

vt 0.405273 0.126465

vt 0.408691 0.126953

vt 0.342529 0.208008

vt 0.342529 0.170410

vt 0.338379 0.170410

vt 0.408691 0.088379

vt 0.338379 0.208008

vt 0.895020 0.889465

vt 0.891113 0.889526

vt 0.891602 0.998441

vt 0.910645 0.497070

vt 0.914062 0.497070

vt 0.912598 0.388184

vt 0.276123 0.132324

vt 0.276611 0.093750

vt 0.272949 0.094727

vt 0.272949 0.132812

vt 0.889648 0.626953

vt 0.889648 0.623047

vt 0.885742 0.625000

vt 0.905273 0.248535

vt 0.909180 0.250488

vt 0.909180 0.246582

vt 0.269043 0.172852

vt 0.270752 0.134277

vt 0.934082 0.125488

vt 0.937500 0.126465

vt 0.937500 0.088379

vt 0.338379 0.147949

vt 0.333984 0.147949

vt 0.333984 0.186035

vt 0.266602 0.134277

vt 0.934082 0.087891

vt 0.338379 0.186035

vt 0.881836 0.251953

vt 0.881836 0.369141

vt 0.884277 0.369629

vt 0.861816 0.859619

vt 0.862305 0.742432

vt 0.885742 0.252930

vt 0.859375 0.860229

vt 0.858398 0.743652

vt 0.905273 0.416504

vt 0.908691 0.416016

vt 0.908691 0.378418

vt 0.904785 0.377930

vt 0.498047 0.355957

vt 0.499512 0.333984

vt 0.494873 0.333984

vt 0.494873 0.355957

vt 0.174561 0.337402

vt 0.170410 0.337402

vt 0.170410 0.341797

vt 0.174561 0.341797

vt 0.871094 0.119629

vt 0.871094 0.141602

vt 0.875488 0.141602

vt 0.934570 0.773315

vt 0.934570 0.751099

vt 0.929688 0.751099

vt 0.342529 0.147949

vt 0.338379 0.147949

vt 0.875000 0.119629

vt 0.931152 0.773071

vt 0.649902 0.921692

vt 0.652832 0.921143

vt 0.652832 0.898987

vt 0.648438 0.898987

vt 0.937988 0.407715

vt 0.941895 0.407715

vt 0.942383 0.384766

vt 0.929688 0.647949

vt 0.933105 0.648438

vt 0.934570 0.625732

vt 0.333984 0.208008

vt 0.937988 0.384766

vt 0.929688 0.625732

vt 0.338379 0.208008

vt 0.875488 0.486328

vt 0.875488 0.481934

vt 0.871582 0.481934

vt 0.871582 0.486328

vt 0.913574 0.890625

vt 0.899414 0.999833

vt 0.401123 0.234375

vt 0.359619 0.259766

vt 0.871094 0.142578

vt 0.317627 0.159668

vt 0.910645 0.388184

vt 0.893555 0.998771

vt 0.876465 0.739502

vt 0.873047 0.741455

vt 0.861328 0.373047

vt 0.876465 0.743408

vt 0.890625 0.368164

vt 0.283447 0.545654

vt 0.287598 0.545654

vt 0.280762 0.126953

vt 0.945312 0.714111

vt 0.948730 0.714111

vt 0.947266 0.640137

vt 0.950195 0.687744

vt 0.949707 0.775635

vt 0.953125 0.774780

vt 0.933105 0.777954

vt 0.930664 0.866089

vt 0.934082 0.866943

vt 0.996582 0.256348

vt 0.996094 0.256348

vt 0.996094 0.331055

vt 0.027878 0.245605

vt 0.033783 0.246094

vt 0.033905 0.195801

vt 0.929688 0.776855

vt 0.951172 0.291992

vt 0.953125 0.291992

vt 0.953125 0.203125

vt 0.253418 0.242676

vt 0.253174 0.192871

vt 0.247314 0.192383

vt 0.141602 0.247070

vt 0.142578 0.196777

vt 0.135986 0.197266

vt 0.116638 0.143066

vt 0.118103 0.193359

vt 0.123230 0.194336

vt 0.424805 0.181641

vt 0.424561 0.231934

vt 0.430420 0.230957

vt 0.963867 0.202148

vt 0.964355 0.201172

vt 0.960938 0.201660

vt 0.913086 0.758301

vt 0.911133 0.867310

vt 0.915039 0.865967

vt 0.508301 0.252930

vt 0.514648 0.252441

vt 0.513672 0.202637

vt 0.297363 0.141602

vt 0.292236 0.141602

vt 0.290771 0.191406

vt 0.501953 0.217773

vt 0.507812 0.217773

vt 0.507324 0.167480

vt 0.100220 0.096680

vt 0.102783 0.096191

vt 0.100220 0.096191

vt 0.926270 0.625244

vt 0.924316 0.551270

vt 0.922363 0.625244

vt 0.922363 0.550293

vt 0.954102 0.685547

vt 0.929199 0.384277

vt 0.932617 0.383301

vt 0.932617 0.294434

vt 0.906250 0.786377

vt 0.907715 0.867065

vt 0.903809 0.786865

vt 0.903809 0.866577

vt 0.940430 0.219727

vt 0.941895 0.139160

vt 0.937988 0.139648

vt 0.949707 0.202148

vt 0.897461 0.758301

vt 0.895996 0.866089

vt 0.899414 0.867310

vt 0.854980 0.369629

vt 0.855469 0.251953

vt 0.930664 0.294434

vt 0.296875 0.191406

vt 0.500977 0.167969

vt 0.028076 0.195801

vt 0.507812 0.202637

vt 0.898926 0.758911

vt 0.135742 0.247559

vt 0.054596 0.338379

vt 0.052551 0.322266

vt 0.567383 0.864502

vt 0.565430 0.880554

vt 0.940918 0.408691

vt 0.940918 0.408203

vt 0.046448 0.339844

vt 0.573730 0.882080

vt 0.247559 0.242188

vt 0.937988 0.219238

vt 0.431396 0.180664

vt 0.122864 0.144043

vt 0.063477 0.337891

vt 0.063416 0.322266

vt 0.052582 0.322266

vt 0.567383 0.864502

vt 0.556641 0.864380

vt 0.556641 0.880005

vt 0.054565 0.338379

vt 0.565430 0.880554

vt 0.657227 0.869019

vt 0.657715 0.868286

vt 0.892578 0.491699

vt 0.891113 0.613037

vt 0.894531 0.609863

vt 0.910156 0.628906

vt 0.908691 0.747070

vt 0.912109 0.750244

vt 0.868164 0.493164

vt 0.863770 0.494141

vt 0.864258 0.611816

vt 0.682129 0.879089

vt 0.682129 0.861938

vt 0.953125 0.088379

vt 0.952148 0.098633

vt 0.843750 0.880310

vt 0.839355 0.879639

vt 0.839844 0.999607

vt 0.042480 0.465332

vt 0.894043 0.490234

vt 0.866211 0.866455

vt 0.748047 0.868652

vt 0.750488 0.858154

vt 0.731934 0.860718

vt 0.524414 0.272949

vt 0.506348 0.270508

vt 0.508789 0.281250

vt 0.937988 0.407715

vt 0.952637 0.098633

vt 0.455078 0.583252

vt 0.122864 0.417969

vt 0.122253 0.395508

vt 0.118103 0.395508

vt 0.038574 0.442871

vt 0.038330 0.465332

vt 0.042480 0.465332

vt 0.682129 0.861938

vt 0.081543 0.116211

vt 0.081604 0.116211

vt 0.081055 0.107422

vt 0.729980 0.869263

vt 0.526367 0.281738

vt 0.458496 0.583252

vt 0.119080 0.417480

vt 0.654785 0.868164

vt 0.934082 0.500488

vt 0.934082 0.522705

vt 0.938477 0.522705

vt 0.296387 0.118164

vt 0.867676 0.613281

vt 0.843262 0.999210

vt 0.042755 0.443359

vt 0.080994 0.107422

vt 0.937500 0.500244

vt 0.520996 0.131348

vt 0.520996 0.093262

vt 0.518066 0.093262

vt 0.517578 0.132324

vt 0.266846 0.132812

vt 0.270508 0.132812

vt 0.270020 0.094238

vt 0.266846 0.094727

vt 0.059326 0.578613

vt 0.978516 0.676270

vt 0.981934 0.676270

vt 0.981934 0.638428

vt 0.862793 0.876526

vt 0.861816 0.879272

vt 0.862305 0.879395

vt 0.187256 0.862671

vt 0.197876 0.130371

vt 0.193970 0.130371

vt 0.195923 0.168945

vt 0.952637 0.098633

vt 0.952148 0.098633

vt 0.953125 0.109863

vt 0.526367 0.281738

vt 0.508789 0.281250

vt 0.509277 0.292480

vt 0.747070 0.880005

vt 0.748047 0.868652

vt 0.729980 0.869263

vt 0.953125 0.109863

vt 0.556152 0.880249

vt 0.556641 0.880249

vt 0.556641 0.864990

vt 0.063477 0.578613

vt 0.978516 0.637451

vt 0.886719 0.865723

vt 0.888184 0.757202

vt 0.884766 0.755493

vt 0.878906 0.369629

vt 0.883301 0.369629

vt 0.882324 0.251465

vt 0.190308 0.862427

vt 0.080994 0.107422

vt 0.081055 0.107422

vt 0.081604 0.096680

vt 0.730957 0.880005

vt 0.525879 0.292480

vt 0.081543 0.096680

vt 0.556152 0.864990

vt 0.855469 0.369629

vt 0.855469 0.252441

vt 0.908691 0.737305

vt 0.910156 0.626953

vt 0.906738 0.628662

vt 0.851562 0.369629

vt 0.852051 0.251953

vt 0.858887 0.369141

vt 0.858398 0.251953

vt 0.885254 0.372559

vt 0.881348 0.372070

vt 0.881836 0.490234

vt 0.884766 0.500000

vt 0.888184 0.501709

vt 0.888184 0.498047

vt 0.258545 0.223145

vt 0.258545 0.227051

vt 0.261963 0.225098

vt 0.043243 0.405273

vt 0.039062 0.405273

vt 0.259277 0.170410

vt 0.257568 0.131836

vt 0.845215 0.086914

vt 0.845215 0.125488

vt 0.848633 0.125000

vt 0.848633 0.086914

vt 0.255371 0.170410

vt 0.884766 0.489258

vt 0.885254 0.865112

vt 0.879395 0.252441

vt 0.881348 0.161133

vt 0.882324 0.161133

vt 0.882324 0.080566

vt 0.931152 0.909119

vt 0.932129 0.998516

vt 0.935059 0.909729

vt 0.935547 0.998401

vt 0.906250 0.533203

vt 0.952148 0.909729

vt 0.951660 0.998431

vt 0.955078 0.998499

vt 0.937988 0.383301

vt 0.941406 0.383301

vt 0.939941 0.303711

vt 0.902832 0.532959

vt 0.904785 0.612793

vt 0.942383 0.387695

vt 0.945312 0.388184

vt 0.922363 0.625244

vt 0.922363 0.550293

vt 0.918945 0.550537

vt 0.926758 0.294922

vt 0.926270 0.384277

vt 0.946777 0.498535

vt 0.946777 0.423828

vt 0.943359 0.424316

vt 0.928711 0.295410

vt 0.949707 0.687256

vt 0.948242 0.775146

vt 0.942871 0.498535

vt 0.951660 0.775757

vt 0.929688 0.383301

vt 0.956055 0.909119

vt 0.482666 0.151855

vt 0.483154 0.202148

vt 0.489258 0.201660

vt 0.870605 0.246094

vt 0.870605 0.195801

vt 0.864746 0.196289

vt 0.489990 0.252930

vt 0.490234 0.202637

vt 0.484375 0.202148

vt 0.547363 0.160156

vt 0.546387 0.210449

vt 0.552734 0.210938

vt 0.906250 0.612793

vt 0.940918 0.416504

vt 0.940918 0.416016

vt 0.937500 0.416992

vt 0.852539 0.999410

vt 0.854004 0.882935

vt 0.909180 0.612305

vt 0.909180 0.503418

vt 0.907227 0.502441

vt 0.850098 0.998771

vt 0.878906 0.372070

vt 0.876465 0.372559

vt 0.876465 0.489746

vt 0.886719 0.629883

vt 0.888184 0.738281

vt 0.890137 0.737305

vt 0.911133 0.641357

vt 0.911621 0.749268

vt 0.913086 0.750610

vt 0.900391 0.610352

vt 0.898926 0.502930

vt 0.896973 0.504395

vt 0.854980 0.491699

vt 0.852539 0.491211

vt 0.855957 0.375000

vt 0.883789 0.613525

vt 0.885742 0.612793

vt 0.886230 0.495605

vt 0.915039 0.643066

vt 0.896484 0.612305

vt 0.882324 0.497070

vt 0.852051 0.374023

vt 0.905762 0.610596

vt 0.890137 0.628418

vt 0.850098 0.881592

vt 0.880371 0.488770

vt 0.918457 0.625244

vt 0.942383 0.388184

vt 0.966309 0.470703

vt 0.965820 0.467773

vt 0.965820 0.467773

vt 0.553223 0.161133

vt 0.864746 0.246582

vt 0.487793 0.151367

vt 0.483398 0.252441

vt 0.890137 0.865967

vt 0.891602 0.748535

vt 0.887695 0.748535

vt 0.327881 0.359863

vt 0.328125 0.375000

vt 0.338623 0.375977

vt 0.305664 0.358887

vt 0.295166 0.359863

vt 0.295166 0.375488

vt 0.303955 0.375977

vt 0.336670 0.359375

vt 0.859863 0.617432

vt 0.859863 0.734375

vt 0.899414 0.149902

vt 0.895996 0.151367

vt 0.897461 0.259277

vt 0.894531 0.996677

vt 0.897949 0.998581

vt 0.897461 0.890625

vt 0.909180 0.368652

vt 0.913086 0.368652

vt 0.911133 0.259277

vt 0.893066 0.368652

vt 0.896484 0.368652

vt 0.896484 0.259766

vt 0.862305 0.616943

vt 0.863770 0.734375

vt 0.859375 0.374023

vt 0.883301 0.375488

vt 0.899414 0.257812

vt 0.895996 0.889099

vt 0.909668 0.259766

vt 0.894531 0.259277

vt 0.887695 0.865601

vt 0.176758 0.163086

vt 0.175781 0.213379

vt 0.182251 0.213867

vt 0.088379 0.252930

vt 0.088684 0.202637

vt 0.082703 0.202148

vt 0.103149 0.240234

vt 0.102966 0.189941

vt 0.097107 0.190430

vt 0.083130 0.151855

vt 0.083496 0.202148

vt 0.089661 0.201660

vt 0.081787 0.252441

vt 0.088257 0.151367

vt 0.097229 0.240723

vt 0.182617 0.163574

vt 0.336670 0.359375

vt 0.338623 0.375977

vt 0.305908 0.358887

vt 0.303955 0.375977

vt 0.143921 0.195801

vt 0.143677 0.121094

vt 0.141479 0.120605

vt 0.192261 0.208496

vt 0.194092 0.208984

vt 0.194092 0.120117

vt 0.923828 0.383301

vt 0.925781 0.383301

vt 0.927246 0.293945

vt 0.345215 0.357422

vt 0.312256 0.377441

vt 0.330811 0.149414

vt 0.324707 0.149902

vt 0.324463 0.200195

vt 0.225586 0.239258

vt 0.231323 0.238770

vt 0.231567 0.188477

vt 0.076172 0.252930

vt 0.082153 0.253418

vt 0.081848 0.203125

vt 0.191650 0.159668

vt 0.185181 0.159180

vt 0.186157 0.209473

vt 0.140015 0.195801

vt 0.923828 0.294434

vt 0.190552 0.119629

vt 0.922852 0.676025

vt 0.922852 0.750488

vt 0.925293 0.675537

vt 0.926758 0.750366

vt 0.192017 0.209961

vt 0.225708 0.188965

vt 0.329346 0.199219

vt 0.075256 0.202637

vt 0.142334 0.994404

vt 0.141724 0.991089

vt 0.138306 0.988297

vt 0.141724 0.991089

vt 0.043640 0.442871

vt 0.047821 0.443359

vt 0.048309 0.405273

vt 0.448486 0.362793

vt 0.449951 0.239746

vt 0.446289 0.238281

vt 0.902344 0.245117

vt 0.900391 0.369629

vt 0.904297 0.368164

vt 0.868164 0.248535

vt 0.864258 0.247559

vt 0.864746 0.369141

vt 0.124817 0.336914

vt 0.129028 0.335938

vt 0.128784 0.216309

vt 0.207153 0.409180

vt 0.207397 0.289062

vt 0.203979 0.288086

vt 0.913574 0.998196

vt 0.914551 0.877747

vt 0.911133 0.878601

vt 0.852539 0.737793

vt 0.848145 0.737549

vt 0.849121 0.858643

vt 0.838379 0.858765

vt 0.842285 0.858521

vt 0.842285 0.737793

vt 0.414795 0.988312

vt 0.419434 0.988312

vt 0.459717 0.884705

vt 0.048309 0.569092

vt 0.044128 0.569092

vt 0.044128 0.572266

vt 0.046387 0.574219

vt 0.458252 0.291504

vt 0.454102 0.290527

vt 0.453613 0.395508

vt 0.044128 0.569092

vt 0.048309 0.569092

vt 0.047546 0.465332

vt 0.414795 0.988312

vt 0.411865 0.993362

vt 0.134033 0.989464

vt 0.138306 0.988297

vt 0.098145 0.884644

vt 0.370117 0.884705

vt 0.411865 0.993332

vt 0.757812 0.864502

vt 0.761230 0.862427

vt 0.073975 0.475098

vt 0.074951 0.578857

vt 0.079102 0.578857

vt 0.178467 0.884644

vt 0.141724 0.991119

vt 0.078796 0.388184

vt 0.079102 0.281738

vt 0.075256 0.279785

vt 0.455078 0.884705

vt 0.457764 0.395020

vt 0.093567 0.884644

vt 0.043365 0.465332

vt 0.981934 0.611816

vt 0.981934 0.573730

vt 0.979004 0.573975

vt 0.868164 0.367676

vt 0.418457 0.999884

vt 0.455566 0.280273

vt 0.458252 0.862183

vt 0.457764 0.395020

vt 0.453613 0.395508

vt 0.454102 0.417969

vt 0.043365 0.465332

vt 0.047546 0.465332

vt 0.093567 0.884644

vt 0.098145 0.884644

vt 0.098083 0.862427

vt 0.455078 0.862427

vt 0.458008 0.417480

vt 0.094666 0.862183

vt 0.757812 0.860596

vt 0.016327 0.137695

vt 0.016296 0.099121

vt 0.012848 0.100098

vt 0.920898 0.626221

vt 0.922852 0.664795

vt 0.501465 0.127441

vt 0.505371 0.128418

vt 0.504883 0.089844

vt 0.078491 0.453125

vt 0.079102 0.415039

vt 0.074951 0.415039

vt 0.860840 0.863525

vt 0.860840 0.860352

vt 0.860352 0.863037

vt 0.012848 0.138184

vt 0.924805 0.626221

vt 0.501465 0.089355

vt 0.074341 0.452637

vt 0.374756 0.884705

vt 0.078186 0.475098

vt 0.074585 0.388184

vt 0.183105 0.884644

vt 0.125244 0.216797

vt 0.852539 0.858643

vt 0.204346 0.407715

vt 0.911621 0.999196

vt 0.073975 0.475098

vt 0.078186 0.475098

vt 0.371582 0.862305

vt 0.860840 0.863525

vt 0.860352 0.863037

vt 0.857910 0.862793

vt 0.079041 0.410645

vt 0.078796 0.388184

vt 0.074585 0.388184

vt 0.178467 0.862427

vt 0.928711 0.648193

vt 0.927734 0.651611

vt 0.928711 0.651611

vt 0.374756 0.862427

vt 0.075073 0.410645

vt 0.182007 0.862183

vt 0.419434 0.988312

vt 0.454102 0.290527

vt 0.458252 0.291504

vt 0.134521 0.999814

vt 0.838379 0.738525

vt 0.134033 0.989464

vt 0.134033 0.989464

vt 0.927734 0.281250

vt 0.928711 0.192383

vt 0.925781 0.280762

vt 0.925293 0.191895

vt 0.903809 0.369629

vt 0.903809 0.289551

vt 0.954102 0.294434

vt 0.952148 0.383789

vt 0.955566 0.383301

vt 0.937012 0.624756

vt 0.940918 0.625000

vt 0.939941 0.544678

vt 0.907715 0.369141

vt 0.907227 0.289551

vt 0.016159 0.140137

vt 0.014313 0.139648

vt 0.015884 0.214355

vt 0.934082 0.623779

vt 0.934570 0.535400

vt 0.875488 0.117676

vt 0.877441 0.191895

vt 0.930176 0.624756

vt 0.931152 0.535645

vt 0.996582 0.894470

vt 0.995605 0.819458

vt 0.950195 0.866211

vt 0.954102 0.866943

vt 0.953125 0.777588

vt 0.252441 0.191406

vt 0.252197 0.141602

vt 0.245850 0.141113

vt 0.347900 0.208496

vt 0.348877 0.158691

vt 0.342285 0.159180

vt 0.057831 0.236816

vt 0.057587 0.187012

vt 0.051788 0.186523

vt 0.308838 0.209961

vt 0.308594 0.259766

vt 0.314697 0.259766

vt 0.135742 0.145508

vt 0.129517 0.145508

vt 0.129150 0.195312

vt 0.123047 0.213867

vt 0.129517 0.213867

vt 0.128662 0.163574

vt 0.388916 0.234375

vt 0.394775 0.233887

vt 0.395020 0.184082

vt 0.323730 0.209961

vt 0.317871 0.209961

vt 0.318115 0.260254

vt 0.012505 0.214355

vt 0.122681 0.163574

vt 0.134277 0.195312

vt 0.324707 0.260254

vt 0.389160 0.184082

vt 0.940918 0.099609

vt 0.937988 0.099609

vt 0.937988 0.099121

vt 0.947754 0.635010

vt 0.947754 0.631836

vt 0.934570 0.900269

vt 0.936035 0.897278

vt 0.935059 0.897156

vt 0.051880 0.236816

vt 0.878906 0.117188

vt 0.949707 0.777344

vt 0.996094 0.894470

vt 0.315674 0.209961

vt 0.247314 0.190918

vt 0.342041 0.208984

vt 0.946777 0.634766

vt 0.508301 0.099121

vt 0.505371 0.097656

vt 0.508301 0.097168

vt 0.909668 0.164062

vt 0.909180 0.243164

vt 0.947266 0.409180

vt 0.945801 0.497070

vt 0.949219 0.497559

vt 0.935547 0.497559

vt 0.938965 0.497070

vt 0.938477 0.418457

vt 0.905762 0.163574

vt 0.905762 0.243164

vt 0.929688 0.192871

vt 0.928223 0.281738

vt 0.931641 0.280762

vt 0.446777 0.360840

vt 0.937012 0.545166

vt 0.935547 0.417480

vt 0.931152 0.192383

vt 0.270752 0.836182

vt 0.270752 0.858398

vt 0.273682 0.858154

vt 0.108215 0.311523

vt 0.108459 0.289551

vt 0.104553 0.289062

vt 0.053497 0.518555

vt 0.053772 0.540771

vt 0.057953 0.540771

vt 0.183105 0.605469

vt 0.181885 0.583496

vt 0.178467 0.583252

vt 0.275146 0.836182

vt 0.800293 0.865234

vt 0.803711 0.863281

vt 0.800293 0.861328

vt 0.845703 0.739990

vt 0.842285 0.739014

vt 0.841797 0.859375

vt 0.104065 0.311035

vt 0.057678 0.518555

vt 0.178467 0.605469

vt 0.230591 0.732422

vt 0.108643 0.416504

vt 0.108215 0.311523

vt 0.104065 0.311035

vt 0.142334 0.711426

vt 0.054260 0.415039

vt 0.053497 0.518555

vt 0.057678 0.518555

vt 0.926270 0.281738

vt 0.925781 0.159180

vt 0.923828 0.158691

vt 0.491943 0.377930

vt 0.492188 0.500000

vt 0.494873 0.498047

vt 0.911133 0.498535

vt 0.911621 0.499512

vt 0.914062 0.499512

vt 0.911133 0.501953

vt 0.911621 0.499512

vt 0.911133 0.499023

vt 0.006981 0.127930

vt 0.010498 0.128418

vt 0.010078 0.089844

vt 0.478516 0.168457

vt 0.476562 0.129883

vt 0.054260 0.578613

vt 0.058411 0.578613

vt 0.257568 0.227539

vt 0.257324 0.266113

vt 0.260986 0.265625

vt 0.474609 0.168457

vt 0.006981 0.089844

vt 0.260986 0.227539

vt 0.845703 0.489746

vt 0.849121 0.491211

vt 0.849609 0.372559

vt 0.874023 0.493164

vt 0.870605 0.493652

vt 0.870605 0.612549

vt 0.375977 0.193359

vt 0.372559 0.193848

vt 0.372559 0.313477

vt 0.234619 0.730713

vt 0.104553 0.416992

vt 0.058411 0.415039

vt 0.138306 0.709229

vt 0.495117 0.375977

vt 0.922852 0.279785

vt 0.138306 0.709229

vt 0.133667 0.709229

vt 0.874512 0.610840

vt 0.845215 0.371094

vt 0.225830 0.732666

vt 0.185791 0.836182

vt 0.277100 0.381836

vt 0.272949 0.381836

vt 0.271973 0.485352

vt 0.133667 0.709229

vt 0.138306 0.709229

vt 0.098145 0.605469

vt 0.069031 0.400879

vt 0.073242 0.400879

vt 0.072876 0.296875

vt 0.845703 0.859741

vt 0.376465 0.313477

vt 0.874023 0.736328

vt 0.875977 0.616699

vt 0.872070 0.615234

vt 0.903320 0.864746

vt 0.904785 0.744141

vt 0.901367 0.745605

vt 0.230591 0.732422

vt 0.108582 0.416992

vt 0.104614 0.417480

vt 0.232178 0.720703

vt 0.230591 0.732422

vt 0.234619 0.730713

vt 0.109009 0.427246

vt 0.931641 0.648193

vt 0.930664 0.651367

vt 0.931152 0.651611

vt 0.190308 0.836182

vt 0.185791 0.836182

vt 0.187256 0.858154

vt 0.872559 0.736328

vt 0.093567 0.605469

vt 0.068665 0.296875

vt 0.142334 0.711426

vt 0.135132 0.718506

vt 0.139526 0.721436

vt 0.142334 0.711426

vt 0.135132 0.718506

vt 0.225830 0.732666

vt 0.227051 0.723145

vt 0.058502 0.414551

vt 0.055115 0.405762

vt 0.054260 0.415039

vt 0.190308 0.836182

vt 0.276123 0.485352

vt 0.070984 0.409668

vt 0.058838 0.402832

vt 0.232544 0.720703

vt 0.073242 0.400879

vt 0.069031 0.400879

vt 0.515137 0.093262

vt 0.511719 0.092285

vt 0.511719 0.130859

vt 0.044128 0.405273

vt 0.932617 0.906799

vt 0.934570 0.868286

vt 0.978516 0.612549

vt 0.515137 0.131348

vt 0.863770 0.738037

vt 0.860352 0.736084

vt 0.930664 0.868286

vt 0.884766 0.491699

vt 0.888184 0.490723

vt 0.886719 0.382324

vt 0.910156 0.388672

vt 0.908203 0.497070

vt 0.934570 0.191895

vt 0.931152 0.192383

vt 0.932617 0.281250

vt 0.934082 0.280762

vt 0.908691 0.418457

vt 0.908691 0.498047

vt 0.948242 0.910034

vt 0.944824 0.909241

vt 0.946777 0.998731

vt 0.093567 0.605469

vt 0.098145 0.605469

vt 0.098083 0.583252

vt 0.905273 0.418457

vt 0.904785 0.498047

vt 0.556641 0.863525

vt 0.559570 0.863281

vt 0.559082 0.862793

vt 0.936035 0.786499

vt 0.935547 0.866943

vt 0.939453 0.866821

vt 0.276123 0.485352

vt 0.271973 0.485352

vt 0.272217 0.507568

vt 0.185425 0.138672

vt 0.181763 0.213379

vt 0.944824 0.384766

vt 0.943848 0.384766

vt 0.944824 0.387695

vt 0.182983 0.138184

vt 0.185669 0.213379

vt 0.942383 0.999721

vt 0.946777 0.999705

vt 0.944824 0.924622

vt 0.949707 0.624023

vt 0.951172 0.534668

vt 0.947754 0.535400

vt 0.927246 0.998693

vt 0.927246 0.909912

vt 0.923828 0.909241

vt 0.190308 0.858398

vt 0.276367 0.507568

vt 0.935547 0.416992

vt 0.938477 0.416504

vt 0.938477 0.415039

vt 0.860352 0.739990

vt 0.887207 0.738037

vt 0.887207 0.621094

vt 0.883789 0.620850

vt 0.858887 0.860107

vt 0.855469 0.742676

vt 0.885254 0.382324

vt 0.858887 0.742432

vt 0.900391 0.629883

vt 0.898438 0.629883

vt 0.898438 0.737305

vt 0.861816 0.858643

vt 0.917480 0.890869

vt 0.916016 0.998570

vt 0.911621 0.498535

vt 0.883301 0.738770

vt 0.887695 0.373047

vt 0.887695 0.490234

vt 0.890625 0.490234

vt 0.861328 0.741943

vt 0.865234 0.858643

vt 0.854980 0.859497

vt 0.865234 0.741699

vt 0.891602 0.373535

vt 0.901855 0.737549

vt 0.919434 0.998446

vt 0.938965 0.787109

vt 0.947754 0.624268

vt 0.925293 0.998439

vt 0.942871 0.925110

vt 0.378906 0.286133

vt 0.379150 0.177246

vt 0.375488 0.176270

vt 0.908203 0.757202

vt 0.906250 0.866821

vt 0.910156 0.865845

vt 0.857910 0.612793

vt 0.858887 0.495117

vt 0.879395 0.866577

vt 0.883301 0.866699

vt 0.881836 0.748779

vt 0.861816 0.612793

vt 0.861328 0.495605

vt 0.855469 0.742188

vt 0.853027 0.741699

vt 0.852051 0.859985

vt 0.877441 0.368164

vt 0.879395 0.367676

vt 0.879883 0.250488

vt 0.913574 0.641602

vt 0.914062 0.749268

vt 0.915527 0.749268

vt 0.855957 0.859253

vt 0.875977 0.250000

vt 0.277588 0.204102

vt 0.275635 0.186523

vt 0.266846 0.187500

vt 0.042755 0.179199

vt 0.033997 0.178711

vt 0.032104 0.195801

vt 0.267090 0.202637

vt 0.042664 0.194336

vt 0.073181 0.274902

vt 0.069153 0.274902

vt 0.068665 0.296875

vt 0.094604 0.583496

vt 0.072876 0.296875

vt 0.430176 0.231934

vt 0.436523 0.231934

vt 0.435791 0.181152

vt 0.218994 0.238770

vt 0.225098 0.238770

vt 0.225220 0.188477

vt 0.459717 0.203613

vt 0.465820 0.204102

vt 0.466064 0.153809

vt 0.277588 0.204102

vt 0.283936 0.184570

vt 0.275635 0.186523

vt 0.034027 0.178711

vt 0.025787 0.176758

vt 0.032013 0.195801

vt 0.473145 0.215820

vt 0.467285 0.215820

vt 0.467529 0.266113

vt 0.349854 0.167480

vt 0.349609 0.274902

vt 0.353271 0.276367

vt 0.917480 0.640137

vt 0.007980 0.089844

vt 0.004490 0.089844

vt 0.004490 0.127930

vt 0.916504 0.664307

vt 0.920898 0.664307

vt 0.918457 0.625732

vt 0.491699 0.125977

vt 0.491699 0.087891

vt 0.488525 0.087402

vt 0.272949 0.545654

vt 0.007973 0.128418

vt 0.488037 0.125977

vt 0.277100 0.545654

vt 0.376953 0.285645

vt 0.909668 0.756958

vt 0.351562 0.167480

vt 0.879395 0.749512

vt 0.884766 0.495605

vt 0.888184 0.497559

vt 0.888184 0.493652

vt 0.511719 0.200684

vt 0.525879 0.203125

vt 0.522949 0.185547

vt 0.083374 0.201172

vt 0.086060 0.183105

vt 0.072083 0.186035

vt 0.514160 0.185059

vt 0.074524 0.201660

vt 0.219238 0.188477

vt 0.474121 0.266113

vt 0.460938 0.153320

vt 0.429932 0.182129

vt 0.066650 0.203125

vt 0.074585 0.201660

vt 0.514160 0.185059

vt 0.506348 0.183105

vt 0.511719 0.200684

vt 0.071960 0.186035

vt 0.888672 0.494629

vt 0.888672 0.611816

vt 0.891113 0.612549

vt 0.863281 0.997908

vt 0.862305 0.880676

vt 0.859863 0.881409

vt 0.457520 0.278320

vt 0.459473 0.278809

vt 0.460938 0.169922

vt 0.912598 0.514648

vt 0.911133 0.515137

vt 0.910645 0.624023

vt 0.859375 0.617432

vt 0.860352 0.735352

vt 0.856934 0.617920

vt 0.896484 0.374512

vt 0.894531 0.374512

vt 0.893066 0.482910

vt 0.529785 0.148926

vt 0.527832 0.148438

vt 0.527832 0.256348

vt 0.882812 0.998131

vt 0.884277 0.880249

vt 0.880371 0.880676

vt 0.856445 0.734863

vt 0.892578 0.495117

vt 0.859375 0.998468

vt 0.531250 0.257324

vt 0.896973 0.481934

vt 0.880371 0.997614

vt 0.222778 0.123535

vt 0.220703 0.123047

vt 0.219116 0.187012

vt 0.359375 0.110352

vt 0.361328 0.173828

vt 0.906250 0.619629

vt 0.909668 0.617676

vt 0.951172 0.628662

vt 0.948242 0.629639

vt 0.948242 0.685059

vt 0.906250 0.615723

vt 0.108643 0.124512

vt 0.110901 0.188965

vt 0.768066 0.868164

vt 0.768066 0.871338

vt 0.770020 0.868286

vt 0.914551 0.623779

vt 0.457275 0.169434

vt 0.329590 0.170410

vt 0.329590 0.208008

vt 0.333740 0.208008

vt 0.411133 0.126953

vt 0.411133 0.088379

vt 0.407715 0.088867

vt 0.924316 0.538818

vt 0.922363 0.500488

vt 0.333740 0.170410

vt 0.407715 0.126465

vt 0.920410 0.539062

vt 0.508301 0.131348

vt 0.511719 0.131836

vt 0.511719 0.093262

vt 0.508301 0.093262

vt 0.428711 0.125000

vt 0.425293 0.124512

vt 0.424805 0.180176

vt 0.109009 0.187988

vt 0.888184 0.161621

vt 0.887695 0.110352

vt 0.885742 0.110352

vt 0.029984 0.125488

vt 0.031464 0.177246

vt 0.033783 0.177246

vt 0.387207 0.108887

vt 0.383301 0.108887

vt 0.385010 0.173340

vt 0.883789 0.161621

vt 0.223145 0.187012

vt 0.034027 0.125488

vt 0.386963 0.172852

vt 0.363281 0.109375

vt 0.952148 0.684326

vt 0.112671 0.125488

vt 0.428955 0.180664

vt 0.329590 0.147949

vt 0.891113 0.251953

vt 0.887695 0.250000

vt 0.887695 0.253906

vt 0.890137 0.746826

vt 0.890625 0.743652

vt 0.319824 0.728760

vt 0.277832 0.836182

vt 0.282471 0.836182

vt 0.890137 0.746826

vt 0.080261 0.274902

vt 0.079895 0.296875

vt 0.084045 0.296875

vt 0.266846 0.507568

vt 0.267578 0.545654

vt 0.271729 0.545654

vt 0.976074 0.961212

vt 0.976074 0.999782

vt 0.979492 0.999429

vt 0.928223 0.908508

vt 0.926270 0.869873

vt 0.271240 0.507568

vt 0.979492 0.961456

vt 0.924316 0.908386

vt 0.925293 0.660889

vt 0.925293 0.660889

vt 0.926270 0.648682

vt 0.282471 0.858398

vt 0.914551 0.139648

vt 0.917969 0.140137

vt 0.917480 0.101562

vt 0.914551 0.102051

vt 0.270752 0.485352

vt 0.266602 0.485352

vt 0.926270 0.648682

vt 0.267578 0.381836

vt 0.266602 0.485352

vt 0.270752 0.485352

vt 0.084167 0.406250

vt 0.084045 0.296875

vt 0.079895 0.296875

vt 0.282471 0.884705

vt 0.282471 0.862427

vt 0.279297 0.862793

vt 0.840820 0.100098

vt 0.840820 0.100098

vt 0.841797 0.087891

vt 0.277832 0.884705

vt 0.461182 0.861572

vt 0.463867 0.872803

vt 0.482666 0.873047

vt 0.266846 0.314941

vt 0.285400 0.312988

vt 0.286621 0.301270

vt 0.472656 0.859497

vt 0.275146 0.300293

vt 0.343262 0.377930

vt 0.343506 0.367676

vt 0.343506 0.367676

vt 0.271240 0.326660

vt 0.286621 0.325195

vt 0.285400 0.312988

vt 0.463867 0.872803

vt 0.464111 0.885010

vt 0.479736 0.885010

vt 0.084229 0.275391

vt 0.367432 0.884705

vt 0.362793 0.884705

vt 0.322754 0.988312

vt 0.327393 0.988312

vt 0.320068 0.993919

vt 0.320068 0.993923

vt 0.326660 0.999459

vt 0.327393 0.988312

vt 0.365967 0.862305

vt 0.869629 0.878235

vt 0.865234 0.879333

vt 0.866211 0.999053

vt 0.362793 0.862427

vt 0.063660 0.518555

vt 0.067810 0.518555

vt 0.068542 0.415039

vt 0.020782 0.309082

vt 0.016602 0.309082

vt 0.017059 0.412598

vt 0.362793 0.836182

vt 0.367432 0.836182

vt 0.326660 0.730469

vt 0.869629 0.999147

vt 0.190063 0.336426

vt 0.193604 0.336426

vt 0.193970 0.216797

vt 0.903809 0.737305

vt 0.902344 0.615967

vt 0.874512 0.879456

vt 0.875000 0.998808

vt 0.876953 0.998832

vt 0.189819 0.215332

vt 0.878418 0.877686

vt 0.900391 0.735596

vt 0.322754 0.732666

vt 0.021225 0.414551

vt 0.064392 0.415039

vt 0.271729 0.381836

vt 0.322754 0.988312

vt 0.080261 0.404297

vt 0.322754 0.732666

vt 0.326660 0.730713

vt 0.319824 0.728760

vt 0.021194 0.414551

vt 0.279053 0.858154

vt 0.017059 0.412598

vt 0.319824 0.729004

vt 0.326660 0.730713

vt 0.326660 0.721191

vt 0.318848 0.725586

vt 0.019379 0.423828

vt 0.067810 0.518555

vt 0.063660 0.518555

vt 0.063904 0.540771

vt 0.016602 0.309082

vt 0.020782 0.309082

vt 0.021194 0.286621

vt 0.362793 0.858398

vt 0.266846 0.314941

vt 0.482666 0.873047

vt 0.064392 0.415039

vt 0.068542 0.415039

vt 0.068176 0.410645

vt 0.925293 0.660889

vt 0.925293 0.660889

vt 0.926270 0.672363

vt 0.840820 0.100098

vt 0.840820 0.100098

vt 0.841797 0.111816

vt 0.068054 0.540771

vt 0.017242 0.286621

vt 0.366211 0.858521

vt 0.841797 0.111816

vt 0.065186 0.409180

vt 0.218262 0.368164

vt 0.218140 0.368164

vt 0.218140 0.382324

vt 0.926270 0.672363

vt 0.218262 0.382324

vt 0.944336 0.652832

vt 0.944336 0.864136

vt 0.945312 0.864258

vt 0.530273 0.860840

vt 0.530273 0.861938

vt 0.534668 0.862549

vt 0.432861 0.419922

vt 0.427246 0.420410

vt 0.427246 0.578857

vt 0.136597 0.420410

vt 0.129761 0.420898

vt 0.129761 0.579102

vt 0.535645 0.861572

vt 0.535645 0.867798

vt 0.534668 0.867676

vt 0.500000 0.498535

vt 0.500977 0.498535

vt 0.500977 0.339844

vt 0.515137 0.717041

vt 0.515137 0.506104

vt 0.508301 0.506348

vt 0.172852 0.578125

vt 0.172852 0.366699

vt 0.167358 0.366211

vt 0.432861 0.578857

vt 0.136597 0.578857

vt 0.945312 0.652832

vt 0.508301 0.717285

vt 0.912598 0.373535

vt 0.913086 0.373535

vt 0.913086 0.370117

vt 0.167358 0.577637

vt 0.509277 0.866821

vt 0.509277 0.868042

vt 0.514648 0.867310

vt 0.912598 0.370605

vt 0.513672 0.866211

vt 0.500000 0.339844

vt 0.772949 0.878296

vt 0.772949 0.879028

vt 0.776855 0.879761

vt 0.909180 0.369629

vt 0.513672 0.861084

vt 0.775879 0.878662

vt 0.776367 0.874390

vt 0.776367 0.879456

vt 0.571289 0.997929

vt 0.576660 0.999775

vt 0.576172 0.881958

vt 0.547363 0.335449

vt 0.542480 0.476074

vt 0.547363 0.474609

vt 0.514648 0.860962

vt 0.449707 0.258789

vt 0.449707 0.397461

vt 0.453613 0.396973

vt 0.983398 0.690186

vt 0.982910 0.690430

vt 0.982910 0.808228

vt 0.764648 0.879456

vt 0.760254 0.879578

vt 0.760254 0.998219

vt 0.957520 0.151855

vt 0.958984 0.291992

vt 0.631348 0.863159

vt 0.630371 0.867676

vt 0.248657 0.409180

vt 0.249146 0.409180

vt 0.249146 0.276855

vt 0.694336 0.866089

vt 0.690430 0.998396

vt 0.694336 0.998016

vt 0.821777 0.998018

vt 0.821777 0.865845

vt 0.818359 0.865845

vt 0.780762 0.866089

vt 0.776855 0.865479

vt 0.776855 0.997814

vt 0.630859 0.868408

vt 0.626953 0.868652

vt 0.870117 0.084473

vt 0.868652 0.121582

vt 0.968750 0.703857

vt 0.971680 0.702881

vt 0.970215 0.639648

vt 0.960938 0.390137

vt 0.958008 0.389160

vt 0.958984 0.453613

vt 0.849121 0.368164

vt 0.852539 0.367676

vt 0.852539 0.235352

vt 0.571777 0.879272

vt 0.542480 0.337402

vt 0.983398 0.808350

vt 0.764648 0.997335

vt 0.453613 0.258301

vt 0.958496 0.151855

vt 0.248657 0.276855

vt 0.690430 0.866089

vt 0.818359 0.998016

vt 0.849121 0.235840

vt 0.148315 0.153809

vt 0.150513 0.152344

vt 0.149048 0.097168

vt 0.854492 0.104492

vt 0.852051 0.103027

vt 0.852051 0.159668

vt 0.536621 0.357422

vt 0.537598 0.499023

vt 0.538086 0.499023

vt 0.525391 0.880188

vt 0.520020 0.878357

vt 0.520020 0.999594

vt 0.677246 0.878540

vt 0.672852 0.878601

vt 0.672852 0.998205

vt 0.537598 0.499023

vt 0.537109 0.359375

vt 0.532227 0.360840

vt 0.160278 0.268066

vt 0.160278 0.407715

vt 0.164307 0.407715

vt 0.959961 0.212402

vt 0.960938 0.211914

vt 0.961426 0.092773

vt 0.871094 0.121582

vt 0.950195 0.906677

vt 0.953125 0.906860

vt 0.319092 0.272949

vt 0.315918 0.272949

vt 0.315186 0.273438

vt 0.319092 0.272461

vt 0.701660 0.865479

vt 0.701660 0.869629

vt 0.702637 0.869507

vt 0.702637 0.864624

vt 0.698730 0.864868

vt 0.698730 0.865601

vt 0.901855 0.373535

vt 0.902344 0.373535

vt 0.902344 0.370605

vt 0.315186 0.268555

vt 0.315186 0.273438

vt 0.315918 0.272949

vt 0.315918 0.268555

vt 0.901855 0.370117

vt 0.906250 0.371094

vt 0.781250 0.998652

vt 0.035156 0.177246

vt 0.035706 0.106934

vt 0.933594 0.118652

vt 0.931641 0.190430

vt 0.934082 0.188965

vt 0.033356 0.105469

vt 0.935059 0.998719

vt 0.937500 1.000413

vt 0.937988 0.905762

vt 0.955566 0.499023

vt 0.958008 0.497559

vt 0.958008 0.404297

vt 0.954590 0.905762

vt 0.957031 1.000407

vt 0.942383 0.656494

vt 0.942871 0.751221

vt 0.934570 0.905640

vt 0.955078 0.404297

vt 0.945312 0.656494

vt 0.957520 0.905640

vt 0.164551 0.267578

vt 0.532227 0.498535

vt 0.525391 0.998202

vt 0.952148 0.869507

vt 0.677734 0.999547

vt 0.515137 0.423828

vt 0.515137 0.423828

vt 0.515137 0.449219

vt 0.600586 0.868896

vt 0.600586 0.894287

vt 0.622559 0.894287

vt 0.622559 0.895081

vt 0.600586 0.895081

vt 0.600586 0.920471

vt 0.515137 0.449219

vt 0.622559 0.868896

vt 0.622559 0.920471

vt 0.167236 0.389160

vt 0.167114 0.389160

vt 0.167114 0.409668

vt 0.167236 0.409668

vt 0.888672 0.868408

vt 0.884277 0.868652

vt 0.888184 0.869141

vt 0.888672 0.868408

vt 0.888184 0.869141

vt 0.889160 0.872314

vt 0.009789 0.166992

vt 0.009789 0.139160

vt 0.008766 0.139160

vt 0.124939 0.293457

vt 0.124939 0.282227

vt 0.123962 0.282227

vt 0.217285 0.236816

vt 0.205200 0.236816

vt 0.205200 0.264648

vt 0.515137 0.450195

vt 0.515137 0.450195

vt 0.515137 0.476074

vt 0.437256 0.260254

vt 0.437256 0.232422

vt 0.425293 0.232422

vt 0.908691 0.380859

vt 0.908691 0.381348

vt 0.912109 0.381348

vt 0.008766 0.166992

vt 0.901367 0.627930

vt 0.901367 0.616699

vt 0.900391 0.616699

vt 0.123962 0.293457

vt 0.911621 0.380859

vt 0.913086 0.381836

vt 0.908691 0.381348

vt 0.686035 0.866333

vt 0.681641 0.866821

vt 0.682129 0.999258

vt 0.815430 0.866821

vt 0.811035 0.866333

vt 0.811523 0.998016

vt 0.850586 0.733887

vt 0.852051 0.602295

vt 0.847168 0.601807

vt 0.784180 0.865723

vt 0.780762 0.998235

vt 0.785156 0.997580

vt 0.814941 0.999258

vt 0.686035 0.998181

vt 0.908691 0.382324

vt 0.969238 0.631592

vt 0.971191 0.632324

vt 0.962402 0.462402

vt 0.964355 0.393066

vt 0.961914 0.394043

vt 0.955566 0.782593

vt 0.954590 0.876343

vt 0.958008 0.876709

vt 0.937012 0.749512

vt 0.937500 0.656250

vt 0.934570 0.656494

vt 0.912598 0.377441

vt 0.954102 0.502441

vt 0.954102 0.530273

vt 0.955078 0.530273

vt 0.515137 0.476074

vt 0.213257 0.388672

vt 0.213135 0.388672

vt 0.213135 0.409180

vt 0.213257 0.409180

vt 0.347656 0.208008

vt 0.350342 0.207520

vt 0.956055 0.404297

vt 0.953125 0.404297

vt 0.953613 0.498047

vt 0.401611 0.100586

vt 0.400879 0.100098

vt 0.400879 0.232422

vt 0.969238 0.563232

vt 0.217285 0.264648

vt 0.449219 0.402832

vt 0.448486 0.577881

vt 0.453613 0.578125

vt 0.967773 0.705322

vt 0.390625 0.182617

vt 0.538574 0.458008

vt 0.542969 0.457520

vt 0.542969 0.296387

vt 0.453857 0.402344

vt 0.501953 0.324707

vt 0.501465 0.500000

vt 0.505859 0.500488

vt 0.382568 0.242676

vt 0.378662 0.242676

vt 0.378906 0.402344

vt 0.966309 0.772827

vt 0.918457 0.411621

vt 0.916992 0.375000

vt 0.389160 0.115234

vt 0.971191 0.704834

vt 0.973145 0.742676

vt 0.847168 0.733887

vt 0.401611 0.232422

vt 0.780762 0.865845

vt 0.974121 0.705566

vt 0.915527 0.412598

vt 0.934570 0.750366

vt 0.957520 0.783569

vt 0.969727 0.775757

vt 0.348389 0.113770

vt 0.392822 0.112305

vt 0.425293 0.260254

vt 0.955078 0.502441

vt 0.900391 0.627930

vt 0.382812 0.402832

vt 0.538574 0.297363

vt 0.505859 0.324219

vt 0.982422 0.810181

vt 0.985352 0.809692

vt 0.446045 0.211914

vt 0.443115 0.211426

vt 0.465820 0.255859

vt 0.464844 0.256836

vt 0.465576 0.355957

vt 0.416992 0.249023

vt 0.416504 0.346191

vt 0.417480 0.346191

vt 0.412354 0.249023

vt 0.412354 0.346680

vt 0.416504 0.346191

vt 0.551270 0.998516

vt 0.556152 0.997726

vt 0.555664 0.872803

vt 0.769043 0.873779

vt 0.764648 0.872925

vt 0.765137 0.997440

vt 0.547363 0.212891

vt 0.546387 0.310059

vt 0.551758 0.310547

vt 0.464844 0.256836

vt 0.460693 0.256348

vt 0.460693 0.354980

vt 0.185913 0.310059

vt 0.189941 0.309570

vt 0.189941 0.211914

vt 0.768555 0.873901

vt 0.768066 0.997774

vt 0.772949 0.998085

vt 0.550781 0.998279

vt 0.551270 0.873291

vt 0.546387 0.872559

vt 0.489990 0.127441

vt 0.488525 0.200684

vt 0.491455 0.200684

vt 0.075195 0.183594

vt 0.076111 0.110352

vt 0.073730 0.110352

vt 0.540527 0.864868

vt 0.539062 0.864136

vt 0.535645 0.865356

vt 0.539062 0.864258

vt 0.540527 0.864380

vt 0.540039 0.860596

vt 0.242310 0.115723

vt 0.242798 0.075684

vt 0.988770 0.960327

vt 0.986816 0.999462

vt 0.983887 0.761841

vt 0.444580 0.259766

vt 0.241333 0.076660

vt 0.988770 1.000462

vt 0.791992 0.865112

vt 0.795898 0.864746

vt 0.795410 0.864136

vt 0.825684 0.870483

vt 0.824707 0.874268

vt 0.825684 0.873779

vt 0.690430 0.863892

vt 0.693359 0.863403

vt 0.690430 0.863281

vt 0.795898 0.860352

vt 0.795410 0.864136

vt 0.795898 0.864746

vt 0.828613 0.874023

vt 0.825684 0.873779

vt 0.825195 0.874268

vt 0.828613 0.874756

vt 0.320312 0.363281

vt 0.320312 0.544434

vt 0.324951 0.544922

vt 0.266602 0.578613

vt 0.266602 0.395508

vt 0.262207 0.395996

vt 0.937012 0.124512

vt 0.937500 0.306152

vt 0.937988 0.306152

vt 0.198242 0.243652

vt 0.195312 0.242188

vt 0.194580 0.407227

vt 0.238159 0.387695

vt 0.241211 0.386230

vt 0.240601 0.222168

vt 0.891602 0.884033

vt 0.891602 0.887939

vt 0.892578 0.887390

vt 0.895508 0.888428

vt 0.800293 0.865723

vt 0.800293 0.861450

vt 0.799316 0.861572

vt 0.545898 0.999186

vt 0.772949 0.873291

vt 0.185791 0.211426

vt 0.465576 0.355957

vt 0.914062 0.283203

vt 0.914551 0.368164

vt 0.916992 0.368652

vt 0.052582 0.265137

vt 0.050873 0.179688

vt 0.048248 0.180176

vt 0.887207 0.163086

vt 0.884766 0.163574

vt 0.884277 0.248535

vt 0.022079 0.283691

vt 0.024979 0.283691

vt 0.026703 0.198242

vt 0.047882 0.265625

vt 0.016159 0.198242

vt 0.016586 0.283203

vt 0.020737 0.283691

vt 0.882324 0.248535

vt 0.882324 0.163086

vt 0.878906 0.163574

vt 0.164062 0.180176

vt 0.160278 0.179688

vt 0.159790 0.264648

vt 0.048309 0.160156

vt 0.045166 0.160645

vt 0.044922 0.246094

vt 0.416992 0.249023

vt 0.551758 0.212891

vt 0.768555 0.998507

vt 0.552246 0.873901

vt 0.551758 0.873901

vt 0.550781 0.874268

vt 0.551270 0.998519

vt 0.937988 0.124023

vt 0.237549 0.222656

vt 0.197998 0.409668

vt 0.324951 0.362305

vt 0.260986 0.579346

vt 0.918945 0.283203

vt 0.889160 0.249023

vt 0.021835 0.198242

vt 0.164429 0.265137

vt 0.049438 0.245605

vt 0.877441 0.249023

vt 0.021042 0.198242

vt 0.587891 0.290527

vt 0.581543 0.289551

vt 0.581543 0.846191

vt 0.820801 0.290039

vt 0.819824 0.289551

vt 0.822754 0.846802

vt 0.708008 0.573730

vt 0.708496 0.798584

vt 0.712891 0.797974

vt 0.820801 0.290039

vt 0.817871 0.063965

vt 0.816895 0.063965

vt 0.823730 0.847900

vt 0.235474 0.087402

vt 0.232056 0.087402

vt 0.232056 0.125000

vt 0.924805 0.751587

vt 0.920898 0.751465

vt 0.922852 0.790161

vt 0.437500 0.185547

vt 0.441895 0.185547

vt 0.441895 0.147461

vt 0.182007 0.098633

vt 0.182007 0.136230

vt 0.185181 0.136230

vt 0.966309 0.846069

vt 0.965820 0.842163

vt 0.931152 0.655518

vt 0.930664 0.658691

vt 0.931152 0.658691

vt 0.932617 0.413086

vt 0.936035 0.413086

vt 0.937500 0.390625

vt 0.437500 0.207520

vt 0.964844 0.842285

vt 0.484375 0.885315

vt 0.487549 0.885071

vt 0.487549 0.862793

vt 0.482910 0.862793

vt 0.441895 0.207520

vt 0.938965 0.773315

vt 0.942871 0.773315

vt 0.943359 0.750977

vt 0.932617 0.390625

vt 0.235596 0.125977

vt 0.437500 0.147461

vt 0.587891 0.290527

vt 0.587891 0.064941

vt 0.582520 0.064453

vt 0.185547 0.097656

vt 0.647949 0.289551

vt 0.644531 0.063477

vt 0.639160 0.062988

vt 0.885254 0.882080

vt 0.888672 0.884033

vt 0.888672 0.880188

vt 0.776367 0.573486

vt 0.775879 0.798584

vt 0.776855 0.798462

vt 0.581543 0.289551

vt 0.174683 0.337402

vt 0.174683 0.341797

vt 0.178833 0.341797

vt 0.178833 0.337402

vt 0.924805 0.791992

vt 0.921875 0.866699

vt 0.925781 0.866821

vt 0.998047 0.805176

vt 0.997070 0.894287

vt 0.012566 0.193848

vt 0.013504 0.119141

vt 0.009262 0.120117

vt 0.949219 0.291504

vt 0.951172 0.203125

vt 0.927246 0.748779

vt 0.929199 0.749756

vt 0.929199 0.660889

vt 0.997559 0.894165

vt 0.920898 0.791870

vt 0.008484 0.193848

vt 0.947754 0.203613

vt 0.925781 0.660645

vt 0.713379 0.572998

vt 0.840332 0.097168

vt 0.840332 0.096680

vt 0.840332 0.100586

vt 0.819824 0.289551

vt 0.640625 0.288574

vt 0.507324 0.732666

vt 0.502930 0.731445

vt 0.511719 0.732666

vt 0.004654 0.290527

vt 0.003376 0.280273

vt 0.000534 0.290527

vt 0.510254 0.726318

vt 0.503418 0.721191

vt 0.939453 0.750854

vt 0.004242 0.395020

vt 0.004669 0.290527

vt 0.000547 0.290527

vt 0.041840 0.849731

vt 0.042419 0.860352

vt 0.048523 0.854370

vt 0.029175 0.574707

vt 0.782715 0.848633

vt 0.776855 0.798462

vt 0.775879 0.798584

vt 0.645020 0.013184

vt 0.639160 0.062988

vt 0.644531 0.063477

vt 0.824219 0.014648

vt 0.816895 0.063965

vt 0.817871 0.063965

vt 0.589355 0.015137

vt 0.582520 0.064453

vt 0.587891 0.064941

vt 0.565918 0.847900

vt 0.561035 0.797852

vt 0.554688 0.798462

vt 0.722168 0.847778

vt 0.712891 0.797974

vt 0.708496 0.798584

vt 0.560059 0.848511

vt 0.715820 0.848022

vt 0.650391 0.013672

vt 0.596191 0.015137

vt 0.502930 0.731445

vt 0.879395 0.739258

vt 0.877930 0.741943

vt 0.879395 0.742432

vt 0.872559 0.367188

vt 0.874512 0.245605

vt 0.870605 0.247559

vt 0.135132 0.294922

vt 0.133301 0.414551

vt 0.136963 0.416504

vt 0.867676 0.368164

vt 0.872070 0.366211

vt 0.871582 0.250488

vt 0.421143 0.219238

vt 0.416992 0.216797

vt 0.417236 0.335449

vt 0.871094 0.369141

vt 0.867676 0.249512

vt 0.420898 0.336914

vt 0.502930 0.731445

vt 0.462402 0.836182

vt 0.466797 0.836182

vt 0.507324 0.732666

vt 0.199585 0.406250

vt 0.201294 0.287109

vt 0.197754 0.288574

vt 0.909668 0.505371

vt 0.907715 0.622803

vt 0.911621 0.624512

vt 0.862793 0.998775

vt 0.867188 0.997366

vt 0.866211 0.880127

vt 0.842285 0.247559

vt 0.837891 0.246094

vt 0.838379 0.366211

vt 0.198120 0.409180

vt 0.841797 0.367676

vt 0.863281 0.878662

vt 0.048828 0.854126

vt 0.046173 0.848755

vt 0.041840 0.849731

vt 0.033112 0.569092

vt 0.028931 0.569092

vt 0.652832 0.798462

vt 0.658691 0.797852

vt 0.661621 0.572021

vt 0.575195 0.062500

vt 0.568848 0.062012

vt 0.570312 0.288086

vt 0.793945 0.066406

vt 0.792969 0.066406

vt 0.792969 0.291016

vt 0.223877 0.409180

vt 0.226318 0.347656

vt 0.116577 0.294922

vt 0.116272 0.418457

vt 0.223633 0.285645

vt 0.118835 0.356445

vt 0.136597 0.396484

vt 0.136719 0.396484

vt 0.136719 0.375977

vt 0.136597 0.375977

vt 0.017334 0.098633

vt 0.015030 0.146973

vt 0.707031 0.018066

vt 0.708008 0.573730

vt 0.713379 0.572998

vt 0.556152 0.572510

vt 0.563965 0.571777

vt 0.566895 0.013672

vt 0.650879 0.847900

vt 0.647949 0.289551

vt 0.640625 0.288574

vt 0.776367 0.573486

vt 0.777344 0.573486

vt 0.784180 0.016113

vt 0.258301 0.390625

vt 0.261230 0.390625

vt 0.261475 0.267578

vt 0.012878 0.196777

vt 0.009827 0.196289

vt 0.009651 0.258301

vt 0.654785 0.572754

vt 0.661621 0.572021

vt 0.664551 0.013672

vt 0.727051 0.291504

vt 0.721680 0.290527

vt 0.721191 0.846924

vt 0.937500 0.917114

vt 0.941895 0.918884

vt 0.939453 0.870483

vt 0.019302 0.145020

vt 0.553223 0.014160

vt 0.594727 0.846680

vt 0.720215 0.015625

vt 0.637695 0.846680

vt 0.783203 0.016113

vt 0.842285 0.874268

vt 0.843750 0.861328

vt 0.842773 0.861938

vt 0.843262 0.861328

vt 0.842285 0.874268

vt 0.843262 0.873901

vt 0.843262 0.861328

vt 0.829590 0.861084

vt 0.829102 0.861938

vt 0.842773 0.861938

vt 0.843262 0.861206

vt 0.829590 0.862549

vt 0.793945 0.291504

vt 0.654785 0.572754

vt 0.721680 0.290527

vt 0.727051 0.291504

vt 0.727051 0.066895

vt 0.895508 0.631104

vt 0.896973 0.738770

vt 0.898438 0.737549

vt 0.913086 0.516113

vt 0.913086 0.624023

vt 0.915039 0.625244

vt 0.853516 0.998983

vt 0.855957 0.999801

vt 0.856934 0.882935

vt 0.885254 0.369629

vt 0.887695 0.369141

vt 0.887695 0.251465

vt 0.009834 0.319824

vt 0.258301 0.267090

vt 0.257568 0.328613

vt 0.013313 0.319824

vt 0.167114 0.383789

vt 0.166992 0.383789

vt 0.166992 0.409668

vt 0.600586 0.999615

vt 0.622559 0.999613

vt 0.622559 0.973923

vt 0.600586 0.947479

vt 0.600586 0.973145

vt 0.622559 0.973145

vt 0.213135 0.383301

vt 0.213135 0.383301

vt 0.213135 0.409180

vt 0.167114 0.409668

vt 0.556152 0.572510

vt 0.554688 0.798462

vt 0.561035 0.797852

vt 0.898926 0.629639

vt 0.916504 0.517578

vt 0.883789 0.252930

vt 0.853027 0.881592

vt 0.755371 0.863770

vt 0.756348 0.863892

vt 0.755371 0.860718

vt 0.600586 0.973923

vt 0.622559 0.947479

vt 0.213135 0.409180

vt 0.389648 0.383789

vt 0.389648 0.383789

vt 0.389648 0.404297

vt 0.389648 0.404297

vt 0.722656 0.065918

vt 0.903320 0.658447

vt 0.903320 0.738037

vt 0.907227 0.738770

vt 0.940430 0.749512

vt 0.940430 0.668945

vt 0.937012 0.669678

vt 0.931641 0.384277

vt 0.935547 0.383301

vt 0.934082 0.294434

vt 0.953613 0.408691

vt 0.950195 0.407227

vt 0.952148 0.497070

vt 0.563965 0.571777

vt 0.777344 0.573486

vt 0.734375 0.848022

vt 0.722656 0.065918

vt 0.727051 0.066895

vt 0.735840 0.017578

vt 0.568848 0.062012

vt 0.575195 0.062500

vt 0.580078 0.013184

vt 0.658691 0.797852

vt 0.652832 0.798462

vt 0.658691 0.848389

vt 0.799316 0.016602

vt 0.792969 0.066406

vt 0.574219 0.012207

vt 0.664062 0.847290

vt 0.617188 0.848267

vt 0.624023 0.847046

vt 0.615723 0.797974

vt 0.793945 0.066406

vt 0.937012 0.749268

vt 0.906738 0.658691

vt 0.932129 0.295410

vt 0.534180 0.136719

vt 0.530273 0.137207

vt 0.530273 0.207031

vt 0.932617 0.189941

vt 0.930176 0.121094

vt 0.914062 0.211914

vt 0.914551 0.281250

vt 0.916504 0.281738

vt 0.449707 0.168457

vt 0.445801 0.167969

vt 0.445312 0.237305

vt 0.610352 0.798584

vt 0.615723 0.797974

vt 0.616211 0.573242

vt 0.578125 0.288574

vt 0.945312 0.168945

vt 0.944336 0.169922

vt 0.944336 0.381348

vt 0.453613 0.421875

vt 0.453613 0.578857

vt 0.459229 0.578857

vt 0.609863 0.573975

vt 0.899902 0.883972

vt 0.897461 0.887817

vt 0.899414 0.887756

vt 0.449951 0.238281

vt 0.535156 0.206055

vt 0.923828 0.924927

vt 0.920410 0.924133

vt 0.920410 0.998878

vt 0.926270 0.497070

vt 0.927734 0.408203

vt 0.923828 0.409668

vt 0.949707 0.382812

vt 0.951660 0.295410

vt 0.948242 0.294434

vt 0.948730 0.715820

vt 0.945312 0.715576

vt 0.945312 0.790039

vt 0.924316 0.498047

vt 0.923828 0.999340

vt 0.825195 0.860596

vt 0.824219 0.863525

vt 0.825195 0.863647

vt 0.809570 0.798462

vt 0.810547 0.798462

vt 0.813477 0.572510

vt 0.957520 0.108887

vt 0.958008 0.083496

vt 0.956055 0.084473

vt 0.466553 0.083008

vt 0.465576 0.107910

vt 0.467041 0.108887

vt 0.609375 0.018066

vt 0.609863 0.573975

vt 0.616211 0.573242

vt 0.815430 0.014160

vt 0.812500 0.572754

vt 0.813477 0.572510

vt 0.927734 0.190918

vt 0.918945 0.212402

vt 0.581055 0.847900

vt 0.578125 0.288574

vt 0.570312 0.288086

vt 0.800781 0.848022

vt 0.793945 0.291504

vt 0.792969 0.291016

vt 0.178589 0.366211

vt 0.172974 0.366699

vt 0.172974 0.578125

vt 0.118103 0.425781

vt 0.118103 0.578857

vt 0.124939 0.579590

vt 0.729492 0.016602

vt 0.817383 0.848022

vt 0.810547 0.798462

vt 0.501953 0.718262

vt 0.508301 0.717773

vt 0.524902 0.341309

vt 0.524902 0.498047

vt 0.526367 0.499023

vt 0.508301 0.511230

vt 0.501953 0.505859

vt 0.178589 0.577637

vt 0.526367 0.341309

vt 0.124939 0.422852

vt 0.945312 0.380859

vt 0.459229 0.421875

vt 0.207520 0.111328

vt 0.209595 0.110352

vt 0.209229 0.084473

vt 0.251221 0.091797

vt 0.249146 0.090820

vt 0.250732 0.117676

vt 0.591797 0.866699

vt 0.591309 0.860596

vt 0.590332 0.865845

vt 0.590332 0.860718

vt 0.906738 0.747314

vt 0.903809 0.746582

vt 0.610352 0.798584

vt 0.809570 0.798462

vt 0.585938 0.867554

vt 0.585938 0.866455

vt 0.427979 0.084473

vt 0.425049 0.084961

vt 0.426270 0.122559

vt 0.088501 0.169434

vt 0.088318 0.238770

vt 0.093018 0.240234

vt 0.441406 0.139648

vt 0.440918 0.209961

vt 0.445557 0.208496

vt 0.929199 0.120605

vt 0.924805 0.118652

vt 0.926758 0.188965

vt 0.914062 0.868896

vt 0.918457 0.866943

vt 0.916504 0.798828

vt 0.092590 0.169922

vt 0.914551 0.798462

vt 0.445557 0.139160

vt 0.949219 0.789307

vt 0.900391 0.619385

vt 0.899902 0.619141

vt 0.900391 0.623291

vt 0.904785 0.784790

vt 0.567383 0.846436

vt 0.800293 0.847168

vt 0.623047 0.016602

vt 0.816406 0.014648

vt 0.508789 0.171387

vt 0.508789 0.184082

vt 0.509766 0.184570

vt 0.509277 0.171875

vt 0.522461 0.171387

vt 0.508789 0.171387

vt 0.509277 0.171875

vt 0.522461 0.172363

vt 0.520020 0.867920

vt 0.519043 0.862671

vt 0.519043 0.867920

vt 0.520020 0.861694

vt 0.515137 0.860962

vt 0.514648 0.862061

vt 0.956055 0.824707

vt 0.956055 0.783203

vt 0.933105 0.824707

vt 0.936523 0.783325

vt 0.198364 0.240723

vt 0.197876 0.170898

vt 0.193726 0.169434

vt 0.239624 0.149902

vt 0.237427 0.150879

vt 0.236938 0.220703

vt 0.001968 0.124023

vt -0.000378 0.193359

vt 0.368408 0.141113

vt 0.368408 0.210449

vt 0.372559 0.209473

vt 0.193604 0.238770

vt 0.004353 0.194824

vt 0.373047 0.139160

vt 0.942383 0.583008

vt 0.946289 0.542725

vt 0.958496 0.733398

vt 0.959961 0.776855

vt 0.953125 0.868164

vt 0.936035 0.868164

vt 0.962402 0.773560

vt 0.943359 0.539307

vt 0.241699 0.219727

vt 0.902344 0.499023

vt 0.893555 0.487793

vt 0.894531 0.483887

vt 0.201050 0.240234

vt 0.205322 0.238770

vt 0.205078 0.169434

vt 0.893555 0.484375

vt 0.453613 0.123535

vt 0.452148 0.194336

vt 0.456543 0.192871

vt 0.918457 0.141602

vt 0.914062 0.139648

vt 0.914551 0.210449

vt 0.900391 0.868774

vt 0.898926 0.868530

vt 0.899902 0.872681

vt 0.890625 0.484375

vt 0.893555 0.484375

vt 0.894043 0.483887

vt 0.223511 0.244141

vt 0.220215 0.241211

vt 0.219604 0.407227

vt 0.917969 0.210449

vt 0.128662 0.150391

vt 0.128906 0.334473

vt 0.129639 0.334473

vt 0.090332 0.407715

vt 0.093628 0.404785

vt 0.092773 0.241211

vt 0.237671 0.577881

vt 0.237671 0.392578

vt 0.233032 0.395508

vt 0.310791 0.360840

vt 0.310547 0.542969

vt 0.315430 0.545898

vt 0.960938 0.691895

vt 0.944824 0.624512

vt 0.890625 0.483398

vt 0.752441 0.860718

vt 0.752441 0.861328

vt 0.755371 0.860718

vt 0.696777 0.863281

vt 0.693359 0.863281

vt 0.693359 0.863770

vt 0.243042 0.392090

vt 0.237549 0.395508

vt 0.238770 0.578857

vt 0.204590 0.407715

vt 0.204224 0.243652

vt 0.200806 0.242676

vt 0.256104 0.224609

vt 0.255371 0.389648

vt 0.258301 0.389648

vt 0.004818 0.416504

vt 0.005768 0.416992

vt 0.005768 0.232422

vt 0.343506 0.544434

vt 0.347900 0.545898

vt 0.347900 0.361816

vt 0.746582 0.880188

vt 0.746582 0.883606

vt 0.747070 0.884705

vt 0.746582 0.884705

vt 0.746582 0.883606

vt 0.743164 0.883545

vt 0.743164 0.884277

vt 0.812500 0.572754

vt 0.933105 0.783203

vt 0.953125 0.783325

vt 0.201538 0.407715

vt 0.004997 0.232422

vt 0.259033 0.224609

vt 0.343750 0.359375

vt 0.243042 0.576416

vt 0.089783 0.241699

vt 0.129639 0.149902

vt 0.315186 0.360840

vt 0.223022 0.409180

vt 0.232056 0.578857

vt 0.968750 0.703369

vt 0.397705 0.148438

vt 0.030869 0.178223

vt 0.030457 0.107422

vt 0.027618 0.107910

vt 0.231812 0.152832

vt 0.231689 0.117676

vt 0.228516 0.117188

vt 0.400391 0.113281

vt 0.965820 0.668213

vt 0.026962 0.143066

vt 0.228149 0.187988

vt 0.977051 0.514160

vt 0.977539 0.675049

vt 0.978027 0.674561

vt 0.438965 0.578369

vt 0.443115 0.578369

vt 0.438232 0.402344

vt 0.398193 0.369629

vt 0.394775 0.369141

vt 0.394043 0.544678

vt 0.551758 0.474609

vt 0.551758 0.312988

vt 0.548340 0.313965

vt 0.065186 0.240234

vt 0.065796 0.400391

vt 0.069092 0.400879

vt 0.968262 0.633057

vt 0.400146 0.183594

vt 0.027618 0.178223

vt 0.231567 0.187988

vt 0.438232 0.578125

vt 0.438232 0.401855

vt 0.433838 0.400879

vt 0.389893 0.369629

vt 0.389648 0.546875

vt 0.394043 0.545898

vt 0.160400 0.239258

vt 0.156494 0.238281

vt 0.156738 0.407227

vt 0.488525 0.499512

vt 0.492676 0.498535

vt 0.492676 0.330078

vt 0.515137 0.502441

vt 0.515137 0.502441

vt 0.515137 0.476562

vt 0.687988 0.861206

vt 0.688477 0.860596

vt 0.685059 0.861816

vt 0.515137 0.476562

vt 0.136719 0.397461

vt 0.136597 0.397461

vt 0.136597 0.417969

vt 0.136719 0.417969

vt 0.600586 0.946716

vt 0.622559 0.946716

vt 0.622559 0.921265

vt 0.654297 0.999618

vt 0.654297 0.974121

vt 0.632324 0.974121

vt 0.515137 0.422852

vt 0.515137 0.422852

vt 0.515137 0.397461

vt 0.687988 0.861206

vt 0.687988 0.863770

vt 0.688477 0.863647

vt 0.688477 0.860596

vt 0.687988 0.861206

vt 0.688477 0.863159

vt 0.600586 0.921265

vt 0.632324 0.999616

vt 0.488281 0.330566

vt 0.094666 0.148438

vt 0.097412 0.147461

vt 0.903809 0.916504

vt 0.906738 0.917603

vt 0.515137 0.397461

vt 0.904785 0.870972

vt 0.097046 0.102051

vt 0.421387 0.191895

vt 0.424561 0.189941

vt 0.422607 0.127930

vt 0.041138 0.113281

vt 0.037994 0.110840

vt 0.039215 0.175293

vt 0.412598 0.112305

vt 0.412354 0.167969

vt 0.415771 0.166992

vt 0.846191 0.126953

vt 0.846191 0.183105

vt 0.849609 0.183594

vt 0.776855 0.863647

vt 0.776855 0.863770

vt 0.776855 0.860718

vt 0.421143 0.127441

vt 0.415771 0.111816

vt 0.849609 0.127441

vt 0.143555 0.417969

vt 0.143677 0.417969

vt 0.143677 0.397461

vt 0.143555 0.397461

vt 0.374268 0.189941

vt 0.376221 0.126465

vt 0.372070 0.125488

vt 0.123108 0.215820

vt 0.121094 0.279785

vt 0.125122 0.278809

vt 0.878418 0.162109

vt 0.882324 0.161621

vt 0.881836 0.110352

vt 0.920410 0.922791

vt 0.924316 0.923462

vt 0.924316 0.871704

vt 0.920898 0.871216

vt 0.878418 0.111328

vt 0.883301 0.613525

vt 0.878906 0.613770

vt 0.372559 0.189453

vt 0.820312 0.860596

vt 0.818848 0.863647

vt 0.820312 0.863770

vt 0.888672 0.876648

vt 0.888184 0.875977

vt 0.884277 0.876465

vt 0.901367 0.873413

vt 0.895996 0.873047

vt 0.888184 0.872681

vt 0.888184 0.875977

vt 0.888672 0.876648

vt 0.882812 0.614502

vt 0.896973 0.873657

vt 0.896484 0.877136

vt 0.896973 0.873657

vt 0.896484 0.873169

vt 0.888672 0.872803

vt 0.218384 0.144531

vt 0.219482 0.075195

vt 0.457764 0.123047

vt 0.092834 0.219238

vt 0.096619 0.151367

vt 0.091675 0.149414

vt 0.200928 0.170898

vt 0.883301 0.613525

vt 0.882812 0.614502

vt 0.883789 0.617920

vt 0.218872 0.074707

vt 0.097351 0.220703

vt 0.897949 0.499023

vt 0.160522 0.406738

vt 0.432861 0.577148

vt 0.394043 0.369629

vt 0.897949 0.499512

vt 0.978027 0.514160

vt 0.398193 0.545410

vt 0.443115 0.401855

vt 0.069031 0.240234

vt 0.547363 0.475098

vt 0.918457 0.161133

vt 0.917969 0.282715

vt 0.920410 0.282227

vt 0.869141 0.999478

vt 0.872559 0.999905

vt 0.872070 0.881104

vt 0.845703 0.860352

vt 0.849121 0.859863

vt 0.849121 0.740479

vt 0.933105 0.776733

vt 0.933594 0.777710

vt 0.936035 0.776611

vt 0.920410 0.159668

vt 0.200684 0.286133

vt 0.200073 0.164551

vt 0.197998 0.163574

vt 0.869141 0.880066

vt 0.846191 0.741455

vt 0.197998 0.285645

vt 0.740723 0.798096

vt 0.741211 0.573242

vt 0.735352 0.573975

vt 0.624512 0.065918

vt 0.623535 0.290527

vt 0.629883 0.291016

vt 0.686523 0.797974

vt 0.689453 0.575195

vt 0.682129 0.575928

vt 0.909180 0.256836

vt 0.913086 0.257812

vt 0.911133 0.149414

vt 0.895996 0.369629

vt 0.899414 0.368652

vt 0.897949 0.261230

vt 0.883301 0.611572

vt 0.884277 0.493652

vt 0.879883 0.494141

vt 0.858398 0.251953

vt 0.858398 0.368652

vt 0.862305 0.369629

vt 0.764160 0.076660

vt 0.765625 0.298828

vt 0.772461 0.299316

vt 0.680176 0.798706

vt 0.784668 0.573975

vt 0.784668 0.798584

vt 0.785645 0.798462

vt 0.785645 0.573730

vt 0.823730 0.076660

vt 0.826660 0.298828

vt 0.828125 0.298828

vt 0.929688 0.647949

vt 0.928711 0.626221

vt 0.925293 0.625732

vt 0.481445 0.333984

vt 0.481445 0.355957

vt 0.484619 0.355957

vt 0.938965 0.773315

vt 0.938477 0.751221

vt 0.934570 0.751465

vt 0.925293 0.647949

vt 0.934570 0.773315

vt 0.333740 0.147949

vt 0.486084 0.333984

vt 0.170288 0.337402

vt 0.166138 0.337402

vt 0.166138 0.341797

vt 0.880371 0.611084

vt 0.861816 0.251953

vt 0.896484 0.261230

vt 0.170288 0.341797

vt 0.894043 0.628662

vt 0.892578 0.628906

vt 0.892090 0.737793

vt 0.864746 0.612061

vt 0.864746 0.495117

vt 0.861328 0.495117

vt 0.316895 0.259277

vt 0.318604 0.150391

vt 0.892090 0.998543

vt 0.891602 0.881470

vt 0.888672 0.881287

vt 0.784668 0.798584

vt 0.791016 0.848389

vt 0.824707 0.076660

vt 0.831543 0.027344

vt 0.680176 0.798706

vt 0.686035 0.848511

vt 0.691406 0.847778

vt 0.769531 0.077148

vt 0.775391 0.027344

vt 0.770020 0.026855

vt 0.736328 0.798584

vt 0.743164 0.848022

vt 0.749512 0.847412

vt 0.629883 0.066406

vt 0.638184 0.017090

vt 0.631348 0.016113

vt 0.314941 0.150391

vt 0.682129 0.575928

vt 0.689453 0.575195

vt 0.692871 0.024902

vt 0.775879 0.848633

vt 0.772461 0.299316

vt 0.765625 0.298828

vt 0.629883 0.291016

vt 0.623535 0.290527

vt 0.623047 0.846191

vt 0.734863 0.019043

vt 0.735352 0.573975

vt 0.741211 0.573242

vt 0.828125 0.298828

vt 0.826660 0.298828

vt 0.830078 0.847656

vt 0.071655 0.107910

vt 0.072754 0.083008

vt 0.071167 0.082520

vt 0.895996 0.737305

vt 0.349854 0.112305

vt 0.350098 0.086426

vt 0.347900 0.087402

vt 0.784668 0.573975

vt 0.785645 0.573730

vt 0.792480 0.017090

vt 0.888184 0.998411

vt 0.860840 0.612061

vt 0.831055 0.848145

vt 0.785645 0.798462

vt 0.823730 0.076660

vt 0.764160 0.076660

vt 0.686523 0.797974

vt 0.624512 0.065918

vt 0.740723 0.798096

vt 0.928711 0.623291

vt 0.931152 0.535645

vt 0.927734 0.534424

vt 0.952637 0.204102

vt 0.952148 0.292969

vt 0.955078 0.291504

vt 0.657715 0.868408

vt 0.657715 0.869751

vt 0.660645 0.868164

vt 0.629883 0.066406

vt 0.736328 0.798584

vt 0.824707 0.076660

vt 0.955078 0.203125

vt 0.769531 0.077148

vt 0.931152 0.624023

vt 0.791992 0.016602

vt 0.679199 0.026367

vt 0.762695 0.847290

vt 0.636719 0.847900

vt 0.748047 0.016113

vt 0.716309 0.874146

vt 0.717773 0.873901

vt 0.717773 0.861084

vt 0.704102 0.861084

vt 0.703613 0.862305

vt 0.716797 0.861816

vt 0.716797 0.861816

vt 0.717773 0.861084

vt 0.602051 0.572754

vt 0.595703 0.573486

vt 0.596680 0.798584

vt 0.143555 0.396484

vt 0.143677 0.396484

vt 0.143677 0.375977

vt 0.218262 0.383301

vt 0.218140 0.383301

vt 0.218140 0.409180

vt 0.632324 0.947968

vt 0.632324 0.973358

vt 0.654297 0.973358

vt 0.902344 0.163574

vt 0.899414 0.164062

vt 0.899414 0.243652

vt 0.435059 0.122559

vt 0.432861 0.123535

vt 0.431152 0.179199

vt 0.402344 0.164062

vt 0.404785 0.165039

vt 0.404785 0.107910

vt 0.147705 0.238770

vt 0.146118 0.162598

vt 0.143677 0.163086

vt 0.923828 0.206055

vt 0.923340 0.128906

vt 0.920898 0.128418

vt 0.632324 0.947205

vt 0.654297 0.947205

vt 0.654297 0.921875

vt 0.143555 0.375977

vt 0.218140 0.383301

vt 0.218140 0.383301

vt 0.218140 0.409180

vt 0.515137 0.375977

vt 0.515137 0.375977

vt 0.515137 0.396484

vt 0.515137 0.396484

vt 0.890137 0.105469

vt 0.888672 0.162109

vt 0.892578 0.162598

vt 0.537109 0.129395

vt 0.533203 0.128906

vt 0.534668 0.207031

vt 0.382324 0.162109

vt 0.378662 0.162598

vt 0.378906 0.240234

vt 0.300049 0.179688

vt 0.300293 0.123535

vt 0.296387 0.124023

vt 0.902344 0.515869

vt 0.902344 0.511963

vt 0.898926 0.513672

vt 0.892578 0.106445

vt 0.297852 0.180664

vt 0.441162 0.098633

vt 0.440918 0.137207

vt 0.444336 0.136719

vt 0.273193 0.133301

vt 0.271484 0.171875

vt 0.089661 0.415039

vt 0.085510 0.415039

vt 0.084900 0.452637

vt 0.444336 0.098633

vt 0.275635 0.171875

vt 0.089050 0.453125

vt 0.218262 0.409180

vt 0.601562 0.797974

vt 0.435303 0.179688

vt 0.831055 0.798706

vt 0.832031 0.798706

vt 0.835449 0.576416

vt 0.838867 0.848022

vt 0.832031 0.798706

vt 0.708008 0.016113

vt 0.701660 0.015625

vt 0.694824 0.064941

vt 0.603516 0.848145

vt 0.609863 0.847168

vt 0.601562 0.797974

vt 0.755859 0.848633

vt 0.761719 0.847534

vt 0.755859 0.798218

vt 0.677734 0.025391

vt 0.671875 0.024414

vt 0.666016 0.074219

vt 0.807617 0.015625

vt 0.801270 0.065430

vt 0.902832 0.243652

vt 0.938965 0.866821

vt 0.942383 0.867188

vt 0.941895 0.787476

vt 0.494141 0.327148

vt 0.496582 0.375977

vt 0.023682 0.145996

vt 0.026001 0.097656

vt 0.831055 0.798706

vt 0.596680 0.798584

vt 0.699219 0.065430

vt 0.672363 0.074707

vt 0.492188 0.374023

vt 0.021713 0.099121

vt 0.750000 0.798706

vt 0.802246 0.065430

vt 0.511719 0.732666

vt 0.507324 0.732666

vt 0.547363 0.836182

vt 0.537109 0.207031

vt 0.381348 0.240234

vt 0.310303 0.366699

vt 0.310303 0.376953

vt 0.310547 0.376953

vt 0.263428 0.099121

vt 0.263428 0.099121

vt 0.264648 0.111816

vt 0.632324 0.885498

vt 0.643555 0.887756

vt 0.653320 0.874146

vt 0.169922 0.323242

vt 0.178345 0.337891

vt 0.189819 0.336914

vt 0.634766 0.874390

vt 0.456787 0.122559

vt 0.457031 0.122559

vt 0.455811 0.109863

vt 0.188599 0.325684

vt 0.089294 0.723145

vt 0.086243 0.722900

vt 0.086304 0.745117

vt 0.243408 0.409180

vt 0.247192 0.408691

vt 0.247314 0.386719

vt 0.084534 0.475098

vt 0.457031 0.098633

vt 0.456787 0.098633

vt 0.455811 0.109863

vt 0.455811 0.109863

vt 0.455811 0.109863

vt 0.448975 0.089355

vt 0.445557 0.089355

vt 0.445557 0.126953

vt 0.448975 0.127441

vt 0.090881 0.745117

vt 0.654297 0.947968

vt 0.632324 0.921875

vt 0.218140 0.409180

vt 0.243164 0.386719

vt 0.088745 0.475098

vt 0.551758 0.836182

vt 0.938965 0.787231

vt 0.046173 0.848755

vt 0.243164 0.386719

vt 0.247314 0.386719

vt 0.247437 0.277344

vt 0.088745 0.475098

vt 0.084534 0.475098

vt 0.085510 0.578857

vt 0.048920 0.854248

vt 0.243530 0.283203

vt 0.089661 0.578857

vt 0.263428 0.099121

vt 0.263428 0.099121

vt 0.264648 0.086914

vt 0.264404 0.086914

vt 0.174316 0.311523

vt 0.169922 0.323242

vt 0.188599 0.325684

vt 0.634766 0.874390

vt 0.653320 0.874146

vt 0.650391 0.862061

vt 0.400635 0.108398

vt 0.919434 0.204102

vt 0.143311 0.240234

vt 0.547363 0.858398

vt 0.550781 0.858398

vt 0.634766 0.862061

vt 0.189819 0.313477

vt 0.320312 0.362793

vt 0.320312 0.362793

vt 0.320312 0.377441

vt 0.320312 0.377441

vt 0.801270 0.290527

vt 0.802734 0.290527

vt 0.802246 0.065430

vt 0.758789 0.575928

vt 0.751953 0.576660

vt 0.750000 0.798706

vt 0.667969 0.296875

vt 0.675781 0.297852

vt 0.672363 0.074707

vt 0.693848 0.290039

vt 0.699707 0.290527

vt 0.699219 0.065430

vt 0.833984 0.576416

vt 0.801270 0.065430

vt 0.123230 0.417969

vt 0.125244 0.357422

vt 0.230347 0.286133

vt 0.229858 0.347656

vt 0.902832 0.373535

vt 0.898926 0.374512

vt 0.871094 0.865479

vt 0.875000 0.866455

vt 0.666016 0.074219

vt 0.755859 0.798218

vt 0.694824 0.064941

vt 0.837402 0.026855

vt 0.833984 0.576416

vt 0.835449 0.576416

vt 0.595215 0.017090

vt 0.595703 0.573486

vt 0.602051 0.572754

vt 0.699707 0.290527

vt 0.693848 0.290039

vt 0.693359 0.846680

vt 0.751953 0.576660

vt 0.758789 0.575928

vt 0.761719 0.027344

vt 0.678711 0.847900

vt 0.675781 0.297852

vt 0.667969 0.296875

vt 0.809570 0.847900

vt 0.802734 0.290527

vt 0.801270 0.290527

vt 0.563477 0.881042

vt 0.563477 0.881653

vt 0.566406 0.881042

vt 0.232422 0.346680

vt 0.122864 0.356934

vt 0.900391 0.436035

vt 0.872559 0.804321

vt 0.871094 0.743164

vt 0.898926 0.497070

vt 0.123230 0.295410

vt 0.875000 0.742188

vt 0.902832 0.497559

vt 0.230347 0.408691

vt 0.838379 0.027344

vt 0.327637 0.101562

vt 0.323975 0.101074

vt 0.325928 0.147949

vt 0.950684 0.675781

vt 0.954590 0.675537

vt 0.953125 0.628906

vt 0.608887 0.015137

vt 0.706543 0.847900

vt 0.665039 0.846558

vt 0.748535 0.029297

vt 0.808594 0.847046

vt 0.777344 0.868042

vt 0.776367 0.863525

vt 0.776367 0.866943

vt 0.776855 0.868042

vt 0.776367 0.866943

vt 0.773438 0.867065

vt 0.773438 0.867798

vt 0.353271 0.544434

vt 0.357666 0.545410

vt 0.357666 0.363770

vt 0.293457 0.116699

vt 0.294678 0.095215

vt 0.291748 0.097656

vt 0.876465 0.619385

vt 0.875000 0.638672

vt 0.878418 0.640869

vt 0.260986 0.395020

vt 0.255371 0.398438

vt 0.256592 0.579590

vt 0.090332 0.412598

vt 0.089783 0.578369

vt 0.092773 0.578857

vt 0.229492 0.408691

vt 0.229248 0.243164

vt 0.225830 0.241699

vt 0.960938 0.381348

vt 0.961914 0.381836

vt 0.961914 0.199707

vt 0.281494 0.186035

vt 0.267334 0.185059

vt 0.267822 0.186035

vt 0.267578 0.184570

vt 0.281494 0.186035

vt 0.956055 0.199707

vt 0.955566 0.117676

vt 0.952637 0.117676

vt 0.942383 0.866089

vt 0.932617 0.455566

vt 0.932617 0.497070

vt 0.935547 0.497559

vt 0.952637 0.159180

vt 0.043427 0.111328

vt 0.046112 0.152832

vt 0.944824 0.824585

vt 0.953125 0.201172

vt 0.935547 0.415527

vt 0.960938 0.199707

vt 0.226440 0.407715

vt 0.093445 0.411621

vt 0.353271 0.361328

vt 0.260742 0.577148

vt 0.942871 0.782959

vt 0.281494 0.186035

vt 0.281494 0.173340

vt 0.280029 0.172852

vt 0.280273 0.172852

vt 0.280518 0.185059

vt 0.281494 0.186035

vt 0.280518 0.185059

vt 0.933105 0.414062

vt 0.044250 0.194336

vt 0.570801 0.860596

vt 0.567871 0.860718

vt 0.570801 0.861206

vt 0.028183 0.465332

vt 0.028931 0.569092

vt 0.033112 0.569092

vt 0.925781 0.523438

vt 0.925781 0.523438

vt 0.924316 0.535645

vt 0.001356 0.745117

vt 0.041840 0.849731

vt 0.046173 0.848755

vt 0.924316 0.535645

vt 0.466797 0.858398

vt 0.681641 0.861938

vt 0.681641 0.861938

vt 0.681641 0.876526

vt 0.681641 0.876526

vt 0.271240 0.352539

vt 0.286621 0.351074

vt 0.285400 0.338867

vt 0.046844 0.354980

vt 0.048065 0.342773

vt 0.032562 0.341309

vt 0.463379 0.858765

vt 0.000069 0.395508

vt 0.032349 0.465332

vt 0.266846 0.341309

vt 0.005928 0.745117

vt 0.028229 0.352539

vt 0.004616 0.417969

vt 0.004242 0.395020

vt 0.000069 0.395508

vt 0.057587 0.111328

vt 0.057678 0.111328

vt 0.056610 0.099609

vt 0.028458 0.442871

vt 0.028183 0.465332

vt 0.032349 0.465332

vt 0.407227 0.166504

vt 0.409180 0.127930

vt 0.405273 0.127930

vt 0.028931 0.405273

vt 0.032623 0.443359

vt 0.529785 0.134766

vt 0.533203 0.134766

vt 0.533203 0.097168

vt 0.033112 0.405273

vt 0.529785 0.096191

vt 0.301758 0.179688

vt 0.303955 0.179199

vt 0.305664 0.124023

vt 0.168701 0.238281

vt 0.167603 0.162598

vt 0.165039 0.162598

vt 0.857422 0.107422

vt 0.854980 0.106445

vt 0.854980 0.162598

vt 0.905273 0.621826

vt 0.908691 0.623779

vt 0.899902 0.876892

vt 0.903320 0.874878

vt 0.908691 0.619873

vt 0.899902 0.873047

vt 0.090576 0.167969

vt 0.092590 0.129395

vt 0.064392 0.578613

vt 0.068542 0.578613

vt 0.515625 0.093262

vt 0.515137 0.132324

vt 0.518555 0.131348

vt 0.934570 0.547363

vt 0.933105 0.623291

vt 0.937500 0.625488

vt 0.301758 0.123535

vt 0.858887 0.162109

vt 0.164795 0.240234

vt 0.056519 0.099609

vt 0.002903 0.722656

vt 0.924316 0.535645

vt 0.924316 0.535645

vt 0.925781 0.547119

vt 0.925781 0.547119

vt 0.088562 0.128906

vt 0.518555 0.093262

vt 0.059631 0.100098

vt 0.059570 0.100098

vt 0.060699 0.112305

vt 0.427979 0.123535

vt 0.429688 0.179199

vt 0.431885 0.179688

vt 0.416504 0.168945

vt 0.413818 0.168945

vt 0.412598 0.245117

vt 0.936523 0.204590

vt 0.934082 0.204590

vt 0.933594 0.282715

vt 0.499512 0.165039

vt 0.499268 0.108398

vt 0.497070 0.108887

vt 0.048065 0.340332

vt 0.046844 0.328613

vt 0.028229 0.326660

vt 0.266846 0.367188

vt 0.285400 0.365234

vt 0.286621 0.353516

vt 0.036346 0.341309

vt 0.274902 0.352539

vt 0.142578 0.106934

vt 0.142456 0.106934

vt 0.143555 0.119141

vt 0.142456 0.106934

vt 0.142578 0.106934

vt 0.143677 0.095703

vt 0.143555 0.095703

vt 0.310547 0.378418

vt 0.310547 0.367676

vt 0.310547 0.367676

vt 0.432129 0.122559

vt 0.495361 0.164551

vt 0.937988 0.280762

vt 0.416748 0.247070

vt 0.000655 0.417480

vt 0.005917 0.722900

vt 0.266846 0.341309

vt 0.285400 0.338867

vt 0.286621 0.327148

vt 0.048065 0.366699

vt 0.046844 0.354980

vt 0.028229 0.352539

vt 0.274902 0.326660

vt 0.143677 0.119141

vt 0.036346 0.367188

vt 0.057678 0.087402

vt 0.056519 0.099609

vt 0.056610 0.099609

vt 0.271240 0.378906

vt 0.286621 0.377441

vt 0.285400 0.365234

vt 0.046844 0.328613

vt 0.048065 0.316406

vt 0.032562 0.314941

vt 0.266846 0.367188

vt 0.028229 0.326660

vt 0.320068 0.377441

vt 0.320068 0.377441

vt 0.320068 0.362793

vt 0.320068 0.362793

vt 0.059570 0.100098

vt 0.059631 0.100098

vt 0.060699 0.087891

vt 0.060638 0.087891

vt 0.923828 0.087891

vt 0.920410 0.087891

vt 0.920410 0.125977

vt 0.923828 0.126953

vt 0.029251 0.086914

vt 0.029312 0.125488

vt 0.032745 0.124512

vt 0.032745 0.086426

vt 0.891113 0.370117

vt 0.890625 0.260742

vt 0.888672 0.259766

vt 0.854980 0.496094

vt 0.852051 0.496094

vt 0.851562 0.613770

vt 0.906738 0.259766

vt 0.908691 0.368164

vt 0.880859 0.881531

vt 0.877930 0.882263

vt 0.877441 0.999160

vt 0.487061 0.898193

vt 0.487305 0.898193

vt 0.487305 0.887390

vt 0.937012 0.547607

vt 0.887207 0.368164

vt 0.910645 0.257812

vt 0.855469 0.612793

vt 0.881348 1.000142

vt 0.795898 0.997814

vt 0.795898 0.873291

vt 0.791504 0.873901

vt 0.828125 0.866699

vt 0.828613 0.866211

vt 0.824707 0.867188

vt 0.506348 0.220703

vt 0.501953 0.219727

vt 0.501953 0.319336

vt 0.165283 0.177246

vt 0.162964 0.106445

vt 0.225098 0.186035

vt 0.224609 0.115723

vt 0.222534 0.187012

vt 0.162720 0.176758

vt 0.659180 0.872559

vt 0.658691 0.997461

vt 0.663574 0.997751

vt 0.412598 0.222656

vt 0.412842 0.218262

vt 0.411865 0.222168

vt 0.412598 0.222656

vt 0.411865 0.222168

vt 0.408936 0.223145

vt 0.556641 0.870972

vt 0.555664 0.870483

vt 0.552734 0.871582

vt 0.556641 0.866577

vt 0.555664 0.870483

vt 0.556641 0.870972

vt 0.363525 0.158203

vt 0.365967 0.103027

vt 0.969727 0.097168

vt 0.968750 0.153320

vt 0.485107 0.149902

vt 0.488525 0.150391

vt 0.487061 0.095703

vt 0.461670 0.282227

vt 0.458252 0.282715

vt 0.459717 0.336914

vt 0.829590 0.998288

vt 0.829102 0.876343

vt 0.825195 0.876892

vt 0.368652 0.219238

vt 0.364258 0.220703

vt 0.364258 0.320801

vt 0.394287 0.266113

vt 0.389648 0.264648

vt 0.388916 0.364746

vt 0.697754 0.876099

vt 0.698242 0.997913

vt 0.703125 0.998383

vt 0.663574 0.873169

vt 0.791992 0.998713

vt 0.231812 0.389648

vt 0.236572 0.388672

vt 0.236694 0.289062

vt 0.505859 0.320801

vt 0.363281 0.102539

vt 0.971191 0.152832

vt 0.521973 0.872192

vt 0.526855 0.872437

vt 0.521973 0.876404

vt 0.521973 0.872192

vt 0.520020 0.871948

vt 0.959473 0.296875

vt 0.957520 0.383789

vt 0.941895 0.411133

vt 0.941406 0.497070

vt 0.184692 0.365234

vt 0.178711 0.365234

vt 0.178711 0.578125

vt 0.944336 0.168457

vt 0.943359 0.168457

vt 0.943359 0.381348

vt 0.028030 0.578857

vt 0.028030 0.426758

vt 0.022736 0.427246

vt 0.103943 0.431641

vt 0.104065 0.579346

vt 0.105347 0.578369

vt 0.481445 0.717041

vt 0.487549 0.718262

vt 0.487549 0.508301

vt 0.105286 0.429199

vt 0.105591 0.578369

vt 0.110901 0.579102

vt 0.538086 0.354492

vt 0.538086 0.202148

vt 0.537109 0.202148

vt 0.369629 0.319336

vt 0.394531 0.366211

vt 0.969727 0.931213

vt 0.971680 0.851929

vt 0.968750 0.852539

vt 0.943848 0.498047

vt 0.959961 0.383301

vt 0.110901 0.429199

vt 0.105286 0.429199

vt 0.944336 0.381348

vt 0.537109 0.354492

vt 0.184326 0.577637

vt 0.481445 0.504150

vt 0.022415 0.579102

vt 0.962402 0.229980

vt 0.959961 0.201172

vt 0.052612 0.083984

vt 0.050537 0.112793

vt 0.964355 0.202148

vt 0.054565 0.111816

vt 0.659180 0.861938

vt 0.658203 0.861816

vt 0.658203 0.867065

vt 0.659180 0.867065

vt 0.659180 0.868286

vt 0.653809 0.866699

vt 0.653809 0.867920

vt 0.520508 0.876404

vt 0.526855 0.871704

vt 0.963379 0.919128

vt 0.963867 0.840454

vt 0.961426 0.839844

vt 0.520996 0.170410

vt 0.523926 0.170410

vt 0.523438 0.097656

vt 0.434570 0.179688

vt 0.437500 0.179688

vt 0.437500 0.107910

vt 0.982422 0.958893

vt 0.979492 0.959106

vt 0.980957 0.998733

vt 0.903809 0.287598

vt 0.906738 0.287598

vt 0.905273 0.248047

vt 0.166870 0.411133

vt 0.165405 0.579102

vt 0.364502 0.410645

vt 0.358887 0.410645

vt 0.358887 0.578613

vt 0.166992 0.411133

vt 0.160278 0.412598

vt 0.160278 0.578857

vt 0.551270 0.260742

vt 0.551270 0.473633

vt 0.552246 0.473633

vt 0.957031 0.528564

vt 0.957520 0.501709

vt 0.955078 0.502441

vt 0.398926 0.110840

vt 0.400146 0.084961

vt 0.398193 0.083984

vt 0.184448 0.364746

vt 0.184448 0.577637

vt 0.190063 0.578125

vt 0.474609 0.504883

vt 0.474609 0.717529

vt 0.481445 0.718750

vt 0.480957 0.330078

vt 0.479736 0.330078

vt 0.479736 0.498535

vt 0.165649 0.579102

vt 0.167236 0.579102

vt 0.480713 0.503662

vt 0.364502 0.578857

vt 0.552246 0.260742

vt 0.190063 0.365234

vt 0.480957 0.498535

vt 0.929688 0.868774

vt 0.928223 0.906433

vt 0.931152 0.906494

vt 0.222778 0.283691

vt 0.225830 0.283691

vt 0.942871 0.291504

vt 0.942871 0.204102

vt 0.957520 0.686035

vt 0.959473 0.773804

vt 0.959473 0.686523

vt 0.940918 0.291992

vt 0.961426 0.625000

vt 0.963867 0.624268

vt 0.963867 0.545166

vt 0.043243 0.099121

vt 0.040527 0.098145

vt 0.042664 0.177734

vt 0.969238 0.705811

vt 0.968262 0.775635

vt 0.971191 0.775269

vt 0.375732 0.106445

vt 0.375488 0.174805

vt 0.378662 0.175293

vt 0.914062 0.512939

vt 0.910645 0.513916

vt 0.914551 0.513428

vt 0.914551 0.509766

vt 0.434570 0.106934

vt 0.520996 0.098633

vt 0.237915 0.132324

vt 0.236938 0.259766

vt 0.327881 0.417969

vt 0.328125 0.290039

vt 0.324951 0.291504

vt 0.610352 0.863159

vt 0.610352 0.868408

vt 0.610840 0.868286

vt 0.605469 0.862305

vt 0.605469 0.863403

vt 0.610352 0.863159

vt 0.610840 0.861816

vt 0.610840 0.862061

vt 0.405273 0.577393

vt 0.409180 0.578613

vt 0.012756 0.324707

vt 0.009315 0.323730

vt 0.009346 0.451172

vt 0.092957 0.578613

vt 0.096863 0.577393

vt 0.524902 0.327637

vt 0.524902 0.338867

vt 0.525879 0.338867

vt 0.237549 0.259766

vt 0.027618 0.421875

vt 0.027756 0.294434

vt 0.027100 0.294434

vt 0.525879 0.327637

vt 0.408936 0.451172

vt 0.405518 0.461426

vt 0.324463 0.407227

vt 0.096619 0.461914

vt 0.092896 0.451172

vt 0.013145 0.440430

vt 0.551270 0.229492

vt 0.551270 0.257324

vt 0.552246 0.257324

vt 0.552246 0.229492

vt 0.060669 0.338867

vt 0.048553 0.338867

vt 0.048553 0.366211

vt 0.241577 0.243164

vt 0.241577 0.270996

vt 0.253662 0.270996

vt 0.888184 0.164062

vt 0.888184 0.175293

vt 0.889648 0.175293

vt 0.060669 0.366211

vt 0.253662 0.243164

vt 0.521484 0.870850

vt 0.520020 0.871216

vt 0.521484 0.872314

vt 0.526855 0.870850

vt 0.521484 0.870850

vt 0.521484 0.872314

vt 0.944336 0.778931

vt 0.944336 0.751221

vt 0.942871 0.751221

vt 0.520020 0.871216

vt 0.521484 0.870850

vt 0.521973 0.866455

vt 0.520508 0.866455

vt 0.942871 0.778931

vt 0.889648 0.164062

vt 0.911621 0.639404

vt 0.911621 0.639893

vt 0.916992 0.641602

vt 0.915527 0.636230

vt 0.914551 0.636230

vt 0.526855 0.871582

vt 0.224121 0.246582

vt 0.238037 0.385742

vt 0.915039 0.873291

vt 0.914551 0.870605

vt 0.914551 0.873901

vt 0.917969 0.874023

vt 0.096924 0.325684

vt 0.093018 0.326172

vt 0.009331 0.575928

vt 0.012756 0.577393

vt 0.409180 0.325195

vt 0.405518 0.325684

vt 0.324951 0.544189

vt 0.328125 0.543701

vt 0.971191 0.706787

vt 0.378662 0.105469

vt 0.027618 0.169434

vt 0.349854 0.165039

vt 0.352539 0.166016

vt 0.351318 0.103027

vt 0.970703 0.704834

vt 0.973145 0.703857

vt 0.972168 0.642090

vt 0.904785 0.371094

vt 0.908691 0.370605

vt 0.840332 0.495605

vt 0.839355 0.495605

vt 0.838379 0.614014

vt 0.148438 0.340820

vt 0.144653 0.340820

vt 0.143433 0.459961

vt 0.909180 0.370117

vt 0.908691 0.373535

vt 0.909180 0.373535

vt 0.420410 0.459473

vt 0.421387 0.340820

vt 0.418213 0.340820

vt 0.543457 0.717285

vt 0.547852 0.718506

vt 0.546387 0.599854

vt 0.128784 0.461426

vt 0.125854 0.578857

vt 0.129639 0.577637

vt 0.772949 0.874023

vt 0.776367 0.874634

vt 0.775879 0.873535

vt 0.079773 0.410645

vt 0.079773 0.277832

vt 0.079224 0.278320

vt 0.814941 0.998016

vt 0.818359 0.998018

vt 0.818359 0.865845

vt 0.788574 0.999121

vt 0.788574 0.865967

vt 0.784668 0.865601

vt 0.845703 0.235840

vt 0.845703 0.368164

vt 0.849121 0.367676

vt 0.148682 0.160645

vt 0.147095 0.096191

vt 0.694336 0.998272

vt 0.698242 0.998323

vt 0.694336 0.866211

vt 0.738770 0.880615

vt 0.738770 0.884583

vt 0.739258 0.881104

vt 0.941406 0.630615

vt 0.939941 0.668213

vt 0.297852 0.122070

vt 0.299316 0.083984

vt 0.200806 0.104004

vt 0.202271 0.166992

vt 0.559082 0.880920

vt 0.555664 0.881165

vt 0.555664 0.880615

vt 0.946777 0.906555

vt 0.948242 0.868652

vt 0.945312 0.868896

vt 0.220703 0.121582

vt 0.221680 0.083984

vt 0.218994 0.083496

vt 0.203491 0.102539

vt 0.146118 0.159668

vt 0.838379 0.614014

vt 0.839355 0.732422

vt 0.840332 0.732422

vt 0.143433 0.459961

vt 0.144775 0.578125

vt 0.148560 0.576904

vt 0.417969 0.576904

vt 0.421387 0.577637

vt 0.420410 0.459473

vt 0.129639 0.340820

vt 0.126221 0.341797

vt 0.128784 0.461426

vt 0.546387 0.599854

vt 0.547363 0.480957

vt 0.543457 0.479980

vt 0.494629 0.500000

vt 0.499756 0.498535

vt 0.499756 0.359375

vt 0.980957 0.691162

vt 0.982422 0.809448

vt 0.403564 0.266113

vt 0.399414 0.264160

vt 0.399658 0.405273

vt 0.725586 0.880493

vt 0.725098 0.997623

vt 0.729492 0.998234

vt 0.545898 0.996624

vt 0.545898 0.879944

vt 0.540527 0.881042

vt 0.405029 0.265625

vt 0.403564 0.405762

vt 0.541992 0.598145

vt 0.838867 0.611572

vt 0.147217 0.459473

vt 0.417480 0.459473

vt 0.125000 0.460449

vt 0.776855 0.869507

vt 0.775879 0.869507

vt 0.776367 0.874390

vt 0.981934 0.691162

vt 0.784668 0.997742

vt 0.698242 0.865845

vt 0.772949 0.873291

vt 0.814941 0.865845

vt 0.079224 0.410645

vt 0.404541 0.405762

vt 0.541016 0.998233

vt 0.729492 0.881104

vt 0.403564 0.405762

vt 0.942871 0.668457

vt 0.296631 0.083984

vt 0.823730 0.998644

vt 0.703613 0.876465

vt 0.494873 0.358887

vt 0.742676 0.880981

vt 0.742676 0.880432

vt 0.738770 0.880493

vt 0.719238 0.881104

vt 0.719727 0.877258

vt 0.719238 0.877563

vt 0.910156 0.374512

vt 0.913574 0.373535

vt 0.909180 0.374023

vt 0.909180 0.377441

vt 0.910156 0.377441

vt 0.125000 0.460449

vt 0.417480 0.459473

vt 0.147217 0.459473

vt 0.838867 0.611572

vt 0.541992 0.598145

vt 0.100891 0.282227

vt 0.096741 0.281738

vt 0.100220 0.282715

vt 0.101196 0.287109

vt 0.716309 0.876892

vt 0.716309 0.877441

vt 0.914551 0.509766

vt 0.915039 0.505859

vt 0.909668 0.509277

vt 0.914062 0.509033

vt 0.963867 0.470215

vt 0.962891 0.543701

vt 0.966309 0.543945

vt 0.057709 0.185059

vt 0.057953 0.113281

vt 0.054596 0.113281

vt 0.323975 0.095215

vt 0.320801 0.095215

vt 0.323242 0.159180

vt 0.844727 0.103516

vt 0.841797 0.103516

vt 0.841797 0.167480

vt 0.966797 0.428223

vt 0.968262 0.541260

vt 0.372314 0.544678

vt 0.375977 0.544189

vt 0.375732 0.431152

vt 0.970703 0.937592

vt 0.971680 0.822388

vt 0.470947 0.383789

vt 0.472168 0.268555

vt 0.467773 0.270020

vt 0.295166 0.433594

vt 0.291504 0.544189

vt 0.296387 0.546387

vt 0.413330 0.351562

vt 0.409180 0.351562

vt 0.409180 0.464844

vt 0.967773 0.428223

vt 0.045502 0.158691

vt 0.048035 0.158203

vt 0.047913 0.104492

vt 0.095093 0.094238

vt 0.092590 0.094238

vt 0.092834 0.148438

vt 0.413086 0.464355

vt 0.971191 0.825073

vt 0.132568 0.090332

vt 0.130615 0.144531

vt 0.133301 0.144043

vt 0.086060 0.149902

vt 0.088379 0.096191

vt 0.085632 0.095703

vt 0.467773 0.383789

vt 0.413330 0.578613

vt 0.291504 0.430664

vt 0.372314 0.431152

vt 0.599121 0.879028

vt 0.600098 0.879028

vt 0.600098 0.862305

vt 0.966309 0.471680

vt 0.054535 0.187012

vt 0.599121 0.862305

vt 0.356445 0.354980

vt 0.357178 0.354980

vt 0.357910 0.262207

vt 0.352783 0.358887

vt 0.356934 0.357422

vt 0.357666 0.264648

vt 0.835938 0.997860

vt 0.835938 0.876648

vt 0.832520 0.876953

vt 0.707520 0.998087

vt 0.711914 0.877075

vt 0.707520 0.876526

vt 0.320557 0.357910

vt 0.325439 0.359375

vt 0.324951 0.266602

vt 0.970703 0.708496

vt 0.467773 0.497559

vt 0.291504 0.317383

vt 0.372314 0.317871

vt 0.356934 0.357422

vt 0.352539 0.357422

vt 0.357666 0.357910

vt 0.431641 0.093750

vt 0.430664 0.093750

vt 0.430664 0.121582

vt 0.028183 0.286133

vt 0.028183 0.313965

vt 0.045898 0.313965

vt 0.064148 0.286133

vt 0.046448 0.286133

vt 0.046448 0.313965

vt 0.431641 0.121582

vt 0.190063 0.344727

vt 0.189087 0.344727

vt 0.189087 0.361328

vt 0.968262 0.313477

vt 0.308838 0.099609

vt 0.310303 0.163574

vt 0.311279 0.097656

vt 0.262451 0.168457

vt 0.263672 0.104492

vt 0.260986 0.102539

vt 0.375977 0.316895

vt 0.472168 0.498047

vt 0.296387 0.316895

vt 0.409180 0.578125

vt 0.918457 0.544922

vt 0.918945 0.548828

vt 0.923828 0.549072

vt 0.919434 0.548096

vt 0.321533 0.262207

vt 0.320801 0.262207

vt 0.320068 0.265137

vt 0.320068 0.265137

vt 0.324951 0.265625

vt 0.321045 0.264648

vt 0.321045 0.264648

vt 0.207153 0.406738

vt 0.211426 0.407715

vt 0.211182 0.267578

vt 0.357910 0.262695

vt 0.359131 0.375488

vt 0.190063 0.361328

vt 0.051941 0.185059

vt 0.055145 0.185059

vt 0.054749 0.111816

vt 0.963379 0.918640

vt 0.966797 0.918701

vt 0.964355 0.845337

vt 0.969238 0.939545

vt 0.968262 0.999331

vt 0.971680 0.999099

vt 0.179199 0.161621

vt 0.179443 0.102539

vt 0.176270 0.102539

vt 0.176147 0.162109

vt 0.971680 0.940094

vt 0.590820 0.863037

vt 0.594238 0.863525

vt 0.595215 0.862671

vt 0.911621 0.502686

vt 0.911133 0.501953

vt 0.911133 0.505859

vt 0.914551 0.501953

vt 0.353516 0.265625

vt 0.928711 0.773926

vt 0.087585 0.149902

vt 0.095093 0.148438

vt 0.045380 0.104492

vt 0.357178 0.262207

vt 0.832520 0.998177

vt 0.711914 0.998177

vt 0.320312 0.264648

vt 0.927246 0.776123

vt 0.927246 0.773682

vt 0.914551 0.502686

vt 0.357178 0.354980

vt 0.356445 0.354980

vt 0.064148 0.313965

vt 0.045898 0.286133

vt 0.911621 0.505859

vt 0.433838 0.121582

vt 0.434814 0.121582

vt 0.434814 0.093750

vt 0.433838 0.093750

vt 0.110291 0.123047

vt 0.111450 0.085449

vt 0.108582 0.084961

vt 0.808105 0.861328

vt 0.806641 0.899475

vt 0.809570 0.898743

vt 0.617676 0.868408

vt 0.621094 0.866943

vt 0.616699 0.867310

vt 0.622070 0.868042

vt 0.886719 0.755371

vt 0.887695 0.755371

vt 0.887695 0.744141

vt 0.849121 0.234863

vt 0.305664 0.109863

vt 0.306152 0.180664

vt 0.967285 0.473145

vt 0.969238 0.545410

vt 0.621094 0.861694

vt 0.622070 0.861694

vt 0.899414 0.888977

vt 0.900391 0.888977

vt 0.900391 0.877686

vt 0.879395 0.525879

vt 0.880371 0.525879

vt 0.880371 0.498047

vt 0.296875 0.231934

vt 0.296875 0.259766

vt 0.309082 0.259766

vt 0.401611 0.234863

vt 0.389404 0.234863

vt 0.389404 0.262695

vt 0.879395 0.498047

vt 0.886719 0.744141

vt 0.974121 0.370605

vt 0.972656 0.428223

vt 0.975098 0.429688

vt 0.549805 0.157715

vt 0.549805 0.098633

vt 0.547363 0.100098

vt 0.253906 0.194336

vt 0.253906 0.407715

vt 0.254883 0.407715

vt 0.111084 0.578857

vt 0.117920 0.580322

vt 0.111084 0.423340

vt 0.005695 0.421875

vt 0.000084 0.421875

vt 0.000084 0.578857

vt 0.494873 0.717773

vt 0.488281 0.507812

vt 0.488281 0.719727

vt 0.468018 0.202637

vt 0.467773 0.109375

vt 0.465576 0.107910

vt 0.858398 0.155762

vt 0.858398 0.249512

vt 0.861328 0.248047

vt 0.218262 0.407715

vt 0.219482 0.406738

vt 0.219482 0.250000

vt 0.520996 0.503906

vt 0.520996 0.717285

vt 0.526367 0.717529

vt 0.953125 0.776245

vt 0.955566 0.682129

vt 0.212646 0.409668

vt 0.213257 0.314941

vt 0.861816 0.154785

vt 0.464844 0.202148

vt 0.308105 0.108398

vt 0.969727 0.474609

vt 0.210571 0.315430

vt 0.952637 0.681885

vt 0.254883 0.195801

vt 0.005695 0.578857

vt 0.594238 0.863525

vt 0.595215 0.867554

vt 0.595215 0.862671

vt 0.218262 0.250000

vt 0.117920 0.424805

vt 0.526367 0.504395

vt 0.494873 0.503906

vt 0.294922 0.092285

vt 0.295410 0.118164

vt 0.212891 0.085449

vt 0.214600 0.112305

vt 0.296875 0.091309

vt 0.214966 0.086426

vt 0.454590 0.084961

vt 0.453613 0.122070

vt 0.456299 0.123047

vt 0.938477 0.539551

vt 0.941406 0.539062

vt 0.508301 0.862061

vt 0.508301 0.867188

vt 0.509277 0.867310

vt 0.509766 0.861206

vt 0.503906 0.860596

vt 0.503906 0.861694

vt 0.898926 0.104004

vt 0.901367 0.159668

vt 0.418945 0.153809

vt 0.418213 0.096680

vt 0.651367 0.015625

vt 0.416748 0.152344

vt 0.531738 0.357910

vt 0.526367 0.359863

vt 0.526367 0.500732

vt 0.561035 0.999592

vt 0.561035 0.886841

vt 0.555176 0.887146

vt 0.738770 0.886047

vt 0.738281 0.997309

vt 0.743164 0.998316

vt 0.901855 0.103027

vt 0.521484 0.359863

vt 0.520020 0.498535

vt 0.520996 0.499512

vt 0.555664 0.998911

vt 0.743164 0.886108

vt 0.207153 0.267090

vt 0.531738 0.498535

vt 0.358643 0.262695

vt 0.107178 0.286621

vt 0.107849 0.286621

vt 0.107849 0.282715

vt 0.106995 0.281738

vt 0.110840 0.281738

vt 0.107056 0.281738

vt 0.107849 0.282715

vt 0.939453 0.501465

vt 0.110840 0.282715

vt 0.409424 0.166016

vt 0.410400 0.166016

vt 0.410400 0.138184

vt 0.401611 0.262695

vt 0.309082 0.231934

vt 0.409424 0.138184

vt 0.899414 0.877686

vt 0.520020 0.339844

vt 0.520020 0.356445

vt 0.520996 0.356445

vt 0.299072 0.094238

vt 0.299072 0.122070

vt 0.300049 0.122070

vt 0.347656 0.328125

vt 0.347656 0.300293

vt 0.329834 0.300293

vt 0.300049 0.094238

vt 0.536133 0.260254

vt 0.536621 0.259766

vt 0.531738 0.259766

vt 0.536621 0.262695

vt 0.846680 0.606445

vt 0.846680 0.610596

vt 0.097351 0.319336

vt 0.097229 0.221191

vt 0.092896 0.221680

vt 0.659180 0.873169

vt 0.654297 0.872559

vt 0.659180 0.997955

vt 0.847168 0.610840

vt 0.843750 0.611328

vt 0.843750 0.610596

vt 0.795898 0.997814

vt 0.799316 0.998127

vt 0.799316 0.873535

vt 0.102539 0.090332

vt 0.102539 0.187988

vt 0.103210 0.187988

vt 0.348389 0.279297

vt 0.348145 0.376465

vt 0.353027 0.376465

vt 0.545410 0.149414

vt 0.546875 0.095215

vt 0.544922 0.094238

vt 0.527344 0.260254

vt 0.526855 0.352051

vt 0.531738 0.353027

vt 0.535645 0.262207

vt 0.531738 0.260254

vt 0.532715 0.353516

vt 0.536621 0.352539

vt 0.378906 0.105469

vt 0.378662 0.160645

vt 0.381592 0.159180

vt 0.843750 0.866455

vt 0.846191 0.866455

vt 0.847168 0.865723

vt 0.843750 0.865723

vt 0.847168 0.865845

vt 0.846191 0.866455

vt 0.847168 0.870483

vt 0.254395 0.119141

vt 0.251953 0.117676

vt 0.961426 0.303223

vt 0.963867 0.301758

vt 0.963867 0.230469

vt 0.485596 0.150391

vt 0.483398 0.095215

vt 0.288330 0.158691

vt 0.287598 0.104004

vt 0.799316 0.998372

vt 0.803223 0.997778

vt 0.803223 0.874390

vt 0.320068 0.376953

vt 0.319092 0.274902

vt 0.314941 0.275391

vt 0.672852 0.874146

vt 0.668945 0.873535

vt 0.667969 0.999096

vt 0.479004 0.218750

vt 0.479248 0.319336

vt 0.483154 0.319824

vt 0.483154 0.149414

vt 0.285889 0.159180

vt 0.829102 0.997862

vt 0.832520 0.998176

vt 0.832520 0.876892

vt 0.532227 0.260254

vt 0.536133 0.260254

vt 0.707520 0.876526

vt 0.703125 0.877075

vt 0.707520 0.997860

vt 0.535645 0.262207

vt 0.536133 0.354980

vt 0.537109 0.354980

vt 0.943848 0.922180

vt 0.945801 0.868652

vt 0.943359 0.869507

vt 0.491943 0.096680

vt 0.491699 0.149414

vt 0.493896 0.149902

vt 0.253906 0.190430

vt 0.795898 0.873291

vt 0.353271 0.278320

vt 0.092896 0.319336

vt 0.103210 0.089844

vt 0.654297 0.996532

vt 0.526855 0.352051

vt 0.527344 0.354980

vt 0.528320 0.354980

vt 0.527832 0.352539

vt 0.526855 0.352051

vt 0.527832 0.352539

vt 0.531738 0.351562

vt 0.829102 0.876587

vt 0.703125 0.997787

vt 0.536621 0.262207

vt 0.962891 0.196289

vt 0.965332 0.195801

vt 0.964844 0.125488

vt 0.156494 0.185059

vt 0.159058 0.185547

vt 0.156982 0.114746

vt 0.943848 0.538818

vt 0.941895 0.501221

vt 0.431152 0.083008

vt 0.432861 0.121094

vt 0.940918 0.539307

vt 0.433838 0.083496

vt 0.484131 0.217773

vt 0.314941 0.375977

vt 0.672852 0.997627

vt 0.798340 0.872925

vt 0.983887 0.675049

vt 0.982910 0.560547

vt 0.264893 0.250977

vt 0.260742 0.252930

vt 0.260986 0.389648

vt 0.520020 0.361328

vt 0.515137 0.359863

vt 0.515137 0.499023

vt 0.969238 0.544922

vt 0.970703 0.403809

vt 0.772949 0.881287

vt 0.772461 0.999011

vt 0.776855 0.998245

vt 0.595215 0.881836

vt 0.595215 0.997896

vt 0.600098 0.998889

vt 0.507812 0.499023

vt 0.506348 0.379395

vt 0.505859 0.380859

vt 0.190063 0.462402

vt 0.193726 0.460938

vt 0.191162 0.342285

vt 0.015762 0.459473

vt 0.012863 0.459473

vt 0.013199 0.576416

vt 0.153320 0.576416

vt 0.151855 0.459473

vt 0.148193 0.458008

vt 0.548828 0.480957

vt 0.547363 0.599854

vt 0.551758 0.602051

vt 0.728027 0.861206

vt 0.728027 0.877869

vt 0.728516 0.877869

vt 0.844238 0.860718

vt 0.843750 0.865601

vt 0.844238 0.864990

vt 0.112305 0.123535

vt 0.112305 0.095703

vt 0.111389 0.095703

vt 0.297119 0.356934

vt 0.314941 0.356934

vt 0.314941 0.329102

vt 0.526367 0.320801

vt 0.526367 0.292969

vt 0.508789 0.292969

vt 0.319092 0.263672

vt 0.318359 0.264160

vt 0.318848 0.268555

vt 0.111389 0.123535

vt 0.728516 0.861206

vt 0.728516 0.877869

vt 0.729492 0.877869

vt 0.729492 0.861206

vt 0.315186 0.263184

vt 0.416504 0.218750

vt 0.416504 0.246582

vt 0.417236 0.246582

vt 0.702148 0.860596

vt 0.701660 0.863892

vt 0.701660 0.864258

vt 0.698730 0.864502

vt 0.698730 0.864014

vt 0.508789 0.320801

vt 0.888672 0.097656

vt 0.887695 0.161133

vt 0.890137 0.161621

vt 0.864258 0.098145

vt 0.861328 0.098633

vt 0.507324 0.499023

vt 0.194458 0.340820

vt 0.016479 0.577637

vt 0.149536 0.577148

vt 0.552734 0.481934

vt 0.862793 0.162109

vt 0.724121 0.877075

vt 0.720703 0.876831

vt 0.720703 0.877380

vt 0.297119 0.329102

vt 0.847168 0.864380

vt 0.186035 0.157715

vt 0.188477 0.099121

vt 0.728516 0.861206

vt 0.417236 0.218750

vt 0.975586 0.999672

vt 0.974609 0.940582

vt 0.188232 0.099121

vt 0.190674 0.157715

vt 0.600098 0.881042

vt 0.969727 0.403809

vt 0.191040 0.098633

vt 0.973145 0.999029

vt 0.776855 0.882202

vt 0.264893 0.390137

vt 0.520020 0.498047

vt 0.983398 0.675049

vt 0.803223 0.862183

vt 0.806641 0.862427

vt 0.806641 0.861694

vt 0.802734 0.866211

vt 0.803223 0.866211

vt 0.802734 0.861328

vt 0.802734 0.861328

vt 0.551758 0.602051

vt 0.547363 0.599854

vt 0.548828 0.718262

vt 0.148193 0.458008

vt 0.151855 0.459473

vt 0.153076 0.340820

vt 0.013573 0.340820

vt 0.012863 0.459473

vt 0.015762 0.459473

vt 0.190796 0.579590

vt 0.193726 0.460938

vt 0.190063 0.462402

vt 0.505859 0.380859

vt 0.506348 0.379395

vt 0.507812 0.262207

vt 0.941406 0.907593

vt 0.942871 0.870239

vt 0.429443 0.084473

vt 0.427979 0.122070

vt 0.552734 0.718994

vt 0.149536 0.339844

vt 0.016479 0.340820

vt 0.194458 0.577637

vt 0.507324 0.262207

vt 0.505859 0.166016

vt 0.508789 0.167480

vt 0.507324 0.103516

vt 0.942871 0.165527

vt 0.945312 0.164062

vt 0.944336 0.101562

vt 0.939941 0.869751

vt 0.430664 0.121582

vt 0.559570 0.880737

vt 0.559570 0.884583

vt 0.560059 0.881287

vt 0.559082 0.880493

vt 0.562988 0.881165

vt 0.562988 0.880615

vt 0.185669 0.098633

vt 0.975586 0.508789

vt 0.973633 0.509277

vt 0.975098 0.567871

vt 0.843750 0.874512

vt 0.847168 0.874512

vt 0.846191 0.874023

vt 0.181152 0.161621

vt 0.180664 0.099121

vt 0.973633 0.632568

vt 0.972168 0.570312

vt 0.971680 0.632568

vt 0.178955 0.161621

vt 0.847656 0.870117

vt 0.846191 0.874023

vt 0.847168 0.874512

vt 0.973633 0.632568

vt 0.976074 0.633301

vt 0.975586 0.571045

vt 0.978027 0.810059

vt 0.979492 0.809448

vt 0.978516 0.747559

vt 0.971191 1.000208

vt 0.973633 0.999050

vt 0.972168 0.944183

vt 0.340820 0.145996

vt 0.342529 0.146484

vt 0.341309 0.090820

vt 0.984375 0.096680

vt 0.982422 0.097168

vt 0.982910 0.151855

vt 0.155029 0.115723

vt 0.152954 0.185059

vt 0.155518 0.185059

vt 0.963867 0.998879

vt 0.966309 0.999036

vt 0.893066 0.743652

vt 0.893066 0.747559

vt 0.894043 0.744141

vt 0.896973 0.743408

vt 0.368408 0.103027

vt 0.365723 0.102051

vt 0.365967 0.158203

vt 0.807617 0.999113

vt 0.807129 0.874878

vt 0.803223 0.874390

vt 0.668457 0.997169

vt 0.668457 0.873535

vt 0.663574 0.874634

vt 0.393799 0.366211

vt 0.398438 0.364746

vt 0.398438 0.266602

vt 0.005840 0.318848

vt 0.010101 0.320801

vt 0.010277 0.221680

vt 0.210327 0.113281

vt 0.212646 0.177734

vt 0.969238 0.236816

vt 0.968262 0.165039

vt 0.541504 0.145020

vt 0.539551 0.093750

vt 0.463623 0.100098

vt 0.464111 0.150879

vt 0.338135 0.093750

vt 0.340088 0.147461

vt 0.513184 0.323730

vt 0.513184 0.376953

vt 0.966797 0.229492

vt 0.213135 0.105957

vt 0.465820 0.099609

vt 0.539062 0.144531

vt 0.963867 0.929382

vt 0.663086 0.999037

vt 0.803223 0.998138

vt 0.005840 0.220215

vt 0.393311 0.267090

vt 0.959473 0.216797

vt 0.959473 0.381836

vt 0.960938 0.381836

vt 0.903809 0.999335

vt 0.903809 0.904053

vt 0.900391 0.903625

vt 0.286133 0.300293

vt 0.285645 0.204590

vt 0.281738 0.205078

vt 0.878906 0.642578

vt 0.875000 0.642334

vt 0.875000 0.737793

vt 0.181763 0.310059

vt 0.185791 0.310059

vt 0.186401 0.214355

vt 0.281494 0.300293

vt 0.899414 0.999045

vt 0.879883 0.738037

vt 0.181519 0.214844

vt 0.515137 0.323242

vt 0.340332 0.094238

vt 0.991211 1.000274

vt 0.990723 0.960114

vt 0.936523 0.080566

vt 0.937988 0.120117

vt 0.938477 0.079590

vt 0.989746 0.999336

vt 0.077087 0.118164

vt 0.078796 0.183594

vt 0.967773 0.998035

vt 0.969238 0.932861

vt 0.315430 0.163086

vt 0.314453 0.208496

vt 0.315918 0.209961

vt 0.985840 0.309570

vt 0.986328 0.262695

vt 0.984375 0.264160

vt 0.937988 0.310547

vt 0.935059 0.310547

vt 0.936523 0.383789

vt 0.073730 0.110840

vt 0.070679 0.110352

vt 0.072205 0.184082

vt 0.076172 0.184082

vt 0.966797 0.932434

vt 0.177490 0.217285

vt 0.178955 0.312500

vt 0.182251 0.311035

vt 0.538086 0.294434

vt 0.540527 0.295898

vt 0.542480 0.200684

vt 0.873047 0.373535

vt 0.873047 0.469238

vt 0.875977 0.470215

vt 0.900879 0.614746

vt 0.903320 0.613037

vt 0.902832 0.518311

vt 0.213989 0.185547

vt 0.211426 0.112305

vt 0.967773 0.230469

vt 0.965332 0.303711

vt 0.216431 0.112305

vt 0.970215 0.303711

vt 0.182495 0.215332

vt 0.877930 0.375488

vt 0.898926 0.519531

vt 0.538574 0.199707

vt 0.907227 0.259766

vt 0.906738 0.259766

vt 0.906738 0.287598

vt 0.907227 0.287598

vt 0.957520 0.149414

vt 0.958496 0.149414

vt 0.958496 0.125000

vt 0.486816 0.913635

vt 0.486816 0.885803

vt 0.461426 0.885803

vt 0.486816 0.914429

vt 0.461426 0.914429

vt 0.461426 0.942261

vt 0.957520 0.125000

vt 0.259766 0.170410

vt 0.260498 0.170410

vt 0.260498 0.145996

vt 0.249146 0.413574

vt 0.249146 0.577881

vt 0.255615 0.579590

vt 0.320312 0.545166

vt 0.320312 0.379395

vt 0.315186 0.380371

vt 0.486816 0.942261

vt 0.461426 0.913635

vt 0.977539 0.679199

vt 0.976562 0.808105

vt 0.590332 0.869629

vt 0.585938 0.869629

vt 0.585938 0.998074

vt 0.876465 0.476074

vt 0.871582 0.477051

vt 0.871582 0.478027

vt 0.875977 0.477539

vt 0.876953 0.481445

vt 0.876465 0.476074

vt 0.875977 0.477539

vt 0.259766 0.145996

vt 0.906250 0.656494

vt 0.907227 0.656494

vt 0.907227 0.628662

vt 0.906250 0.628662

vt 0.525879 0.327148

vt 0.525879 0.322266

vt 0.524902 0.322266

vt 0.524902 0.326172

vt 0.520508 0.327637

vt 0.525879 0.327148

vt 0.524902 0.326172

vt 0.503906 0.869385

vt 0.498779 0.869507

vt 0.498779 0.997797

vt 0.960449 0.832520

vt 0.960449 0.997522

vt 0.961426 0.997416

vt 0.255371 0.414062

vt 0.503906 0.998069

vt 0.315186 0.545654

vt 0.590332 0.998055

vt 0.977051 0.808105

vt 0.961426 0.832397

vt 0.060272 0.111328

vt 0.063477 0.112305

vt 0.946777 0.531250

vt 0.950195 0.530273

vt 0.622559 0.997963

vt 0.627441 0.998103

vt 0.627441 0.871704

vt 0.520020 0.869995

vt 0.514648 0.870483

vt 0.514648 0.998291

vt 0.219604 0.412598

vt 0.219604 0.577881

vt 0.225952 0.578613

vt 0.343506 0.545166

vt 0.343506 0.379883

vt 0.338379 0.380371

vt 0.976074 0.639893

vt 0.977051 0.513672

vt 0.960938 0.216309

vt 0.520020 0.997931

vt 0.622559 0.871582

vt 0.976562 0.513672

vt 0.338379 0.545654

vt 0.225708 0.413086

vt 0.061737 0.082520

vt 0.948730 0.501221

vt 0.868652 0.490723

vt 0.873535 0.491699

vt 0.873047 0.490723

vt 0.873535 0.491699

vt 0.873535 0.486816

vt 0.873047 0.486816

vt 0.868652 0.490234

vt 0.649414 0.890137

vt 0.649414 0.885986

vt 0.648438 0.885925

vt 0.653320 0.891174

vt 0.653320 0.890442

vt 0.649414 0.890137

vt 0.648438 0.890869

vt 0.648438 0.890869

vt 0.751465 0.863403

vt 0.750488 0.863403

vt 0.750488 0.880066

vt 0.827637 0.870972

vt 0.806641 0.871338

vt 0.806152 0.870483

vt 0.802734 0.870117

vt 0.802734 0.870850

vt 0.048370 0.374512

vt 0.047455 0.374512

vt 0.047455 0.401855

vt 0.806641 0.866089

vt 0.806641 0.871216

vt 0.465820 0.358887

vt 0.460938 0.499023

vt 0.465820 0.499023

vt 0.483398 0.292969

vt 0.483398 0.320801

vt 0.501465 0.320801

vt 0.982910 0.692871

vt 0.981934 0.693115

vt 0.981934 0.808350

vt 0.388428 0.402344

vt 0.388428 0.262207

vt 0.384277 0.262695

vt 0.752441 0.882385

vt 0.747559 0.883789

vt 0.748047 0.998261

vt 0.571777 0.883667

vt 0.566406 0.881653

vt 0.566895 0.997311

vt 0.165894 0.345215

vt 0.165039 0.345215

vt 0.165039 0.361816

vt 0.048370 0.401855

vt 0.388428 0.262695

vt 0.389893 0.401855

vt 0.329834 0.356934

vt 0.347656 0.356934

vt 0.347656 0.329102

vt 0.975098 0.644775

vt 0.973145 0.645508

vt 0.973633 0.703125

vt 0.288818 0.158203

vt 0.291016 0.159180

vt 0.289307 0.100586

vt 0.389404 0.262695

vt 0.571777 0.998260

vt 0.165894 0.361816

vt 0.752441 0.997583

vt 0.460938 0.358887

vt 0.384277 0.402344

vt 0.982910 0.808105

vt 0.966797 0.776855

vt 0.965820 0.776855

vt 0.965820 0.804688

vt 0.329834 0.329102

vt 0.501465 0.292969

vt 0.966797 0.804688

vt 0.751465 0.880066

vt 0.231445 0.289551

vt 0.063904 0.085449

vt 0.062164 0.111816

vt 0.933105 0.117676

vt 0.933594 0.092285

vt 0.154419 0.112793

vt 0.156494 0.083496

vt 0.935059 0.654053

vt 0.933105 0.624512

vt 0.152466 0.084961

vt 0.937012 0.625977

vt 0.599121 0.879028

vt 0.599121 0.862305

vt 0.598145 0.862305

vt 0.598145 0.879028

vt 0.864746 0.865234

vt 0.861816 0.864868

vt 0.860840 0.865356

vt 0.584961 0.862061

vt 0.584961 0.866211

vt 0.585938 0.866211

vt 0.585449 0.861328

vt 0.582031 0.861572

vt 0.582031 0.862305

vt 0.285889 0.089355

vt 0.284912 0.089844

vt 0.284668 0.203125

vt 0.479736 0.500732

vt 0.479492 0.359375

vt 0.474609 0.360840

vt 0.217407 0.406738

vt 0.217407 0.267090

vt 0.213379 0.267090

vt 0.431152 0.274414

vt 0.431885 0.415527

vt 0.432617 0.415527

vt 0.566406 0.888062

vt 0.561035 0.886230

vt 0.560547 0.999154

vt 0.743164 0.998317

vt 0.748047 0.998182

vt 0.748047 0.886047

vt 0.117065 0.093750

vt 0.114807 0.095703

vt 0.116333 0.150391

vt 0.957031 0.683350

vt 0.959961 0.685059

vt 0.959473 0.628418

vt 0.304199 0.094238

vt 0.304199 0.122070

vt 0.305176 0.122070

vt 0.305176 0.094238

vt 0.329834 0.328125

vt 0.297119 0.328125

vt 0.314941 0.328125

vt 0.314941 0.300293

vt 0.044250 0.374023

vt 0.048615 0.368652

vt 0.047668 0.373047

vt 0.048309 0.374023

vt 0.520996 0.339844

vt 0.213135 0.409180

vt 0.743164 0.885254

vt 0.566406 0.998319

vt 0.474609 0.498535

vt 0.301514 0.123047

vt 0.304443 0.122559

vt 0.303223 0.084961

vt 0.505859 0.257324

vt 0.508789 0.258301

vt 0.507324 0.220215

vt 0.297119 0.300293

vt 0.861816 0.864868

vt 0.861816 0.860718

vt 0.861328 0.860840

vt 0.860840 0.865356

vt 0.864746 0.864502

vt 0.931641 0.091309

vt 0.064209 0.110840

vt 0.840820 0.101074

vt 0.837891 0.100098

vt 0.356934 0.158203

vt 0.359375 0.157227

vt 0.358398 0.095703

vt 0.839355 0.162598

vt 0.961914 0.627441

vt 0.960938 0.700928

vt 0.964355 0.700684

vt 0.063538 0.185059

vt 0.063782 0.113281

vt 0.060455 0.112793

vt 0.169434 0.161621

vt 0.172485 0.161133

vt 0.172241 0.101562

vt 0.067505 0.096191

vt 0.064453 0.096191

vt 0.917480 0.885315

vt 0.917969 0.881409

vt 0.916992 0.884705

vt 0.912109 0.884888

vt 0.532227 0.383789

vt 0.531250 0.270996

vt 0.368896 0.544678

vt 0.372559 0.544189

vt 0.372314 0.431152

vt 0.417480 0.351562

vt 0.413330 0.351562

vt 0.413330 0.464844

vt 0.291260 0.433105

vt 0.287842 0.544189

vt 0.292725 0.546387

vt 0.470947 0.383789

vt 0.469727 0.499023

vt 0.473877 0.497559

vt 0.972168 0.401367

vt 0.971191 0.516357

vt 0.060364 0.186523

vt 0.066895 0.156250

vt 0.964355 0.628418

vt 0.531738 0.383789

vt 0.542480 0.464355

vt 0.538574 0.466309

vt 0.368164 0.326172

vt 0.364746 0.324707

vt 0.368896 0.431152

vt 0.417236 0.464355

vt 0.287598 0.430664

vt 0.473877 0.383789

vt 0.971680 0.514404

vt 0.701660 0.873901

vt 0.698730 0.873657

vt 0.698730 0.874390

vt 0.702637 0.874512

vt 0.702637 0.869751

vt 0.914551 0.632812

vt 0.915527 0.636230

vt 0.915527 0.632324

vt 0.702637 0.874634

vt 0.701660 0.873901

vt 0.701660 0.869751

vt 0.911621 0.632324

vt 0.979004 0.366699

vt 0.977539 0.247559

vt 0.358887 0.405762

vt 0.363037 0.405762

vt 0.362793 0.266113

vt 0.486572 0.358887

vt 0.481445 0.358887

vt 0.481445 0.500488

vt 0.682129 0.998205

vt 0.682129 0.880005

vt 0.677246 0.878540

vt 0.425781 0.414062

vt 0.427002 0.275879

vt 0.531250 0.498535

vt 0.372559 0.316895

vt 0.368896 0.317871

vt 0.413330 0.578125

vt 0.417480 0.578613

vt 0.292725 0.316895

vt 0.287842 0.317383

vt 0.473877 0.270020

vt 0.469727 0.270020

vt 0.972168 0.630371

vt 0.451904 0.111816

vt 0.450684 0.173828

vt 0.453369 0.170898

vt 0.964844 0.312500

vt 0.963867 0.371582

vt 0.966309 0.374023

vt 0.917480 0.374023

vt 0.916992 0.370117

vt 0.916016 0.370605

vt 0.912109 0.369629

vt 0.901855 0.106934

vt 0.901367 0.163086

vt 0.904297 0.161133

vt 0.419434 0.149902

vt 0.421143 0.095215

vt 0.418701 0.093750

vt 0.978027 0.366699

vt 0.677246 0.998076

vt 0.358887 0.265625

vt 0.525391 0.879822

vt 0.525391 0.998525

vt 0.530762 0.999339

vt 0.426270 0.275391

vt 0.486328 0.498535

vt 0.652832 0.898865

vt 0.651855 0.894409

vt 0.652344 0.893616

vt 0.648438 0.893555

vt 0.915527 0.632080

vt 0.915527 0.631592

vt 0.912109 0.631592

vt 0.911621 0.632080

vt 0.911621 0.628418

vt 0.912109 0.628418

vt 0.411621 0.084473

vt 0.410400 0.121582

vt 0.413086 0.121582

vt 0.947754 0.906860

vt 0.950684 0.906738

vt 0.530762 0.878418

vt 0.948730 0.869629

vt 0.866211 0.474609

vt 0.866211 0.475586

vt 0.871094 0.476074

vt 0.870605 0.471191

vt 0.870605 0.475098

vt 0.871582 0.476074

vt 0.870605 0.477051

vt 0.870605 0.481445

vt 0.871582 0.480957

vt 0.866211 0.477051

vt 0.866211 0.478027

vt 0.871582 0.476562

vt 0.870605 0.477051

vt 0.871582 0.480957

vt 0.871094 0.476562

vt 0.871582 0.471191

vt 0.870605 0.475098

vt 0.729492 0.882324

vt 0.729980 0.998014

vt 0.447021 0.262207

vt 0.442139 0.261230

vt 0.441650 0.362305

vt 0.372559 0.212402

vt 0.368652 0.213379

vt 0.368408 0.313965

vt 0.734375 0.998465

vt 0.846191 0.490234

vt 0.845703 0.374512

vt 0.842285 0.375000

vt 0.917480 0.749512

vt 0.919922 0.665039

vt 0.260498 0.164551

vt 0.260742 0.248535

vt 0.264648 0.247070

vt 0.476562 0.169922

vt 0.474609 0.169922

vt 0.474121 0.253906

vt 0.453369 0.194824

vt 0.453857 0.278809

vt 0.457764 0.279785

vt 0.967773 0.929626

vt 0.969238 0.864258

vt 0.396484 0.117188

vt 0.398193 0.182617

vt 0.966797 0.864136

vt 0.395508 0.182617

vt 0.905762 0.374023

vt 0.905762 0.377930

vt 0.903809 0.374023

vt 0.849609 0.097168

vt 0.848633 0.097168

vt 0.848633 0.125000

vt 0.849609 0.125000

vt 0.945801 0.421875

vt 0.946289 0.421875

vt 0.946289 0.389648

vt 0.915039 0.665771

vt 0.458252 0.195801

vt 0.265381 0.163574

vt 0.478760 0.254395

vt 0.945801 0.389648

vt 0.369141 0.548584

vt 0.369141 0.580811

vt 0.399170 0.580811

vt 0.327637 0.548584

vt 0.297607 0.548584

vt 0.297607 0.580811

vt 0.064514 0.333984

vt 0.063782 0.333984

vt 0.063782 0.366211

vt 0.169556 0.161133

vt 0.170288 0.097168

vt 0.167236 0.096680

vt 0.457520 0.104492

vt 0.457275 0.166992

vt 0.460449 0.166992

vt 0.964355 0.703125

vt 0.960938 0.702881

vt 0.060883 0.112793

vt 0.057648 0.113281

vt 0.058044 0.187500

vt 0.167358 0.159180

vt 0.460693 0.102539

vt 0.963867 0.777222

vt 0.581543 0.868286

vt 0.581543 0.998043

vt 0.585938 0.998054

vt 0.498535 0.998037

vt 0.498535 0.868042

vt 0.493408 0.870117

vt 0.961426 0.458008

vt 0.960449 0.458008

vt 0.960449 0.622803

vt 0.249268 0.416016

vt 0.243164 0.414551

vt 0.249268 0.580811

vt 0.353027 0.380371

vt 0.348145 0.379883

vt 0.348145 0.545166

vt 0.975586 0.510254

vt 0.975586 0.639404

vt 0.976562 0.639893

vt 0.399170 0.548584

vt 0.327637 0.580811

vt 0.064514 0.366211

vt 0.374023 0.312988

vt 0.447266 0.363770

vt 0.840820 0.490723

vt 0.734863 0.882568

vt 0.884277 0.876709

vt 0.883789 0.876038

vt 0.880371 0.876892

vt 0.884766 0.871948

vt 0.884277 0.876099

vt 0.968262 0.861450

vt 0.969727 0.795410

vt 0.966797 0.796143

vt 0.393311 0.117188

vt 0.391846 0.182129

vt 0.394775 0.183105

vt 0.918457 0.283203

vt 0.916504 0.368164

vt 0.920898 0.368652

vt 0.861816 0.456055

vt 0.866699 0.456543

vt 0.866211 0.372559

vt 0.865234 0.164551

vt 0.860352 0.165039

vt 0.861328 0.250000

vt 0.451660 0.256348

vt 0.453857 0.170898

vt 0.448975 0.171387

vt 0.862305 0.373047

vt 0.449463 0.254883

vt 0.865234 0.248535

vt 0.903809 0.506348

vt 0.901855 0.506348

vt 0.904297 0.502686

vt 0.243164 0.578857

vt 0.353027 0.545654

vt 0.976562 0.510254

vt 0.493408 1.000208

vt 0.585938 0.868286

vt 0.961426 0.623047

vt 0.537109 0.098633

vt 0.536621 0.098633

vt 0.536621 0.126465

vt 0.537109 0.126465

vt 0.906250 0.161133

vt 0.908203 0.161133

vt 0.906738 0.097656

vt 0.959473 0.125000

vt 0.958496 0.125000

vt 0.958496 0.290527

vt 0.384521 0.408691

vt 0.384521 0.546387

vt 0.389648 0.546143

vt 0.134277 0.416016

vt 0.134277 0.277832

vt 0.129761 0.278320

vt 0.305664 0.545166

vt 0.310547 0.545654

vt 0.310547 0.380371

vt 0.865234 0.875916

vt 0.866211 0.875977

vt 0.866211 0.871094

vt 0.225830 0.578857

vt 0.231934 0.578857

vt 0.225830 0.413574

vt 0.160156 0.235352

vt 0.160156 0.097656

vt 0.159424 0.097656

vt 0.389648 0.406738

vt 0.959473 0.290527

vt 0.231934 0.415039

vt 0.129761 0.416016

vt 0.305664 0.379883

vt 0.159424 0.234863

vt 0.487793 0.865967

vt 0.492188 0.864868

vt 0.487793 0.865112

vt 0.492188 0.864868

vt 0.489990 0.865845

vt 0.492920 0.865601

vt 0.492188 0.860718

vt 0.492188 0.864868

vt 0.492920 0.865601

vt 0.492920 0.860718

vt 0.056824 0.112305

vt 0.060242 0.111816

vt 0.949707 0.530518

vt 0.953125 0.531250

vt 0.951172 0.501221

vt 0.058502 0.082520

vt 0.335693 0.146484

vt 0.337891 0.145996

vt 0.957031 0.626709

vt 0.954590 0.626221

vt 0.865234 0.871826

vt 0.956543 0.678955

vt 0.866211 0.871094

vt 0.860840 0.870483

vt 0.865234 0.871826

vt 0.337646 0.093750

vt 0.069580 0.083984

vt 0.068542 0.108398

vt 0.070129 0.109863

vt 0.206909 0.109375

vt 0.207031 0.083496

vt 0.204956 0.085449

vt 0.509277 0.869995

vt 0.509277 0.997921

vt 0.514648 0.997890

vt 0.960449 0.831909

vt 0.959473 0.831787

vt 0.959473 0.997427

vt 0.627441 0.871826

vt 0.627441 0.998103

vt 0.631836 0.997971

vt 0.338135 0.379883

vt 0.333252 0.379395

vt 0.333252 0.545166

vt 0.207031 0.413086

vt 0.200928 0.413086

vt 0.200684 0.580566

vt 0.978027 0.498535

vt 0.977539 0.371094

vt 0.976562 0.371094

vt 0.462891 0.101074

vt 0.460693 0.100098

vt 0.462402 0.153320

vt 0.539551 0.093262

vt 0.537598 0.094238

vt 0.537598 0.146484

vt 0.979492 0.612305

vt 0.979004 0.550049

vt 0.975586 0.809448

vt 0.973633 0.747803

vt 0.973145 0.810059

vt 0.977539 0.611572

vt 0.497559 0.861816

vt 0.498291 0.861084

vt 0.493164 0.860718

vt 0.493164 0.861572

vt 0.498535 0.861206

vt 0.497559 0.861816

vt 0.498291 0.865967

vt 0.497559 0.865845

vt 0.879883 0.495605

vt 0.876953 0.496094

vt 0.879883 0.496094

vt 0.552246 0.105469

vt 0.549805 0.105957

vt 0.495850 0.097168

vt 0.493652 0.096191

vt 0.404785 0.219238

vt 0.404785 0.319336

vt 0.409180 0.318848

vt 0.437256 0.363281

vt 0.437012 0.262207

vt 0.432617 0.261719

vt 0.835938 0.997490

vt 0.839844 0.998177

vt 0.839844 0.876953

vt 0.986328 0.675293

vt 0.986328 0.575684

vt 0.985352 0.575439

vt 0.716309 0.876587

vt 0.712402 0.877258

vt 0.716309 0.998421

vt 0.550293 0.160156

vt 0.495605 0.151367

vt 0.836426 0.876648

vt 0.985352 0.675781

vt 0.711914 0.999666

vt 0.432373 0.361816

vt 0.408936 0.219238

vt 0.847168 0.606445

vt 0.846680 0.606201

vt 0.844238 0.606689

vt 0.846680 0.602051

vt 0.843750 0.605957

vt 0.499023 0.326172

vt 0.494873 0.326660

vt 0.494873 0.327148

vt 0.500000 0.327148

vt 0.121826 0.085938

vt 0.123108 0.142090

vt 0.964355 0.683838

vt 0.965332 0.628174

vt 0.499023 0.326172

vt 0.500000 0.327148

vt 0.500000 0.322266

vt 0.499023 0.322266

vt 0.960449 0.997515

vt 0.207031 0.578125

vt 0.338379 0.547363

vt 0.631836 0.871704

vt 0.123657 0.086426

vt 0.965820 0.683594

vt 0.514648 0.870239

vt 0.545898 0.866211

vt 0.546387 0.871094

vt 0.547363 0.871094

vt 0.547363 0.866821

vt 0.545898 0.866211

vt 0.547363 0.866821

vt 0.547363 0.865234

vt 0.547363 0.865356

vt 0.547363 0.866821

vt 0.552734 0.866821

vt 0.552734 0.865967

vt 0.689941 0.999220

vt 0.690430 0.866089

vt 0.689453 0.865845

vt 0.136963 0.421387

vt 0.136841 0.579834

vt 0.143555 0.582031

vt 0.021332 0.421387

vt 0.022308 0.422363

vt 0.021347 0.208984

vt 0.495117 0.721436

vt 0.515137 0.717529

vt 0.520508 0.717285

vt 0.520508 0.503906

vt 0.501465 0.717529

vt 0.501465 0.507080

vt 0.427002 0.578857

vt 0.427002 0.420410

vt 0.421387 0.419922

vt 0.486816 0.341797

vt 0.486572 0.498535

vt 0.487549 0.498535

vt 0.264893 0.389160

vt 0.265869 0.389160

vt 0.265869 0.176270

vt 0.153320 0.412598

vt 0.153320 0.578613

vt 0.160034 0.576416

vt 0.399658 0.410645

vt 0.399658 0.578857

vt 0.405273 0.578613

vt 0.158325 0.412109

vt 0.159790 0.576416

vt 0.526855 0.717529

vt 0.532227 0.717285

vt 0.532227 0.504150

vt 0.467773 0.507812

vt 0.461182 0.504150

vt 0.461182 0.717041

vt 0.398193 0.377441

vt 0.398193 0.545654

vt 0.399414 0.545654

vt 0.616699 0.862061

vt 0.615723 0.862061

vt 0.615723 0.867310

vt 0.498779 0.861450

vt 0.498779 0.867310

vt 0.503906 0.860596

vt 0.499512 0.862061

vt 0.499512 0.867188

vt 0.503906 0.861694

vt 0.617188 0.868652

vt 0.611328 0.868164

vt 0.611328 0.867065

vt 0.264893 0.176270

vt 0.405273 0.410645

vt 0.686035 0.867432

vt 0.957520 1.000150

vt 0.959473 0.909851

vt 0.940918 0.908569

vt 0.940430 0.997450

vt 0.942871 0.998876

vt 0.957031 0.911255

vt 0.971191 0.234863

vt 0.968262 0.234863

vt 0.968750 0.304688

vt 0.081177 0.183105

vt 0.083862 0.183594

vt 0.962891 0.197266

vt 0.963379 0.117676

vt 0.960449 0.118164

vt 0.825684 0.999751

vt 0.825195 0.867432

vt 0.821777 0.865845

vt 0.788086 0.998018

vt 0.791992 0.997786

vt 0.788086 0.866455

vt 0.847168 0.998018

vt 0.850098 0.998018

vt 0.850098 0.865845

vt 0.979004 0.945923

vt 0.979004 0.813721

vt 0.978516 0.813721

vt 0.605469 0.862061

vt 0.599609 0.862061

vt 0.604492 0.863159

vt 0.910645 0.752441

vt 0.604492 0.868286

vt 0.907227 0.752441

vt 0.911133 0.751709

vt 0.907227 0.751709

vt 0.939941 0.630859

vt 0.937012 0.629883

vt 0.937988 0.667725

vt 0.083252 0.104004

vt 0.971191 0.303223

vt 0.035980 0.177246

vt 0.038818 0.178223

vt 0.038788 0.108887

vt 0.962402 0.123047

vt 0.965332 0.122070

vt 0.964355 0.084961

vt 0.035767 0.108887

vt 0.412842 0.216309

vt 0.410645 0.122070

vt 0.499512 0.158691

vt 0.500000 0.252441

vt 0.881836 0.248535

vt 0.884766 0.249023

vt 0.884766 0.155273

vt 0.957520 0.530029

vt 0.955078 0.531006

vt 0.955078 0.624268

vt 0.410156 0.216309

vt 0.502441 0.158691

vt 0.958008 0.624268

vt 0.881836 0.155273

vt 0.049988 0.177734

vt 0.050293 0.108887

vt 0.969727 0.400879

vt 0.967773 0.471191

vt 0.978516 0.945282

vt 0.845703 0.864624

vt 0.792969 0.864624

vt 0.821289 0.999222

vt 0.685547 0.999753

vt 0.969727 0.470215

vt 0.048218 0.107422

vt 0.909668 0.870605

vt 0.914551 0.870850

vt 0.914551 0.870117

vt 0.421387 0.577881

vt 0.515137 0.506836

vt 0.158569 0.412109

vt 0.160156 0.412109

vt 0.526855 0.504639

vt 0.467285 0.718262

vt 0.399414 0.377441

vt 0.495117 0.503906

vt 0.143677 0.420410

vt 0.002756 0.083984

vt -0.000019 0.083984

vt 0.001129 0.122070

vt 0.232056 0.245605

vt 0.229126 0.245605

vt 0.230347 0.283691

vt 0.917480 0.881470

vt 0.917480 0.878052

vt 0.916992 0.880859

vt 0.913574 0.881653

vt 0.009247 0.324707

vt 0.005814 0.323730

vt 0.005833 0.451172

vt 0.538574 0.718018

vt 0.542480 0.718018

vt 0.364990 0.462402

vt 0.364746 0.578613

vt 0.368408 0.578369

vt 0.378906 0.417969

vt 0.378906 0.290527

vt 0.375977 0.291504

vt 0.382324 0.401855

vt 0.383301 0.274414

vt 0.552734 0.474121

vt 0.553223 0.346680

vt 0.552246 0.346680

vt 0.541992 0.602051

vt 0.538574 0.590820

vt 0.009659 0.439941

vt 0.375488 0.406250

vt 0.368408 0.451172

vt 0.382812 0.274414

vt 0.980957 0.393555

vt 0.979980 0.433594

vt 0.982422 0.433594

vt 0.212402 0.111816

vt 0.210571 0.084473

vt 0.247559 0.091797

vt 0.248047 0.117676

vt 0.210327 0.110352

vt 0.249634 0.090820

vt 0.663574 0.863037

vt 0.663574 0.868286

vt 0.664551 0.868164

vt 0.664551 0.862915

vt 0.659180 0.862061

vt 0.659180 0.863281

vt 0.663574 0.861816

vt 0.954102 0.503174

vt 0.952148 0.504150

vt 0.390869 0.112305

vt 0.391113 0.085449

vt 0.389160 0.084473

vt 0.952637 0.530762

vt 0.384277 0.401367

vt 0.384277 0.188477

vt 0.383301 0.188477

vt 0.098267 0.579102

vt 0.103882 0.578857

vt 0.103882 0.429199

vt 0.022247 0.426758

vt 0.016617 0.426758

vt 0.016953 0.578613

vt 0.096863 0.581543

vt 0.098267 0.579102

vt 0.098328 0.429688

vt 0.467773 0.504639

vt 0.468018 0.717529

vt 0.473877 0.720703

vt 0.538086 0.717041

vt 0.538086 0.504639

vt 0.532227 0.504150

vt 0.295166 0.356445

vt 0.296387 0.356445

vt 0.296387 0.204590

vt 0.941895 0.383789

vt 0.943848 0.294434

vt 0.941406 0.295410

vt 0.957031 0.623047

vt 0.959473 0.624268

vt 0.849609 0.110352

vt 0.849121 0.182129

vt 0.852539 0.182129

vt 0.279785 0.099609

vt 0.279053 0.171875

vt 0.282227 0.171875

vt 0.285400 0.300293

vt 0.288086 0.300293

vt 0.963867 0.920288

vt 0.961426 0.920593

vt 0.961426 0.999002

vt 0.957520 0.534668

vt 0.375977 0.544189

vt 0.378906 0.542480

vt 0.285889 0.221680

vt 0.281982 0.100098

vt 0.852539 0.109375

vt 0.005787 0.575684

vt 0.009247 0.577393

vt 0.383301 0.401367

vt 0.022247 0.579102

vt 0.903809 0.616211

vt 0.905273 0.656006

vt 0.382812 0.149902

vt 0.552734 0.221680

vt 0.122803 0.293457

vt 0.123901 0.293457

vt 0.123901 0.282227

vt 0.866211 0.458008

vt 0.865234 0.458008

vt 0.865234 0.485840

vt 0.866211 0.485840

vt 0.918945 0.883484

vt 0.913574 0.885376

vt 0.913574 0.885925

vt 0.141968 0.247559

vt 0.129883 0.247559

vt 0.129883 0.275391

vt 0.064392 0.265625

vt 0.064392 0.237793

vt 0.052277 0.237793

vt 0.426270 0.272949

vt 0.427246 0.272949

vt 0.427246 0.261719

vt 0.122803 0.282227

vt 0.917480 0.889099

vt 0.141968 0.275391

vt 0.052277 0.265625

vt 0.916992 0.889099

vt 0.547363 0.865479

vt 0.552734 0.865845

vt 0.552734 0.865112

vt 0.906738 0.616455

vt 0.388184 0.208984

vt 0.389160 0.208984

vt 0.389160 0.181152

vt 0.545898 0.865601

vt 0.547852 0.865356

vt 0.547363 0.861206

vt 0.546387 0.861206

vt 0.388184 0.181152

vt 0.096985 0.428711

vt 0.426270 0.261719

vt 0.532227 0.717285

vt 0.473877 0.503662

vt 0.295166 0.204590

vt 0.098572 0.429688

vt 0.475342 0.256836

vt 0.475098 0.355957

vt 0.479736 0.355469

vt 0.937988 0.388672

vt 0.937500 0.388672

vt 0.937500 0.413086

vt 0.487305 0.943115

vt 0.461426 0.943115

vt 0.461426 0.970932

vt 0.487305 0.999583

vt 0.487305 0.971771

vt 0.461426 0.971756

vt 0.865234 0.866577

vt 0.866211 0.865967

vt 0.861328 0.865845

vt 0.861328 0.866577

vt 0.626953 0.864136

vt 0.621582 0.863892

vt 0.625977 0.865112

vt 0.871582 0.480957

vt 0.866211 0.481445

vt 0.867188 0.481934

vt 0.867676 0.486328

vt 0.867188 0.481934

vt 0.866211 0.481445

vt 0.866699 0.486328

vt 0.937988 0.413086

vt 0.142212 0.291504

vt 0.142944 0.291504

vt 0.142944 0.264160

vt 0.487305 0.970932

vt 0.461426 0.999580

vt 0.363525 0.238770

vt 0.363525 0.405273

vt 0.364502 0.405273

vt 0.142212 0.263672

vt 0.479492 0.256348

vt 0.576660 0.998054

vt 0.581055 0.998039

vt 0.581055 0.868286

vt 0.475098 0.355957

vt 0.475342 0.256836

vt 0.474365 0.255859

vt 0.206909 0.412109

vt 0.206909 0.578125

vt 0.213379 0.579346

vt 0.300293 0.545166

vt 0.300293 0.377930

vt 0.295166 0.378906

vt 0.977051 0.236328

vt 0.975586 0.366699

vt 0.906250 0.503418

vt 0.905762 0.503418

vt 0.905762 0.531250

vt 0.906250 0.531250

vt 0.449707 0.169434

vt 0.450439 0.169434

vt 0.450439 0.145020

vt 0.449707 0.145020

vt 0.870117 0.373047

vt 0.865234 0.370605

vt 0.866211 0.467773

vt 0.169312 0.312012

vt 0.174194 0.310059

vt 0.173950 0.214844

vt 0.278076 0.205566

vt 0.277588 0.300293

vt 0.282227 0.301758

vt 0.401855 0.166992

vt 0.400635 0.264160

vt 0.405273 0.262695

vt 0.541016 0.998298

vt 0.541016 0.871704

vt 0.536621 0.871460

vt 0.807617 0.998623

vt 0.812012 0.998143

vt 0.812012 0.900452

vt 0.852051 0.495117

vt 0.847168 0.494629

vt 0.847656 0.591797

vt 0.806641 0.998748

vt 0.808105 0.998620

vt 0.807129 0.901001

vt 0.752441 0.872314

vt 0.752441 0.998440

vt 0.756348 0.998200

vt 0.876465 0.747559

vt 0.880859 0.746826

vt 0.879883 0.746094

vt 0.880859 0.742188

vt 0.879883 0.746094

vt 0.880859 0.746826

vt 0.756348 0.871704

vt 0.536133 0.997873

vt 0.976562 0.366699

vt 0.213257 0.412598

vt 0.295166 0.545654

vt 0.576660 0.868286

vt 0.506836 0.219727

vt 0.508301 0.217773

vt 0.507324 0.173340

vt 0.983887 0.433594

vt 0.985352 0.435547

vt 0.985352 0.388672

vt 0.807129 0.901001

vt 0.852051 0.592529

vt 0.935547 0.202148

vt 0.937012 0.127930

vt 0.934082 0.128418

vt 0.113892 0.188965

vt 0.115417 0.115234

vt 0.112305 0.115234

vt 0.859375 0.735840

vt 0.858887 0.739258

vt 0.859863 0.739746

vt 0.855957 0.740234

vt 0.169800 0.216309

vt 0.870117 0.468262

vt 0.281982 0.206055

vt 0.405029 0.167480

vt 0.231812 0.287109

vt 0.234741 0.287109

vt 0.236450 0.201172

vt 0.855469 0.249023

vt 0.855469 0.164062

vt 0.853027 0.162109

vt 0.880859 0.612305

vt 0.879395 0.526367

vt 0.876465 0.528076

vt 0.217529 0.238770

vt 0.217651 0.407715

vt 0.218140 0.406738

vt 0.512695 0.324707

vt 0.509277 0.323730

vt 0.508301 0.499512

vt 0.444336 0.578125

vt 0.448242 0.578613

vt 0.443359 0.402344

vt 0.525391 0.498535

vt 0.525391 0.329590

vt 0.521484 0.330566

vt 0.153198 0.239746

vt 0.153931 0.407227

vt 0.157104 0.407715

vt 0.663086 0.869629

vt 0.666504 0.869019

vt 0.666504 0.869019

vt 0.666504 0.871948

vt 0.666992 0.871704

vt 0.666992 0.868530

vt 0.666504 0.869019

vt 0.666992 0.870850

vt 0.666992 0.868530

vt 0.891602 0.876892

vt 0.892578 0.876831

vt 0.892578 0.872681

vt 0.891602 0.873413

vt 0.879395 0.617920

vt 0.879395 0.613770

vt 0.878906 0.613770

vt 0.878906 0.617188

vt 0.897461 0.755371

vt 0.896973 0.751587

vt 0.895020 0.751587

vt 0.875000 0.617676

vt 0.879395 0.617920

vt 0.760742 0.872070

vt 0.755859 0.872314

vt 0.756836 0.997137

vt 0.843750 0.494141

vt 0.844238 0.591797

vt 0.848145 0.592285

vt 0.531250 0.998848

vt 0.536133 0.997913

vt 0.536133 0.871582

vt 0.878906 0.617188

vt 0.270508 0.299805

vt 0.270508 0.207031

vt 0.266602 0.206543

vt 0.148315 0.241699

vt 0.143799 0.335938

vt 0.148315 0.335449

vt 0.981934 0.436035

vt 0.980957 0.435547

vt 0.980957 0.551025

vt 0.738770 0.882996

vt 0.733887 0.884521

vt 0.733887 1.000415

vt 0.846191 0.257324

vt 0.842285 0.255859

vt 0.842285 0.371094

vt 0.880371 0.872803

vt 0.880371 0.868530

vt 0.625977 0.868774

vt 0.626953 0.864746

vt 0.625977 0.864990

vt 0.879395 0.868652

vt 0.841797 0.168457

vt 0.841797 0.253906

vt 0.845703 0.252441

vt 0.497070 0.252930

vt 0.500000 0.252930

vt 0.500000 0.167480

vt 0.875977 0.613281

vt 0.851074 0.248047

vt 0.324463 0.201172

vt 0.325195 0.286133

vt 0.329102 0.287598

vt 0.116882 0.155273

vt 0.114502 0.240234

vt 0.423340 0.192383

vt 0.421143 0.191895

vt 0.420898 0.276855

vt 0.218140 0.238770

vt 0.887207 0.616943

vt 0.891602 0.617920

vt 0.890625 0.617432

vt 0.891602 0.614502

vt 0.890625 0.617432

vt 0.891602 0.617920

vt 0.512695 0.500244

vt 0.448242 0.402344

vt 0.157104 0.239258

vt 0.520996 0.499023

vt 0.891602 0.613770

vt 0.890625 0.613770

vt 0.890625 0.617432

vt 0.495361 0.166992

vt 0.329346 0.202148

vt 0.231567 0.201660

vt 0.846680 0.167480

vt 0.119263 0.239746

vt 0.532227 0.872681

vt 0.530762 0.871094

vt 0.531250 0.998848

vt 0.532227 0.872681

vt 0.760254 0.998264

vt 0.065125 0.238281

vt 0.064575 0.191895

vt 0.478760 0.129395

vt 0.477051 0.083984

vt 0.063660 0.237305

vt 0.476807 0.130371

vt 0.425537 0.277832

vt 0.848633 0.493652

vt 0.737793 0.997967

vt 0.738770 0.998170

vt 0.266602 0.299805

vt 0.845703 0.373535

vt 0.143799 0.242188

vt 0.981934 0.551270

vt 0.990723 0.133301

vt 0.991699 0.094238

vt 0.990234 0.093262

vt 0.986816 0.727051

vt 0.986816 0.766968

vt 0.988281 0.766235

vt 0.972656 0.305176

vt 0.974609 0.366699

vt 0.978027 0.612061

vt 0.978516 0.675049

vt 0.590332 0.869629

vt 0.590332 0.998058

vt 0.594727 0.998074

vt 0.509277 1.000172

vt 0.509277 0.870605

vt 0.503906 0.869385

vt 0.219604 0.411133

vt 0.213135 0.414062

vt 0.213135 0.581543

vt 0.975098 0.303711

vt 0.979492 0.613525

vt 0.972168 0.565430

vt 0.973633 0.501709

vt 0.971680 0.501953

vt 0.357666 0.545410

vt 0.358643 0.545654

vt 0.358643 0.378906

vt 0.528320 0.090820

vt 0.528809 0.146973

vt 0.984863 0.552246

vt 0.983398 0.495117

vt 0.982910 0.551025

vt 0.530273 0.089844

vt 0.266357 0.112793

vt 0.264648 0.173340

vt 0.206055 0.125000

vt 0.205078 0.187988

vt 0.267334 0.175293

vt 0.207764 0.186035

vt 0.910156 0.092285

vt 0.908203 0.092773

vt 0.908691 0.146484

vt 0.918457 0.155762

vt 0.920410 0.156250

vt 0.876465 0.471191

vt 0.871094 0.470703

vt 0.872559 0.472168

vt 0.876465 0.472168

vt 0.871094 0.471680

vt 0.872070 0.476074

vt 0.872559 0.476074

vt 0.977539 0.367188

vt 0.977051 0.238281

vt 0.976562 0.238281

vt 0.357666 0.378906

vt 0.594727 0.869629

vt 0.333008 0.378906

vt 0.328125 0.378418

vt 0.328125 0.545166

vt 0.503906 0.998069

vt 0.219482 0.578369

vt 0.918945 0.102051

vt 0.543945 0.151855

vt 0.544434 0.100098

vt 0.216919 0.145020

vt 0.218750 0.092773

vt 0.934570 0.896667

vt 0.937988 0.897888

vt 0.936035 0.867432

vt 0.053772 0.112793

vt 0.057220 0.111328

vt 0.055481 0.082031

vt 0.542480 0.099609

vt 0.216675 0.093262

vt 0.333252 0.546143

vt 0.897949 0.499023

vt 0.894043 0.498535

vt 0.898438 0.502930

vt 0.896973 0.499512

vt 0.893066 0.256348

vt 0.896484 0.256348

vt 0.896973 0.161133

vt 0.873535 0.468262

vt 0.873535 0.373047

vt 0.869629 0.373047

vt 0.278320 0.205078

vt 0.274170 0.204590

vt 0.273926 0.299805

vt 0.173462 0.214844

vt 0.174072 0.310059

vt 0.178101 0.310059

vt 0.070129 0.110352

vt 0.068604 0.183594

vt 0.283203 0.201660

vt 0.284912 0.127930

vt 0.071655 0.184082

vt 0.281982 0.128418

vt 0.868652 0.468262

vt 0.178345 0.214355

vt 0.278564 0.300293

vt 0.892090 0.161133

vt 0.876465 0.867798

vt 0.875488 0.868286

vt 0.875000 0.872437

vt 0.875977 0.872437

vt 0.876465 0.867432

vt 0.871094 0.867920

vt 0.875488 0.868286

vt 0.923828 0.102539

vt 0.924316 0.156738

vt 0.910156 0.092773

vt 0.912109 0.146973

vt 0.925781 0.102051

vt 0.912109 0.093262

vt 0.943848 0.394043

vt 0.943359 0.422852

vt 0.945801 0.421875

vt 0.983398 0.232910

vt 0.982422 0.260254

vt 0.984375 0.261230

vt 0.364502 0.238770

vt 0.488037 0.997934

vt 0.493164 0.998049

vt 0.493164 0.868042

vt 0.378906 0.545654

vt 0.384277 0.546387

vt 0.378906 0.406250

vt 0.018631 0.144043

vt 0.020737 0.145508

vt 0.152954 0.100586

vt 0.150879 0.102051

vt 0.937012 0.308594

vt 0.935059 0.284668

vt 0.980957 0.226562

vt 0.981445 0.251953

vt 0.982422 0.228027

vt 0.935059 0.310059

vt 0.151245 0.153809

vt 0.018875 0.092285

vt 0.966797 0.566162

vt 0.968262 0.632080

vt 0.081848 0.183594

vt 0.080261 0.117676

vt 0.078979 0.183594

vt 0.969727 0.565918

vt 0.968262 0.335938

vt 0.968262 0.399902

vt 0.971191 0.850220

vt 0.969238 0.785278

vt 0.969238 0.849243

vt 0.970215 0.334961

vt 0.983398 0.889771

vt 0.981445 0.948700

vt 0.334717 0.147461

vt 0.332520 0.088379

vt 0.984863 0.946442

vt 0.336182 0.090820

vt 0.865723 0.870605

vt 0.866211 0.865967

vt 0.864746 0.870605

vt 0.384277 0.406738

vt 0.488037 0.868164

vt 0.207275 0.114258

vt 0.209229 0.183594

vt 0.389404 0.172852

vt 0.387939 0.102051

vt 0.210571 0.112305

vt 0.386230 0.170898

vt 0.972656 0.303223

vt 0.975098 0.304199

vt 0.974609 0.242188

vt 0.328125 0.359375

vt 0.329590 0.358398

vt 0.328613 0.296875

vt 0.959473 0.457520

vt 0.959473 0.623047

vt 0.960449 0.622803

vt 0.141235 0.278320

vt 0.136719 0.277832

vt 0.136719 0.416016

vt 0.976074 0.229004

vt 0.974609 0.366699

vt 0.305420 0.545166

vt 0.305664 0.379395

vt 0.300293 0.379883

vt 0.194580 0.413086

vt 0.194702 0.579102

vt 0.200928 0.578857

vt 0.200684 0.413086

vt 0.892578 0.872314

vt 0.893066 0.867920

vt 0.891602 0.871704

vt 0.888184 0.872314

vt 0.892578 0.872314

vt 0.581055 0.865112

vt 0.582031 0.865967

vt 0.582031 0.861084

vt 0.577637 0.866211

vt 0.581055 0.865112

vt 0.576660 0.865356

vt 0.576660 0.866333

vt 0.581055 0.861084

vt 0.973633 0.743164

vt 0.971680 0.808960

vt 0.174194 0.163086

vt 0.174683 0.098145

vt 0.266113 0.175293

vt 0.266113 0.202637

vt 0.266846 0.202637

vt 0.266846 0.175293

vt 0.172607 0.097168

vt 0.973633 0.807739

vt 0.883789 0.868896

vt 0.883789 0.868896

vt 0.884766 0.870361

vt 0.884766 0.868164

vt 0.880371 0.869019

vt 0.884766 0.868164

vt 0.880371 0.868408

vt 0.985840 0.846313

vt 0.985840 0.946350

vt 0.986816 0.946411

vt 0.720703 0.998942

vt 0.725098 0.997887

vt 0.720703 0.883545

vt 0.545898 0.215820

vt 0.542480 0.215820

vt 0.542480 0.331055

vt 0.291260 0.312500

vt 0.291260 0.212402

vt 0.287109 0.211914

vt 0.253174 0.209961

vt 0.253174 0.242188

vt 0.253906 0.242188

vt 0.266846 0.580811

vt 0.296875 0.580811

vt 0.296875 0.548584

vt 0.520020 0.865967

vt 0.525391 0.866211

vt 0.525391 0.865234

vt 0.253906 0.209961

vt 0.266846 0.548584

vt 0.965820 0.545654

vt 0.965820 0.577881

vt 0.966797 0.577881

vt 0.966797 0.545654

vt 0.375000 0.096680

vt 0.375000 0.124512

vt 0.375732 0.124512

vt 0.375732 0.096680

vt 0.843750 0.609375

vt 0.845215 0.493164

vt 0.839844 0.494629

vt 0.720703 0.999088

vt 0.721191 0.883362

vt 0.715820 0.881836

vt 0.270020 0.300781

vt 0.275635 0.300293

vt 0.274414 0.206543

vt 0.915527 0.624512

vt 0.918945 0.623535

vt 0.918945 0.539795

vt 0.889160 0.164551

vt 0.889648 0.248535

vt 0.893066 0.248535

vt 0.387939 0.175781

vt 0.384766 0.174805

vt 0.383789 0.261230

vt 0.122314 0.281250

vt 0.121338 0.195312

vt 0.117859 0.195312

vt 0.914551 0.538330

vt 0.894043 0.162598

vt 0.387939 0.259766

vt 0.117493 0.278809

vt 0.437256 0.261719

vt 0.437012 0.362793

vt 0.442139 0.362793

vt 0.358398 0.580811

vt 0.358398 0.548584

vt 0.328369 0.548584

vt 0.520020 0.860718

vt 0.520020 0.865845

vt 0.520996 0.865112

vt 0.520996 0.865112

vt 0.884277 0.746338

vt 0.880859 0.746094

vt 0.880859 0.746826

vt 0.884766 0.747070

vt 0.884277 0.746338

vt 0.882324 0.746826

vt 0.884277 0.746338

vt 0.884766 0.747070

vt 0.884277 0.742188

vt 0.328369 0.580811

vt 0.361816 0.261230

vt 0.363770 0.175781

vt 0.359131 0.175781

vt 0.916992 0.412109

vt 0.914551 0.497070

vt 0.919434 0.497559

vt 0.859375 0.164551

vt 0.854492 0.165039

vt 0.854980 0.250000

vt -0.000321 0.278320

vt 0.004585 0.278809

vt 0.004288 0.194824

vt 0.164673 0.336426

vt 0.170288 0.336914

vt 0.169922 0.242676

vt 0.986816 0.846313

vt 0.725098 0.882568

vt 0.545898 0.331543

vt 0.442139 0.261719

vt 0.287354 0.312012

vt 0.975586 0.366699

vt 0.300293 0.545654

vt 0.141235 0.416016

vt 0.359619 0.259277

vt 0.858887 0.248535

vt 0.000226 0.195312

vt 0.907227 0.377441

vt 0.909180 0.377441

vt 0.909668 0.373535

vt 0.960449 0.456543

vt 0.945312 0.500977

vt 0.943848 0.539795

vt 0.270264 0.207520

vt 0.839844 0.610352

vt 0.716309 0.997665

vt 0.165161 0.242188

vt 0.989746 0.256836

vt 0.989258 0.296875

vt 0.945801 0.540771

vt 0.990723 0.295898



vn -0.834646 -0.551181 0.000000

vn -0.834646 -0.551181 0.000000

vn -0.834646 -0.551181 0.000000

vn 0.000000 1.000000 0.000000

vn 0.000000 1.000000 0.000000

vn 0.000000 0.023622 1.000000

vn 0.000000 0.023622 1.000000

vn -1.000000 0.000000 0.000000

vn -1.000000 0.000000 0.000000

vn -1.000000 0.000000 0.000000

vn 1.000000 0.000000 0.000000

vn 1.000000 0.000000 0.000000

vn 1.000000 0.000000 0.000000

vn 0.000000 0.023622 1.000000

vn 0.000000 1.000000 0.000000

vn -0.007874 0.212598 -0.976378

vn -0.007874 0.212598 -0.976378

vn -0.007874 0.212598 -0.976378

vn -1.000000 0.000000 0.000000

vn 1.000000 0.000000 0.000000

vn -0.007874 0.212598 -0.976378

vn -0.496063 -0.866142 0.000000

vn -0.496063 -0.866142 0.000000

vn -0.496063 -0.866142 0.000000

vn 0.818898 -0.566929 0.000000

vn 0.818898 -0.566929 0.000000

vn 0.818898 -0.566929 0.000000

vn 0.000000 0.440945 0.897638

vn 0.000000 0.440945 0.897638

vn 0.000000 0.440945 0.897638

vn 0.000000 0.000000 -1.000000

vn 0.000000 0.000000 -1.000000

vn 0.000000 0.000000 -1.000000

vn 0.480315 -0.874016 0.000000

vn 0.480315 -0.874016 0.000000

vn 0.480315 -0.874016 0.000000

vn -0.480315 0.874016 0.000000

vn -0.480315 0.874016 0.000000

vn -0.480315 0.874016 0.000000

vn -0.480315 0.874016 0.000000

vn 0.480315 -0.874016 0.000000

vn 0.480315 -0.874016 0.000000

vn 0.480315 -0.874016 0.000000

vn 0.000000 0.000000 1.000000

vn 0.000000 0.000000 1.000000

vn 0.000000 0.000000 1.000000

vn 0.000000 0.000000 1.000000

vn 0.000000 0.000000 -1.000000

vn 0.000000 0.000000 -1.000000

vn -0.496063 -0.866142 0.000000

vn 0.000000 0.000000 -1.000000

vn 0.000000 0.000000 -1.000000

vn 0.496063 0.866142 0.000000

vn 0.496063 0.866142 0.000000

vn 0.496063 0.866142 0.000000

vn 0.496063 0.866142 0.000000

vn 0.000000 0.000000 1.000000

vn 0.000000 0.000000 1.000000

vn 0.000000 0.000000 1.000000

vn 0.000000 0.000000 1.000000

vn 0.496063 0.866142 0.000000

vn -0.818898 0.566929 0.000000

vn -0.818898 0.566929 0.000000

vn -0.818898 0.566929 0.000000

vn 0.496063 0.866142 0.000000

vn 0.000000 0.000000 -1.000000

vn 0.834646 0.551181 0.000000

vn 0.834646 0.551181 0.000000

vn 0.834646 0.551181 0.000000

vn 0.007874 -0.055118 1.000000

vn 0.007874 -0.055118 1.000000

vn 0.007874 -0.055118 1.000000

vn 0.992126 0.110236 0.000000

vn 0.992126 0.110236 0.000000

vn 0.992126 0.110236 0.000000

vn -0.992126 -0.110236 0.000000

vn -0.992126 -0.110236 0.000000

vn -0.992126 -0.110236 0.000000

vn 1.000000 0.062992 -0.023622

vn -0.055118 0.921260 -0.377953

vn -0.055118 0.921260 -0.377953

vn 1.000000 0.062992 -0.023622

vn 1.000000 0.062992 -0.023622

vn -1.000000 -0.062992 0.023622

vn -1.000000 -0.062992 0.023622

vn -1.000000 -0.062992 0.023622

vn 0.055118 -0.921260 0.377953

vn 0.055118 -0.921260 0.377953

vn 0.055118 -0.921260 0.377953

vn 0.015748 -0.929134 -0.377953

vn 0.015748 -0.929134 -0.377953

vn 0.015748 -0.929134 -0.377953

vn -0.015748 0.929134 0.377953

vn -0.015748 0.929134 0.377953

vn -0.015748 0.929134 0.377953

vn -1.000000 -0.015748 -0.007874

vn -1.000000 -0.015748 -0.007874

vn -1.000000 -0.015748 -0.007874

vn 1.000000 0.015748 0.007874

vn 1.000000 0.015748 0.007874

vn 1.000000 0.015748 0.007874

vn 0.015748 -0.929134 -0.377953

vn -0.015748 0.929134 0.377953

vn 1.000000 0.015748 0.007874

vn -1.000000 -0.015748 -0.007874

vn -0.055118 0.921260 -0.377953

vn 1.000000 0.062992 -0.023622

vn -1.000000 -0.062992 0.023622

vn 0.007874 -0.055118 1.000000

vn 0.110236 -0.992126 0.000000

vn 0.110236 -0.992126 0.000000

vn 0.110236 -0.992126 0.000000

vn 0.007874 -0.062992 -1.000000

vn 0.007874 -0.062992 -1.000000

vn 0.007874 -0.062992 -1.000000

vn -0.992126 -0.110236 0.000000

vn 0.992126 0.110236 0.000000

vn 0.007874 -0.062992 -1.000000

vn 0.110236 -0.992126 0.000000

vn 0.055118 -0.921260 0.377953

vn -1.000000 0.000000 0.000000

vn -1.000000 0.000000 0.000000

vn -1.000000 0.000000 0.000000

vn 0.000000 1.000000 0.000000

vn 0.000000 1.000000 0.000000

vn 0.000000 1.000000 0.000000

vn 1.000000 0.000000 0.000000

vn 1.000000 0.000000 0.000000

vn -1.000000 0.000000 0.000000

vn 0.000000 0.000000 1.000000

vn 0.000000 0.000000 1.000000

vn 0.000000 0.000000 -1.000000

vn 0.000000 0.000000 -1.000000

vn 0.000000 0.000000 1.000000

vn 0.000000 0.000000 -1.000000

vn 0.000000 -1.000000 0.000000

vn 0.000000 -1.000000 0.000000

vn 0.000000 -1.000000 0.000000

vn 0.000000 -1.000000 0.000000

vn 0.000000 1.000000 0.000000

vn 0.000000 1.000000 0.000000

vn 0.000000 1.000000 0.000000

vn 1.000000 0.000000 0.000000

vn 1.000000 0.000000 0.000000

vn -1.000000 0.000000 0.000000

vn -1.000000 0.000000 0.000000

vn -1.000000 0.000000 0.000000

vn 1.000000 0.000000 0.000000

vn 0.000000 1.000000 0.000000

vn -1.000000 0.000000 0.000000

vn 0.000000 -1.000000 0.000000

vn 0.000000 -1.000000 0.000000

vn 0.000000 -1.000000 0.000000

vn 1.000000 0.000000 0.000000

vn 1.000000 0.000000 0.000000

vn 1.000000 0.000000 0.000000

vn 0.000000 -1.000000 0.000000

vn 0.000000 0.000000 1.000000

vn 0.000000 0.000000 1.000000

vn 0.000000 0.000000 1.000000

vn -0.818898 0.566929 0.000000

vn -0.818898 0.566929 0.000000

vn -0.818898 0.566929 0.000000

vn 0.000000 0.000000 -1.000000

vn 0.000000 0.000000 -1.000000

vn -0.480315 0.874016 0.000000

vn -0.480315 0.874016 0.000000

vn -0.480315 0.874016 0.000000

vn -0.480315 0.874016 0.000000

vn 0.480315 -0.874016 0.000000

vn 0.480315 -0.874016 0.000000

vn 0.480315 -0.874016 0.000000

vn 0.000000 0.000000 1.000000

vn 0.000000 0.000000 1.000000

vn 0.000000 1.000000 0.000000

vn 1.000000 0.000000 0.000000

vn -1.000000 0.000000 0.047244

vn -1.000000 0.000000 0.047244

vn -1.000000 0.000000 0.047244

vn 0.062992 0.000000 -1.000000

vn 0.062992 0.000000 -1.000000

vn 0.062992 0.000000 -1.000000

vn 0.000000 -1.000000 0.000000

vn 0.000000 -1.000000 0.000000

vn 0.000000 -1.000000 0.000000

vn 0.000000 -1.000000 0.000000

vn -1.000000 0.000000 0.000000

vn 1.000000 0.000000 0.000000

vn 1.000000 0.000000 0.000000

vn 1.000000 0.000000 0.000000

vn 0.000000 1.000000 0.000000

vn 0.000000 1.000000 0.000000

vn 0.000000 1.000000 0.000000

vn -0.496063 -0.866142 0.000000

vn -0.496063 -0.866142 0.000000

vn -0.496063 -0.866142 0.000000

vn -0.496063 -0.866142 0.000000

vn -1.000000 0.000000 0.000000

vn 1.000000 0.000000 0.000000

vn 0.000000 1.000000 0.000000

vn -0.062992 0.000000 -1.000000

vn -0.062992 0.000000 -1.000000

vn -0.062992 0.000000 -1.000000

vn 0.000000 0.000000 1.000000

vn 0.000000 0.000000 1.000000

vn 0.000000 0.000000 1.000000

vn 1.000000 0.000000 0.047244

vn 1.000000 0.000000 0.047244

vn 1.000000 0.000000 0.047244

vn 0.000000 0.000000 1.000000

vn -0.062992 0.000000 -1.000000

vn -1.000000 0.000000 0.000000

vn -1.000000 0.000000 0.000000

vn -1.000000 0.000000 0.000000

vn 0.000000 0.000000 1.000000

vn 0.000000 0.000000 1.000000

vn 0.000000 0.000000 1.000000

vn 0.000000 0.000000 1.000000

vn -0.834646 -0.551181 0.000000

vn -0.834646 -0.551181 0.000000

vn -0.834646 -0.551181 0.000000

vn 0.000000 1.000000 0.000000

vn 0.000000 1.000000 0.000000

vn 0.000000 1.000000 0.000000

vn 1.000000 0.000000 0.000000

vn 1.000000 0.000000 0.000000

vn 1.000000 0.000000 0.000000

vn -1.000000 0.000000 0.000000

vn 0.000000 1.000000 0.000000

vn 0.000000 0.000000 1.000000

vn -1.000000 0.000000 0.047244

vn 0.062992 0.000000 -1.000000

vn 1.000000 0.000000 0.000000

vn 0.000000 0.000000 -1.000000

vn 0.000000 0.000000 -1.000000

vn 0.834646 0.551181 0.000000

vn 0.834646 0.551181 0.000000

vn 0.834646 0.551181 0.000000

vn 0.000000 0.000000 1.000000

vn 0.000000 0.000000 1.000000

vn 0.000000 0.000000 1.000000

vn 0.480315 -0.874016 0.000000

vn 1.000000 0.000000 0.000000

vn -1.000000 0.000000 0.000000

vn 0.000000 0.000000 1.000000

vn 0.000000 0.000000 1.000000

vn 0.000000 0.000000 1.000000

vn 0.000000 0.000000 1.000000

vn 0.496063 0.866142 0.000000

vn 0.496063 0.866142 0.000000

vn 0.496063 0.866142 0.000000

vn 0.000000 0.000000 -1.000000

vn 0.000000 0.000000 -1.000000

vn 0.000000 0.000000 -1.000000

vn 0.000000 0.000000 -1.000000

vn 0.000000 0.000000 1.000000

vn 0.000000 0.000000 -1.000000

vn 0.000000 0.000000 -1.000000

vn 0.000000 -1.000000 0.000000

vn 0.000000 -1.000000 0.000000

vn 0.000000 -1.000000 0.000000

vn 0.000000 -1.000000 0.000000

vn 0.496063 0.866142 0.000000

vn 0.000000 0.000000 -1.000000

vn 0.000000 1.000000 0.000000

vn 0.000000 1.000000 0.000000

vn 0.000000 1.000000 0.000000

vn 1.000000 0.000000 0.000000

vn 1.000000 0.000000 0.000000

vn 1.000000 0.000000 0.000000

vn -1.000000 0.000000 0.000000

vn -1.000000 0.000000 0.000000

vn -1.000000 0.000000 0.000000

vn 0.000000 -1.000000 0.000000

vn 0.000000 -1.000000 0.000000

vn 0.000000 -1.000000 0.000000

vn -1.000000 0.000000 0.000000

vn -1.000000 0.000000 0.000000

vn -1.000000 0.000000 0.000000

vn 1.000000 0.000000 0.000000

vn 1.000000 0.000000 0.000000

vn 1.000000 0.000000 0.000000

vn 0.000000 1.000000 0.000000

vn 1.000000 0.000000 0.000000

vn -1.000000 0.000000 0.000000

vn 1.000000 0.000000 0.000000

vn 1.000000 0.000000 0.000000

vn 1.000000 0.000000 0.000000

vn 0.000000 0.023622 -1.000000

vn 0.000000 0.023622 -1.000000

vn 0.000000 0.023622 -1.000000

vn 0.000000 0.000000 -1.000000

vn 0.000000 0.000000 -1.000000

vn 0.000000 0.000000 -1.000000

vn 1.000000 0.000000 0.000000

vn 1.000000 0.000000 0.000000

vn 1.000000 0.000000 0.000000

vn 0.000000 1.000000 0.000000

vn 0.000000 1.000000 0.000000

vn 0.000000 1.000000 0.000000

vn -1.000000 0.000000 0.000000

vn -1.000000 0.000000 0.000000

vn -1.000000 0.000000 0.000000

vn 0.000000 1.000000 0.000000

vn -1.000000 0.000000 0.000000

vn 0.000000 0.000000 1.000000

vn 0.000000 0.000000 1.000000

vn 0.000000 0.000000 -1.000000

vn 0.000000 0.000000 -1.000000

vn 0.000000 0.000000 1.000000

vn 0.000000 0.000000 -1.000000

vn 0.000000 -1.000000 0.000000

vn 0.000000 -1.000000 0.000000

vn 0.000000 -1.000000 0.000000

vn 0.000000 -1.000000 0.000000

vn 0.000000 1.000000 0.000000

vn 0.000000 1.000000 0.000000

vn 0.000000 1.000000 0.000000

vn 1.000000 0.000000 0.000000

vn 1.000000 0.000000 0.000000

vn -1.000000 0.000000 0.000000

vn -1.000000 0.000000 0.000000

vn 1.000000 0.000000 0.000000

vn 0.000000 1.000000 0.000000

vn 0.000000 0.000000 -1.000000

vn 0.000000 -1.000000 0.000000

vn 0.000000 -1.000000 0.000000

vn 0.000000 -1.000000 0.000000

vn 0.000000 -1.000000 0.000000

vn 0.007874 -0.062992 1.000000

vn 0.007874 -0.062992 1.000000

vn 0.007874 -0.062992 1.000000

vn 0.007874 -0.062992 1.000000

vn -0.992126 -0.110236 0.000000

vn -0.992126 -0.110236 0.000000

vn -0.992126 -0.110236 0.000000

vn 0.000000 -1.000000 0.000000

vn 0.000000 -1.000000 0.000000

vn 0.000000 -1.000000 0.000000

vn 0.015748 -0.929134 -0.377953

vn 0.015748 -0.929134 -0.377953

vn 0.015748 -0.929134 -0.377953

vn -0.015748 0.929134 0.377953

vn -0.015748 0.929134 0.377953

vn -0.015748 0.929134 0.377953

vn -1.000000 -0.015748 -0.007874

vn 0.000000 -1.000000 0.000000

vn 0.000000 -1.000000 0.000000

vn -1.000000 0.000000 0.000000

vn 1.000000 0.000000 0.000000

vn 1.000000 0.000000 0.000000

vn 1.000000 0.000000 0.000000

vn -1.000000 0.000000 0.000000

vn 0.000000 0.000000 1.000000

vn 0.000000 0.000000 1.000000

vn 0.000000 0.000000 1.000000

vn 1.000000 0.000000 0.000000

vn -1.000000 0.000000 0.000000

vn -0.007874 0.212598 0.976378

vn -0.007874 0.212598 0.976378

vn -0.007874 0.212598 0.976378

vn -0.007874 0.212598 0.976378

vn 0.000000 1.000000 0.000000

vn 0.000000 1.000000 0.000000

vn -1.000000 0.000000 -0.047244

vn -1.000000 0.000000 -0.047244

vn -1.000000 0.000000 -0.047244

vn 0.000000 1.000000 0.000000

vn 1.000000 0.000000 0.000000

vn 1.000000 0.000000 0.000000

vn 1.000000 0.000000 0.000000

vn -1.000000 0.000000 -0.047244

vn -1.000000 0.000000 -0.047244

vn -1.000000 0.000000 -0.047244

vn 0.000000 0.000000 -1.000000

vn 0.000000 0.000000 -1.000000

vn 0.000000 0.000000 -1.000000

vn 0.062992 0.000000 1.000000

vn 0.062992 0.000000 1.000000

vn 0.062992 0.000000 1.000000

vn 1.000000 0.000000 0.000000

vn 0.000000 0.000000 -1.000000

vn 0.062992 0.000000 1.000000

vn -1.000000 0.000000 -0.047244

vn 0.992126 0.110236 0.000000

vn 0.992126 0.110236 0.000000

vn 0.992126 0.110236 0.000000

vn 0.000000 0.000000 1.000000

vn 0.000000 0.000000 1.000000

vn 0.000000 0.000000 1.000000

vn 0.000000 0.000000 1.000000

vn 0.015748 -0.929134 -0.377953

vn -0.015748 0.929134 0.377953

vn -1.000000 -0.015748 -0.007874

vn -1.000000 -0.015748 -0.007874

vn 1.000000 0.015748 0.007874

vn 1.000000 0.015748 0.007874

vn 1.000000 0.015748 0.007874

vn 0.000000 1.000000 0.000000

vn 0.000000 1.000000 0.000000

vn 0.000000 1.000000 0.000000

vn -1.000000 0.000000 0.000000

vn -1.000000 0.000000 0.000000

vn -1.000000 0.000000 0.000000

vn 1.000000 0.000000 0.000000

vn 1.000000 0.000000 0.000000

vn 1.000000 0.000000 0.000000

vn 0.000000 -1.000000 0.000000

vn 0.000000 -1.000000 0.000000

vn 0.000000 -1.000000 0.000000

vn 0.992126 0.110236 0.000000

vn -0.992126 -0.110236 0.000000

vn 0.110236 -0.992126 0.000000

vn 0.110236 -0.992126 0.000000

vn 0.110236 -0.992126 0.000000

vn 0.110236 -0.992126 0.000000

vn 0.007874 -0.055118 -1.000000

vn 0.007874 -0.055118 -1.000000

vn 0.007874 -0.055118 -1.000000

vn 0.007874 -0.055118 -1.000000

vn 0.000000 0.000000 -1.000000

vn 0.000000 0.000000 -1.000000

vn 0.000000 0.000000 -1.000000

vn 0.000000 1.000000 0.000000

vn 1.000000 0.015748 0.007874

vn -1.000000 -0.015748 -0.007874

vn 0.000000 0.000000 -1.000000

vn -1.000000 0.000000 0.000000

vn 1.000000 0.000000 0.000000

vn 0.000000 -1.000000 0.000000

vn 0.000000 -1.000000 0.000000

vn 0.000000 -1.000000 0.000000

vn 0.000000 -1.000000 0.000000

vn 0.000000 1.000000 0.000000

vn 0.000000 1.000000 0.000000

vn 0.000000 1.000000 0.000000

vn 1.000000 0.000000 0.000000

vn 1.000000 0.000000 0.000000

vn -1.000000 0.000000 0.000000

vn -1.000000 0.000000 0.000000

vn -1.000000 0.000000 0.000000

vn 1.000000 0.000000 0.000000

vn 0.000000 1.000000 0.000000

vn -1.000000 0.000000 0.000000

vn -1.000000 0.000000 0.000000

vn 1.000000 0.000000 0.000000

vn 1.000000 0.000000 0.000000

vn 1.000000 0.000000 0.000000

vn 0.000000 1.000000 0.000000

vn 0.000000 1.000000 0.000000

vn 0.000000 1.000000 0.000000

vn 0.937008 -0.244094 -0.244094

vn 0.937008 -0.244094 -0.244094

vn 0.937008 -0.244094 -0.244094

vn -0.937008 0.244094 0.244094

vn -0.937008 0.244094 0.244094

vn 0.094488 0.913386 -0.401575

vn 0.094488 0.913386 -0.401575

vn 0.094488 0.913386 -0.401575

vn -0.094488 -0.913386 0.401575

vn -0.094488 -0.913386 0.401575

vn -0.094488 -0.913386 0.401575

vn 0.000000 1.000000 0.000000

vn 0.000000 1.000000 0.000000

vn 0.000000 1.000000 0.000000

vn 0.937008 0.000000 -0.338583

vn 0.937008 0.000000 -0.338583

vn 0.937008 0.000000 -0.338583

vn -0.937008 0.000000 0.338583

vn -0.937008 0.000000 0.338583

vn -0.937008 0.000000 0.338583

vn -0.094488 -0.913386 0.401575

vn 0.094488 0.913386 -0.401575

vn 0.000000 -1.000000 0.000000

vn 0.000000 -1.000000 0.000000

vn 0.000000 -1.000000 0.000000

vn 0.000000 0.000000 1.000000

vn 0.000000 0.000000 1.000000

vn 0.000000 0.000000 1.000000

vn 0.937008 -0.244094 -0.244094

vn -0.937008 0.244094 0.244094

vn 0.000000 -1.000000 0.000000

vn 0.000000 -1.000000 0.000000

vn 0.000000 1.000000 0.000000

vn 0.000000 -1.000000 0.000000

vn 0.000000 -1.000000 0.000000

vn 0.307087 0.409449 0.858268

vn 0.307087 0.409449 0.858268

vn 0.307087 0.409449 0.858268

vn -0.937008 0.000000 -0.338583

vn -0.937008 0.000000 -0.338583

vn -0.937008 0.000000 -0.338583

vn 1.000000 0.000000 0.000000

vn -1.000000 0.000000 0.000000

vn 0.937008 0.000000 0.338583

vn 0.937008 0.000000 0.338583

vn 0.937008 0.000000 0.338583

vn 0.000000 1.000000 0.000000

vn 0.000000 1.000000 0.000000

vn 0.000000 1.000000 0.000000

vn 0.874016 -0.244094 0.417323

vn 0.874016 -0.244094 0.417323

vn 0.874016 -0.244094 0.417323

vn -0.322835 -0.913386 0.251969

vn -0.322835 -0.913386 0.251969

vn -0.322835 -0.913386 0.251969

vn 0.322835 0.913386 -0.251969

vn 0.322835 0.913386 -0.251969

vn 0.322835 0.913386 -0.251969

vn 0.000000 1.000000 0.000000

vn 0.937008 0.000000 -0.338583

vn 1.000000 0.000000 0.000000

vn 1.000000 0.000000 0.000000

vn 1.000000 0.000000 0.000000

vn -0.937008 0.000000 0.338583

vn 0.000000 1.000000 0.000000

vn 0.000000 1.000000 0.000000

vn -1.000000 0.000000 0.000000

vn -1.000000 0.000000 0.000000

vn -1.000000 0.000000 0.000000

vn -0.322835 -0.913386 0.251969

vn 0.322835 0.913386 -0.251969

vn 0.000000 -1.000000 0.000000

vn 0.000000 -1.000000 0.000000

vn 0.000000 -1.000000 0.000000

vn 0.000000 -1.000000 0.000000

vn -0.874016 0.244094 -0.417323

vn -0.874016 0.244094 -0.417323

vn -0.874016 0.244094 -0.417323

vn 0.874016 -0.244094 0.417323

vn 1.000000 0.000000 0.000000

vn 0.000000 1.000000 0.000000

vn 0.000000 -1.000000 -0.078740

vn 0.000000 -1.000000 -0.078740

vn 0.937008 0.000000 0.338583

vn -0.937008 0.000000 -0.338583

vn 0.000000 -1.000000 0.000000

vn 0.000000 -1.000000 0.000000

vn 0.000000 -1.000000 -0.078740

vn -1.000000 0.000000 0.000000

vn 0.000000 -1.000000 0.000000

vn 0.000000 0.000000 -1.000000

vn 0.000000 0.000000 -1.000000

vn -1.000000 0.000000 0.000000

vn -1.000000 0.000000 0.000000

vn -1.000000 0.000000 0.000000

vn 0.000000 1.000000 -0.078740

vn -0.984252 0.000000 -0.173228

vn -1.000000 0.000000 0.000000

vn 0.000000 1.000000 -0.078740

vn 0.000000 -1.000000 -0.078740

vn -0.984252 0.000000 -0.173228

vn -0.984252 0.000000 -0.173228

vn 0.000000 1.000000 -0.078740

vn 0.000000 0.000000 -1.000000

vn 0.000000 1.000000 -0.078740

vn 0.000000 1.000000 -0.078740

vn 0.000000 0.023622 -1.000000

vn 0.000000 0.023622 -1.000000

vn 0.000000 0.023622 -1.000000

vn -1.000000 0.000000 0.000000

vn -1.000000 0.000000 0.000000

vn -1.000000 0.000000 0.000000

vn 1.000000 0.000000 0.000000

vn 1.000000 0.000000 0.000000

vn 1.000000 0.000000 0.000000

vn -1.000000 0.000000 0.000000

vn -1.000000 0.000000 0.000000

vn -1.000000 0.000000 0.000000

vn -0.062992 0.000000 1.000000

vn -0.062992 0.000000 1.000000

vn -0.062992 0.000000 1.000000

vn 0.000000 0.000000 -1.000000

vn 0.000000 0.000000 -1.000000

vn 0.000000 0.000000 -1.000000

vn 0.000000 0.000000 -1.000000

vn 0.000000 0.000000 1.000000

vn 0.000000 0.000000 1.000000

vn 0.000000 0.000000 1.000000

vn 0.000000 0.000000 -1.000000

vn 0.000000 0.000000 -1.000000

vn 0.000000 0.000000 -1.000000

vn -0.496063 -0.866142 0.000000

vn -0.496063 -0.866142 0.000000

vn -1.000000 0.000000 0.000000

vn 1.000000 0.000000 0.000000

vn 0.007874 0.212598 0.976378

vn 0.007874 0.212598 0.976378

vn 0.007874 0.212598 0.976378

vn 0.007874 0.212598 0.976378

vn 0.000000 1.000000 0.000000

vn 0.000000 1.000000 0.000000

vn 1.000000 0.000000 -0.047244

vn 1.000000 0.000000 -0.047244

vn 1.000000 0.000000 -0.047244

vn 0.000000 1.000000 0.000000

vn -0.874016 0.244094 -0.417323

vn 0.062992 0.000000 1.000000

vn 0.062992 0.000000 1.000000

vn 0.062992 0.000000 1.000000

vn 0.000000 0.000000 -1.000000

vn 1.000000 0.000000 -0.047244

vn 1.000000 0.000000 0.000000

vn -0.062992 0.000000 1.000000

vn -1.000000 0.000000 0.000000

vn -0.818898 0.566929 0.000000

vn -0.818898 0.566929 0.000000

vn -0.818898 0.566929 0.000000

vn -0.480315 0.874016 0.000000

vn -0.480315 0.874016 0.000000

vn -0.480315 0.874016 0.000000

vn -0.496063 -0.866142 0.000000

vn -0.496063 -0.866142 0.000000

vn -1.000000 0.000000 -0.047244

vn 0.000000 0.000000 -1.000000

vn -0.007874 -0.062992 1.000000

vn -0.007874 -0.062992 1.000000

vn -0.007874 -0.062992 1.000000

vn -0.007874 -0.062992 1.000000

vn 0.992126 -0.110236 0.000000

vn 0.992126 -0.110236 0.000000

vn 0.992126 -0.110236 0.000000

vn -0.992126 0.110236 0.000000

vn -0.992126 0.110236 0.000000

vn -0.992126 0.110236 0.000000

vn 0.992126 -0.110236 0.000000

vn -0.992126 0.110236 0.000000

vn -0.007874 -0.055118 -1.000000

vn -0.007874 -0.055118 -1.000000

vn -0.007874 -0.055118 -1.000000

vn -0.007874 -0.055118 -1.000000

vn -0.110236 -0.992126 0.000000

vn -0.110236 -0.992126 0.000000

vn -0.110236 -0.992126 0.000000

vn -0.110236 -0.992126 0.000000

vn 0.496063 0.866142 0.000000

vn 0.496063 0.866142 0.000000

vn 0.496063 0.866142 0.000000

vn 0.000000 0.000000 1.000000

vn 0.000000 0.000000 1.000000

vn 0.000000 0.000000 1.000000

vn 0.000000 0.000000 -1.000000

vn 0.000000 0.000000 -1.000000

vn 0.496063 0.866142 0.000000

vn 0.000000 0.000000 -1.000000

vn 0.000000 0.000000 -1.000000

vn 0.000000 0.000000 -1.000000

vn 0.000000 0.000000 -1.000000

vn 0.480315 -0.874016 0.000000

vn 0.480315 -0.874016 0.000000

vn 0.480315 -0.874016 0.000000

vn 0.000000 0.000000 1.000000

vn -1.000000 0.000000 0.000000

vn -1.000000 0.000000 0.000000

vn -1.000000 0.000000 0.000000

vn -0.062992 0.000000 1.000000

vn -0.062992 0.000000 1.000000

vn -0.062992 0.000000 1.000000

vn 1.000000 0.000000 -0.047244

vn 1.000000 0.000000 -0.047244

vn 1.000000 0.000000 -0.047244

vn 0.000000 0.000000 -1.000000

vn 0.000000 0.000000 -1.000000

vn 0.000000 0.000000 -1.000000

vn 0.000000 0.000000 -1.000000

vn 0.062992 0.000000 1.000000

vn 1.000000 0.000000 -0.047244

vn -1.000000 0.000000 0.000000

vn -0.062992 0.000000 1.000000

vn 0.000000 0.000000 -1.000000

vn 0.480315 -0.874016 0.000000

vn -0.480315 0.874016 0.000000

vn -0.062992 0.000000 1.000000

vn -0.062992 0.000000 1.000000

vn -0.062992 0.000000 1.000000

vn -0.496063 -0.866142 0.000000

vn -0.496063 -0.866142 0.000000

vn -0.818898 0.566929 0.000000

vn -0.818898 0.566929 0.000000

vn -0.818898 0.566929 0.000000

vn -0.874016 0.244094 -0.417323

vn -0.874016 0.244094 -0.417323

vn 0.874016 -0.244094 0.417323

vn 0.874016 -0.244094 0.417323

vn 0.874016 -0.244094 0.417323

vn -0.322835 -0.913386 0.251969

vn -0.322835 -0.913386 0.251969

vn -0.322835 -0.913386 0.251969

vn 0.322835 0.913386 -0.251969

vn 0.322835 0.913386 -0.251969

vn 0.322835 0.913386 -0.251969

vn 0.000000 0.000000 -1.000000

vn 0.000000 0.000000 -1.000000

vn 0.000000 0.000000 -1.000000

vn -0.062992 0.000000 1.000000

vn -0.062992 0.000000 1.000000

vn -0.062992 0.000000 1.000000

vn -1.000000 0.000000 0.000000

vn -1.000000 0.000000 0.000000

vn -1.000000 0.000000 0.000000

vn -0.496063 -0.866142 0.000000

vn -0.496063 -0.866142 0.000000

vn 0.000000 0.000000 -1.000000

vn 0.000000 0.000000 -1.000000

vn 0.000000 0.000000 -1.000000

vn 0.062992 0.000000 1.000000

vn 0.062992 0.000000 1.000000

vn 0.062992 0.000000 1.000000

vn 1.000000 0.000000 0.000000

vn 1.000000 0.000000 0.000000

vn 1.000000 0.000000 0.000000

vn 1.000000 0.000000 -0.047244

vn 1.000000 0.000000 -0.047244

vn 1.000000 0.000000 -0.047244

vn 0.000000 0.000000 -1.000000

vn 1.000000 0.000000 -0.047244

vn -0.062992 0.000000 1.000000

vn -1.000000 0.000000 0.000000

vn -0.307087 0.409449 0.858268

vn -0.307087 0.409449 0.858268

vn -0.307087 0.409449 0.858268

vn -1.000000 0.000000 -0.047244

vn -1.000000 0.000000 -0.047244

vn -1.000000 0.000000 -0.047244

vn 0.834646 0.551181 0.000000

vn 0.834646 0.551181 0.000000

vn 0.834646 0.551181 0.000000

vn 0.000000 0.000000 1.000000

vn -0.480315 0.874016 0.000000

vn -0.480315 0.874016 0.000000

vn 0.480315 -0.874016 0.000000

vn 0.480315 -0.874016 0.000000

vn 0.480315 -0.874016 0.000000

vn -0.480315 0.874016 0.000000

vn 1.000000 0.000000 0.000000

vn -1.000000 0.000000 -0.047244

vn 0.000000 0.000000 -1.000000

vn 0.062992 0.000000 1.000000

vn 0.000000 0.000000 1.000000

vn 0.000000 0.000000 1.000000

vn 0.000000 0.000000 -1.000000

vn 0.000000 0.000000 -1.000000

vn 0.000000 0.000000 -1.000000

vn 0.000000 0.000000 -1.000000

vn 0.000000 0.000000 -1.000000

vn 0.496063 0.866142 0.000000

vn 0.496063 0.866142 0.000000

vn 0.496063 0.866142 0.000000

vn 0.000000 0.000000 1.000000

vn 0.000000 0.000000 1.000000

vn 0.000000 0.000000 1.000000

vn 0.496063 0.866142 0.000000

vn 0.000000 0.000000 -1.000000

vn 0.000000 0.000000 1.000000

vn 0.000000 0.000000 -1.000000

vn -0.480315 0.874016 0.000000

vn 0.480315 -0.874016 0.000000

vn 0.094488 0.913386 -0.401575

vn 0.094488 0.913386 -0.401575

vn 0.094488 0.913386 -0.401575

vn -0.322835 -0.913386 0.251969

vn 0.322835 0.913386 -0.251969

vn -0.874016 0.244094 -0.417323

vn 0.874016 -0.244094 0.417323

vn 0.000000 1.000000 -0.078740

vn 0.000000 1.000000 -0.078740

vn -1.000000 0.000000 0.000000

vn -1.000000 0.000000 0.000000

vn -0.984252 0.000000 -0.173228

vn -0.984252 0.000000 -0.173228

vn -0.984252 0.000000 -0.173228

vn 0.000000 1.000000 -0.078740

vn 0.000000 1.000000 -0.078740

vn -1.000000 0.000000 0.000000

vn 0.000000 1.000000 -0.078740

vn -0.937008 0.000000 -0.338583

vn -0.937008 0.000000 -0.338583

vn -0.937008 0.000000 -0.338583

vn 0.937008 0.000000 0.338583

vn 0.937008 0.000000 0.338583

vn 0.937008 0.000000 0.338583

vn 0.000000 1.000000 0.000000

vn 0.000000 1.000000 0.000000

vn 0.000000 1.000000 0.000000

vn -0.937008 0.000000 0.338583

vn -0.937008 0.000000 0.338583

vn -0.937008 0.000000 0.338583

vn -1.000000 0.000000 0.000000

vn 0.000000 -1.000000 0.000000

vn 0.000000 -1.000000 0.000000

vn 0.000000 -1.000000 0.000000

vn 0.000000 -1.000000 0.000000

vn 0.000000 -1.000000 0.000000

vn 0.000000 -1.000000 0.000000

vn 0.000000 -1.000000 -0.078740

vn 0.000000 -1.000000 -0.078740

vn 0.000000 -1.000000 -0.078740

vn 0.000000 -1.000000 -0.078740

vn 0.937008 0.000000 -0.338583

vn 0.937008 0.000000 -0.338583

vn 0.937008 0.000000 -0.338583

vn 0.000000 1.000000 0.000000

vn 0.000000 1.000000 0.000000

vn -0.937008 0.244094 0.244094

vn -0.937008 0.244094 0.244094

vn -0.937008 0.244094 0.244094

vn 0.937008 -0.244094 -0.244094

vn 0.937008 -0.244094 -0.244094

vn 0.937008 -0.244094 -0.244094

vn -0.094488 -0.913386 0.401575

vn -0.094488 -0.913386 0.401575

vn -0.094488 -0.913386 0.401575

vn 0.000000 -1.000000 0.000000

vn 0.110236 -0.992126 0.000000

vn 0.110236 -0.992126 0.000000

vn 0.110236 -0.992126 0.000000

vn 0.110236 -0.992126 0.000000

vn 0.007874 -0.055118 -1.000000

vn 0.007874 -0.055118 -1.000000

vn 0.007874 -0.055118 -1.000000

vn 0.007874 -0.055118 -1.000000

vn 0.000000 -1.000000 0.000000

vn 0.000000 -1.000000 0.000000

vn 0.000000 -1.000000 0.000000

vn -0.992126 -0.110236 0.000000

vn -0.992126 -0.110236 0.000000

vn -0.992126 -0.110236 0.000000

vn 0.992126 0.110236 0.000000

vn 0.992126 0.110236 0.000000

vn 0.992126 0.110236 0.000000

vn 0.992126 0.110236 0.000000

vn -0.992126 -0.110236 0.000000

vn 0.007874 -0.062992 1.000000

vn 0.007874 -0.062992 1.000000

vn 0.007874 -0.062992 1.000000

vn 0.000000 -1.000000 0.000000

vn 0.000000 1.000000 0.000000

vn 0.000000 1.000000 0.000000

vn 0.000000 1.000000 0.000000

vn 0.007874 -0.062992 1.000000

vn -0.937008 0.000000 0.338583

vn 0.007874 0.212598 0.976378

vn 0.007874 0.212598 0.976378

vn 0.007874 0.212598 0.976378

vn 0.007874 0.212598 0.976378

vn 1.000000 0.000000 0.000000

vn 1.000000 0.000000 0.000000

vn 1.000000 0.000000 0.000000

vn 1.000000 0.000000 0.000000

vn 1.000000 0.000000 0.000000

vn 1.000000 0.000000 0.000000

vn -1.000000 0.000000 0.000000

vn -1.000000 0.000000 0.000000

vn -1.000000 0.000000 0.000000

vn 0.937008 0.000000 -0.338583

vn 0.000000 1.000000 0.000000

vn -0.094488 -0.913386 0.401575

vn 0.094488 0.913386 -0.401575

vn 0.937008 -0.244094 -0.244094

vn -1.000000 0.000000 0.000000

vn -1.000000 0.000000 0.000000

vn -1.000000 0.000000 0.000000

vn 0.000000 1.000000 0.000000

vn 0.000000 1.000000 0.000000

vn 0.000000 1.000000 0.000000

vn -1.000000 0.000000 0.000000

vn -1.000000 0.000000 0.000000

vn -1.000000 0.000000 0.000000

vn 1.000000 0.000000 0.000000

vn -1.000000 0.000000 0.000000

vn 0.000000 0.023622 -1.000000

vn 0.000000 0.023622 -1.000000

vn 1.000000 0.000000 0.000000

vn 0.000000 0.023622 -1.000000

vn -1.000000 0.000000 0.000000

vn 1.000000 0.000000 0.000000

vn 1.000000 0.000000 0.000000

vn 1.000000 0.000000 0.000000

vn 0.000000 0.023622 -1.000000

vn 0.000000 0.023622 -1.000000

vn 0.000000 0.023622 -1.000000

vn 0.000000 1.000000 0.000000

vn 1.000000 0.000000 0.000000

vn 1.000000 0.000000 0.000000

vn 1.000000 0.000000 0.000000

vn -1.000000 0.000000 0.000000

vn -1.000000 0.000000 0.000000

vn -1.000000 0.000000 0.000000

vn -1.000000 0.000000 0.000000

vn 1.000000 0.000000 0.000000

vn 0.000000 1.000000 0.000000

vn 1.000000 0.000000 0.000000

vn -1.000000 0.000000 0.000000

vn -0.007874 0.212598 0.976378

vn -0.007874 0.212598 0.976378

vn -0.007874 0.212598 0.976378

vn 0.937008 0.000000 0.338583

vn -0.937008 0.000000 -0.338583

vn -0.007874 -0.062992 1.000000

vn -0.007874 -0.062992 1.000000

vn -0.007874 -0.062992 1.000000

vn 0.000000 -1.000000 0.000000

vn 0.000000 -1.000000 0.000000

vn 0.000000 -1.000000 0.000000

vn -0.007874 -0.062992 1.000000

vn 0.992126 -0.110236 0.000000

vn 0.992126 -0.110236 0.000000

vn 0.992126 -0.110236 0.000000

vn -0.992126 0.110236 0.000000

vn -0.992126 0.110236 0.000000

vn -0.992126 0.110236 0.000000

vn 0.992126 -0.110236 0.000000

vn -0.992126 0.110236 0.000000

vn -0.007874 -0.055118 -1.000000

vn -0.007874 -0.055118 -1.000000

vn -0.007874 -0.055118 -1.000000

vn -0.007874 -0.055118 -1.000000

vn -0.110236 -0.992126 0.000000

vn -0.110236 -0.992126 0.000000

vn -0.110236 -0.992126 0.000000

vn -0.110236 -0.992126 0.000000

vn -0.007874 0.212598 0.976378

vn 0.000000 1.000000 0.000000

vn 0.000000 1.000000 0.000000

vn 0.000000 1.000000 0.000000

vn 0.307087 0.409449 0.858268

vn 0.307087 0.409449 0.858268

vn 0.307087 0.409449 0.858268

vn 0.000000 0.000000 -1.000000

vn 0.000000 0.000000 -1.000000

vn -0.480315 0.874016 0.000000

vn -0.480315 0.874016 0.000000

vn -0.480315 0.874016 0.000000

vn -0.480315 0.874016 0.000000

vn 0.000000 0.000000 1.000000

vn 0.000000 0.000000 1.000000

vn -0.818898 0.566929 0.000000

vn -0.818898 0.566929 0.000000

vn -0.818898 0.566929 0.000000

vn 0.834646 0.551181 0.000000

vn 0.834646 0.551181 0.000000

vn 0.834646 0.551181 0.000000

vn -0.062992 0.000000 -1.000000

vn -0.062992 0.000000 -1.000000

vn -0.062992 0.000000 -1.000000

vn 0.000000 0.000000 1.000000

vn 0.000000 0.000000 1.000000

vn 0.000000 0.000000 1.000000

vn 1.000000 0.000000 0.047244

vn 1.000000 0.000000 0.047244

vn 1.000000 0.000000 0.047244

vn -1.000000 0.000000 0.000000

vn -1.000000 0.000000 0.000000

vn -1.000000 0.000000 0.000000

vn 0.000000 0.000000 1.000000

vn -0.062992 0.000000 -1.000000

vn -1.000000 0.000000 0.000000

vn 1.000000 0.000000 0.047244

vn 0.000000 0.000000 -1.000000

vn 0.000000 0.000000 -1.000000

vn 0.000000 0.000000 -1.000000

vn 1.000000 0.000000 -0.047244

vn 1.000000 0.000000 -0.047244

vn 1.000000 0.000000 -0.047244

vn -0.834646 -0.551181 0.000000

vn -0.834646 -0.551181 0.000000

vn -0.834646 -0.551181 0.000000

vn -1.000000 0.000000 0.000000

vn -1.000000 0.000000 0.000000

vn -1.000000 0.000000 0.000000

vn 0.055118 -0.921260 0.377953

vn 0.055118 -0.921260 0.377953

vn 0.055118 -0.921260 0.377953

vn -1.000000 -0.062992 0.023622

vn -1.000000 -0.062992 0.023622

vn -1.000000 -0.062992 0.023622

vn 1.000000 0.062992 -0.023622

vn 1.000000 0.062992 -0.023622

vn 1.000000 0.062992 -0.023622

vn -0.055118 0.921260 -0.377953

vn -0.055118 0.921260 -0.377953

vn -0.055118 0.921260 -0.377953

vn 1.000000 0.062992 -0.023622

vn 0.055118 -0.921260 0.377953

vn -1.000000 -0.062992 0.023622

vn -0.055118 0.921260 -0.377953

vn 1.000000 0.000000 -0.047244

vn -1.000000 0.000000 0.000000

vn -0.062992 0.000000 1.000000

vn 0.000000 0.000000 -1.000000

vn 0.000000 0.000000 -1.000000

vn 0.000000 0.000000 -1.000000

vn 0.000000 0.000000 1.000000

vn 0.000000 0.000000 1.000000

vn 0.000000 0.000000 1.000000

vn 0.480315 -0.874016 0.000000

vn 0.480315 -0.874016 0.000000

vn 0.480315 -0.874016 0.000000

vn 0.000000 0.000000 1.000000

vn -0.496063 -0.866142 0.000000

vn -0.496063 -0.866142 0.000000

vn -0.496063 -0.866142 0.000000

vn -0.496063 -0.866142 0.000000

vn 0.000000 0.000000 1.000000

vn 0.000000 0.000000 1.000000

vn 0.000000 0.000000 -1.000000

vn 0.000000 0.000000 -1.000000

vn 0.496063 0.866142 0.000000

vn 0.496063 0.866142 0.000000

vn 0.496063 0.866142 0.000000

vn 0.000000 0.000000 1.000000

vn 0.000000 0.000000 1.000000

vn 0.000000 0.000000 1.000000

vn 1.000000 0.000000 0.000000

vn 1.000000 0.000000 0.000000

vn 1.000000 0.000000 0.000000

vn -1.000000 0.000000 0.047244

vn -1.000000 0.000000 0.047244

vn -1.000000 0.000000 0.047244

vn 0.062992 0.000000 -1.000000

vn 0.062992 0.000000 -1.000000

vn 0.062992 0.000000 -1.000000

vn 0.480315 -0.874016 0.000000

vn 0.000000 0.000000 1.000000

vn 0.000000 0.000000 1.000000

vn 0.000000 0.000000 -1.000000

vn 0.000000 0.000000 -1.000000

vn 0.000000 0.000000 -1.000000

vn 0.818898 -0.566929 0.000000

vn 0.818898 -0.566929 0.000000

vn 0.818898 -0.566929 0.000000

vn 0.000000 0.000000 1.000000

vn -1.000000 0.000000 0.047244

vn 0.062992 0.000000 -1.000000

vn 1.000000 0.000000 0.000000

vn 0.496063 0.866142 0.000000

vn 0.000000 0.000000 -1.000000

vn -1.000000 -0.015748 -0.007874

vn -1.000000 -0.015748 -0.007874

vn -1.000000 -0.015748 -0.007874

vn 1.000000 0.015748 0.007874

vn 1.000000 0.015748 0.007874

vn 0.000000 0.000000 -1.000000

vn 0.000000 0.000000 -1.000000

vn 0.000000 0.000000 -1.000000

vn 1.000000 0.000000 0.000000

vn 1.000000 0.000000 0.000000

vn 1.000000 0.000000 0.000000

vn -1.000000 0.000000 0.000000

vn -1.000000 0.000000 0.000000

vn -1.000000 0.000000 0.000000

vn 0.000000 -1.000000 0.000000

vn 0.000000 -1.000000 0.000000

vn 0.000000 -1.000000 0.000000

vn 0.000000 0.000000 -1.000000

vn 1.000000 -0.039370 0.031496

vn 1.000000 -0.039370 0.031496

vn 1.000000 -0.039370 0.031496

vn -1.000000 0.039370 -0.031496

vn -1.000000 0.039370 -0.031496

vn 0.015748 -0.929134 -0.377953

vn 0.015748 -0.929134 -0.377953

vn 0.015748 -0.929134 -0.377953

vn -0.015748 0.929134 0.377953

vn -0.015748 0.929134 0.377953

vn -0.015748 0.929134 0.377953

vn 0.039370 0.929134 -0.377953

vn 0.039370 0.929134 -0.377953

vn 0.039370 0.929134 -0.377953

vn -0.039370 -0.929134 0.377953

vn -0.039370 -0.929134 0.377953

vn -0.039370 -0.929134 0.377953

vn -1.000000 0.039370 -0.031496

vn -1.000000 0.039370 -0.031496

vn 1.000000 0.000000 0.000000

vn 1.000000 0.000000 0.000000

vn 0.000000 1.000000 0.000000

vn 0.000000 1.000000 0.000000

vn 0.000000 1.000000 0.000000

vn -1.000000 0.000000 0.000000

vn -1.000000 0.000000 0.000000

vn 0.000000 1.000000 0.000000

vn -1.000000 0.000000 0.000000

vn 1.000000 0.000000 0.000000

vn 1.000000 0.000000 0.000000

vn 1.000000 0.000000 0.000000

vn 1.000000 0.015748 0.007874

vn 1.000000 0.015748 0.007874

vn 0.000000 -1.000000 0.000000

vn 0.000000 -1.000000 0.000000

vn 0.000000 -1.000000 0.000000

vn -0.007874 -0.055118 1.000000

vn -0.007874 -0.055118 1.000000

vn -0.007874 -0.055118 1.000000

vn 0.000000 1.000000 0.000000

vn 0.000000 1.000000 0.000000

vn 0.000000 1.000000 0.000000

vn 0.992126 -0.110236 0.000000

vn 0.992126 -0.110236 0.000000

vn 0.992126 -0.110236 0.000000

vn -0.992126 0.110236 0.000000

vn -0.992126 0.110236 0.000000

vn -0.992126 0.110236 0.000000

vn -0.007874 -0.055118 1.000000

vn 0.000000 0.000000 -1.000000

vn 0.000000 0.000000 -1.000000

vn 0.000000 0.000000 -1.000000

vn 0.000000 0.000000 1.000000

vn 0.000000 0.000000 1.000000

vn 0.000000 0.000000 1.000000

vn -0.110236 -0.992126 0.000000

vn -0.110236 -0.992126 0.000000

vn -0.110236 -0.992126 0.000000

vn 0.000000 -1.000000 0.000000

vn -0.007874 -0.062992 -1.000000

vn -0.007874 -0.062992 -1.000000

vn -0.007874 -0.062992 -1.000000

vn 0.992126 -0.110236 0.000000

vn -0.992126 0.110236 0.000000

vn -0.007874 -0.062992 -1.000000

vn -0.110236 -0.992126 0.000000

vn -1.000000 0.000000 0.000000

vn 1.000000 0.000000 0.047244

vn -1.000000 0.000000 0.000000

vn -1.000000 0.000000 0.000000

vn 0.000000 1.000000 0.000000

vn 0.000000 1.000000 0.000000

vn 0.000000 1.000000 0.000000

vn 1.000000 0.000000 0.000000

vn 1.000000 0.000000 0.000000

vn 1.000000 0.000000 0.000000

vn 1.000000 0.000000 0.000000

vn 1.000000 0.000000 0.000000

vn -1.000000 0.000000 0.000000

vn 0.000000 1.000000 0.000000

vn 0.007874 0.212598 -0.976378

vn 0.007874 0.212598 -0.976378

vn 0.007874 0.212598 -0.976378

vn -1.000000 -0.015748 -0.007874

vn 0.000000 1.000000 0.000000

vn 0.000000 1.000000 0.000000

vn 0.000000 1.000000 0.000000

vn 0.000000 -1.000000 0.000000

vn 0.000000 -1.000000 0.000000

vn 0.000000 -1.000000 0.000000

vn 0.000000 -1.000000 0.000000

vn 0.000000 -1.000000 0.000000

vn 0.000000 -1.000000 0.000000

vn 0.000000 -1.000000 0.000000

vn 0.000000 -1.000000 0.000000

vn -1.000000 0.000000 0.000000

vn -1.000000 0.000000 0.000000

vn -1.000000 0.000000 0.000000

vn 0.000000 1.000000 0.000000

vn 0.000000 1.000000 0.000000

vn 0.000000 1.000000 0.000000

vn -1.000000 0.000000 0.000000

vn -1.000000 0.000000 0.000000

vn -1.000000 0.000000 0.000000

vn 0.007874 0.212598 -0.976378

vn 0.000000 -1.000000 0.000000

vn -1.000000 0.000000 0.000000

vn 1.000000 0.000000 0.000000

vn 1.000000 -0.039370 0.031496

vn -0.039370 -0.929134 0.377953

vn 0.039370 0.929134 -0.377953

vn 0.000000 0.000000 1.000000

vn 0.000000 0.000000 1.000000

vn 0.000000 0.000000 1.000000

vn 0.000000 0.000000 1.000000

vn -0.015748 0.929134 0.377953

vn -1.000000 0.000000 0.000000

vn 0.000000 1.000000 0.000000

vn 0.015748 -0.929134 -0.377953

vn 0.000000 0.023622 1.000000

vn 0.000000 0.023622 1.000000

vn 0.000000 0.023622 1.000000

vn 1.000000 0.000000 0.000000

vn -1.000000 0.000000 0.000000

vn 1.000000 0.000000 0.000000

vn 0.000000 1.000000 0.000000

vn 0.000000 1.000000 0.078740

vn 0.000000 1.000000 0.078740

vn 0.000000 1.000000 0.078740

vn 0.984252 0.000000 0.173228

vn 0.984252 0.000000 0.173228

vn 0.000000 1.000000 0.078740

vn -1.000000 0.000000 0.000000

vn 0.000000 1.000000 0.078740

vn -1.000000 0.000000 0.000000

vn -1.000000 0.000000 0.000000

vn -0.984252 0.000000 0.173228

vn -0.984252 0.000000 0.173228

vn -0.984252 0.000000 0.173228

vn -0.322835 0.913386 0.251969

vn -0.322835 0.913386 0.251969

vn -0.322835 0.913386 0.251969

vn 0.322835 -0.913386 -0.251969

vn 0.322835 -0.913386 -0.251969

vn 0.322835 -0.913386 -0.251969

vn 0.874016 0.244094 0.417323

vn 0.874016 0.244094 0.417323

vn 0.874016 0.244094 0.417323

vn -0.874016 -0.244094 -0.417323

vn -0.874016 -0.244094 -0.417323

vn -0.874016 -0.244094 -0.417323

vn -0.094488 0.913386 0.401575

vn -0.094488 0.913386 0.401575

vn -0.094488 0.913386 0.401575

vn -0.094488 0.913386 0.401575

vn 0.094488 -0.913386 -0.401575

vn 0.094488 -0.913386 -0.401575

vn 0.094488 -0.913386 -0.401575

vn 0.937008 0.244094 -0.244094

vn 0.937008 0.244094 -0.244094

vn 0.937008 0.244094 -0.244094

vn -0.937008 -0.244094 0.244094

vn -0.937008 -0.244094 0.244094

vn -0.937008 -0.244094 0.244094

vn 0.000000 1.000000 0.000000

vn 0.000000 1.000000 0.000000

vn 0.000000 1.000000 0.000000

vn 0.937008 0.000000 0.338583

vn 0.937008 0.000000 0.338583

vn 0.937008 0.000000 0.338583

vn 1.000000 0.000000 0.000000

vn 1.000000 0.000000 0.000000

vn 1.000000 0.000000 0.000000

vn 0.000000 1.000000 0.000000

vn 0.000000 1.000000 0.000000

vn 0.000000 1.000000 0.000000

vn -1.000000 0.000000 0.000000

vn -1.000000 0.000000 0.000000

vn -1.000000 0.000000 0.000000

vn 0.000000 1.000000 0.000000

vn -1.000000 0.000000 0.000000

vn -0.937008 0.000000 -0.338583

vn -0.937008 0.000000 -0.338583

vn -0.937008 0.000000 -0.338583

vn 0.000000 0.000000 -1.000000

vn 0.000000 0.000000 -1.000000

vn 0.000000 1.000000 0.000000

vn 0.000000 1.000000 0.000000

vn 0.937008 0.000000 -0.338583

vn 0.937008 0.000000 -0.338583

vn 0.937008 0.000000 -0.338583

vn -0.937008 0.000000 0.338583

vn -0.937008 0.000000 0.338583

vn -0.937008 0.000000 0.338583

vn 0.000000 -1.000000 0.078740

vn 0.000000 -1.000000 0.078740

vn 0.000000 -1.000000 0.078740

vn 0.000000 0.000000 -1.000000

vn 0.000000 -1.000000 0.078740

vn 0.000000 -1.000000 0.078740

vn 0.000000 -1.000000 0.000000

vn 0.000000 -1.000000 0.000000

vn 0.000000 -1.000000 0.000000

vn 0.000000 -1.000000 0.000000

vn 0.322835 -0.913386 -0.251969

vn -0.322835 0.913386 0.251969

vn 0.984252 0.000000 0.173228

vn -0.874016 -0.244094 -0.417323

vn 0.000000 1.000000 0.000000

vn 0.937008 0.000000 0.338583

vn -0.937008 0.000000 -0.338583

vn -1.000000 0.000000 0.000000

vn 1.000000 0.000000 0.000000

vn 1.000000 0.000000 0.000000

vn 1.000000 0.000000 0.000000

vn 0.000000 1.000000 0.000000

vn 0.000000 1.000000 0.000000

vn 0.000000 1.000000 0.000000

vn -0.937008 0.000000 0.338583

vn 0.000000 -1.000000 0.000000

vn 0.937008 0.000000 -0.338583

vn 0.094488 -0.913386 -0.401575

vn -0.937008 -0.244094 0.244094

vn -1.000000 0.000000 0.000000

vn 1.000000 0.000000 0.000000

vn 0.000000 1.000000 0.000000

vn 0.000000 -1.000000 0.000000

vn 0.307087 0.409449 -0.858268

vn 0.307087 0.409449 -0.858268

vn -0.307087 0.409449 -0.858268

vn -0.307087 0.409449 -0.858268

vn -0.307087 0.409449 -0.858268

vn 0.307087 0.409449 -0.858268

vn 0.000000 -1.000000 0.000000

vn 0.000000 -1.000000 0.000000

vn 0.000000 -1.000000 0.000000

vn 0.000000 -1.000000 0.000000

vn 0.000000 -1.000000 0.000000

vn 1.000000 0.015748 0.007874

vn 1.000000 0.015748 0.007874

vn 0.000000 0.000000 -1.000000

vn 0.000000 0.000000 -1.000000

vn 0.000000 0.000000 -1.000000

vn -1.000000 0.000000 0.000000

vn -1.000000 0.000000 0.000000

vn 0.000000 1.000000 0.000000

vn 0.000000 1.000000 0.000000

vn 0.000000 1.000000 0.000000

vn 1.000000 0.000000 0.000000

vn 1.000000 0.000000 0.000000

vn 1.000000 0.000000 0.000000

vn -1.000000 0.000000 0.000000

vn 0.000000 1.000000 0.000000

vn 1.000000 0.000000 0.000000

vn -1.000000 -0.015748 -0.007874

vn -1.000000 -0.015748 -0.007874

vn -1.000000 -0.015748 -0.007874

vn 1.000000 0.015748 0.007874

vn 0.000000 -1.000000 0.000000

vn 0.000000 -1.000000 0.000000

vn 0.000000 -1.000000 0.000000

vn 0.000000 -1.000000 0.000000

vn 0.000000 -1.000000 0.000000

vn 0.000000 -1.000000 0.000000

vn -0.937008 0.000000 0.338583

vn -0.937008 0.000000 0.338583

vn -0.937008 0.000000 0.338583

vn 0.937008 0.000000 -0.338583

vn 0.937008 0.000000 -0.338583

vn 0.937008 0.000000 -0.338583

vn 0.000000 1.000000 0.000000

vn 0.000000 1.000000 0.000000

vn 0.000000 1.000000 0.000000

vn -0.937008 0.000000 -0.338583

vn -0.937008 0.000000 -0.338583

vn -0.937008 0.000000 -0.338583

vn 0.937008 0.000000 0.338583

vn 0.937008 0.000000 0.338583

vn 0.937008 0.000000 0.338583

vn 0.000000 1.000000 0.000000

vn 0.000000 1.000000 0.000000

vn 0.000000 1.000000 0.000000

vn 0.000000 1.000000 0.000000

vn 0.937008 0.000000 0.338583

vn -0.110236 -0.992126 0.000000

vn -0.110236 -0.992126 0.000000

vn -0.110236 -0.992126 0.000000

vn -0.007874 -0.062992 -1.000000

vn -0.007874 -0.062992 -1.000000

vn -0.007874 -0.062992 -1.000000

vn -0.992126 0.110236 0.000000

vn -0.992126 0.110236 0.000000

vn -0.992126 0.110236 0.000000

vn 0.992126 -0.110236 0.000000

vn 0.992126 -0.110236 0.000000

vn 0.992126 -0.110236 0.000000

vn -0.007874 -0.062992 -1.000000

vn 0.000000 -1.000000 0.000000

vn 0.000000 -1.000000 0.000000

vn 0.000000 -1.000000 0.000000

vn 0.000000 -1.000000 0.000000

vn 0.000000 -1.000000 0.000000

vn 0.000000 -1.000000 0.000000

vn 0.000000 -1.000000 0.000000

vn -0.110236 -0.992126 0.000000

vn 0.000000 1.000000 0.078740

vn 0.000000 1.000000 0.078740

vn 0.984252 0.000000 0.173228

vn 0.984252 0.000000 0.173228

vn 0.000000 1.000000 0.078740

vn 0.000000 1.000000 0.078740

vn 0.984252 0.000000 0.173228

vn -0.307087 0.409449 -0.858268

vn -0.307087 0.409449 -0.858268

vn -0.307087 0.409449 -0.858268

vn -1.000000 0.000000 0.000000

vn 0.000000 -1.000000 0.000000

vn -0.094488 0.913386 0.401575

vn -0.094488 0.913386 0.401575

vn -0.094488 0.913386 0.401575

vn -0.984252 0.000000 0.173228

vn 0.000000 1.000000 0.078740

vn -1.000000 0.000000 0.000000

vn -1.000000 0.000000 0.000000

vn -0.984252 0.000000 0.173228

vn -0.984252 0.000000 0.173228

vn 0.000000 -1.000000 0.078740

vn 0.000000 -1.000000 0.078740

vn 0.000000 -1.000000 0.078740

vn 0.000000 -1.000000 0.078740

vn 0.000000 -1.000000 0.078740

vn 0.000000 -1.000000 0.078740

vn -0.937008 -0.244094 0.244094

vn -0.937008 -0.244094 0.244094

vn -0.937008 -0.244094 0.244094

vn 0.094488 -0.913386 -0.401575

vn 0.094488 -0.913386 -0.401575

vn 0.094488 -0.913386 -0.401575

vn 0.937008 0.244094 -0.244094

vn 0.937008 0.244094 -0.244094

vn 0.000000 1.000000 0.000000

vn 0.937008 0.000000 -0.338583

vn -0.937008 0.000000 0.338583

vn 0.000000 1.000000 0.000000

vn 0.000000 1.000000 0.000000

vn 0.000000 0.023622 1.000000

vn 0.000000 0.023622 1.000000

vn 1.000000 0.000000 0.000000

vn 1.000000 0.000000 0.000000

vn 1.000000 0.000000 0.000000

vn -1.000000 0.000000 0.000000

vn -1.000000 0.000000 0.000000

vn -1.000000 0.000000 0.000000

vn 1.000000 0.000000 0.000000

vn 1.000000 0.000000 0.000000

vn 0.000000 0.023622 1.000000

vn 0.000000 -1.000000 0.078740

vn 0.000000 -1.000000 0.078740

vn 0.000000 1.000000 0.000000

vn 0.000000 1.000000 0.000000

vn 0.000000 1.000000 0.000000

vn -1.000000 0.000000 0.000000

vn -1.000000 0.000000 0.000000

vn -1.000000 0.000000 0.000000

vn 0.000000 1.000000 0.000000

vn 0.007874 0.212598 -0.976378

vn 0.007874 0.212598 -0.976378

vn 0.007874 0.212598 -0.976378

vn 1.000000 0.000000 0.000000

vn -1.000000 0.000000 0.000000

vn 0.000000 1.000000 0.000000

vn -0.094488 0.913386 0.401575

vn 0.094488 -0.913386 -0.401575

vn 0.937008 0.244094 -0.244094

vn -0.937008 -0.244094 0.244094

vn -0.007874 -0.055118 1.000000

vn -0.007874 -0.055118 1.000000

vn -0.007874 -0.055118 1.000000

vn -0.992126 0.110236 0.000000

vn 0.992126 -0.110236 0.000000

vn -1.000000 0.000000 0.000000

vn 0.007874 0.212598 -0.976378

vn 0.000000 -1.000000 0.000000

vn -0.007874 -0.055118 1.000000

vn 0.000000 -1.000000 0.000000

vn 0.000000 -1.000000 0.000000

vn 0.000000 -1.000000 0.000000

vn 0.000000 -1.000000 0.000000

vn 0.000000 -1.000000 0.000000

vn -0.015748 0.929134 0.377953

vn -0.015748 0.929134 0.377953

vn -0.015748 0.929134 0.377953

vn 0.015748 -0.929134 -0.377953

vn 0.015748 -0.929134 -0.377953

vn 0.015748 -0.929134 -0.377953

vn -0.062992 0.000000 -1.000000

vn -0.062992 0.000000 -1.000000

vn -0.062992 0.000000 -1.000000

vn 0.000000 0.000000 1.000000

vn 0.000000 0.000000 1.000000

vn 0.000000 0.000000 1.000000

vn -1.000000 0.000000 0.000000

vn -1.000000 0.000000 0.000000

vn -1.000000 0.000000 0.000000

vn 0.000000 1.000000 0.000000

vn 0.000000 1.000000 0.000000

vn 0.000000 1.000000 0.000000

vn 1.000000 0.000000 0.047244

vn 1.000000 0.000000 0.047244

vn 1.000000 0.000000 0.047244

vn -1.000000 0.000000 0.000000

vn -1.000000 0.000000 0.000000

vn -1.000000 0.000000 0.000000

vn -1.000000 0.039370 -0.031496

vn -1.000000 0.039370 -0.031496

vn -1.000000 0.039370 -0.031496

vn 1.000000 -0.039370 0.031496

vn 1.000000 -0.039370 0.031496

vn 1.000000 -0.039370 0.031496

vn -1.000000 0.000000 0.000000

vn -1.000000 0.000000 0.000000

vn -1.000000 0.000000 0.000000

vn 0.000000 1.000000 0.000000

vn 0.000000 1.000000 0.000000

vn 0.000000 1.000000 0.000000

vn 1.000000 0.000000 0.000000

vn 1.000000 0.000000 0.000000

vn 1.000000 0.000000 0.000000

vn 0.000000 1.000000 0.000000

vn 1.000000 0.000000 0.000000

vn -0.039370 -0.929134 0.377953

vn -0.039370 -0.929134 0.377953

vn -0.039370 -0.929134 0.377953

vn 0.039370 0.929134 -0.377953

vn 0.039370 0.929134 -0.377953

vn 0.039370 0.929134 -0.377953

vn 0.000000 -1.000000 0.000000

vn 0.000000 -1.000000 0.000000

vn 0.000000 -1.000000 0.000000

vn 0.000000 -1.000000 0.000000

vn 0.000000 0.000000 -1.000000

vn 0.000000 0.000000 -1.000000

vn 0.000000 0.000000 -1.000000

vn 0.000000 0.000000 1.000000

vn 0.000000 0.000000 1.000000

vn 0.000000 0.000000 1.000000

vn -1.000000 0.000000 0.000000

vn -1.000000 0.000000 0.000000

vn 0.000000 1.000000 0.000000

vn 0.000000 1.000000 0.000000

vn 0.000000 1.000000 0.000000

vn 1.000000 0.000000 0.000000

vn 1.000000 0.000000 0.000000

vn 1.000000 0.000000 0.000000

vn -1.000000 0.000000 0.000000

vn 0.000000 1.000000 0.000000

vn 1.000000 0.000000 0.000000

vn -1.000000 -0.015748 -0.007874

vn -1.000000 -0.015748 -0.007874

vn -1.000000 -0.015748 -0.007874

vn 1.000000 0.015748 0.007874

vn 1.000000 0.015748 0.007874

vn -1.000000 -0.015748 -0.007874

vn 1.000000 0.015748 0.007874

vn 1.000000 0.015748 0.007874

vn 0.000000 -1.000000 0.000000

vn 0.000000 -1.000000 0.000000

vn 0.000000 -1.000000 0.000000

vn 0.000000 -1.000000 0.000000

vn 0.000000 -1.000000 0.000000

vn 0.000000 -1.000000 0.000000

vn 0.000000 -1.000000 0.000000

vn 0.000000 -1.000000 0.000000

vn 0.000000 0.000000 -1.000000

vn 0.000000 0.000000 -1.000000

vn 0.000000 0.000000 -1.000000

vn 0.000000 0.000000 -1.000000

vn -1.000000 0.000000 0.000000

vn -1.000000 0.000000 0.000000

vn -1.000000 0.000000 0.000000

vn 0.000000 1.000000 0.000000

vn 0.000000 1.000000 0.000000

vn 0.000000 1.000000 0.000000

vn 1.000000 0.000000 0.000000

vn 1.000000 0.000000 0.000000

vn -1.000000 0.000000 0.000000

vn 0.000000 1.000000 0.000000

vn 0.000000 -1.000000 0.000000

vn 0.000000 -1.000000 0.000000

vn 0.000000 -1.000000 0.000000

vn 0.000000 -1.000000 0.000000

vn -1.000000 0.000000 0.000000

vn -1.000000 0.000000 0.000000

vn -1.000000 0.000000 0.000000

vn 0.000000 1.000000 0.000000

vn 0.000000 1.000000 0.000000

vn 0.000000 1.000000 0.000000

vn 1.000000 0.000000 0.000000

vn -1.000000 0.000000 0.000000

vn 0.000000 1.000000 0.000000

vn 1.000000 0.000000 0.000000

vn 0.000000 0.000000 1.000000

vn 0.000000 0.000000 1.000000

vn 0.000000 0.000000 1.000000

vn 0.000000 0.000000 1.000000

vn 0.015748 -0.929134 -0.377953

vn -0.015748 0.929134 0.377953

vn 1.000000 0.000000 0.047244

vn -1.000000 0.000000 0.000000

vn -0.062992 0.000000 -1.000000

vn 0.000000 0.000000 1.000000

vn 0.039370 0.929134 -0.377953

vn -0.039370 -0.929134 0.377953

vn 0.000000 0.000000 1.000000

vn 0.000000 0.000000 1.000000

vn -1.000000 0.039370 -0.031496

vn 0.000000 0.000000 1.000000

vn 1.000000 -0.039370 0.031496

vn 1.000000 0.000000 0.000000

vn 1.000000 0.000000 0.000000

vn 0.000000 1.000000 0.000000

vn 0.496063 0.866142 0.000000

vn 0.496063 0.866142 0.000000

vn 0.496063 0.866142 0.000000

vn 0.000000 0.000000 1.000000

vn 0.000000 0.000000 1.000000

vn 0.000000 0.000000 1.000000

vn 0.000000 0.000000 -1.000000

vn 0.000000 0.000000 -1.000000

vn 0.000000 0.000000 -1.000000

vn 0.496063 0.866142 0.000000

vn 0.496063 0.866142 0.000000

vn 0.496063 0.866142 0.000000

vn -1.000000 0.000000 -0.047244

vn -1.000000 0.000000 -0.047244

vn -1.000000 0.000000 -0.047244

vn 0.000000 0.000000 -1.000000

vn 0.000000 0.000000 -1.000000

vn 0.000000 0.000000 -1.000000

vn 0.000000 0.000000 -1.000000

vn -1.000000 0.000000 -0.047244

vn -1.000000 0.000000 -0.047244

vn -1.000000 0.000000 -0.047244

vn 1.000000 0.000000 0.000000

vn 1.000000 0.000000 0.000000

vn 1.000000 0.000000 0.000000

vn 0.062992 0.000000 1.000000

vn 0.062992 0.000000 1.000000

vn 0.062992 0.000000 1.000000

vn 0.000000 0.000000 -1.000000

vn 0.000000 0.000000 -1.000000

vn 0.000000 0.000000 -1.000000

vn -0.818898 0.566929 0.000000

vn -0.818898 0.566929 0.000000

vn -0.818898 0.566929 0.000000

vn 0.015748 -0.929134 -0.377953

vn 0.015748 -0.929134 -0.377953

vn 0.015748 -0.929134 -0.377953

vn 1.000000 0.000000 0.000000

vn 1.000000 0.000000 0.000000

vn 1.000000 0.000000 0.000000

vn 0.062992 0.000000 1.000000

vn 0.062992 0.000000 1.000000

vn 0.062992 0.000000 1.000000

vn 0.000000 0.000000 -1.000000

vn 0.000000 0.000000 -1.000000

vn 0.000000 0.000000 -1.000000

vn 0.818898 -0.566929 0.000000

vn 0.818898 -0.566929 0.000000

vn 0.818898 -0.566929 0.000000

vn -0.496063 -0.866142 0.000000

vn -0.496063 -0.866142 0.000000

vn -0.496063 -0.866142 0.000000

vn -0.496063 -0.866142 0.000000

vn 0.000000 0.000000 1.000000

vn 0.000000 0.000000 1.000000

vn 0.000000 0.000000 1.000000

vn 0.000000 0.000000 1.000000

vn -0.480315 0.874016 0.000000

vn -0.480315 0.874016 0.000000

vn -0.480315 0.874016 0.000000

vn -0.480315 0.874016 0.000000

vn 0.480315 -0.874016 0.000000

vn 0.480315 -0.874016 0.000000

vn 0.480315 -0.874016 0.000000

vn 0.000000 0.000000 -1.000000

vn -0.015748 0.929134 0.377953

vn -0.015748 0.929134 0.377953

vn -0.015748 0.929134 0.377953

vn -1.000000 -0.015748 -0.007874

vn -1.000000 -0.015748 -0.007874

vn 0.000000 0.000000 1.000000

vn 0.062992 0.000000 1.000000

vn 0.000000 0.000000 -1.000000

vn -1.000000 0.000000 -0.047244

vn 1.000000 0.000000 0.000000

vn -0.015748 0.929134 0.377953

vn 1.000000 0.000000 0.000000

vn -1.000000 0.000000 0.000000

vn -1.000000 0.000000 0.000000

vn 1.000000 0.000000 0.000000

vn 1.000000 0.000000 0.000000

vn 0.000000 -0.440945 0.897638

vn 0.000000 -0.440945 0.897638

vn -1.000000 0.000000 0.000000

vn 1.000000 0.000000 0.000000

vn -1.000000 0.000000 -0.047244

vn 0.480315 -0.874016 0.000000

vn 0.000000 0.000000 -1.000000

vn 0.062992 0.000000 1.000000

vn -0.984252 -0.157480 0.000000

vn -0.984252 -0.157480 0.000000

vn -0.984252 -0.157480 0.000000

vn 0.984252 0.157480 0.000000

vn 0.984252 0.157480 0.000000

vn 0.984252 0.157480 0.000000

vn -0.984252 -0.157480 0.000000

vn 0.984252 0.157480 0.000000

vn 0.000000 0.440945 0.897638

vn 0.000000 0.440945 0.897638

vn -0.874016 -0.244094 -0.417323

vn -0.874016 -0.244094 -0.417323

vn -0.874016 -0.244094 -0.417323

vn 0.874016 0.244094 0.417323

vn 0.874016 0.244094 0.417323

vn 0.874016 0.244094 0.417323

vn 0.322835 -0.913386 -0.251969

vn 0.322835 -0.913386 -0.251969

vn 0.322835 -0.913386 -0.251969

vn 0.000000 1.000000 0.000000

vn 0.000000 1.000000 0.000000

vn 0.000000 0.023622 1.000000

vn 0.000000 0.023622 1.000000

vn -0.322835 0.913386 0.251969

vn -0.322835 0.913386 0.251969

vn -0.322835 0.913386 0.251969

vn -0.937008 0.000000 -0.338583

vn -0.874016 -0.244094 -0.417323

vn 0.000000 0.000000 1.000000

vn -1.000000 0.000000 0.000000

vn -1.000000 0.000000 0.000000

vn -1.000000 0.000000 0.000000

vn 1.000000 0.000000 0.000000

vn 1.000000 0.000000 0.000000

vn 1.000000 0.000000 0.000000

vn 0.000000 -0.440945 0.897638

vn 0.000000 0.023622 1.000000

vn 0.000000 1.000000 0.000000

vn 1.000000 0.000000 0.000000

vn 1.000000 0.000000 0.000000

vn 1.000000 0.000000 0.000000

vn -1.000000 0.000000 0.000000

vn -1.000000 0.000000 0.000000

vn -1.000000 0.000000 0.000000

vn 0.000000 1.000000 0.000000

vn -0.007874 0.212598 -0.976378

vn -0.007874 0.212598 -0.976378

vn -0.007874 0.212598 -0.976378

vn -1.000000 0.000000 0.000000

vn 1.000000 0.000000 0.000000

vn 0.000000 1.000000 0.000000

vn 1.000000 0.000000 0.000000

vn 0.000000 0.440945 0.897638

vn 0.000000 1.000000 0.000000

vn 0.000000 1.000000 0.000000

vn 0.000000 1.000000 0.000000

vn 1.000000 0.000000 0.000000

vn 0.322835 -0.913386 -0.251969

vn -0.322835 0.913386 0.251969

vn -1.000000 0.000000 0.000000

vn -0.007874 0.212598 -0.976378

vn 0.000000 1.000000 0.000000

vn 0.000000 -1.000000 0.000000

vn 0.000000 -1.000000 0.000000

vn 0.000000 -1.000000 0.000000

vn 0.000000 -1.000000 0.000000

vn 0.000000 -1.000000 0.000000

vn 0.000000 -1.000000 0.000000

vn 0.000000 -1.000000 0.000000

vn 0.000000 -1.000000 0.000000

vn -1.000000 0.000000 0.000000

vn 0.000000 1.000000 0.000000

vn 0.000000 1.000000 0.000000

vn 0.000000 1.000000 0.000000

vn 0.307087 0.409449 -0.858268

vn 0.307087 0.409449 -0.858268

vn 0.307087 0.409449 -0.858268

vn 0.000000 -1.000000 0.000000

vn 1.000000 0.000000 0.000000

vn 1.000000 0.000000 0.000000

vn 1.000000 0.000000 0.000000

vn 0.007874 -0.055118 1.000000

vn 0.007874 -0.055118 1.000000

vn 0.007874 -0.055118 1.000000

vn 0.992126 0.110236 0.000000

vn 0.992126 0.110236 0.000000

vn 0.992126 0.110236 0.000000

vn -0.992126 -0.110236 0.000000

vn -0.992126 -0.110236 0.000000

vn -0.992126 -0.110236 0.000000

vn 0.007874 -0.055118 1.000000

vn 0.110236 -0.992126 0.000000

vn 0.110236 -0.992126 0.000000

vn 0.110236 -0.992126 0.000000

vn -1.000000 0.000000 0.000000

vn 0.000000 1.000000 0.000000

vn 0.055118 -0.921260 0.377953

vn 0.055118 -0.921260 0.377953

vn 0.055118 -0.921260 0.377953

vn -1.000000 -0.062992 0.023622

vn -1.000000 -0.062992 0.023622

vn -1.000000 -0.062992 0.023622

vn 0.000000 -1.000000 0.000000

vn 0.007874 -0.062992 -1.000000

vn 0.007874 -0.062992 -1.000000

vn 0.007874 -0.062992 -1.000000

vn -0.992126 -0.110236 0.000000

vn 0.992126 0.110236 0.000000

vn 0.007874 -0.062992 -1.000000

vn 0.110236 -0.992126 0.000000

vn 1.000000 0.062992 -0.023622

vn 1.000000 0.062992 -0.023622

vn -0.055118 0.921260 -0.377953

vn -0.055118 0.921260 -0.377953

vn -0.055118 0.921260 -0.377953

vn 1.000000 0.062992 -0.023622

vn 1.000000 0.062992 -0.023622

vn -1.000000 -0.015748 -0.007874

vn -1.000000 -0.015748 -0.007874

vn 1.000000 0.015748 0.007874

vn 1.000000 0.015748 0.007874

vn 1.000000 0.015748 0.007874

vn 0.000000 0.000000 -1.000000

vn 0.000000 0.000000 -1.000000

vn 0.000000 0.000000 -1.000000

vn 0.000000 0.000000 1.000000

vn 0.000000 0.000000 1.000000

vn 0.000000 0.000000 1.000000

vn -1.000000 0.000000 0.000000

vn -1.000000 0.000000 0.000000

vn 1.000000 0.000000 0.000000

vn 1.000000 0.000000 0.000000

vn 0.000000 1.000000 0.000000

vn 0.000000 1.000000 0.000000

vn 0.000000 1.000000 0.000000

vn 0.000000 1.000000 0.000000

vn 1.000000 0.000000 0.000000

vn 1.000000 0.015748 0.007874

vn 0.055118 -0.921260 0.377953

vn -1.000000 -0.062992 0.023622

vn 0.480315 -0.874016 0.000000

vn 0.480315 -0.874016 0.000000

vn 0.480315 -0.874016 0.000000

vn 0.000000 0.000000 -1.000000

vn 0.000000 0.000000 -1.000000

vn 0.000000 0.000000 -1.000000

vn 0.000000 0.000000 -1.000000

vn -0.480315 0.874016 0.000000

vn 0.000000 0.000000 1.000000

vn 0.000000 0.000000 1.000000

vn 0.000000 0.000000 1.000000

vn 0.480315 -0.874016 0.000000

vn 0.480315 -0.874016 0.000000

vn 0.480315 -0.874016 0.000000

vn -0.480315 0.874016 0.000000

vn -0.480315 0.874016 0.000000

vn -0.834646 -0.551181 0.000000

vn -0.834646 -0.551181 0.000000

vn -0.496063 -0.866142 0.000000

vn -0.496063 -0.866142 0.000000

vn -0.496063 -0.866142 0.000000

vn 0.000000 0.000000 1.000000

vn 0.000000 0.000000 1.000000

vn 0.496063 0.866142 0.000000

vn 0.496063 0.866142 0.000000

vn 0.496063 0.866142 0.000000

vn 0.000000 0.000000 1.000000

vn 0.000000 0.000000 -1.000000

vn 0.000000 0.000000 -1.000000

vn 0.496063 0.866142 0.000000

vn 0.000000 0.000000 -1.000000

vn 0.000000 0.000000 1.000000

vn 0.000000 0.000000 1.000000

vn 0.062992 0.000000 -1.000000

vn 0.062992 0.000000 -1.000000

vn 0.062992 0.000000 -1.000000

vn -1.000000 0.000000 0.047244

vn -1.000000 0.000000 0.047244

vn -1.000000 0.000000 0.047244

vn 1.000000 0.000000 0.000000

vn 1.000000 0.000000 0.000000

vn 1.000000 0.000000 0.000000

vn 0.000000 0.000000 1.000000

vn 0.000000 0.000000 1.000000

vn 0.000000 0.000000 1.000000

vn -0.480315 0.874016 0.000000

vn 0.834646 0.551181 0.000000

vn 0.834646 0.551181 0.000000

vn 0.834646 0.551181 0.000000

vn 1.000000 0.062992 -0.023622

vn 1.000000 0.062992 -0.023622

vn -0.055118 0.921260 -0.377953

vn -0.055118 0.921260 -0.377953

vn -0.055118 0.921260 -0.377953

vn 1.000000 0.062992 -0.023622

vn -1.000000 -0.062992 0.023622

vn -1.000000 -0.062992 0.023622

vn -1.000000 -0.062992 0.023622

vn 0.055118 -0.921260 0.377953

vn 0.055118 -0.921260 0.377953

vn 0.055118 -0.921260 0.377953

vn 0.015748 -0.929134 -0.377953

vn 0.015748 -0.929134 -0.377953

vn 0.015748 -0.929134 -0.377953

vn -0.015748 0.929134 0.377953

vn -0.015748 0.929134 0.377953

vn -0.015748 0.929134 0.377953

vn -1.000000 -0.015748 -0.007874

vn -1.000000 -0.015748 -0.007874

vn -1.000000 -0.015748 -0.007874

vn 1.000000 0.015748 0.007874

vn 1.000000 0.015748 0.007874

vn 1.000000 0.015748 0.007874

vn 0.015748 -0.929134 -0.377953

vn -0.015748 0.929134 0.377953

vn 1.000000 0.015748 0.007874

vn -1.000000 -0.015748 -0.007874

vn -0.055118 0.921260 -0.377953

vn 0.055118 -0.921260 0.377953

vn 1.000000 0.062992 -0.023622

vn -1.000000 -0.062992 0.023622

vn -0.496063 -0.866142 0.000000

vn -0.834646 -0.551181 0.000000

vn -0.818898 0.566929 0.000000

vn -0.818898 0.566929 0.000000

vn -0.818898 0.566929 0.000000

vn 0.000000 0.000000 1.000000

vn -1.000000 0.000000 0.047244

vn 0.062992 0.000000 -1.000000

vn 1.000000 0.000000 0.000000

vn 1.000000 -0.039370 0.031496

vn 1.000000 -0.039370 0.031496

vn 1.000000 -0.039370 0.031496

vn 0.984252 0.157480 0.000000

vn 0.984252 0.157480 0.000000

vn 0.984252 0.157480 0.000000

vn -0.984252 -0.157480 0.000000

vn -0.984252 -0.157480 0.000000

vn -0.984252 -0.157480 0.000000

vn -0.984252 -0.157480 0.000000

vn 0.984252 0.157480 0.000000

vn -1.000000 0.039370 -0.031496

vn -1.000000 0.039370 -0.031496

vn 0.015748 -0.929134 -0.377953

vn 0.015748 -0.929134 -0.377953

vn 0.015748 -0.929134 -0.377953

vn -0.015748 0.929134 0.377953

vn -0.015748 0.929134 0.377953

vn -0.015748 0.929134 0.377953

vn 0.039370 0.929134 -0.377953

vn 0.039370 0.929134 -0.377953

vn 0.039370 0.929134 -0.377953

vn -0.039370 -0.929134 0.377953

vn -0.039370 -0.929134 0.377953

vn -0.039370 -0.929134 0.377953

vn -1.000000 0.039370 -0.031496

vn -1.000000 0.039370 -0.031496

vn 1.000000 0.015748 0.007874

vn -1.000000 -0.015748 -0.007874

vn 0.015748 -0.929134 -0.377953

vn -0.015748 0.929134 0.377953

vn 0.039370 0.929134 -0.377953

vn -0.039370 -0.929134 0.377953

vn 1.000000 -0.039370 0.031496

vn 0.000000 0.000000 1.000000

vn 0.000000 0.000000 1.000000

vn 0.000000 0.000000 1.000000

vn 1.000000 0.000000 0.000000

vn 1.000000 0.000000 0.000000

vn 1.000000 0.000000 0.000000

vn -1.000000 0.000000 0.047244

vn -1.000000 0.000000 0.047244

vn -1.000000 0.000000 0.047244

vn 0.062992 0.000000 -1.000000

vn 0.062992 0.000000 -1.000000

vn 0.062992 0.000000 -1.000000

vn 1.000000 0.000000 0.000000

vn 0.062992 0.000000 -1.000000

vn -1.000000 0.000000 0.047244

vn 0.000000 0.000000 1.000000

vn 1.000000 0.000000 0.000000

vn 1.000000 0.000000 0.000000

vn -1.000000 0.000000 0.000000

vn -1.000000 0.000000 0.000000

vn -0.496063 -0.866142 0.000000

vn -0.496063 -0.866142 0.000000

vn -0.496063 -0.866142 0.000000

vn 0.000000 0.000000 -1.000000

vn 0.000000 0.000000 -1.000000

vn 0.000000 0.000000 -1.000000

vn 0.000000 0.000000 1.000000

vn 0.000000 0.000000 1.000000

vn 0.000000 0.000000 1.000000

vn 1.000000 0.000000 0.000000

vn -1.000000 0.000000 0.000000

vn 0.062992 0.000000 -1.000000

vn 0.062992 0.000000 -1.000000

vn 0.062992 0.000000 -1.000000

vn -1.000000 0.000000 0.047244

vn -1.000000 0.000000 0.047244

vn -1.000000 0.000000 0.047244

vn 1.000000 0.000000 0.000000

vn 1.000000 0.000000 0.000000

vn 1.000000 0.000000 0.000000

vn 0.000000 0.000000 1.000000

vn 0.000000 0.000000 1.000000

vn 0.000000 0.000000 1.000000

vn -0.496063 -0.866142 0.000000

vn 0.000000 0.000000 1.000000

vn 0.000000 0.000000 -1.000000

vn 0.496063 0.866142 0.000000

vn 0.496063 0.866142 0.000000

vn 0.496063 0.866142 0.000000

vn 0.496063 0.866142 0.000000

vn 0.000000 0.000000 1.000000

vn -1.000000 0.000000 0.047244

vn 0.062992 0.000000 -1.000000

vn 1.000000 0.000000 0.000000

vn 0.000000 -1.000000 0.078740

vn 0.000000 -1.000000 0.078740

vn 0.000000 -1.000000 0.078740

vn 0.000000 -1.000000 0.078740

vn -1.000000 0.000000 0.000000

vn -1.000000 0.000000 0.000000

vn -1.000000 0.000000 0.000000

vn 0.937008 0.244094 0.244094

vn 0.937008 0.244094 0.244094

vn 0.937008 0.244094 0.244094

vn -0.937008 -0.244094 -0.244094

vn -0.937008 -0.244094 -0.244094

vn -0.937008 -0.244094 -0.244094

vn -0.094488 0.913386 -0.401575

vn -0.094488 0.913386 -0.401575

vn -0.094488 0.913386 -0.401575

vn 0.094488 -0.913386 0.401575

vn 0.094488 -0.913386 0.401575

vn 0.094488 -0.913386 0.401575

vn 0.874016 0.244094 -0.417323

vn 0.874016 0.244094 -0.417323

vn 0.874016 0.244094 -0.417323

vn -0.874016 -0.244094 0.417323

vn -0.874016 -0.244094 0.417323

vn -0.874016 -0.244094 0.417323

vn -0.322835 0.913386 -0.251969

vn -0.322835 0.913386 -0.251969

vn -0.322835 0.913386 -0.251969

vn 0.322835 -0.913386 0.251969

vn 0.322835 -0.913386 0.251969

vn 0.322835 -0.913386 0.251969

vn 0.000000 1.000000 0.000000

vn 0.000000 1.000000 0.000000

vn 0.000000 1.000000 0.000000

vn -1.000000 0.000000 0.000000

vn -1.000000 0.000000 0.000000

vn -1.000000 0.000000 0.000000

vn -1.000000 0.000000 0.000000

vn 0.937008 0.000000 0.338583

vn 0.937008 0.000000 0.338583

vn 0.937008 0.000000 0.338583

vn -0.937008 0.000000 -0.338583

vn -0.937008 0.000000 -0.338583

vn -0.937008 0.000000 -0.338583

vn 0.000000 1.000000 0.078740

vn 0.000000 1.000000 0.078740

vn 0.000000 -1.000000 0.000000

vn 0.000000 -1.000000 0.000000

vn 0.000000 -1.000000 0.000000

vn 0.000000 1.000000 0.000000

vn 0.000000 1.000000 0.000000

vn 0.000000 0.000000 -1.000000

vn 0.000000 0.000000 -1.000000

vn 0.937008 0.000000 -0.338583

vn 0.937008 0.000000 -0.338583

vn 0.937008 0.000000 -0.338583

vn 0.000000 -1.000000 0.000000

vn 0.000000 -1.000000 0.000000

vn -0.937008 0.000000 0.338583

vn -0.937008 0.000000 0.338583

vn -0.937008 0.000000 0.338583

vn 0.000000 1.000000 0.000000

vn 0.937008 0.000000 0.338583

vn 0.000000 -1.000000 0.000000

vn -0.937008 0.000000 -0.338583

vn 0.000000 1.000000 0.000000

vn 0.000000 1.000000 0.000000

vn 0.000000 1.000000 0.000000

vn -0.094488 0.913386 -0.401575

vn 0.000000 1.000000 0.078740

vn 0.984252 0.000000 0.173228

vn 0.000000 1.000000 0.000000

vn 1.000000 0.000000 0.000000

vn 1.000000 0.000000 0.000000

vn 1.000000 0.000000 0.000000

vn -1.000000 0.000000 0.000000

vn -1.000000 0.000000 0.000000

vn 0.000000 -1.000000 0.000000

vn 0.000000 -1.000000 0.000000

vn 0.000000 -1.000000 0.000000

vn 0.000000 1.000000 0.000000

vn 1.000000 0.000000 0.000000

vn 0.000000 -1.000000 0.000000

vn 0.000000 0.000000 -1.000000

vn 0.000000 -1.000000 0.000000

vn 0.000000 -1.000000 0.000000

vn 0.000000 -1.000000 0.000000

vn -1.000000 0.000000 0.000000

vn -1.000000 0.000000 0.000000

vn 0.000000 1.000000 0.000000

vn 0.000000 1.000000 0.000000

vn 0.000000 1.000000 0.000000

vn 1.000000 0.000000 0.000000

vn 1.000000 0.000000 0.000000

vn 1.000000 0.000000 0.000000

vn -0.307087 -0.409449 -0.858268

vn -0.307087 -0.409449 -0.858268

vn -0.307087 -0.409449 -0.858268

vn 0.000000 -1.000000 0.000000

vn -1.000000 0.000000 0.000000

vn 0.000000 1.000000 0.000000

vn 1.000000 0.000000 0.000000

vn 0.000000 1.000000 0.000000

vn 0.937008 0.000000 -0.338583

vn -0.937008 0.000000 0.338583

vn 0.000000 -1.000000 0.000000

vn 0.094488 -0.913386 0.401575

vn -0.322835 0.913386 -0.251969

vn 0.874016 0.244094 -0.417323

vn -0.874016 -0.244094 0.417323

vn 1.000000 0.000000 0.000000

vn 1.000000 0.000000 0.000000

vn 0.000000 1.000000 0.000000

vn -0.307087 -0.409449 -0.858268

vn -0.307087 -0.409449 -0.858268

vn -0.307087 -0.409449 -0.858268

vn -1.000000 0.000000 0.000000

vn -1.000000 0.000000 0.000000

vn -1.000000 0.000000 0.000000

vn 0.000000 -1.000000 0.000000

vn 0.307087 -0.409449 -0.858268

vn 0.307087 -0.409449 -0.858268

vn 0.307087 -0.409449 -0.858268

vn 0.000000 1.000000 0.000000

vn -1.000000 0.000000 0.000000

vn 0.000000 -1.000000 0.000000

vn 0.000000 1.000000 0.078740

vn 0.984252 0.000000 0.173228

vn 0.984252 0.000000 0.173228

vn 0.000000 -1.000000 0.078740

vn 0.322835 -0.913386 0.251969

vn 0.000000 -1.000000 0.078740

vn 0.000000 -1.000000 0.078740

vn 0.000000 0.000000 -1.000000

vn 0.000000 0.000000 -1.000000

vn 0.000000 0.000000 -1.000000

vn 0.000000 0.000000 -1.000000

vn -0.480315 0.874016 0.000000

vn -0.480315 0.874016 0.000000

vn 0.000000 0.000000 1.000000

vn 0.000000 0.000000 1.000000

vn 0.000000 0.000000 1.000000

vn 0.480315 -0.874016 0.000000

vn 0.480315 -0.874016 0.000000

vn 0.480315 -0.874016 0.000000

vn -0.480315 0.874016 0.000000

vn -0.480315 0.874016 0.000000

vn -0.496063 -0.866142 0.000000

vn -0.496063 -0.866142 0.000000

vn -0.496063 -0.866142 0.000000

vn 0.000000 0.000000 1.000000

vn 0.000000 0.000000 1.000000

vn 0.496063 0.866142 0.000000

vn 0.496063 0.866142 0.000000

vn 0.000000 0.000000 1.000000

vn 0.000000 0.000000 1.000000

vn 0.496063 0.866142 0.000000

vn 0.496063 0.866142 0.000000

vn 0.000000 0.000000 -1.000000

vn 0.000000 0.000000 -1.000000

vn 0.000000 0.000000 -1.000000

vn -0.062992 0.000000 -1.000000

vn -0.062992 0.000000 -1.000000

vn -0.062992 0.000000 -1.000000

vn 0.000000 0.000000 1.000000

vn 0.000000 0.000000 1.000000

vn 0.000000 0.000000 1.000000

vn 1.000000 0.000000 0.047244

vn 1.000000 0.000000 0.047244

vn 1.000000 0.000000 0.047244

vn -1.000000 0.000000 0.000000

vn -1.000000 0.000000 0.000000

vn -1.000000 0.000000 0.000000

vn -0.062992 0.000000 -1.000000

vn -0.062992 0.000000 -1.000000

vn -0.062992 0.000000 -1.000000

vn 0.000000 0.000000 1.000000

vn 0.000000 0.000000 1.000000

vn 0.000000 0.000000 1.000000

vn 1.000000 0.000000 0.047244

vn 1.000000 0.000000 0.047244

vn 1.000000 0.000000 0.047244

vn -1.000000 0.000000 0.000000

vn -1.000000 0.000000 0.000000

vn -1.000000 0.000000 0.000000

vn -0.496063 -0.866142 0.000000

vn 0.000000 0.000000 1.000000

vn -0.062992 0.000000 -1.000000

vn -1.000000 0.000000 0.000000

vn 1.000000 0.000000 0.047244

vn 0.818898 -0.566929 0.000000

vn 0.818898 -0.566929 0.000000

vn 0.818898 -0.566929 0.000000

vn -0.834646 -0.551181 0.000000

vn -0.834646 -0.551181 0.000000

vn 0.834646 0.551181 0.000000

vn 0.834646 0.551181 0.000000

vn 0.834646 0.551181 0.000000

vn 1.000000 0.000000 0.047244

vn 0.496063 0.866142 0.000000

vn 0.000000 0.000000 -1.000000

vn 0.496063 0.866142 0.000000

vn -1.000000 0.000000 0.000000

vn -0.062992 0.000000 -1.000000

vn 0.000000 0.000000 1.000000

vn -0.834646 -0.551181 0.000000

vn -0.818898 0.566929 0.000000

vn -0.818898 0.566929 0.000000

vn -0.818898 0.566929 0.000000

vn 0.480315 -0.874016 0.000000

vn 0.480315 -0.874016 0.000000

vn 0.000000 0.000000 1.000000

vn 0.000000 0.000000 1.000000

vn 0.000000 0.000000 1.000000

vn -0.480315 0.874016 0.000000

vn -0.480315 0.874016 0.000000

vn -0.480315 0.874016 0.000000

vn 0.480315 -0.874016 0.000000

vn 0.480315 -0.874016 0.000000

vn 0.000000 0.000000 -1.000000

vn 0.000000 0.000000 -1.000000

vn 0.000000 0.000000 -1.000000

vn 0.937008 0.244094 0.244094

vn 0.480315 -0.874016 0.000000

vn -0.480315 0.874016 0.000000

vn 0.000000 0.000000 -1.000000

vn 0.000000 1.000000 0.000000

vn 0.000000 1.000000 0.000000

vn 0.000000 1.000000 0.000000

vn 1.000000 0.000000 0.000000

vn 1.000000 0.000000 0.000000

vn 1.000000 0.000000 0.000000

vn -1.000000 0.000000 0.000000

vn -1.000000 0.000000 0.000000

vn -1.000000 0.000000 0.000000

vn 0.000000 -1.000000 0.000000

vn 0.000000 -1.000000 0.000000

vn 0.000000 -1.000000 0.000000

vn 0.000000 1.000000 0.000000

vn 0.000000 0.000000 1.000000

vn 0.000000 0.000000 1.000000

vn 0.000000 0.000000 1.000000

vn -0.094488 -0.913386 -0.401575

vn -0.094488 -0.913386 -0.401575

vn -0.094488 -0.913386 -0.401575

vn 1.000000 0.000000 0.000000

vn -1.000000 0.000000 0.000000

vn 0.000000 -1.000000 0.000000

vn 0.000000 1.000000 0.000000

vn 0.937008 0.000000 -0.338583

vn 0.937008 0.000000 -0.338583

vn 0.937008 0.000000 -0.338583

vn 0.000000 -1.000000 0.000000

vn -0.937008 0.000000 0.338583

vn -0.937008 0.000000 0.338583

vn -0.937008 0.000000 0.338583

vn 0.874016 -0.236220 -0.417323

vn 0.874016 -0.236220 -0.417323

vn 0.874016 -0.236220 -0.417323

vn -0.874016 0.244094 0.417323

vn -0.874016 0.244094 0.417323

vn -0.874016 0.244094 0.417323

vn 0.307087 -0.409449 0.858268

vn 0.307087 -0.409449 0.858268

vn 0.307087 -0.409449 0.858268

vn 0.307087 -0.409449 0.858268

vn 0.307087 -0.409449 0.858268

vn 0.307087 -0.409449 0.858268

vn 0.000000 1.000000 0.000000

vn 0.000000 1.000000 0.000000

vn 0.000000 1.000000 0.000000

vn 1.000000 0.000000 0.000000

vn 1.000000 0.000000 0.000000

vn -1.000000 0.000000 0.000000

vn -1.000000 0.000000 0.000000

vn 0.000000 -1.000000 0.000000

vn 0.000000 -1.000000 0.000000

vn 0.000000 -1.000000 0.000000

vn 1.000000 0.000000 0.000000

vn 0.000000 1.000000 0.000000

vn 0.000000 -1.000000 0.000000

vn -0.322835 -0.913386 -0.251969

vn -0.322835 -0.913386 -0.251969

vn -0.322835 -0.913386 -0.251969

vn 0.322835 0.913386 0.251969

vn 0.322835 0.913386 0.251969

vn 0.322835 0.913386 0.251969

vn 0.094488 0.913386 0.401575

vn 0.094488 0.913386 0.401575

vn 0.094488 0.913386 0.401575

vn 0.000000 1.000000 0.000000

vn 0.937008 0.000000 -0.338583

vn -0.937008 0.000000 0.338583

vn 0.000000 -1.000000 0.000000

vn -0.874016 0.244094 0.417323

vn 0.874016 -0.236220 -0.417323

vn 0.000000 -1.000000 -0.078740

vn 0.000000 -1.000000 -0.078740

vn 0.322835 0.913386 0.251969

vn -0.322835 -0.913386 -0.251969

vn 0.000000 1.000000 0.000000

vn 0.000000 1.000000 0.000000

vn 0.937008 0.000000 0.338583

vn 0.937008 0.000000 0.338583

vn 0.937008 0.000000 0.338583

vn 0.000000 -1.000000 0.000000

vn 0.000000 -1.000000 0.000000

vn 0.000000 -1.000000 0.000000

vn -0.937008 0.000000 -0.338583

vn -0.937008 0.000000 -0.338583

vn -0.937008 0.000000 -0.338583

vn -0.094488 -0.913386 -0.401575

vn 0.094488 0.913386 0.401575

vn -0.937008 0.244094 -0.244094

vn -0.937008 0.244094 -0.244094

vn -0.937008 0.244094 -0.244094

vn 0.937008 -0.236220 0.244094

vn 0.937008 -0.236220 0.244094

vn 0.937008 -0.236220 0.244094

vn 0.000000 1.000000 -0.078740

vn 0.984252 0.000000 -0.173228

vn 0.984252 0.000000 -0.173228

vn 0.000000 1.000000 -0.078740

vn 0.000000 1.000000 -0.078740

vn 0.000000 1.000000 -0.078740

vn 0.984252 0.000000 -0.173228

vn -0.307087 -0.409449 0.858268

vn -0.307087 -0.409449 0.858268

vn -0.307087 -0.409449 0.858268

vn 0.000000 1.000000 0.000000

vn 0.000000 1.000000 0.000000

vn 0.000000 1.000000 0.000000

vn -0.937008 0.244094 -0.244094

vn 0.000000 -1.000000 0.000000

vn -0.937008 0.000000 -0.338583

vn 0.000000 -1.000000 -0.078740

vn 0.000000 -1.000000 -0.078740

vn 0.000000 -1.000000 -0.078740

vn 0.000000 -1.000000 -0.078740

vn 0.000000 -1.000000 -0.078740

vn 0.000000 1.000000 -0.078740

vn 0.000000 1.000000 -0.078740

vn -1.000000 0.000000 0.000000

vn -1.000000 0.000000 0.000000

vn -1.000000 0.000000 0.000000

vn 0.000000 1.000000 0.000000

vn 0.937008 0.000000 0.338583

vn -0.984252 0.000000 -0.173228

vn -1.000000 0.000000 0.000000

vn 0.000000 1.000000 -0.078740

vn -0.984252 0.000000 -0.173228

vn -0.984252 0.000000 -0.173228

vn 0.000000 -1.000000 0.000000

vn 0.000000 -1.000000 0.000000

vn 0.000000 -1.000000 0.000000

vn -1.000000 0.000000 0.000000

vn 1.000000 0.000000 0.000000

vn 1.000000 0.000000 0.000000

vn 0.000000 1.000000 0.000000

vn 0.000000 -1.000000 0.000000

vn 0.000000 0.000000 -1.000000

vn 0.000000 0.000000 -1.000000

vn 1.000000 0.000000 0.000000

vn 0.015748 -0.929134 0.377953

vn 0.015748 -0.929134 0.377953

vn 0.015748 -0.929134 0.377953

vn -0.015748 0.929134 -0.377953

vn -0.015748 0.929134 -0.377953

vn 0.000000 0.000000 1.000000

vn 0.000000 0.000000 1.000000

vn 0.000000 0.000000 1.000000

vn 0.000000 0.000000 1.000000

vn 0.480315 -0.874016 0.000000

vn 0.480315 -0.874016 0.000000

vn 0.000000 0.000000 -1.000000

vn 0.000000 0.000000 -1.000000

vn 0.000000 0.000000 -1.000000

vn 0.000000 -1.000000 0.000000

vn 0.000000 -1.000000 0.000000

vn 0.000000 -1.000000 0.000000

vn 0.480315 -0.874016 0.000000

vn 0.480315 -0.874016 0.000000

vn 0.000000 0.440945 0.897638

vn 0.000000 0.440945 0.897638

vn 0.000000 0.440945 0.897638

vn -0.480315 0.874016 0.000000

vn -0.480315 0.874016 0.000000

vn -0.480315 0.874016 0.000000

vn 1.000000 0.000000 0.000000

vn 1.000000 0.000000 0.000000

vn 1.000000 0.000000 0.000000

vn 0.496063 0.866142 0.000000

vn 0.496063 0.866142 0.000000

vn -0.834646 -0.551181 0.000000

vn -0.834646 -0.551181 0.000000

vn -0.834646 -0.551181 0.000000

vn 0.496063 0.866142 0.000000

vn 0.496063 0.866142 0.000000

vn -0.496063 -0.866142 0.000000

vn -0.496063 -0.866142 0.000000

vn -0.496063 -0.866142 0.000000

vn 0.000000 0.000000 1.000000

vn 0.000000 0.000000 1.000000

vn 0.000000 0.000000 1.000000

vn 0.000000 0.000000 -1.000000

vn 0.000000 0.000000 -1.000000

vn 0.000000 0.000000 -1.000000

vn 0.000000 1.000000 0.000000

vn 1.000000 0.000000 0.000000

vn 0.015748 -0.440945 0.897638

vn 0.015748 -0.440945 0.897638

vn 0.015748 -0.440945 0.897638

vn 0.000000 0.000000 -1.000000

vn 1.000000 0.015748 -0.007874

vn 1.000000 0.015748 -0.007874

vn 1.000000 0.015748 -0.007874

vn -1.000000 -0.015748 0.007874

vn -1.000000 -0.015748 0.007874

vn 0.015748 -0.929134 0.377953

vn -1.000000 -0.015748 0.007874

vn 0.039370 0.929134 0.377953

vn 0.039370 0.929134 0.377953

vn 0.039370 0.929134 0.377953

vn 1.000000 -0.039370 -0.031496

vn -0.039370 -0.929134 -0.377953

vn -0.039370 -0.929134 -0.377953

vn -0.015748 0.929134 -0.377953

vn 1.000000 0.015748 -0.007874

vn -1.000000 0.039370 0.031496

vn -1.000000 0.039370 0.031496

vn -1.000000 0.039370 0.031496

vn 1.000000 -0.039370 -0.031496

vn 1.000000 -0.039370 -0.031496

vn -1.000000 -0.015748 0.007874

vn 1.000000 -0.039370 -0.031496

vn -1.000000 0.039370 0.031496

vn 0.039370 0.929134 0.377953

vn -0.039370 -0.929134 -0.377953

vn -0.480315 0.874016 0.000000

vn 0.000000 0.000000 1.000000

vn 0.000000 0.000000 -1.000000

vn -0.496063 -0.866142 0.000000

vn 0.015748 -0.929134 0.377953

vn 0.015748 -0.929134 0.377953

vn 0.015748 -0.929134 0.377953

vn -0.015748 0.929134 -0.377953

vn -0.015748 0.929134 -0.377953

vn -0.015748 0.929134 -0.377953

vn 1.000000 0.015748 -0.007874

vn 1.000000 0.015748 -0.007874

vn -1.000000 -0.015748 0.007874

vn -1.000000 -0.015748 0.007874

vn -1.000000 -0.015748 0.007874

vn 1.000000 0.015748 -0.007874

vn 1.000000 0.015748 -0.007874

vn -1.000000 -0.062992 -0.023622

vn -1.000000 -0.062992 -0.023622

vn -1.000000 -0.062992 -0.023622

vn 1.000000 0.062992 0.023622

vn 1.000000 0.062992 0.023622

vn 1.000000 0.062992 0.023622

vn 0.055118 -0.921260 -0.377953

vn 0.055118 -0.921260 -0.377953

vn 0.055118 -0.921260 -0.377953

vn -1.000000 -0.062992 -0.023622

vn 1.000000 0.062992 0.023622

vn -0.984252 0.157480 0.000000

vn -0.984252 0.157480 0.000000

vn -0.984252 0.157480 0.000000

vn 0.984252 -0.157480 0.000000

vn 0.984252 -0.157480 0.000000

vn 0.984252 -0.157480 0.000000

vn -0.984252 0.157480 0.000000

vn 0.984252 -0.157480 0.000000

vn -1.000000 0.000000 0.000000

vn -1.000000 0.000000 0.000000

vn -1.000000 0.000000 0.000000

vn 0.000000 -1.000000 0.000000

vn -1.000000 0.000000 0.000000

vn 0.000000 0.000000 -1.000000

vn 0.000000 0.000000 -1.000000

vn 0.000000 0.000000 -1.000000

vn 1.000000 0.000000 -0.047244

vn 1.000000 0.000000 -0.047244

vn 1.000000 0.000000 -0.047244

vn -0.062992 0.000000 1.000000

vn -0.062992 0.000000 1.000000

vn -0.062992 0.000000 1.000000

vn -1.000000 0.000000 0.000000

vn -1.000000 0.000000 0.000000

vn -1.000000 0.000000 0.000000

vn 1.000000 0.000000 0.000000

vn 1.000000 0.000000 0.000000

vn 1.000000 0.000000 0.000000

vn -1.000000 0.000000 0.000000

vn -1.000000 0.000000 0.000000

vn -1.000000 0.000000 0.000000

vn -0.062992 0.921260 0.377953

vn -0.062992 0.921260 0.377953

vn -0.062992 0.921260 0.377953

vn 0.055118 -0.921260 -0.377953

vn 0.000000 -1.000000 0.000000

vn 0.000000 -1.000000 0.000000

vn 0.000000 -1.000000 0.000000

vn -1.000000 0.000000 0.000000

vn -1.000000 0.000000 0.000000

vn -1.000000 0.000000 0.000000

vn 0.000000 1.000000 0.000000

vn 0.000000 1.000000 0.000000

vn 0.000000 1.000000 0.000000

vn 1.000000 0.000000 0.000000

vn 0.000000 -1.000000 0.000000

vn 0.000000 1.000000 0.000000

vn 1.000000 0.000000 0.000000

vn 0.015748 -0.929134 0.377953

vn -0.015748 0.929134 -0.377953

vn -0.062992 0.921260 0.377953

vn -1.000000 -0.015748 0.007874

vn 0.000000 0.000000 1.000000

vn 0.000000 0.000000 1.000000

vn 0.000000 0.000000 1.000000

vn -0.984252 0.157480 0.000000

vn -0.984252 0.157480 0.000000

vn -0.984252 0.157480 0.000000

vn 0.984252 -0.157480 0.000000

vn 0.984252 -0.157480 0.000000

vn 0.984252 -0.157480 0.000000

vn -0.984252 0.157480 0.000000

vn 0.984252 -0.157480 0.000000

vn 1.000000 0.000000 -0.047244

vn -1.000000 0.000000 0.000000

vn -0.062992 0.000000 1.000000

vn 0.000000 0.000000 -1.000000

vn 1.000000 0.000000 0.000000

vn 1.000000 0.000000 0.000000

vn -1.000000 0.000000 0.000000

vn -1.000000 0.000000 0.000000

vn -1.000000 0.000000 0.000000

vn 1.000000 0.000000 0.000000

vn 1.000000 -0.039370 0.031496

vn 1.000000 -0.039370 0.031496

vn 1.000000 -0.039370 0.031496

vn -1.000000 0.039370 -0.031496

vn -1.000000 0.039370 -0.031496

vn -1.000000 0.039370 -0.031496

vn -0.039370 -0.929134 0.377953

vn -0.039370 -0.929134 0.377953

vn -0.039370 -0.929134 0.377953

vn 0.039370 0.929134 -0.377953

vn 0.039370 0.929134 -0.377953

vn 0.039370 0.929134 -0.377953

vn 1.000000 0.015748 0.007874

vn 1.000000 0.015748 0.007874

vn 1.000000 0.015748 0.007874

vn -0.015748 0.929134 0.377953

vn -0.015748 0.929134 0.377953

vn -0.015748 0.929134 0.377953

vn 0.015748 -0.929134 -0.377953

vn 0.015748 -0.929134 -0.377953

vn 0.015748 -0.929134 -0.377953

vn -1.000000 -0.015748 -0.007874

vn -1.000000 -0.015748 -0.007874

vn -1.000000 -0.015748 -0.007874

vn 1.000000 0.015748 0.007874

vn 1.000000 -0.039370 0.031496

vn -1.000000 0.039370 -0.031496

vn 0.015748 -0.929134 -0.377953

vn -0.015748 0.929134 0.377953

vn -1.000000 -0.015748 -0.007874

vn 0.078740 -0.125984 0.992126

vn 0.078740 -0.125984 0.992126

vn 0.078740 -0.125984 0.992126

vn 0.078740 0.125984 -0.992126

vn 0.078740 0.125984 -0.992126

vn 0.000000 0.000000 1.000000

vn 0.000000 0.000000 1.000000

vn -0.834646 -0.535433 -0.125984

vn -0.834646 -0.535433 -0.125984

vn -0.834646 -0.535433 -0.125984

vn 0.000000 0.000000 1.000000

vn -0.078740 -0.125984 0.992126

vn -0.078740 -0.125984 0.992126

vn -0.480315 0.874016 0.055118

vn -0.480315 0.874016 0.055118

vn -0.480315 0.874016 0.055118

vn 0.039370 0.929134 -0.377953

vn -0.039370 -0.929134 0.377953

vn 1.000000 0.000000 0.000000

vn 1.000000 0.000000 0.000000

vn 1.000000 0.000000 0.000000

vn 0.000000 1.000000 0.000000

vn 0.000000 1.000000 0.000000

vn 0.000000 1.000000 0.000000

vn -1.000000 0.000000 0.000000

vn -1.000000 0.000000 0.000000

vn 1.000000 0.000000 0.000000

vn 0.000000 1.000000 0.000000

vn -1.000000 0.000000 0.000000

vn 0.000000 -1.000000 0.000000

vn 0.000000 -1.000000 0.000000

vn 0.000000 -1.000000 0.000000

vn 0.000000 -1.000000 0.000000

vn 0.834646 0.535433 0.125984

vn 0.834646 0.535433 0.125984

vn 0.834646 0.535433 0.125984

vn -0.078740 -0.125984 0.992126

vn 0.834646 -0.535433 -0.125984

vn 0.834646 -0.535433 -0.125984

vn 0.834646 -0.535433 -0.125984

vn -0.834646 0.535433 0.125984

vn -0.834646 0.535433 0.125984

vn -0.834646 0.535433 0.125984

vn -0.078740 0.125984 -0.992126

vn -0.078740 0.125984 -0.992126

vn -0.078740 0.125984 -0.992126

vn 0.834646 -0.535433 -0.125984

vn 0.078740 -0.125984 0.992126

vn -0.834646 0.535433 0.125984

vn -0.078740 0.125984 -0.992126

vn 0.078740 0.125984 -0.992126

vn -0.834646 -0.535433 -0.125984

vn -0.078740 -0.125984 0.992126

vn 0.834646 0.535433 0.125984

vn 1.000000 0.000000 0.000000

vn 0.000000 0.000000 1.000000

vn 0.000000 0.000000 1.000000

vn 0.000000 0.000000 1.000000

vn 0.307087 0.409449 0.858268

vn 0.307087 0.409449 0.858268

vn 0.000000 1.000000 0.000000

vn 0.000000 1.000000 0.000000

vn 0.000000 1.000000 0.000000

vn 0.307087 0.409449 0.858268

vn -1.000000 0.000000 0.000000

vn -1.000000 0.000000 0.000000

vn -1.000000 0.000000 0.000000

vn 1.000000 0.000000 0.000000

vn 1.000000 0.000000 0.000000

vn 1.000000 0.000000 0.000000

vn 0.000000 1.000000 0.000000

vn 0.000000 1.000000 0.000000

vn 0.000000 1.000000 0.000000

vn -1.000000 0.000000 0.000000

vn -1.000000 0.000000 0.000000

vn 1.000000 0.000000 0.000000

vn 0.000000 1.000000 0.000000

vn -1.000000 0.000000 0.000000

vn 0.000000 0.015748 -1.000000

vn 0.000000 0.015748 -1.000000

vn 0.000000 0.015748 -1.000000

vn 0.000000 1.000000 0.000000

vn 0.000000 -1.000000 0.000000

vn 0.000000 -1.000000 0.000000

vn 0.000000 -1.000000 0.000000

vn 0.000000 -1.000000 0.000000

vn 1.000000 0.000000 0.000000

vn 1.000000 0.000000 0.000000

vn 0.000000 0.015748 -1.000000

vn 0.937008 0.000000 0.338583

vn 0.937008 0.000000 0.338583

vn 0.937008 0.000000 0.338583

vn -0.937008 0.000000 -0.338583

vn -0.937008 0.000000 -0.338583

vn -0.937008 0.000000 -0.338583

vn 0.000000 -1.000000 0.000000

vn 0.000000 -1.000000 0.000000

vn 0.000000 -1.000000 0.000000

vn -0.078740 -0.653543 0.748031

vn -0.078740 -0.653543 0.748031

vn -0.078740 -0.653543 0.748031

vn 0.000000 -1.000000 0.000000

vn 0.984252 -0.173228 0.000000

vn 0.984252 -0.173228 0.000000

vn 0.984252 -0.173228 0.000000

vn -0.984252 0.173228 0.000000

vn -0.984252 0.173228 0.000000

vn -0.984252 0.173228 0.000000

vn 0.984252 -0.173228 0.000000

vn -0.984252 0.173228 0.000000

vn -0.165354 -0.984252 0.000000

vn -0.165354 -0.984252 0.000000

vn -0.165354 -0.984252 0.000000

vn -1.000000 0.000000 0.000000

vn -1.000000 0.000000 0.000000

vn -1.000000 0.000000 0.000000

vn 1.000000 0.000000 0.000000

vn 1.000000 0.000000 0.000000

vn 1.000000 0.000000 0.000000

vn -1.000000 0.000000 0.000000

vn 0.000000 -1.000000 0.000000

vn 0.000000 -1.000000 0.000000

vn 0.000000 -1.000000 0.000000

vn 0.000000 -1.000000 0.000000

vn 0.000000 -1.000000 0.000000

vn 0.000000 -1.000000 -0.078740

vn 0.000000 -1.000000 -0.078740

vn 0.000000 -1.000000 -0.078740

vn 0.000000 -1.000000 0.000000

vn -0.094488 -0.913386 0.401575

vn -0.094488 -0.913386 0.401575

vn -0.094488 -0.913386 0.401575

vn 0.000000 -1.000000 0.000000

vn -0.937008 0.000000 0.338583

vn -0.937008 0.000000 0.338583

vn -0.937008 0.000000 0.338583

vn 0.937008 0.000000 -0.338583

vn 0.937008 0.000000 -0.338583

vn 0.937008 0.000000 -0.338583

vn 0.000000 1.000000 0.000000

vn 0.000000 1.000000 0.000000

vn 0.000000 1.000000 0.000000

vn -0.094488 -0.913386 0.401575

vn 0.094488 0.913386 -0.401575

vn 0.094488 0.913386 -0.401575

vn 0.094488 0.913386 -0.401575

vn -0.937008 0.244094 0.244094

vn -0.937008 0.244094 0.244094

vn 0.937008 -0.244094 -0.244094

vn 0.937008 -0.244094 -0.244094

vn 0.937008 -0.244094 -0.244094

vn 0.094488 0.913386 -0.401575

vn 0.937008 -0.244094 -0.244094

vn -0.937008 0.244094 0.244094

vn 0.000000 1.000000 0.000000

vn 0.937008 0.000000 -0.338583

vn -0.937008 0.000000 0.338583

vn 0.937008 0.000000 0.338583

vn 0.000000 -1.000000 -0.078740

vn -0.937008 0.000000 -0.338583

vn 0.000000 1.000000 -0.078740

vn 0.000000 1.000000 -0.078740

vn 0.000000 1.000000 -0.078740

vn 0.984252 0.000000 -0.173228

vn 0.000000 1.000000 0.000000

vn 0.984252 0.000000 -0.173228

vn 0.000000 1.000000 -0.078740

vn 0.000000 1.000000 -0.078740

vn 0.000000 1.000000 -0.078740

vn 0.000000 1.000000 -0.078740

vn 0.984252 0.000000 -0.173228

vn -1.000000 0.000000 0.000000

vn -1.000000 0.000000 0.000000

vn -1.000000 0.000000 0.000000

vn 1.000000 0.000000 0.000000

vn 1.000000 0.000000 0.000000

vn 1.000000 0.000000 0.000000

vn 0.000000 1.000000 0.000000

vn -1.000000 0.000000 0.000000

vn 1.000000 0.000000 0.000000

vn -1.000000 0.000000 0.000000

vn -1.000000 0.000000 0.000000

vn -1.000000 0.000000 0.000000

vn 0.023622 0.204724 -0.976378

vn 0.023622 0.204724 -0.976378

vn 0.023622 0.204724 -0.976378

vn 0.007874 0.220472 0.976378

vn 0.007874 0.220472 0.976378

vn 0.007874 0.220472 0.976378

vn -1.000000 0.000000 0.000000

vn 1.000000 0.000000 0.000000

vn 0.000000 1.000000 0.000000

vn 0.007874 0.220472 0.976378

vn -1.000000 0.000000 0.000000

vn 0.000000 1.000000 0.000000

vn 0.000000 1.000000 0.000000

vn 0.000000 1.000000 0.000000

vn 0.023622 0.204724 -0.976378

vn 0.000000 1.000000 0.000000

vn -0.992126 0.149606 0.000000

vn -0.992126 0.149606 0.000000

vn -0.992126 0.149606 0.000000

vn -0.102362 -0.787402 0.606299

vn -0.102362 -0.787402 0.606299

vn -0.102362 -0.787402 0.606299

vn 0.086614 0.669291 0.740157

vn 0.086614 0.669291 0.740157

vn 0.086614 0.669291 0.740157

vn -0.086614 -0.669291 -0.740157

vn -0.086614 -0.669291 -0.740157

vn -0.086614 -0.669291 -0.740157

vn -0.102362 -0.787402 0.606299

vn -0.102362 -0.787402 0.606299

vn -0.102362 -0.787402 0.606299

vn 0.086614 0.669291 0.740157

vn 0.086614 0.669291 0.740157

vn 0.086614 0.669291 0.740157

vn 0.992126 -0.149606 0.000000

vn 0.992126 -0.149606 0.000000

vn 0.992126 -0.149606 0.000000

vn -0.992126 0.149606 0.000000

vn -0.992126 0.149606 0.000000

vn -0.992126 0.149606 0.000000

vn 0.086614 0.669291 0.740157

vn -0.086614 -0.669291 -0.740157

vn -0.992126 0.149606 0.000000

vn 0.992126 -0.149606 0.000000

vn 0.000000 0.000000 1.000000

vn 0.000000 0.000000 1.000000

vn 0.000000 0.000000 1.000000

vn -0.992126 0.149606 0.000000

vn 0.102362 0.787402 -0.606299

vn 0.102362 0.787402 -0.606299

vn 0.102362 0.787402 -0.606299

vn 0.000000 0.000000 1.000000

vn 0.102362 0.787402 -0.606299

vn 0.086614 0.669291 0.740157

vn 0.086614 0.622047 0.779528

vn 0.086614 0.622047 0.779528

vn 0.086614 0.622047 0.779528

vn 0.000000 0.000000 1.000000

vn 0.102362 0.787402 -0.606299

vn 0.086614 0.622047 0.779528

vn 0.086614 0.622047 0.779528

vn 0.086614 0.622047 0.779528

vn 0.244094 0.795276 -0.559055

vn 0.244094 0.795276 -0.559055

vn 0.244094 0.795276 -0.559055

vn 0.952756 -0.283465 0.078740

vn 0.952756 -0.283465 0.078740

vn 0.952756 -0.283465 0.078740

vn 0.102362 0.787402 -0.606299

vn -0.952756 0.283465 -0.078740

vn -0.952756 0.283465 -0.078740

vn -0.952756 0.283465 -0.078740

vn -0.244094 -0.795276 0.559055

vn -0.244094 -0.795276 0.559055

vn -0.244094 -0.795276 0.559055

vn -0.244094 -0.795276 0.559055

vn -0.244094 -0.795276 0.559055

vn -0.244094 -0.795276 0.559055

vn -0.952756 0.283465 -0.078740

vn -0.952756 0.283465 -0.078740

vn 0.779528 0.629921 0.039370

vn 0.779528 0.629921 0.039370

vn 1.000000 0.000000 0.000000

vn 1.000000 0.000000 0.000000

vn 1.000000 0.000000 0.000000

vn 0.000000 1.000000 0.000000

vn 0.000000 1.000000 0.000000

vn 0.000000 1.000000 0.000000

vn 0.000000 -1.000000 0.000000

vn 0.000000 -1.000000 0.000000

vn 0.000000 -1.000000 0.000000

vn -1.000000 0.000000 0.000000

vn -1.000000 0.000000 0.000000

vn -1.000000 0.000000 0.000000

vn 0.779528 0.629921 0.039370

vn 0.779528 0.629921 0.039370

vn 0.984252 -0.141732 -0.094488

vn 0.984252 -0.141732 -0.094488

vn 0.480315 -0.866142 -0.125984

vn 0.480315 -0.866142 -0.125984

vn 0.480315 -0.866142 -0.125984

vn -0.480315 0.866142 0.125984

vn -0.480315 0.866142 0.125984

vn -0.480315 0.866142 0.125984

vn 1.000000 0.000000 0.000000

vn 1.000000 0.000000 0.000000

vn 1.000000 0.000000 0.000000

vn 0.244094 0.795276 -0.559055

vn 0.952756 -0.283465 0.078740

vn -0.244094 -0.795276 0.559055

vn -0.244094 -0.795276 0.559055

vn -0.952756 0.283465 -0.078740

vn -0.952756 0.283465 -0.078740

vn 1.000000 0.000000 0.000000

vn 0.000000 1.000000 0.000000

vn 0.000000 -1.000000 0.000000

vn 1.000000 0.000000 0.000000

vn -0.023622 -1.000000 -0.031496

vn -0.023622 -1.000000 -0.031496

vn -0.023622 -1.000000 -0.031496

vn 0.023622 1.000000 0.031496

vn 0.023622 1.000000 0.031496

vn 0.023622 1.000000 0.031496

vn -0.070866 0.031496 1.000000

vn -0.070866 0.031496 1.000000

vn -0.070866 0.031496 1.000000

vn -0.559055 0.826772 -0.062992

vn -0.559055 0.826772 -0.062992

vn -0.559055 0.826772 -0.062992

vn 0.559055 -0.826772 0.062992

vn 0.559055 -0.826772 0.062992

vn 0.559055 -0.826772 0.062992

vn 0.070866 -0.031496 -1.000000

vn 0.070866 -0.031496 -1.000000

vn 0.070866 -0.031496 -1.000000

vn -0.070866 0.031496 1.000000

vn -0.070866 0.031496 1.000000

vn -0.070866 0.031496 1.000000

vn 0.559055 -0.826772 0.062992

vn 0.559055 -0.826772 0.062992

vn 0.559055 -0.826772 0.062992

vn 0.984252 -0.141732 -0.094488

vn -0.984252 0.141732 0.094488

vn -0.984252 0.141732 0.094488

vn -0.086614 -0.622047 -0.779528

vn -0.086614 -0.622047 -0.779528

vn -0.086614 -0.622047 -0.779528

vn -0.086614 -0.622047 -0.779528

vn -0.779528 -0.629921 -0.039370

vn -0.779528 -0.629921 -0.039370

vn -0.779528 -0.629921 -0.039370

vn -0.779528 -0.629921 -0.039370

vn -0.779528 -0.629921 -0.039370

vn -0.779528 -0.629921 -0.039370

vn 0.000000 0.000000 -1.000000

vn 0.000000 0.000000 -1.000000

vn 0.000000 0.000000 -1.000000

vn -0.086614 -0.622047 -0.779528

vn -0.086614 -0.622047 -0.779528

vn -0.086614 -0.622047 -0.779528

vn -0.086614 -0.622047 -0.779528

vn 0.000000 0.000000 -1.000000

vn 0.000000 0.000000 -1.000000

vn -1.000000 0.000000 0.000000

vn 0.173228 0.881890 -0.440945

vn 0.173228 0.881890 -0.440945

vn -0.173228 -0.881890 0.440945

vn -0.173228 -0.881890 0.440945

vn -0.173228 -0.881890 0.440945

vn 0.173228 0.881890 -0.440945

vn 0.110236 0.992126 0.023622

vn 0.110236 0.992126 0.023622

vn 0.110236 0.992126 0.023622

vn -0.110236 -0.992126 -0.023622

vn -0.110236 -0.992126 -0.023622

vn -0.110236 -0.992126 -0.023622

vn 0.992126 -0.133858 0.007874

vn 0.992126 -0.133858 0.007874

vn -0.992126 0.133858 -0.007874

vn -0.992126 0.133858 -0.007874

vn 0.110236 0.992126 0.023622

vn -0.110236 -0.992126 -0.023622

vn -0.992126 0.133858 -0.007874

vn 0.992126 -0.133858 0.007874

vn -0.070866 0.031496 1.000000

vn 0.070866 -0.031496 -1.000000

vn -0.559055 0.826772 -0.062992

vn -0.984252 0.141732 0.094488

vn 0.559055 -0.826772 0.062992

vn 1.000000 0.000000 0.000000

vn 1.000000 0.000000 0.000000

vn 1.000000 0.000000 0.000000

vn 0.000000 -0.157480 0.984252

vn 0.000000 -0.157480 0.984252

vn 0.000000 -0.157480 0.984252

vn 0.000000 0.157480 -0.984252

vn 0.000000 0.157480 -0.984252

vn 0.000000 0.157480 -0.984252

vn 1.000000 0.000000 0.000000

vn 0.000000 -0.157480 0.984252

vn 0.000000 0.157480 -0.984252

vn 0.000000 -0.984252 -0.157480

vn 0.000000 -0.984252 -0.157480

vn 0.000000 -0.984252 -0.157480

vn 0.000000 -0.984252 -0.157480

vn -0.551181 -0.834646 -0.055118

vn -0.551181 -0.834646 -0.055118

vn -0.551181 -0.834646 -0.055118

vn -0.551181 -0.834646 -0.055118

vn -0.551181 -0.834646 -0.055118

vn -0.551181 -0.834646 -0.055118

vn 0.000000 -1.000000 0.000000

vn 0.000000 -1.000000 0.000000

vn 0.000000 -1.000000 0.000000

vn 0.000000 0.000000 -1.000000

vn 0.000000 0.000000 -1.000000

vn 0.000000 0.000000 -1.000000

vn -1.000000 0.000000 0.000000

vn -1.000000 0.000000 0.000000

vn -1.000000 0.000000 0.000000

vn -1.000000 0.000000 0.000000

vn -1.000000 0.000000 0.000000

vn -1.000000 0.000000 0.000000

vn 1.000000 0.000000 0.000000

vn 1.000000 0.000000 0.000000

vn 1.000000 0.000000 0.000000

vn 0.000000 0.000000 -1.000000

vn 0.000000 0.000000 -1.000000

vn 0.000000 0.000000 -1.000000

vn 0.000000 -1.000000 0.000000

vn 0.000000 0.000000 1.000000

vn 0.000000 0.000000 1.000000

vn 0.000000 0.000000 1.000000

vn 0.000000 0.000000 -1.000000

vn 0.000000 0.000000 -1.000000

vn 0.000000 0.000000 1.000000

vn 0.000000 0.000000 1.000000

vn 0.000000 1.000000 0.000000

vn 0.000000 1.000000 0.000000

vn 0.000000 1.000000 0.000000

vn 0.000000 -1.000000 0.000000

vn 0.000000 -1.000000 0.000000

vn 0.000000 -1.000000 0.000000

vn 1.000000 0.000000 0.000000

vn 1.000000 0.000000 0.000000

vn 1.000000 0.000000 0.000000

vn -1.000000 0.000000 0.000000

vn -1.000000 0.000000 0.000000

vn -1.000000 0.000000 0.000000

vn 0.000000 -1.000000 0.000000

vn 0.000000 1.000000 0.000000

vn 0.000000 0.000000 1.000000

vn -0.173228 -0.881890 -0.440945

vn -0.173228 -0.881890 -0.440945

vn 0.173228 0.881890 0.440945

vn 0.173228 0.881890 0.440945

vn 0.173228 0.881890 0.440945

vn -0.110236 -0.992126 0.023622

vn -0.110236 -0.992126 0.023622

vn -0.110236 -0.992126 0.023622

vn 0.110236 0.992126 -0.023622

vn 0.110236 0.992126 -0.023622

vn 0.110236 0.992126 -0.023622

vn 0.000000 0.000000 -1.000000

vn 0.000000 1.000000 0.000000

vn 0.000000 1.000000 0.000000

vn 0.000000 1.000000 0.000000

vn -1.000000 0.000000 0.000000

vn 0.000000 0.984252 0.157480

vn 0.000000 0.984252 0.157480

vn 0.000000 0.984252 0.157480

vn 0.000000 0.984252 0.157480

vn -0.992126 0.133858 0.007874

vn -0.992126 0.133858 0.007874

vn 0.992126 -0.133858 -0.007874

vn 0.992126 -0.133858 -0.007874

vn 0.992126 -0.133858 -0.007874

vn 0.000000 -1.000000 0.000000

vn 0.000000 -1.000000 0.000000

vn 0.000000 -1.000000 0.000000

vn -0.173228 -0.881890 -0.440945

vn -1.000000 0.000000 0.000000

vn 0.110236 -0.173228 0.976378

vn 0.110236 -0.173228 0.976378

vn 0.110236 -0.173228 0.976378

vn 0.000000 -0.015748 -1.000000

vn 0.000000 0.015748 1.000000

vn -0.921260 0.346457 0.157480

vn -0.921260 0.346457 0.157480

vn -0.921260 0.346457 0.157480

vn 0.110236 -0.173228 0.976378

vn -0.110236 0.173228 -0.976378

vn -0.110236 0.173228 -0.976378

vn -0.110236 0.173228 -0.976378

vn 0.921260 -0.346457 -0.157480

vn 0.921260 -0.346457 -0.157480

vn 0.921260 -0.346457 -0.157480

vn 0.000000 -0.015748 -1.000000

vn -0.015748 -0.496063 0.866142

vn -0.015748 -0.496063 0.866142

vn 0.000000 0.015748 1.000000

vn 0.015748 0.496063 -0.866142

vn 0.015748 0.496063 -0.866142

vn 1.000000 0.000000 0.000000

vn 0.000000 -1.000000 0.000000

vn -1.000000 0.000000 0.000000

vn 0.015748 0.496063 -0.866142

vn -0.015748 -0.496063 0.866142

vn 0.110236 0.992126 -0.023622

vn -0.110236 -0.992126 0.023622

vn 0.000000 -0.015748 -1.000000

vn -0.992126 0.133858 0.007874

vn 0.000000 0.015748 1.000000

vn 1.000000 0.000000 0.000000

vn 0.000000 1.000000 0.000000

vn 0.000000 0.000000 1.000000

vn 0.921260 -0.346457 -0.157480

vn -0.921260 0.346457 0.157480

vn -0.110236 0.173228 -0.976378

vn 0.984252 -0.173228 0.000000

vn 0.984252 -0.173228 0.000000

vn -0.984252 0.173228 0.000000

vn -0.984252 0.173228 0.000000

vn 0.070866 0.629921 0.771654

vn 0.070866 0.629921 0.771654

vn 0.070866 0.629921 0.771654

vn 0.070866 0.629921 -0.771654

vn 0.070866 0.629921 -0.771654

vn 0.070866 0.629921 -0.771654

vn 0.062992 0.629921 -0.771654

vn 0.062992 0.629921 -0.771654

vn 0.062992 0.629921 -0.771654

vn -0.984252 0.157480 0.023622

vn -0.984252 0.157480 0.023622

vn -0.984252 0.157480 0.023622

vn 0.984252 -0.157480 -0.023622

vn 0.984252 -0.157480 -0.023622

vn 0.984252 -0.157480 -0.023622

vn -0.062992 -0.629921 0.771654

vn -0.062992 -0.629921 0.771654

vn -0.062992 -0.629921 0.771654

vn 0.062992 0.629921 0.771654

vn 0.062992 0.629921 0.771654

vn 0.062992 0.629921 0.771654

vn -0.062992 -0.629921 -0.771654

vn -0.062992 -0.629921 -0.771654

vn -0.062992 -0.629921 -0.771654

vn 0.984252 -0.157480 0.023622

vn 0.984252 -0.157480 0.023622

vn 0.984252 -0.157480 0.023622

vn -0.984252 0.157480 -0.023622

vn -0.984252 0.157480 -0.023622

vn -0.984252 0.157480 -0.023622

vn 0.992126 -0.078740 -0.070866

vn 0.992126 -0.078740 -0.070866

vn 0.992126 -0.078740 -0.070866

vn -0.992126 0.078740 0.070866

vn -0.992126 0.078740 0.070866

vn -0.992126 0.078740 0.070866

vn -0.118110 -0.811024 -0.574803

vn -0.118110 -0.811024 -0.574803

vn -0.118110 -0.811024 -0.574803

vn -0.118110 -0.818898 0.566929

vn -0.118110 -0.818898 0.566929

vn -0.118110 -0.818898 0.566929

vn 0.000000 0.992126 0.118110

vn 0.000000 0.992126 0.118110

vn 0.000000 -0.992126 -0.118110

vn 0.000000 -0.992126 -0.118110

vn 0.984252 -0.173228 0.000000

vn -0.984252 0.173228 0.000000

vn 0.000000 0.992126 0.118110

vn 0.000000 -0.992126 -0.118110

vn 0.118110 0.818898 -0.566929

vn 0.118110 0.818898 -0.566929

vn 0.118110 0.818898 -0.566929

vn -0.086614 -0.771654 -0.629921

vn -0.086614 -0.771654 -0.629921

vn -0.086614 -0.771654 -0.629921

vn 0.086614 0.771654 0.629921

vn 0.086614 0.771654 0.629921

vn 0.086614 0.771654 0.629921

vn 0.118110 0.818898 -0.566929

vn 0.118110 0.818898 -0.566929

vn 0.118110 0.818898 -0.566929

vn -0.086614 -0.771654 -0.629921

vn -0.086614 -0.771654 -0.629921

vn -0.086614 -0.771654 -0.629921

vn -0.086614 -0.771654 -0.629921

vn 0.984252 -0.062992 -0.141732

vn 0.984252 -0.062992 -0.141732

vn 0.984252 -0.062992 -0.141732

vn -0.984252 0.062992 0.141732

vn -0.984252 0.062992 0.141732

vn -0.984252 0.062992 0.141732

vn 0.992126 -0.062992 -0.141732

vn 0.992126 -0.062992 -0.141732

vn 0.992126 -0.062992 -0.141732

vn -0.086614 0.456693 -0.881890

vn -0.086614 0.456693 -0.881890

vn -0.086614 0.456693 -0.881890

vn 0.086614 -0.456693 0.881890

vn 0.086614 -0.456693 0.881890

vn 0.086614 -0.456693 0.881890

vn 0.015748 0.000000 1.000000

vn 0.015748 0.000000 1.000000

vn 0.015748 0.000000 1.000000

vn 0.015748 0.000000 1.000000

vn 0.118110 0.818898 0.566929

vn 0.118110 0.818898 0.566929

vn 0.118110 0.818898 0.566929

vn -0.984252 0.157480 -0.023622

vn 0.984252 -0.157480 0.023622

vn -0.062992 -0.629921 -0.771654

vn 0.062992 0.629921 0.771654

vn 0.992126 -0.125984 0.023622

vn 0.992126 -0.125984 0.023622

vn 0.992126 -0.125984 0.023622

vn -0.992126 0.125984 -0.023622

vn -0.992126 0.125984 -0.023622

vn -0.992126 0.125984 -0.023622

vn -0.102362 -0.992126 0.000000

vn -0.102362 -0.992126 0.000000

vn -0.102362 -0.992126 0.000000

vn 0.102362 0.992126 0.000000

vn 0.102362 0.992126 0.000000

vn 0.102362 0.992126 0.000000

vn -0.992126 0.125984 -0.023622

vn 0.102362 0.992126 0.000000

vn 0.102362 0.992126 0.000000

vn 0.102362 0.992126 0.000000

vn -0.102362 -0.992126 0.000000

vn -0.102362 -0.992126 0.000000

vn -0.102362 -0.992126 0.000000

vn -0.992126 0.125984 0.023622

vn -0.992126 0.125984 0.023622

vn -0.992126 0.125984 0.023622

vn 0.992126 -0.125984 -0.023622

vn 0.992126 -0.125984 -0.023622

vn 0.992126 -0.125984 -0.023622

vn 0.062992 0.629921 -0.771654

vn -0.062992 -0.629921 0.771654

vn 0.984252 -0.157480 -0.023622

vn -0.984252 0.157480 0.023622

vn -0.984252 0.157480 0.023622

vn -0.984252 0.157480 0.023622

vn -0.984252 0.157480 0.023622

vn 0.992126 -0.062992 -0.141732

vn 0.086614 -0.456693 0.881890

vn -0.086614 0.456693 -0.881890

vn 0.984252 -0.062992 -0.141732

vn -0.984252 0.062992 0.141732

vn 0.992126 -0.125984 0.023622

vn -0.102362 -0.992126 0.000000

vn 0.102362 0.992126 0.000000

vn -0.992126 0.125984 0.023622

vn 0.992126 -0.125984 -0.023622

vn -0.102362 -0.992126 0.000000

vn 0.102362 0.992126 0.000000

vn 0.000000 0.118110 0.992126

vn 0.000000 0.118110 0.992126

vn 0.000000 0.118110 0.992126

vn -0.937008 -0.086614 0.338583

vn -0.937008 -0.086614 0.338583

vn -0.937008 -0.086614 0.338583

vn 0.062992 -0.118110 -0.992126

vn 0.062992 -0.118110 -0.992126

vn 0.062992 -0.118110 -0.992126

vn -0.992126 -0.133858 0.000000

vn -0.992126 -0.133858 0.000000

vn -0.992126 -0.133858 0.000000

vn -0.937008 -0.086614 0.338583

vn 0.000000 1.000000 0.000000

vn 0.000000 1.000000 0.000000

vn 0.000000 1.000000 0.000000

vn -1.000000 0.000000 0.000000

vn -1.000000 0.000000 0.000000

vn -1.000000 0.000000 0.000000

vn 1.000000 0.000000 0.000000

vn 1.000000 0.000000 0.000000

vn 1.000000 0.000000 0.000000

vn 0.000000 -1.000000 0.000000

vn 0.000000 -1.000000 0.000000

vn 0.000000 -1.000000 0.000000

vn -0.818898 0.566929 0.000000

vn -0.818898 0.566929 0.000000

vn -0.307087 0.409449 -0.858268

vn -0.307087 0.409449 -0.858268

vn -0.307087 0.409449 -0.858268

vn 0.000000 1.000000 0.000000

vn 0.000000 1.000000 0.000000

vn 0.000000 1.000000 0.000000

vn 1.000000 0.000000 0.000000

vn -0.818898 0.566929 0.000000

vn 0.000000 -1.000000 0.000000

vn 0.000000 -1.000000 0.000000

vn 0.000000 -1.000000 0.000000

vn 0.000000 -1.000000 0.000000

vn 1.000000 0.000000 0.000000

vn -1.000000 0.000000 0.000000

vn -1.000000 0.000000 0.000000

vn -1.000000 0.000000 0.000000

vn 0.000000 1.000000 0.000000

vn 0.000000 1.000000 0.000000

vn 1.000000 0.000000 0.000000

vn 0.000000 0.125984 0.992126

vn 0.000000 0.125984 0.992126

vn 0.000000 0.125984 0.992126

vn 0.000000 -1.000000 0.000000

vn -0.992126 -0.125984 0.047244

vn -0.992126 -0.125984 0.047244

vn -0.992126 -0.125984 0.047244

vn 0.000000 0.000000 -1.000000

vn 0.000000 0.000000 -1.000000

vn 0.000000 0.000000 -1.000000

vn 0.000000 -0.118110 -0.992126

vn 0.000000 -0.118110 -0.992126

vn 0.000000 -0.118110 -0.992126

vn 0.000000 0.125984 0.992126

vn 0.000000 0.000000 1.000000

vn 0.000000 0.000000 1.000000

vn 0.000000 0.000000 1.000000

vn 0.000000 0.000000 1.000000

vn -0.496063 -0.866142 0.000000

vn -0.496063 -0.866142 0.000000

vn -0.496063 -0.866142 0.000000

vn 0.000000 0.000000 -1.000000

vn 0.000000 0.000000 -1.000000

vn 0.496063 0.866142 0.000000

vn 0.496063 0.866142 0.000000

vn 0.496063 0.866142 0.000000

vn 0.000000 0.000000 -1.000000

vn 0.000000 0.000000 -1.000000

vn 0.000000 0.000000 1.000000

vn 0.000000 0.000000 1.000000

vn 0.000000 0.000000 1.000000

vn 0.000000 0.000000 -1.000000

vn -0.496063 -0.866142 0.000000

vn 0.496063 0.866142 0.000000

vn 0.000000 0.000000 -1.000000

vn 0.000000 0.000000 1.000000

vn 0.062992 -0.118110 -0.992126

vn 0.818898 -0.566929 0.000000

vn 0.818898 -0.566929 0.000000

vn 0.818898 -0.566929 0.000000

vn -0.992126 -0.133858 0.000000

vn -0.992126 -0.125984 0.047244

vn 0.000000 1.000000 0.078740

vn 0.000000 1.000000 0.078740

vn 0.000000 1.000000 0.078740

vn 0.984252 0.000000 0.173228

vn 0.984252 0.000000 0.173228

vn 0.984252 0.000000 0.173228

vn 0.000000 1.000000 0.078740

vn 0.000000 1.000000 0.078740

vn -1.000000 0.000000 0.000000

vn 0.937008 0.000000 0.338583

vn 0.937008 0.000000 0.338583

vn 0.937008 0.000000 0.338583

vn 0.000000 -1.000000 0.078740

vn 0.000000 -1.000000 0.078740

vn 0.000000 -1.000000 0.078740

vn -1.000000 0.000000 0.000000

vn 0.000000 0.000000 -1.000000

vn 0.000000 0.000000 -1.000000

vn 0.000000 0.000000 -1.000000

vn -1.000000 0.000000 0.047244

vn -1.000000 0.000000 0.047244

vn -1.000000 0.000000 0.047244

vn -1.000000 0.000000 0.000000

vn -1.000000 0.000000 0.000000

vn -1.000000 0.000000 0.000000

vn 0.000000 0.000000 1.000000

vn 0.000000 0.000000 1.000000

vn 0.000000 0.000000 1.000000

vn 1.000000 0.000000 0.000000

vn 1.000000 0.000000 0.000000

vn 1.000000 0.000000 0.000000

vn 0.062992 0.000000 -1.000000

vn 0.062992 0.000000 -1.000000

vn 0.062992 0.000000 -1.000000

vn 1.000000 0.000000 0.000000

vn 0.062992 0.000000 -1.000000

vn -1.000000 0.000000 0.047244

vn 0.000000 0.000000 1.000000

vn 0.000000 1.000000 0.078740

vn 0.307087 0.409449 -0.858268

vn 0.307087 0.409449 -0.858268

vn 0.307087 0.409449 -0.858268

vn -0.937008 -0.244094 0.244094

vn -0.937008 -0.244094 0.244094

vn -0.937008 -0.244094 0.244094

vn 0.937008 0.244094 -0.244094

vn 0.937008 0.244094 -0.244094

vn 0.937008 0.244094 -0.244094

vn 0.094488 -0.913386 -0.401575

vn 0.094488 -0.913386 -0.401575

vn 0.094488 -0.913386 -0.401575

vn -0.094488 0.913386 0.401575

vn -0.094488 0.913386 0.401575

vn -0.094488 0.913386 0.401575

vn -0.937008 -0.244094 0.244094

vn 0.094488 -0.913386 -0.401575

vn -0.094488 0.913386 0.401575

vn 0.000000 1.000000 0.000000

vn 0.000000 1.000000 0.000000

vn 0.000000 1.000000 0.000000

vn 0.000000 1.000000 0.000000

vn -0.874016 -0.244094 -0.417323

vn -0.874016 -0.244094 -0.417323

vn -0.874016 -0.244094 -0.417323

vn 0.874016 0.244094 0.417323

vn 0.874016 0.244094 0.417323

vn 0.874016 0.244094 0.417323

vn 0.322835 -0.913386 -0.251969

vn 0.322835 -0.913386 -0.251969

vn 0.322835 -0.913386 -0.251969

vn -0.322835 0.913386 0.251969

vn -0.322835 0.913386 0.251969

vn -0.322835 0.913386 0.251969

vn -0.874016 -0.244094 -0.417323

vn -0.322835 0.913386 0.251969

vn 0.322835 -0.913386 -0.251969

vn 0.000000 -1.000000 0.078740

vn 0.000000 -1.000000 0.078740

vn 0.000000 -1.000000 0.078740

vn -1.000000 0.000000 0.000000

vn -1.000000 0.000000 0.000000

vn -0.992126 -0.125984 -0.047244

vn -0.992126 -0.125984 -0.047244

vn -0.992126 -0.125984 -0.047244

vn 0.992126 0.133858 0.000000

vn 0.992126 0.133858 0.000000

vn 0.992126 0.133858 0.000000

vn 0.000000 -0.118110 0.992126

vn 0.000000 -0.118110 0.992126

vn 0.000000 -0.118110 0.992126

vn 1.000000 0.015748 0.000000

vn 1.000000 0.015748 0.000000

vn -1.000000 -0.015748 0.000000

vn -1.000000 -0.015748 0.000000

vn 1.000000 0.015748 0.000000

vn -1.000000 -0.015748 0.000000

vn 0.141732 -0.992126 0.000000

vn 0.141732 -0.992126 0.000000

vn 0.141732 -0.992126 0.000000

vn 0.141732 -0.992126 0.000000

vn 0.000000 0.220472 -0.976378

vn 0.000000 0.220472 -0.976378

vn 0.039370 -0.110236 -0.992126

vn 0.039370 -0.110236 -0.992126

vn 0.039370 -0.110236 -0.992126

vn 0.992126 0.149606 0.000000

vn 0.992126 0.149606 0.000000

vn 0.992126 0.149606 0.000000

vn -0.992126 -0.141732 0.031496

vn -0.992126 -0.141732 0.031496

vn -0.992126 -0.141732 0.031496

vn 0.338583 -0.055118 -0.937008

vn 0.338583 -0.055118 -0.937008

vn 0.338583 -0.055118 -0.937008

vn 0.015748 -1.000000 0.000000

vn 0.015748 -1.000000 0.000000

vn 0.015748 -1.000000 0.000000

vn -0.015748 1.000000 0.000000

vn -0.015748 1.000000 0.000000

vn -0.015748 1.000000 0.000000

vn -0.992126 -0.141732 -0.031496

vn -0.992126 -0.141732 -0.031496

vn -0.992126 -0.141732 -0.031496

vn 0.039370 -0.110236 0.992126

vn 0.039370 -0.110236 0.992126

vn 0.039370 -0.110236 0.992126

vn 0.000000 -0.220472 0.976378

vn 0.000000 -0.220472 0.976378

vn 0.000000 -0.220472 0.976378

vn 0.000000 0.220472 -0.976378

vn 0.992126 0.149606 0.000000

vn 0.000000 0.118110 0.992126

vn 0.039370 -0.110236 -0.992126

vn -0.992126 -0.141732 0.031496

vn 0.338583 -0.055118 -0.937008

vn 0.078740 -1.000000 0.000000

vn 0.078740 -1.000000 0.000000

vn 0.078740 -1.000000 0.000000

vn -0.023622 -1.000000 0.000000

vn -0.023622 -1.000000 0.000000

vn -0.023622 -1.000000 0.000000

vn 0.000000 -1.000000 -0.023622

vn 0.000000 -1.000000 -0.023622

vn 0.000000 -1.000000 0.078740

vn 0.000000 -1.000000 0.078740

vn 0.000000 -1.000000 0.078740

vn 0.000000 -1.000000 -0.023622

vn 0.000000 -0.118110 0.992126

vn -0.992126 -0.125984 -0.047244

vn 0.062992 -0.118110 0.992126

vn 0.062992 -0.118110 0.992126

vn 0.062992 -0.118110 0.992126

vn -0.015748 0.929134 0.377953

vn -0.015748 0.929134 0.377953

vn -0.015748 0.929134 0.377953

vn 0.015748 -0.929134 -0.377953

vn 0.015748 -0.929134 -0.377953

vn 0.015748 -0.929134 -0.377953

vn -1.000000 -0.015748 -0.007874

vn -1.000000 -0.015748 -0.007874

vn -1.000000 -0.015748 -0.007874

vn 1.000000 0.015748 0.007874

vn 1.000000 0.015748 0.007874

vn 1.000000 0.015748 0.007874

vn -0.015748 1.000000 0.000000

vn 0.015748 -1.000000 0.000000

vn 0.015748 -1.000000 0.000000

vn -0.015748 1.000000 0.000000

vn 0.000000 0.000000 -1.000000

vn 0.000000 0.000000 -1.000000

vn 0.000000 0.000000 -1.000000

vn 0.992126 0.141732 0.000000

vn 0.992126 0.141732 0.000000

vn 0.992126 0.141732 0.000000

vn -0.992126 -0.141732 0.000000

vn -0.992126 -0.141732 0.000000

vn -0.992126 -0.141732 0.000000

vn 0.000000 0.000000 1.000000

vn 0.000000 0.000000 1.000000

vn 0.000000 0.000000 1.000000

vn 0.000000 0.000000 -1.000000

vn 0.992126 0.133858 0.000000

vn 0.992126 0.133858 0.000000

vn 0.992126 0.133858 0.000000

vn -0.015748 0.929134 0.377953

vn 0.015748 -0.929134 -0.377953

vn 1.000000 0.015748 0.007874

vn -1.000000 -0.015748 -0.007874

vn 0.834646 0.551181 0.000000

vn 0.834646 0.551181 0.000000

vn 0.834646 0.551181 0.000000

vn 0.992126 0.141732 0.000000

vn -0.992126 -0.141732 0.000000

vn 0.000000 0.000000 1.000000

vn -0.141732 0.992126 0.000000

vn -0.141732 0.992126 0.000000

vn -0.141732 0.992126 0.000000

vn -0.141732 0.992126 0.000000

vn 0.062992 -0.118110 0.992126

vn -0.480315 0.874016 0.000000

vn -0.480315 0.874016 0.000000

vn -0.480315 0.874016 0.000000

vn 0.480315 -0.874016 0.000000

vn 0.480315 -0.874016 0.000000

vn 0.480315 -0.874016 0.000000

vn 0.000000 0.000000 1.000000

vn 0.000000 0.000000 1.000000

vn 0.000000 0.000000 1.000000

vn 0.000000 0.000000 -1.000000

vn 0.000000 0.000000 -1.000000

vn 0.000000 0.000000 -1.000000

vn 0.992126 0.133858 0.000000

vn 0.000000 -0.118110 -0.992126

vn 0.039370 -0.110236 0.992126

vn 0.062992 0.000000 1.000000

vn 0.062992 0.000000 1.000000

vn 0.062992 0.000000 1.000000

vn 1.000000 0.000000 0.000000

vn 1.000000 0.000000 0.000000

vn 1.000000 0.000000 0.000000

vn -1.000000 0.000000 -0.047244

vn -1.000000 0.000000 -0.047244

vn -1.000000 0.000000 -0.047244

vn 0.000000 0.000000 1.000000

vn 0.000000 0.000000 1.000000

vn 1.000000 0.000000 0.000000

vn -1.000000 0.000000 -0.047244

vn 0.000000 0.000000 -1.000000

vn 0.000000 0.000000 -1.000000

vn 0.000000 0.000000 -1.000000

vn 0.000000 0.000000 1.000000

vn 0.480315 -0.874016 0.000000

vn -0.480315 0.874016 0.000000

vn 0.000000 0.000000 1.000000

vn 0.000000 -0.992126 -0.102362

vn 0.000000 -0.992126 -0.102362

vn 0.000000 -0.992126 -0.102362

vn -0.023622 -0.125984 0.992126

vn -0.023622 -0.125984 0.992126

vn 0.023622 0.125984 -0.992126

vn 0.023622 0.125984 -0.992126

vn 0.023622 0.125984 -0.992126

vn 0.000000 0.992126 0.102362

vn 0.000000 0.992126 0.102362

vn 0.000000 0.992126 0.102362

vn 0.000000 0.125984 -0.992126

vn 0.000000 0.125984 -0.992126

vn 0.000000 0.125984 -0.992126

vn 0.992126 0.133858 0.000000

vn -0.992126 0.149606 0.000000

vn -0.992126 0.149606 0.000000

vn -0.992126 0.149606 0.000000

vn 0.086614 0.669291 -0.740157

vn 0.086614 0.669291 -0.740157

vn 0.086614 0.669291 -0.740157

vn 0.000000 0.125984 -0.992126

vn 1.000000 0.000000 0.015748

vn 1.000000 0.000000 0.015748

vn 1.000000 0.000000 0.015748

vn 0.000000 0.992126 0.102362

vn 0.000000 -0.992126 -0.102362

vn -0.496063 -0.866142 0.000000

vn -0.496063 -0.866142 0.000000

vn -0.496063 -0.866142 0.000000

vn 0.000000 0.000000 -1.000000

vn 0.000000 0.000000 -1.000000

vn 0.000000 0.000000 -1.000000

vn 0.000000 0.000000 1.000000

vn 0.000000 0.000000 1.000000

vn 0.000000 0.000000 1.000000

vn 0.496063 0.866142 0.000000

vn 0.496063 0.866142 0.000000

vn 0.496063 0.866142 0.000000

vn 0.000000 0.000000 -1.000000

vn -0.496063 -0.866142 0.000000

vn -0.818898 0.566929 0.000000

vn -0.818898 0.566929 0.000000

vn -0.818898 0.566929 0.000000

vn -0.992126 -0.133858 0.000000

vn -0.992126 -0.133858 0.000000

vn -0.992126 -0.133858 0.000000

vn 0.000000 0.976378 0.204724

vn 0.000000 0.976378 0.204724

vn 0.000000 0.976378 0.204724

vn 0.000000 -0.976378 -0.204724

vn 0.000000 -0.976378 -0.204724

vn 0.000000 -0.976378 -0.204724

vn 0.000000 0.118110 -0.992126

vn 0.000000 0.118110 -0.992126

vn 0.000000 0.118110 -0.992126

vn -0.937008 -0.086614 -0.338583

vn -0.937008 -0.086614 -0.338583

vn -0.937008 -0.086614 -0.338583

vn -0.023622 -0.125984 0.992126

vn 0.023622 0.125984 -0.992126

vn 0.992126 0.149606 0.000000

vn 0.992126 0.149606 0.000000

vn 0.992126 0.149606 0.000000

vn 0.338583 -0.055118 0.937008

vn 0.338583 -0.055118 0.937008

vn 0.338583 -0.055118 0.937008

vn -0.992126 0.149606 0.000000

vn -0.992126 0.149606 0.000000

vn -0.992126 0.149606 0.000000

vn -0.086614 -0.669291 0.740157

vn -0.086614 -0.669291 0.740157

vn -0.086614 -0.669291 0.740157

vn 0.062992 0.000000 1.000000

vn -1.000000 0.000000 0.000000

vn -1.000000 0.000000 0.000000

vn 0.992126 -0.149606 0.000000

vn 0.992126 -0.149606 0.000000

vn 0.086614 0.669291 -0.740157

vn 0.086614 0.669291 -0.740157

vn 0.086614 0.669291 -0.740157

vn 0.992126 -0.149606 0.000000

vn 0.992126 -0.149606 0.000000

vn -0.992126 0.149606 0.000000

vn 0.086614 0.669291 -0.740157

vn -0.086614 -0.669291 0.740157

vn -0.992126 0.149606 0.000000

vn 0.086614 0.669291 -0.740157

vn -0.086614 -0.992126 -0.023622

vn -0.086614 -0.992126 -0.023622

vn -0.086614 -0.992126 -0.023622

vn 0.086614 0.992126 0.023622

vn 0.086614 0.992126 0.023622

vn 0.086614 0.992126 0.023622

vn -0.102362 -0.787402 -0.606299

vn -0.102362 -0.787402 -0.606299

vn -0.102362 -0.787402 -0.606299

vn -0.102362 -0.787402 -0.606299

vn -0.015748 -0.496063 -0.866142

vn -0.015748 -0.496063 -0.866142

vn 0.000000 0.000000 -1.000000

vn -1.000000 0.000000 0.000000

vn -0.102362 -0.787402 -0.606299

vn -0.102362 -0.787402 -0.606299

vn 0.015748 0.496063 0.866142

vn 0.015748 0.496063 0.866142

vn 0.015748 0.496063 0.866142

vn 0.000000 0.992126 0.102362

vn 0.000000 0.992126 0.102362

vn 0.000000 0.992126 0.102362

vn 0.000000 -0.992126 -0.102362

vn 0.000000 -0.992126 -0.102362

vn 0.000000 -0.992126 -0.102362

vn 0.023622 -0.125984 0.992126

vn 0.023622 -0.125984 0.992126

vn 0.023622 -0.125984 0.992126

vn -0.023622 0.125984 -0.992126

vn -0.023622 0.125984 -0.992126

vn -0.023622 0.125984 -0.992126

vn 0.000000 0.992126 0.102362

vn -0.023622 0.125984 -0.992126

vn 0.000000 -0.992126 -0.102362

vn 0.496063 0.866142 0.000000

vn -1.000000 0.000000 0.015748

vn -1.000000 0.000000 0.015748

vn -1.000000 0.000000 0.015748

vn -0.015748 -0.496063 -0.866142

vn 0.992126 0.149606 0.000000

vn 0.338583 -0.055118 0.937008

vn 0.000000 0.118110 -0.992126

vn -0.937008 -0.086614 -0.338583

vn -0.023622 -1.000000 0.000000

vn -0.023622 -1.000000 0.000000

vn -0.023622 -1.000000 0.000000

vn -0.023622 -1.000000 0.000000

vn 0.000000 -1.000000 0.023622

vn 0.000000 -1.000000 0.023622

vn 0.000000 -1.000000 0.023622

vn 0.000000 -1.000000 0.023622

vn 0.102362 0.787402 0.606299

vn 0.102362 0.787402 0.606299

vn 0.102362 0.787402 0.606299

vn 0.102362 0.787402 0.606299

vn 0.102362 0.787402 0.606299

vn 0.102362 0.787402 0.606299

vn -0.015748 -1.000000 0.000000

vn -0.015748 -1.000000 0.000000

vn 0.015748 1.000000 0.000000

vn 0.015748 1.000000 0.000000

vn 0.000000 0.992126 -0.102362

vn 0.000000 0.992126 -0.102362

vn 0.000000 0.992126 -0.102362

vn 0.023622 0.125984 0.992126

vn 0.023622 0.125984 0.992126

vn 0.023622 0.125984 0.992126

vn -0.023622 -0.125984 -0.992126

vn -0.023622 -0.125984 -0.992126

vn 0.000000 -0.992126 0.102362

vn 0.000000 -0.992126 0.102362

vn 0.000000 -0.992126 0.102362

vn 0.000000 0.992126 -0.102362

vn -0.023622 -0.125984 -0.992126

vn 0.000000 -0.992126 0.102362

vn -1.000000 0.015748 0.000000

vn -1.000000 0.015748 0.000000

vn 1.000000 -0.015748 0.000000

vn 1.000000 -0.015748 0.000000

vn -0.015748 -1.000000 0.000000

vn 0.015748 1.000000 0.000000

vn 1.000000 -0.015748 0.000000

vn -1.000000 0.015748 0.000000

vn 0.023622 0.125984 0.992126

vn 1.000000 0.000000 0.015748

vn 0.086614 -0.771654 0.629921

vn 0.086614 -0.771654 0.629921

vn 0.000000 0.992126 -0.102362

vn 0.000000 0.992126 -0.102362

vn 0.000000 0.992126 -0.102362

vn 0.086614 -0.771654 0.629921

vn 0.023622 -0.125984 -0.992126

vn 0.023622 -0.125984 -0.992126

vn 0.023622 -0.125984 -0.992126

vn 0.000000 -0.992126 0.102362

vn 0.000000 -0.992126 0.102362

vn 0.000000 -0.992126 0.102362

vn 1.000000 0.000000 -0.015748

vn 1.000000 0.000000 -0.015748

vn 1.000000 0.000000 -0.015748

vn 0.086614 -0.771654 0.629921

vn 0.086614 -0.771654 0.629921

vn 0.086614 -0.771654 0.629921

vn 0.086614 0.456693 0.881890

vn 0.086614 0.456693 0.881890

vn 0.086614 0.456693 0.881890

vn 0.000000 -0.992126 0.102362

vn -0.992126 -0.062992 0.141732

vn -0.992126 -0.062992 0.141732

vn -0.992126 -0.062992 0.141732

vn -0.086614 -0.456693 -0.881890

vn -0.086614 -0.456693 -0.881890

vn -0.086614 -0.456693 -0.881890

vn 0.984252 0.062992 -0.141732

vn 0.984252 0.062992 -0.141732

vn 0.984252 0.062992 -0.141732

vn -0.984252 -0.062992 0.141732

vn -0.984252 -0.062992 0.141732

vn -0.984252 -0.062992 0.141732

vn 1.000000 -0.015748 0.000000

vn -1.000000 0.015748 0.000000

vn 0.086614 -0.771654 0.629921

vn -0.086614 0.771654 0.629921

vn -0.086614 0.771654 0.629921

vn -0.086614 0.771654 0.629921

vn -0.086614 0.771654 -0.629921

vn -0.086614 0.771654 -0.629921

vn -0.086614 0.771654 -0.629921

vn 0.984252 0.062992 0.141732

vn 0.984252 0.062992 0.141732

vn 0.984252 0.062992 0.141732

vn 0.086614 0.456693 -0.881890

vn 0.086614 0.456693 -0.881890

vn 0.086614 0.456693 -0.881890

vn -0.086614 -0.456693 0.881890

vn -0.086614 -0.456693 0.881890

vn -0.086614 -0.456693 0.881890

vn -0.992126 -0.062992 -0.141732

vn -0.992126 -0.062992 -0.141732

vn -0.992126 -0.062992 -0.141732

vn -0.984252 -0.062992 -0.141732

vn -0.984252 -0.062992 -0.141732

vn -0.984252 -0.062992 -0.141732

vn 0.086614 -0.771654 -0.629921

vn 0.086614 -0.771654 -0.629921

vn 0.086614 -0.771654 -0.629921

vn 0.086614 -0.771654 -0.629921

vn 0.086614 -0.771654 -0.629921

vn 0.086614 -0.771654 -0.629921

vn 0.086614 -0.771654 -0.629921

vn -0.992126 -0.133858 0.000000

vn 0.015748 1.000000 0.000000

vn -0.015748 -1.000000 0.000000

vn 0.086614 0.456693 -0.881890

vn -0.992126 -0.062992 -0.141732

vn -0.086614 -0.456693 0.881890

vn -0.984252 -0.062992 -0.141732

vn 0.984252 0.062992 0.141732

vn -0.086614 -0.456693 -0.881890

vn -0.992126 -0.062992 0.141732

vn -0.984252 -0.062992 0.141732

vn 0.086614 0.456693 0.881890

vn 0.984252 0.062992 -0.141732

vn 0.000000 -0.015748 1.000000

vn 0.000000 0.015748 -1.000000

vn 0.000000 -1.000000 -0.015748

vn 0.000000 -1.000000 -0.015748

vn 0.000000 -1.000000 -0.015748

vn 0.000000 1.000000 0.015748

vn 0.000000 1.000000 0.015748

vn 0.000000 1.000000 0.015748

vn 0.000000 0.015748 -1.000000

vn 0.000000 -0.015748 1.000000

vn 0.000000 -1.000000 -0.015748

vn 0.000000 1.000000 0.015748

vn 0.929134 -0.346457 0.157480

vn 0.929134 -0.346457 0.157480

vn 0.929134 -0.346457 0.157480

vn 0.110236 -0.173228 -0.976378

vn 0.110236 -0.173228 -0.976378

vn 0.110236 -0.173228 -0.976378

vn -0.110236 0.173228 0.976378

vn -0.110236 0.173228 0.976378

vn -0.110236 0.173228 0.976378

vn -0.921260 0.346457 -0.157480

vn -0.921260 0.346457 -0.157480

vn -0.921260 0.346457 -0.157480

vn 0.921260 -0.346457 0.157480

vn 0.921260 -0.346457 0.157480

vn 0.921260 -0.346457 0.157480

vn 0.000000 -0.015748 1.000000

vn 0.000000 0.015748 -1.000000

vn 0.000000 -1.000000 -0.015748

vn 0.000000 1.000000 0.015748

vn -0.110236 -0.173228 -0.976378

vn -0.110236 -0.173228 -0.976378

vn -0.110236 -0.173228 -0.976378

vn 0.110236 0.173228 0.976378

vn 0.110236 0.173228 0.976378

vn 0.110236 0.173228 0.976378

vn -0.921260 -0.346457 0.157480

vn -0.921260 -0.346457 0.157480

vn -0.921260 -0.346457 0.157480

vn 0.921260 0.346457 -0.157480

vn 0.921260 0.346457 -0.157480

vn 0.921260 0.346457 -0.157480

vn -1.000000 0.000000 0.000000

vn -1.000000 0.000000 0.000000

vn -1.000000 0.000000 0.000000

vn 0.551181 0.834646 -0.055118

vn 0.551181 0.834646 -0.055118

vn 0.551181 0.834646 -0.055118

vn -1.000000 0.000000 0.000000

vn 0.000000 -0.984252 0.157480

vn 0.000000 -0.984252 0.157480

vn 0.000000 -0.984252 0.157480

vn 0.000000 -0.984252 0.157480

vn 0.000000 -0.157480 -0.984252

vn 0.000000 -0.157480 -0.984252

vn 0.000000 -0.157480 -0.984252

vn 0.000000 0.157480 0.984252

vn 0.000000 0.157480 0.984252

vn 0.000000 0.157480 0.984252

vn 1.000000 0.000000 0.000000

vn 1.000000 0.000000 0.000000

vn 1.000000 0.000000 0.000000

vn 0.551181 0.834646 -0.055118

vn 0.551181 0.834646 -0.055118

vn 0.551181 0.834646 -0.055118

vn 0.551181 0.834646 -0.055118

vn 0.551181 0.834646 -0.055118

vn 0.551181 0.834646 -0.055118

vn 0.000000 -0.157480 -0.984252

vn 0.000000 0.157480 0.984252

vn 0.921260 0.346457 -0.157480

vn 0.000000 -0.984252 0.181102

vn 0.000000 -0.984252 0.181102

vn 0.000000 0.984252 -0.181102

vn 0.000000 0.984252 -0.181102

vn 1.000000 0.000000 0.000000

vn 0.000000 0.984252 -0.181102

vn 0.000000 -0.984252 0.181102

vn -0.078740 -0.125984 -0.992126

vn -0.078740 -0.125984 -0.992126

vn -0.078740 -0.125984 -0.992126

vn 0.078740 0.125984 0.992126

vn 0.078740 0.125984 0.992126

vn 0.078740 0.125984 0.992126

vn -0.834646 -0.535433 0.125984

vn -0.834646 -0.535433 0.125984

vn -0.834646 -0.535433 0.125984

vn 0.834646 0.535433 -0.125984

vn 0.834646 0.535433 -0.125984

vn 0.834646 0.535433 -0.125984

vn -0.480315 0.874016 -0.055118

vn -0.480315 0.874016 -0.055118

vn -0.480315 0.874016 -0.055118

vn -0.078740 -0.125984 -0.992126

vn -0.834646 -0.535433 0.125984

vn 0.834646 0.535433 -0.125984

vn 0.000000 0.984252 -0.157480

vn 0.000000 0.984252 -0.157480

vn 0.000000 0.984252 -0.157480

vn 0.000000 0.984252 -0.157480

vn 0.078740 -0.125984 -0.992126

vn 0.078740 -0.125984 -0.992126

vn 0.078740 -0.125984 -0.992126

vn -0.078740 0.125984 0.992126

vn -0.078740 0.125984 0.992126

vn -0.078740 0.125984 0.992126

vn 0.834646 -0.535433 0.125984

vn 0.834646 -0.535433 0.125984

vn 0.834646 -0.535433 0.125984

vn -0.834646 0.535433 -0.125984

vn -0.834646 0.535433 -0.125984

vn -0.834646 0.535433 -0.125984

vn -0.834646 0.535433 -0.125984

vn 0.834646 -0.535433 0.125984

vn 0.551181 -0.834646 0.055118

vn 0.551181 -0.834646 0.055118

vn 0.078740 -0.125984 -0.992126

vn 0.480315 0.874016 -0.055118

vn 0.480315 0.874016 -0.055118

vn 0.480315 0.874016 -0.055118

vn -0.551181 -0.834646 0.055118

vn -0.551181 -0.834646 0.055118

vn -0.551181 -0.834646 0.055118

vn -1.000000 0.000000 -0.015748

vn -1.000000 0.000000 -0.015748

vn -0.551181 -0.834646 0.055118

vn -0.551181 -0.834646 0.055118

vn -0.551181 -0.834646 0.055118

vn 0.551181 -0.834646 0.055118

vn -1.000000 0.000000 -0.015748

vn -1.000000 0.000000 -0.015748

vn -1.000000 0.000000 -0.015748

vn -1.000000 0.000000 -0.015748

vn -0.551181 -0.834646 0.055118

vn 0.000000 -0.992126 0.102362

vn 0.000000 -0.992126 0.102362

vn 0.023622 -0.125984 -0.992126

vn -0.023622 0.125984 0.992126

vn -0.023622 0.125984 0.992126

vn -0.023622 0.125984 0.992126

vn 0.000000 0.992126 -0.102362

vn 0.551181 -0.834646 0.055118

vn 0.551181 -0.834646 0.055118

vn 0.551181 -0.834646 0.055118

vn 0.000000 -0.992126 0.102362

vn -0.023622 0.125984 0.992126

vn 1.000000 0.000000 0.015748

vn -0.921260 -0.346457 0.157480

vn -0.110236 -0.173228 -0.976378

vn 0.110236 0.173228 0.976378

vn 1.000000 0.000000 0.015748

vn 0.929134 -0.346457 0.157480

vn -0.110236 0.173228 0.976378

vn 0.110236 -0.173228 -0.976378

vn 0.921260 -0.346457 0.157480

vn -0.921260 0.346457 -0.157480

vn -0.874016 0.244094 -0.417323

vn -0.874016 0.244094 -0.417323

vn -0.874016 0.244094 -0.417323

vn -0.322835 -0.913386 0.251969

vn -0.322835 -0.913386 0.251969

vn -0.322835 -0.913386 0.251969

vn 0.322835 0.913386 -0.251969

vn 0.322835 0.913386 -0.251969

vn 0.322835 0.913386 -0.251969

vn 0.000000 -0.440945 0.897638

vn 0.000000 -0.440945 0.897638

vn 0.000000 -0.440945 0.897638

vn -0.874016 0.244094 -0.417323

vn 0.874016 -0.244094 0.417323

vn 0.874016 -0.244094 0.417323

vn 0.874016 -0.244094 0.417323

vn -0.322835 -0.913386 0.251969

vn 0.322835 0.913386 -0.251969

vn 0.874016 -0.244094 0.417323

vn -0.062992 -0.118110 0.992126

vn -0.062992 -0.118110 0.992126

vn -0.062992 -0.118110 0.992126

vn 0.000000 0.125984 -0.992126

vn 0.000000 0.125984 -0.992126

vn 0.000000 0.125984 -0.992126

vn -0.992126 0.133858 0.000000

vn -0.992126 0.133858 0.000000

vn -0.992126 0.133858 0.000000

vn 0.015748 -0.929134 -0.377953

vn 0.015748 -0.929134 -0.377953

vn 0.015748 -0.929134 -0.377953

vn -0.015748 0.929134 0.377953

vn -0.015748 0.929134 0.377953

vn -0.015748 0.929134 0.377953

vn -1.000000 -0.015748 -0.007874

vn -1.000000 -0.015748 -0.007874

vn -1.000000 -0.015748 -0.007874

vn 1.000000 0.015748 0.007874

vn 1.000000 0.015748 0.007874

vn 1.000000 0.015748 0.007874

vn 0.992126 -0.125984 -0.047244

vn 0.992126 -0.125984 -0.047244

vn 0.992126 -0.125984 -0.047244

vn -0.992126 0.133858 0.000000

vn 0.000000 -0.118110 0.992126

vn 0.000000 -0.118110 0.992126

vn 0.000000 -0.118110 0.992126

vn 0.000000 -0.118110 0.992126

vn 0.992126 -0.133858 0.000000

vn 0.992126 -0.133858 0.000000

vn 0.992126 -0.133858 0.000000

vn 0.000000 1.000000 0.000000

vn 0.000000 1.000000 0.000000

vn 0.000000 1.000000 0.000000

vn 0.000000 -1.000000 0.000000

vn 0.000000 -1.000000 0.000000

vn 0.000000 -1.000000 0.000000

vn -1.000000 0.000000 0.000000

vn -1.000000 0.000000 0.000000

vn -1.000000 0.000000 0.000000

vn 0.000000 1.000000 0.000000

vn -1.000000 0.000000 0.000000

vn 1.000000 0.000000 0.000000

vn 0.000000 -1.000000 0.000000

vn 0.000000 0.000000 -1.000000

vn 0.000000 0.000000 -1.000000

vn 0.000000 0.000000 -1.000000

vn -1.000000 -0.015748 -0.007874

vn 1.000000 0.015748 0.007874

vn -0.015748 0.929134 0.377953

vn 0.000000 0.000000 -1.000000

vn -0.039370 -0.929134 0.377953

vn -0.039370 -0.929134 0.377953

vn -0.039370 -0.929134 0.377953

vn -1.000000 0.039370 -0.031496

vn -1.000000 0.039370 -0.031496

vn -1.000000 0.039370 -0.031496

vn 0.039370 0.929134 -0.377953

vn 0.039370 0.929134 -0.377953

vn 1.000000 -0.039370 0.031496

vn 1.000000 -0.039370 0.031496

vn 1.000000 -0.039370 0.031496

vn 0.000000 0.000000 1.000000

vn 0.000000 0.000000 1.000000

vn 1.000000 0.000000 0.000000

vn 1.000000 0.000000 0.000000

vn -1.000000 0.000000 0.000000

vn -1.000000 0.000000 0.000000

vn -1.000000 0.000000 0.000000

vn 1.000000 0.000000 -0.047244

vn 1.000000 0.000000 -0.047244

vn 1.000000 0.000000 -0.047244

vn -0.062992 0.000000 1.000000

vn -0.062992 0.000000 1.000000

vn -0.062992 0.000000 1.000000

vn 0.000000 0.000000 -1.000000

vn 0.000000 0.000000 -1.000000

vn 0.000000 0.000000 -1.000000

vn 0.039370 0.929134 -0.377953

vn -0.992126 0.149606 0.000000

vn -0.992126 0.149606 0.000000

vn -0.992126 0.149606 0.000000

vn 0.992126 -0.141732 -0.031496

vn 0.992126 -0.141732 -0.031496

vn 0.992126 -0.141732 -0.031496

vn 0.000000 0.118110 -0.992126

vn 0.000000 0.118110 -0.992126

vn 0.000000 0.118110 -0.992126

vn -0.039370 -0.110236 0.992126

vn -0.039370 -0.110236 0.992126

vn -0.039370 -0.110236 0.992126

vn 0.937008 -0.086614 -0.338583

vn 0.937008 -0.086614 -0.338583

vn 0.937008 -0.086614 -0.338583

vn 0.031496 0.244094 -0.968504

vn 0.031496 0.244094 -0.968504

vn 0.031496 0.244094 -0.968504

vn -0.039370 -0.929134 0.377953

vn -0.031496 -0.244094 0.968504

vn -0.031496 -0.244094 0.968504

vn -0.031496 -0.244094 0.968504

vn -0.338583 -0.055118 0.937008

vn -0.338583 -0.055118 0.937008

vn -0.338583 -0.055118 0.937008

vn 1.000000 -0.039370 0.031496

vn -1.000000 0.039370 -0.031496

vn 0.937008 -0.086614 -0.338583

vn 0.000000 0.000000 1.000000

vn 1.000000 0.000000 0.000000

vn 1.000000 0.000000 -0.047244

vn -1.000000 0.000000 0.000000

vn 0.000000 0.000000 -1.000000

vn -0.062992 0.000000 1.000000

vn 0.000000 0.000000 -1.000000

vn 0.000000 0.000000 -1.000000

vn 0.000000 0.000000 -1.000000

vn 0.000000 0.000000 1.000000

vn 0.000000 0.000000 1.000000

vn 0.000000 0.000000 1.000000

vn -0.015748 0.440945 0.897638

vn -0.015748 0.440945 0.897638

vn -0.015748 0.440945 0.897638

vn 0.000000 0.125984 -0.992126

vn -0.062992 -0.118110 0.992126

vn 0.992126 -0.133858 0.000000

vn 0.000000 0.000000 1.000000

vn 0.992126 -0.125984 -0.047244

vn 0.000000 0.000000 -1.000000

vn -0.338583 -0.055118 0.937008

vn -0.992126 0.149606 0.000000

vn 0.992126 -0.141732 -0.031496

vn 0.000000 0.118110 -0.992126

vn -0.039370 -0.110236 0.992126

vn 0.023622 -1.000000 0.000000

vn 0.023622 -1.000000 0.000000

vn 0.023622 -1.000000 0.000000

vn 0.000000 -1.000000 0.023622

vn 0.000000 -1.000000 0.023622

vn 0.000000 -1.000000 0.023622

vn 0.023622 -1.000000 0.000000

vn 0.000000 -1.000000 0.023622

vn 0.000000 0.125984 0.992126

vn 0.000000 0.125984 0.992126

vn 0.000000 0.125984 0.992126

vn -0.118110 -0.992126 0.000000

vn -0.118110 -0.992126 0.000000

vn -0.118110 -0.992126 0.000000

vn 0.000000 0.000000 -1.000000

vn 0.000000 0.000000 -1.000000

vn 0.000000 0.000000 -1.000000

vn -0.992126 0.118110 0.000000

vn -0.992126 0.118110 0.000000

vn -0.992126 0.118110 0.000000

vn -0.480315 0.874016 0.000000

vn -0.480315 0.874016 0.000000

vn -0.480315 0.874016 0.000000

vn 0.023622 0.692913 0.724409

vn 0.023622 0.692913 0.724409

vn 0.023622 0.692913 0.724409

vn -0.023622 -0.692913 -0.724409

vn -0.023622 -0.692913 -0.724409

vn -0.023622 -0.692913 -0.724409

vn -0.992126 0.086614 -0.039370

vn -0.992126 0.086614 -0.039370

vn -0.992126 0.086614 -0.039370

vn 0.992126 -0.086614 0.039370

vn 0.992126 -0.086614 0.039370

vn 0.992126 -0.086614 0.039370

vn 0.992126 -0.118110 0.000000

vn 0.992126 -0.118110 0.000000

vn 0.992126 -0.118110 0.000000

vn -0.118110 -0.992126 0.000000

vn 0.000000 0.000000 1.000000

vn 0.000000 0.000000 1.000000

vn 0.000000 0.000000 1.000000

vn 0.118110 0.992126 0.000000

vn 0.118110 0.992126 0.000000

vn 0.118110 0.992126 0.000000

vn 0.118110 0.992126 0.000000

vn -0.023622 -0.692913 0.724409

vn -0.023622 -0.692913 0.724409

vn -0.023622 -0.692913 0.724409

vn 0.992126 -0.086614 -0.039370

vn 0.992126 -0.086614 -0.039370

vn 0.992126 -0.086614 -0.039370

vn -0.992126 0.086614 0.039370

vn -0.992126 0.086614 0.039370

vn -0.992126 0.086614 0.039370

vn 0.023622 0.692913 -0.724409

vn 0.023622 0.692913 -0.724409

vn 0.023622 0.692913 -0.724409

vn 0.000000 0.000000 -1.000000

vn 0.000000 0.000000 -1.000000

vn 0.000000 0.000000 -1.000000

vn -0.023622 -0.692913 0.724409

vn 0.023622 0.692913 -0.724409

vn 0.000000 -1.000000 0.000000

vn 0.000000 -1.000000 0.000000

vn 0.000000 -1.000000 0.000000

vn -1.000000 0.000000 0.000000

vn -1.000000 0.000000 0.000000

vn 1.000000 0.000000 0.000000

vn 1.000000 0.000000 0.000000

vn 1.000000 0.000000 0.000000

vn 0.000000 -1.000000 0.000000

vn -1.000000 0.000000 0.000000

vn 1.000000 0.000000 0.000000

vn 0.000000 0.000000 -1.000000

vn 0.000000 0.125984 0.992126

vn 0.023622 0.692913 0.724409

vn 0.992126 -0.133858 0.000000

vn 0.992126 -0.133858 0.000000

vn 0.992126 -0.133858 0.000000

vn 1.000000 0.000000 0.000000

vn 1.000000 0.000000 0.000000

vn -0.062992 0.000000 -1.000000

vn -0.062992 0.000000 -1.000000

vn -0.062992 0.000000 -1.000000

vn 0.000000 0.000000 1.000000

vn 0.000000 0.000000 1.000000

vn 0.000000 0.000000 1.000000

vn 1.000000 0.000000 0.047244

vn 1.000000 0.000000 0.047244

vn 1.000000 0.000000 0.047244

vn -1.000000 0.000000 0.000000

vn -1.000000 0.000000 0.000000

vn -1.000000 0.000000 0.000000

vn 0.000000 0.000000 -1.000000

vn 0.000000 0.000000 -1.000000

vn -0.480315 0.874016 0.000000

vn 0.480315 -0.874016 0.000000

vn 0.480315 -0.874016 0.000000

vn 0.480315 -0.874016 0.000000

vn 0.000000 -0.220472 -0.976378

vn 0.000000 -0.220472 -0.976378

vn 0.000000 0.220472 0.976378

vn 0.000000 0.220472 0.976378

vn 1.000000 0.000000 0.000000

vn 0.000000 0.000000 1.000000

vn -0.062992 0.000000 -1.000000

vn -1.000000 0.000000 0.000000

vn 0.000000 -0.220472 -0.976378

vn 0.000000 0.220472 0.976378

vn 1.000000 0.000000 0.047244

vn 0.000000 0.000000 -1.000000

vn 0.000000 1.000000 0.000000

vn 0.000000 1.000000 0.000000

vn 0.000000 1.000000 0.000000

vn 0.992126 -0.086614 -0.039370

vn -0.992126 0.086614 0.039370

vn -0.165354 -0.984252 0.000000

vn -0.165354 -0.984252 0.000000

vn -0.165354 -0.984252 0.000000

vn -0.078740 -0.653543 -0.748031

vn -0.078740 -0.653543 -0.748031

vn -0.078740 -0.653543 -0.748031

vn 0.984252 -0.173228 0.000000

vn 0.984252 -0.173228 0.000000

vn 0.984252 -0.173228 0.000000

vn -0.984252 0.173228 0.000000

vn -0.984252 0.173228 0.000000

vn -0.984252 0.173228 0.000000

vn 0.984252 -0.173228 0.000000

vn 0.000000 0.015748 1.000000

vn 0.000000 0.015748 1.000000

vn 0.000000 0.015748 1.000000

vn -0.984252 0.173228 0.000000

vn 0.000000 -1.000000 0.000000

vn 0.000000 -1.000000 0.000000

vn 0.000000 -1.000000 0.000000

vn -1.000000 0.000000 0.000000

vn -1.000000 0.000000 0.000000

vn -1.000000 0.000000 0.000000

vn 1.000000 0.000000 0.000000

vn 0.023622 0.204724 0.976378

vn 0.023622 0.204724 0.976378

vn 0.023622 0.204724 0.976378

vn 0.000000 0.015748 1.000000

vn 0.023622 0.204724 0.976378

vn 0.000000 1.000000 0.000000

vn 0.000000 1.000000 0.000000

vn 0.000000 1.000000 0.000000

vn 0.000000 1.000000 0.000000

vn 0.000000 -1.000000 0.000000

vn -0.992126 0.118110 0.000000

vn 0.992126 -0.118110 0.000000

vn 0.000000 0.000000 1.000000

vn -1.000000 0.000000 0.000000

vn 1.000000 0.000000 0.000000

vn 0.000000 1.000000 0.000000

vn 0.480315 -0.874016 0.000000

vn 0.000000 -1.000000 0.000000

vn -0.937008 0.000000 0.338583

vn -0.937008 0.000000 0.338583

vn -0.937008 0.000000 0.338583

vn 0.937008 0.000000 -0.338583

vn 0.937008 0.000000 -0.338583

vn 0.937008 0.000000 -0.338583

vn 0.000000 -1.000000 0.000000

vn -0.937008 0.000000 0.338583

vn 0.937008 0.000000 -0.338583

vn 0.007874 0.220472 -0.976378

vn 0.007874 0.220472 -0.976378

vn 0.007874 0.220472 -0.976378

vn 0.007874 0.220472 -0.976378

vn -1.000000 0.000000 0.000000

vn -1.000000 0.000000 0.000000

vn -1.000000 0.000000 0.000000

vn 1.000000 0.000000 0.000000

vn 1.000000 0.000000 0.000000

vn 1.000000 0.000000 0.000000

vn -0.023622 -0.692913 -0.724409

vn 0.992126 -0.086614 0.039370

vn -0.992126 0.086614 -0.039370

vn 0.000000 1.000000 0.000000

vn 0.000000 1.000000 0.000000

vn 1.000000 0.000000 0.000000

vn -1.000000 0.000000 0.000000

vn 0.000000 1.000000 0.000000

vn 0.000000 1.000000 0.000000

vn 0.000000 1.000000 0.000000

vn 0.000000 1.000000 0.000000

vn 0.000000 -0.118110 -0.992126

vn 0.000000 -0.118110 -0.992126

vn 0.000000 -0.118110 -0.992126

vn 0.992126 -0.125984 0.047244

vn 0.992126 -0.125984 0.047244

vn 0.992126 -0.125984 0.047244

vn -0.992126 0.133858 0.000000

vn -0.992126 0.133858 0.000000

vn -0.992126 0.133858 0.000000

vn -0.062992 -0.118110 -0.992126

vn -0.062992 -0.118110 -0.992126

vn -0.062992 -0.118110 -0.992126

vn 0.992126 -0.133858 0.000000

vn 0.000000 -0.118110 -0.992126

vn 1.000000 -0.015748 0.000000

vn 1.000000 -0.015748 0.000000

vn -1.000000 0.015748 0.000000

vn -1.000000 0.015748 0.000000

vn -0.015748 -1.000000 0.000000

vn -0.015748 -1.000000 0.000000

vn 0.015748 1.000000 0.000000

vn 0.015748 1.000000 0.000000

vn -0.992126 0.133858 0.000000

vn 0.992126 -0.125984 0.047244

vn -0.062992 -0.118110 -0.992126

vn 0.937008 -0.086614 0.338583

vn 0.937008 -0.086614 0.338583

vn 0.937008 -0.086614 0.338583

vn 0.000000 0.118110 0.992126

vn 0.000000 0.118110 0.992126

vn 0.000000 0.118110 0.992126

vn -0.039370 -0.110236 -0.992126

vn -0.039370 -0.110236 -0.992126

vn -0.039370 -0.110236 -0.992126

vn 0.992126 -0.141732 0.031496

vn 0.992126 -0.141732 0.031496

vn 0.992126 -0.141732 0.031496

vn -0.992126 0.149606 0.000000

vn -0.992126 0.149606 0.000000

vn -0.992126 0.149606 0.000000

vn -0.338583 -0.055118 -0.937008

vn -0.338583 -0.055118 -0.937008

vn -0.338583 -0.055118 -0.937008

vn 0.086614 0.771654 -0.629921

vn 0.086614 0.771654 -0.629921

vn 0.086614 0.771654 -0.629921

vn -1.000000 0.015748 0.000000

vn 1.000000 -0.015748 0.000000

vn -0.015748 -1.000000 0.000000

vn 0.015748 1.000000 0.000000

vn 0.015748 1.000000 0.000000

vn -0.015748 -1.000000 0.000000

vn 1.000000 -0.015748 0.000000

vn 0.015748 1.000000 0.000000

vn -0.015748 -1.000000 0.000000

vn -1.000000 0.015748 0.000000

vn 0.937008 -0.086614 0.338583

vn 0.000000 -0.984252 -0.181102

vn 0.000000 -0.984252 -0.181102

vn 0.000000 -0.984252 -0.181102

vn 0.000000 0.984252 0.181102

vn 0.000000 0.984252 0.181102

vn 0.000000 0.984252 0.181102

vn 0.000000 0.118110 0.992126

vn -0.039370 -0.110236 -0.992126

vn -0.992126 0.149606 0.000000

vn 0.992126 -0.141732 0.031496

vn -0.338583 -0.055118 -0.937008

vn -0.086614 -0.771654 0.629921

vn -0.086614 -0.771654 0.629921

vn -0.086614 -0.771654 0.629921

vn -0.086614 -0.771654 0.629921

vn -0.086614 -0.771654 0.629921

vn -0.086614 -0.771654 0.629921

vn -0.086614 -0.771654 0.629921

vn 0.984252 -0.062992 0.141732

vn 0.984252 -0.062992 0.141732

vn 0.984252 -0.062992 0.141732

vn -0.023622 -1.000000 -0.007874

vn -0.023622 -1.000000 -0.007874

vn -0.023622 -1.000000 -0.007874

vn 0.023622 1.000000 0.007874

vn 0.023622 1.000000 0.007874

vn 0.023622 1.000000 0.007874

vn -0.984252 0.062992 -0.141732

vn -0.984252 0.062992 -0.141732

vn -0.984252 0.062992 -0.141732

vn 0.086614 -0.456693 -0.881890

vn 0.086614 -0.456693 -0.881890

vn 0.086614 -0.456693 -0.881890

vn -0.086614 0.456693 0.881890

vn -0.086614 0.456693 0.881890

vn -0.086614 0.456693 0.881890

vn 0.992126 -0.062992 0.141732

vn 0.992126 -0.062992 0.141732

vn 0.992126 -0.062992 0.141732

vn 0.000000 -1.000000 -0.023622

vn 0.000000 -1.000000 -0.023622

vn 0.000000 -1.000000 -0.023622

vn 0.000000 -1.000000 0.078740

vn 0.000000 -1.000000 0.078740

vn 0.015748 -1.000000 0.000000

vn 0.015748 -1.000000 0.000000

vn 0.015748 -1.000000 0.000000

vn 1.000000 0.015748 0.000000

vn -0.015748 1.000000 0.000000

vn -0.015748 1.000000 0.000000

vn -0.015748 1.000000 0.000000

vn 0.015748 -1.000000 0.000000

vn -1.000000 -0.015748 0.000000

vn -1.000000 -0.015748 0.000000

vn 1.000000 0.015748 0.000000

vn 0.015748 -1.000000 0.000000

vn -0.015748 1.000000 0.000000

vn 0.992126 -0.062992 0.141732

vn -0.086614 0.456693 0.881890

vn 0.086614 -0.456693 -0.881890

vn 0.984252 -0.062992 0.141732

vn -0.984252 0.062992 -0.141732

vn 1.000000 0.015748 0.000000

vn 0.023622 -1.000000 0.000000

vn 0.023622 -1.000000 0.000000

vn 0.023622 -1.000000 0.000000

vn -0.078740 -1.000000 0.000000

vn -0.078740 -1.000000 0.000000

vn -0.078740 -1.000000 0.000000

vn 0.000000 -1.000000 0.078740

vn -0.015748 1.000000 0.000000

vn -1.000000 -0.015748 0.000000

vn 0.000000 0.440945 0.897638

vn 0.000000 0.440945 0.897638

vn 0.000000 0.440945 0.897638

vn -0.937008 0.000000 -0.338583

vn -0.937008 0.000000 -0.338583

vn -0.937008 0.000000 -0.338583

vn 0.000000 0.015748 1.000000

vn 0.000000 0.015748 1.000000

vn 0.000000 0.015748 1.000000

vn 0.000000 -1.000000 0.000000

vn 0.000000 -1.000000 0.000000

vn 0.000000 -1.000000 0.000000

vn 0.000000 0.015748 1.000000

vn 0.000000 1.000000 0.000000

vn 0.000000 1.000000 0.000000

vn 0.000000 1.000000 0.000000

vn 0.000000 1.000000 0.000000

vn 0.000000 1.000000 0.000000

vn 1.000000 0.000000 0.000000

vn 1.000000 0.000000 0.000000

vn 1.000000 0.000000 0.000000

vn -1.000000 0.000000 0.000000

vn -1.000000 0.000000 0.000000

vn -1.000000 0.000000 0.000000

vn 0.000000 1.000000 0.000000

vn 0.937008 0.000000 0.338583

vn -0.937008 0.000000 -0.338583

vn 1.000000 0.000000 0.000000

vn 0.000000 -1.000000 0.000000

vn -1.000000 0.000000 0.000000

vn 1.000000 0.000000 0.000000

vn 1.000000 0.000000 0.000000

vn 1.000000 0.000000 0.000000

vn -0.007874 0.220472 -0.976378

vn -0.007874 0.220472 -0.976378

vn -0.007874 0.220472 -0.976378

vn -1.000000 0.000000 0.000000

vn -1.000000 0.000000 0.000000

vn -1.000000 0.000000 0.000000

vn 1.000000 0.000000 0.000000

vn 1.000000 0.000000 0.000000

vn 1.000000 0.000000 0.000000

vn -1.000000 0.000000 0.000000

vn -1.000000 0.000000 0.000000

vn 0.000000 -1.000000 0.000000

vn 0.000000 -1.000000 0.000000

vn 0.000000 -1.000000 0.000000

vn -1.000000 0.000000 0.000000

vn 0.000000 -1.000000 0.000000

vn -0.023622 0.692913 -0.724409

vn -0.023622 0.692913 -0.724409

vn -0.023622 0.692913 -0.724409

vn 0.992126 0.086614 0.039370

vn 0.992126 0.086614 0.039370

vn 0.992126 0.086614 0.039370

vn 0.023622 -0.692913 0.724409

vn 0.023622 -0.692913 0.724409

vn 0.023622 -0.692913 0.724409

vn 0.000000 0.000000 1.000000

vn 0.000000 0.000000 1.000000

vn 0.000000 0.000000 -1.000000

vn 0.000000 0.000000 -1.000000

vn 0.000000 0.000000 1.000000

vn 0.000000 0.000000 -1.000000

vn 1.000000 0.000000 0.000000

vn 1.000000 0.000000 0.000000

vn -1.000000 0.000000 0.000000

vn -1.000000 0.000000 0.000000

vn 0.000000 -1.000000 0.000000

vn 0.000000 -1.000000 0.000000

vn 0.000000 -1.000000 0.000000

vn -0.992126 -0.086614 -0.039370

vn -0.992126 -0.086614 -0.039370

vn -0.992126 -0.086614 -0.039370

vn -0.023622 0.692913 -0.724409

vn 0.023622 -0.692913 0.724409

vn 0.992126 0.086614 0.039370

vn -0.007874 0.220472 -0.976378

vn 0.000000 -1.000000 0.000000

vn -0.023622 0.204724 0.976378

vn -0.023622 0.204724 0.976378

vn -0.023622 0.204724 0.976378

vn -0.023622 0.204724 0.976378

vn 1.000000 0.000000 0.000000

vn 0.000000 -1.000000 0.000000

vn 0.078740 -0.653543 0.748031

vn 0.078740 -0.653543 0.748031

vn 0.078740 -0.653543 0.748031

vn -0.023622 0.692913 0.724409

vn -0.023622 0.692913 0.724409

vn -0.023622 0.692913 0.724409

vn 0.992126 0.086614 -0.039370

vn 0.992126 0.086614 -0.039370

vn 0.992126 0.086614 -0.039370

vn -0.992126 -0.086614 0.039370

vn -0.992126 -0.086614 0.039370

vn -0.992126 -0.086614 0.039370

vn 0.023622 -0.692913 -0.724409

vn 0.023622 -0.692913 -0.724409

vn 0.023622 -0.692913 -0.724409

vn 0.984252 0.173228 0.000000

vn 0.984252 0.173228 0.000000

vn 0.984252 0.173228 0.000000

vn -0.984252 -0.173228 0.000000

vn -0.984252 -0.173228 0.000000

vn -0.984252 -0.173228 0.000000

vn 0.984252 0.173228 0.000000

vn -0.984252 -0.173228 0.000000

vn 0.000000 0.015748 -1.000000

vn 0.000000 0.015748 -1.000000

vn 0.000000 0.015748 -1.000000

vn -0.023622 0.204724 -0.976378

vn -0.023622 0.204724 -0.976378

vn -0.023622 0.204724 -0.976378

vn -0.023622 0.204724 -0.976378

vn 0.165354 -0.984252 0.000000

vn 0.165354 -0.984252 0.000000

vn 0.165354 -0.984252 0.000000

vn -0.023622 0.692913 0.724409

vn 0.023622 -0.692913 -0.724409

vn -0.992126 -0.086614 0.039370

vn 0.992126 0.086614 -0.039370

vn 1.000000 0.000000 0.000000

vn 0.000000 -1.000000 0.000000

vn 0.984252 0.173228 0.000000

vn 0.984252 0.173228 0.000000

vn 0.984252 0.173228 0.000000

vn -0.984252 -0.173228 0.000000

vn -0.984252 -0.173228 0.000000

vn -0.984252 -0.173228 0.000000

vn 0.984252 0.173228 0.000000

vn 0.000000 0.015748 -1.000000

vn -0.984252 -0.173228 0.000000

vn 0.078740 -0.653543 -0.748031

vn 0.078740 -0.653543 -0.748031

vn 0.078740 -0.653543 -0.748031

vn -1.000000 0.000000 0.000000

vn -1.000000 0.000000 0.000000

vn -1.000000 0.000000 0.000000

vn 1.000000 0.000000 0.000000

vn 1.000000 0.000000 0.000000

vn 1.000000 0.000000 0.000000

vn -1.000000 0.000000 0.000000

vn 1.000000 0.000000 0.000000

vn 0.000000 1.000000 0.000000

vn 0.000000 1.000000 0.000000

vn 0.000000 1.000000 0.000000

vn 0.000000 1.000000 0.000000

vn -0.007874 0.220472 0.976378

vn -0.007874 0.220472 0.976378

vn -0.007874 0.220472 0.976378

vn -0.007874 0.220472 0.976378

vn 0.000000 1.000000 0.000000

vn 0.000000 1.000000 0.000000

vn 0.000000 1.000000 0.000000

vn 0.000000 1.000000 0.000000

vn 0.000000 1.000000 0.000000

vn 0.000000 1.000000 0.000000

vn 0.000000 1.000000 0.000000

vn 0.000000 1.000000 0.000000

vn 0.055118 -0.921260 0.377953

vn 0.055118 -0.921260 0.377953

vn 0.055118 -0.921260 0.377953

vn 1.000000 0.062992 -0.023622

vn 1.000000 0.062992 -0.023622

vn 1.000000 0.062992 -0.023622

vn -0.055118 0.921260 -0.377953

vn -0.055118 0.921260 -0.377953

vn -1.000000 -0.062992 0.023622

vn -1.000000 -0.062992 0.023622

vn -1.000000 -0.062992 0.023622

vn 0.165354 -0.984252 0.000000

vn 0.165354 -0.984252 0.000000

vn 0.165354 -0.984252 0.000000

vn -0.992126 -0.086614 -0.039370

vn 0.055118 -0.921260 0.377953

vn -0.055118 0.921260 -0.377953

vn 1.000000 0.062992 -0.023622

vn -1.000000 -0.062992 0.023622

vn -0.992126 -0.125984 -0.015748

vn -0.992126 -0.125984 -0.015748

vn -0.992126 -0.125984 -0.015748

vn 0.078740 -0.677165 -0.732283

vn 0.078740 -0.677165 -0.732283

vn 0.078740 -0.677165 -0.732283

vn 0.078740 -0.787402 0.614173

vn 0.078740 -0.787402 0.614173

vn 0.078740 -0.787402 0.614173

vn 1.000000 0.055118 -0.023622

vn 1.000000 0.055118 -0.023622

vn -1.000000 -0.055118 0.023622

vn -1.000000 -0.055118 0.023622

vn -1.000000 -0.055118 0.023622

vn 1.000000 0.055118 -0.023622

vn 0.992126 0.125984 0.015748

vn 0.992126 0.125984 0.015748

vn 0.992126 0.125984 0.015748

vn 0.732283 0.677165 -0.062992

vn 0.732283 0.677165 -0.062992

vn 0.732283 0.677165 -0.062992

vn 0.732283 0.677165 -0.062992

vn 0.732283 0.677165 -0.062992

vn 0.732283 0.677165 -0.062992

vn -0.078740 0.677165 0.732283

vn -0.078740 0.677165 0.732283

vn -0.078740 0.677165 0.732283

vn -0.078740 0.677165 0.732283

vn -0.078740 0.677165 0.732283

vn -0.078740 0.677165 0.732283

vn -0.062992 1.000000 0.007874

vn -0.062992 1.000000 0.007874

vn 0.062992 -1.000000 -0.007874

vn 0.062992 -1.000000 -0.007874

vn 0.000000 -1.000000 0.062992

vn 0.000000 -1.000000 0.062992

vn 0.000000 -1.000000 0.062992

vn 0.000000 1.000000 -0.062992

vn 0.000000 1.000000 -0.062992

vn 0.000000 1.000000 -0.062992

vn 0.000000 0.110236 0.992126

vn 0.000000 0.110236 0.992126

vn 0.000000 0.110236 0.992126

vn 0.614173 -0.787402 0.078740

vn 0.614173 -0.787402 0.078740

vn 0.614173 -0.787402 0.078740

vn -0.614173 0.787402 -0.078740

vn -0.614173 0.787402 -0.078740

vn -0.614173 0.787402 -0.078740

vn 0.000000 -0.110236 -0.992126

vn 0.000000 -0.110236 -0.992126

vn 0.000000 -0.110236 -0.992126

vn 0.992126 0.125984 0.015748

vn -0.992126 -0.125984 -0.015748

vn -0.078740 0.787402 -0.614173

vn -0.078740 0.787402 -0.614173

vn -0.078740 0.787402 -0.614173

vn 0.078740 -0.787402 0.614173

vn -0.062992 1.000000 0.007874

vn 0.062992 -1.000000 -0.007874

vn 0.582677 0.811024 0.062992

vn 0.582677 0.811024 0.062992

vn 0.598425 0.803150 0.055118

vn 0.598425 0.803150 0.055118

vn 0.598425 0.803150 0.055118

vn 0.000000 -1.000000 -0.062992

vn 0.000000 -1.000000 -0.062992

vn 0.000000 1.000000 0.062992

vn 0.000000 1.000000 0.062992

vn 0.000000 -0.086614 1.000000

vn 0.000000 -0.086614 1.000000

vn 0.000000 -0.086614 1.000000

vn 0.000000 -0.086614 1.000000

vn 0.000000 -0.086614 1.000000

vn 0.000000 -0.086614 1.000000

vn -0.748031 0.661417 0.047244

vn -0.748031 0.661417 0.047244

vn -0.748031 0.661417 0.047244

vn 0.748031 -0.661417 -0.047244

vn 0.748031 -0.661417 -0.047244

vn 0.748031 -0.661417 -0.047244

vn 0.000000 0.086614 -1.000000

vn 0.000000 0.086614 -1.000000

vn 0.000000 0.086614 -1.000000

vn 0.748031 -0.661417 -0.039370

vn 0.748031 -0.661417 -0.039370

vn 0.748031 -0.661417 -0.039370

vn -0.748031 0.661417 0.047244

vn -0.748031 0.661417 0.047244

vn -0.748031 0.661417 0.047244

vn 0.614173 -0.787402 0.078740

vn -0.614173 0.787402 -0.078740

vn 0.007874 -0.110236 0.992126

vn 0.007874 -0.110236 0.992126

vn 0.007874 -0.110236 0.992126

vn 0.000000 1.000000 0.062992

vn 0.000000 -1.000000 -0.062992

vn 0.748031 -0.661417 -0.039370

vn 0.748031 -0.661417 -0.047244

vn 0.000000 -0.086614 1.000000

vn -0.748031 0.661417 0.047244

vn 0.000000 -0.086614 1.000000

vn 0.000000 0.086614 -1.000000

vn -0.748031 0.661417 0.047244

vn 0.007874 1.000000 0.062992

vn 0.007874 1.000000 0.062992

vn -0.007874 -1.000000 -0.062992

vn -0.007874 -1.000000 -0.062992

vn 0.007874 1.000000 0.062992

vn -0.007874 -1.000000 -0.062992

vn -0.598425 -0.803150 -0.055118

vn -0.598425 -0.803150 -0.055118

vn -0.598425 -0.803150 -0.055118

vn -0.598425 -0.803150 -0.055118

vn -0.598425 -0.803150 -0.055118

vn -0.598425 -0.803150 -0.055118

vn -0.598425 -0.803150 -0.055118

vn 0.598425 0.803150 0.055118

vn 0.582677 0.811024 0.062992

vn -0.007874 0.110236 -0.992126

vn -0.007874 0.110236 -0.992126

vn -0.007874 0.110236 -0.992126

vn 0.440945 -0.889764 -0.086614

vn 0.440945 -0.889764 -0.086614

vn 0.440945 -0.889764 -0.086614

vn -0.440945 0.889764 0.086614

vn -0.440945 0.889764 0.086614

vn -0.440945 0.889764 0.086614

vn 0.881890 0.456693 -0.102362

vn 0.881890 0.456693 -0.102362

vn 0.881890 0.456693 -0.102362

vn -0.881890 -0.456693 0.102362

vn -0.881890 -0.456693 0.102362

vn -0.881890 -0.456693 0.102362

vn -0.748031 -0.661417 -0.047244

vn -0.748031 -0.661417 -0.047244

vn 0.748031 0.661417 0.039370

vn 0.748031 0.661417 0.039370

vn 0.748031 0.661417 0.039370

vn -0.748031 -0.661417 -0.039370

vn -0.748031 -0.661417 -0.039370

vn -0.748031 -0.661417 -0.039370

vn -0.015748 -0.102362 0.992126

vn -0.015748 -0.102362 0.992126

vn -0.015748 -0.102362 0.992126

vn -0.007874 1.000000 0.062992

vn -0.007874 1.000000 0.062992

vn -0.007874 1.000000 0.062992

vn 0.007874 -1.000000 -0.062992

vn 0.007874 -1.000000 -0.062992

vn 0.007874 -1.000000 -0.062992

vn 0.000000 -0.086614 1.000000

vn 0.000000 -0.086614 1.000000

vn 0.000000 -0.086614 1.000000

vn 0.000000 0.086614 -1.000000

vn 0.000000 0.086614 -1.000000

vn 0.000000 0.086614 -1.000000

vn 0.748031 0.661417 0.047244

vn 0.748031 0.661417 0.047244

vn 0.748031 0.661417 0.047244

vn -0.748031 -0.661417 -0.039370

vn -0.748031 -0.661417 -0.047244

vn 0.000000 0.086614 -1.000000

vn 0.748031 0.661417 0.039370

vn -0.015748 -0.102362 0.992126

vn 0.000000 -0.086614 1.000000

vn 0.748031 0.661417 0.047244

vn -0.881890 0.456693 -0.102362

vn -0.881890 0.456693 -0.102362

vn -0.881890 0.456693 -0.102362

vn 0.881890 -0.456693 0.102362

vn 0.881890 -0.456693 0.102362

vn 0.000000 1.000000 0.062992

vn 0.000000 1.000000 0.062992

vn 0.000000 -1.000000 -0.062992

vn 0.000000 -1.000000 -0.062992

vn 0.000000 -1.000000 -0.062992

vn 0.000000 1.000000 0.062992

vn 0.007874 0.110236 -0.992126

vn 0.007874 0.110236 -0.992126

vn 0.007874 0.110236 -0.992126

vn -0.007874 -0.110236 0.992126

vn -0.007874 -0.110236 0.992126

vn -0.007874 -0.110236 0.992126

vn -0.440945 -0.889764 -0.086614

vn -0.440945 -0.889764 -0.086614

vn -0.440945 -0.889764 -0.086614

vn 0.440945 0.889764 0.086614

vn 0.440945 0.889764 0.086614

vn 0.440945 0.889764 0.086614

vn -1.000000 0.000000 0.000000

vn -1.000000 0.000000 0.000000

vn -1.000000 0.000000 0.000000

vn -1.000000 0.000000 0.000000

vn -0.440945 0.889764 0.086614

vn 0.440945 -0.889764 -0.086614

vn 0.000000 -1.000000 0.000000

vn 0.000000 -1.000000 0.000000

vn 0.000000 0.000000 -1.000000

vn 0.000000 0.000000 -1.000000

vn 0.000000 0.000000 -1.000000

vn 0.614173 -0.787402 -0.055118

vn 0.614173 -0.787402 -0.055118

vn 0.614173 -0.787402 -0.055118

vn 0.598425 -0.803150 -0.055118

vn 0.598425 -0.803150 -0.055118

vn 0.598425 -0.803150 -0.055118

vn 0.598425 -0.803150 -0.055118

vn 0.614173 -0.787402 -0.055118

vn 0.000000 0.000000 1.000000

vn 0.000000 0.000000 1.000000

vn 0.000000 -1.000000 0.000000

vn 0.000000 -1.000000 0.000000

vn 0.000000 -1.000000 0.000000

vn 0.000000 1.000000 0.000000

vn 0.000000 1.000000 0.000000

vn -1.000000 0.000000 0.000000

vn -1.000000 0.000000 0.000000

vn -1.000000 0.000000 0.000000

vn 0.000000 -1.000000 0.000000

vn 0.000000 0.000000 -1.000000

vn 0.000000 0.000000 -1.000000

vn 0.000000 0.000000 -1.000000

vn -1.000000 0.000000 0.000000

vn 0.000000 0.000000 1.000000

vn 0.000000 0.000000 1.000000

vn 0.000000 0.000000 -1.000000

vn 0.000000 1.000000 0.000000

vn 0.000000 1.000000 0.000000

vn 0.000000 -1.000000 0.000000

vn 0.000000 -1.000000 0.000000

vn 0.000000 -1.000000 0.000000

vn 0.000000 -1.000000 0.000000

vn 0.000000 -1.000000 0.000000

vn 0.000000 0.000000 -1.000000

vn 0.000000 0.000000 -1.000000

vn 0.000000 0.000000 -1.000000

vn 0.000000 0.000000 1.000000

vn 0.000000 0.000000 1.000000

vn 0.000000 0.000000 1.000000

vn 1.000000 0.000000 0.000000

vn 1.000000 0.000000 0.000000

vn 1.000000 0.000000 0.000000

vn 0.000000 0.000000 -1.000000

vn 0.000000 0.000000 1.000000

vn -0.574803 0.818898 0.055118

vn -0.574803 0.818898 0.055118

vn -0.574803 0.818898 0.055118

vn -0.582677 0.811024 0.062992

vn -0.582677 0.811024 0.062992

vn -0.582677 0.811024 0.062992

vn 0.000000 1.000000 0.000000

vn 0.000000 1.000000 0.000000

vn 0.000000 1.000000 0.000000

vn -0.598425 0.803150 0.055118

vn -0.598425 0.803150 0.055118

vn -0.598425 0.803150 0.055118

vn -0.598425 0.803150 0.055118

vn 0.000000 1.000000 0.000000

vn 1.000000 0.000000 0.000000

vn -1.000000 0.000000 0.000000

vn -1.000000 0.000000 0.000000

vn -1.000000 0.000000 0.000000

vn -1.000000 0.000000 0.000000

vn -1.000000 0.000000 0.000000

vn -0.582677 0.811024 0.062992

vn 0.881890 -0.456693 0.102362

vn 0.000000 -1.000000 0.000000

vn 1.000000 0.000000 0.000000

vn 1.000000 0.000000 0.000000

vn 1.000000 0.000000 0.000000

vn 1.000000 0.000000 0.000000

vn 0.000000 1.000000 0.000000

vn 0.000000 1.000000 0.000000

vn 0.000000 -1.000000 0.000000

vn 0.000000 -1.000000 0.000000

vn 0.000000 0.000000 1.000000

vn 0.000000 0.000000 1.000000

vn 0.000000 0.000000 -1.000000

vn 0.000000 0.000000 -1.000000

vn -0.440945 -0.889764 -0.086614

vn 0.440945 0.889764 0.086614

vn 0.000000 0.000000 -1.000000

vn -0.173228 0.850394 0.496063

vn -0.173228 0.850394 0.496063

vn -0.173228 0.850394 0.496063

vn 0.173228 -0.850394 -0.496063

vn 0.173228 -0.850394 -0.496063

vn 0.173228 -0.850394 -0.496063

vn 0.000000 0.000000 -1.000000

vn 0.000000 0.000000 -1.000000

vn 0.188976 -0.984252 -0.007874

vn 0.188976 -0.984252 -0.007874

vn 0.188976 -0.984252 -0.007874

vn 0.188976 -0.984252 -0.007874

vn 0.188976 -0.984252 -0.007874

vn 0.188976 -0.984252 -0.007874

vn 0.000000 0.000000 -1.000000

vn 0.000000 0.000000 -1.000000

vn 0.000000 0.000000 -1.000000

vn -0.976378 -0.220472 0.007874

vn -0.976378 -0.220472 0.007874

vn -0.976378 -0.220472 0.007874

vn -0.188976 0.984252 0.007874

vn -0.188976 0.984252 0.007874

vn -0.188976 0.984252 0.007874

vn 0.976378 0.220472 -0.007874

vn 0.976378 0.220472 -0.007874

vn 0.976378 0.220472 -0.007874

vn 0.086614 -0.622047 -0.779528

vn 0.086614 -0.622047 -0.779528

vn 0.086614 -0.622047 -0.779528

vn -1.000000 0.000000 0.000000

vn -1.000000 0.000000 0.000000

vn -1.000000 0.000000 0.000000

vn 0.000000 -1.000000 0.000000

vn 0.000000 -1.000000 0.000000

vn 0.000000 -1.000000 0.000000

vn 1.000000 0.000000 0.000000

vn 1.000000 0.000000 0.000000

vn 1.000000 0.000000 0.000000

vn -1.000000 0.000000 0.000000

vn -1.000000 0.000000 0.000000

vn -1.000000 0.000000 0.000000

vn 0.173228 -0.850394 0.496063

vn 0.173228 -0.850394 0.496063

vn 0.000000 1.000000 0.000000

vn 0.000000 1.000000 0.000000

vn 0.000000 1.000000 0.000000

vn 0.007874 -0.007874 1.000000

vn 0.007874 -0.007874 1.000000

vn 0.007874 -0.007874 1.000000

vn -0.047244 0.149606 0.984252

vn -0.047244 0.149606 0.984252

vn 0.047244 -0.149606 -0.984252

vn 0.047244 -0.149606 -0.984252

vn -0.173228 0.850394 -0.496063

vn -0.173228 0.850394 -0.496063

vn 0.007874 -0.007874 -1.000000

vn 0.007874 -0.007874 -1.000000

vn 0.007874 -0.007874 -1.000000

vn -0.047244 0.149606 -0.984252

vn -0.047244 0.149606 -0.984252

vn -0.047244 0.149606 -0.984252

vn 0.047244 -0.149606 0.984252

vn 0.047244 -0.149606 0.984252

vn 0.047244 -0.149606 0.984252

vn -0.173228 0.850394 -0.496063

vn 0.173228 -0.850394 0.496063

vn 0.188976 -0.984252 0.007874

vn 0.188976 -0.984252 0.007874

vn 0.188976 -0.984252 0.007874

vn 0.188976 -0.984252 0.007874

vn 0.188976 -0.984252 0.007874

vn 0.188976 -0.984252 0.007874

vn -0.976378 -0.220472 -0.007874

vn -0.976378 -0.220472 -0.007874

vn -0.976378 -0.220472 -0.007874

vn 0.976378 0.220472 0.007874

vn 0.976378 0.220472 0.007874

vn 0.976378 0.220472 0.007874

vn -0.188976 0.984252 -0.007874

vn -0.188976 0.984252 -0.007874

vn -0.188976 0.984252 -0.007874

vn -0.952756 -0.283465 0.078740

vn -0.952756 -0.283465 0.078740

vn -0.952756 -0.283465 0.078740

vn 0.244094 -0.795276 0.559055

vn 0.244094 -0.795276 0.559055

vn 0.952756 0.283465 -0.078740

vn 0.952756 0.283465 -0.078740

vn 0.952756 0.283465 -0.078740

vn 0.244094 -0.795276 0.559055

vn 0.244094 -0.795276 0.559055

vn 0.244094 -0.795276 0.559055

vn -0.244094 0.795276 -0.559055

vn -0.244094 0.795276 -0.559055

vn -0.244094 0.795276 -0.559055

vn 0.952756 0.283465 -0.078740

vn 0.952756 0.283465 -0.078740

vn -0.188976 0.984252 -0.007874

vn 0.188976 -0.984252 0.007874

vn 0.188976 -0.984252 0.007874

vn -0.976378 -0.220472 -0.007874

vn 0.976378 0.220472 0.007874

vn 0.086614 -0.622047 -0.779528

vn 0.086614 -0.622047 -0.779528

vn 0.086614 -0.622047 -0.779528

vn 0.244094 -0.795276 0.559055

vn 1.000000 0.000000 0.000000

vn 0.000000 1.000000 0.000000

vn 0.086614 -0.622047 -0.779528

vn 0.000000 -1.000000 0.000000

vn -1.000000 0.000000 0.000000

vn 0.952756 0.283465 -0.078740

vn -0.244094 0.795276 -0.559055

vn 0.244094 -0.795276 0.559055

vn 0.952756 0.283465 -0.078740

vn -0.047244 0.149606 0.984252

vn 0.047244 -0.149606 -0.984252

vn 0.000000 0.110236 0.992126

vn 0.000000 -0.110236 -0.992126

vn -0.952756 -0.283465 0.078740

vn 0.007874 -0.007874 1.000000

vn 0.007874 -0.007874 1.000000

vn 0.007874 -0.007874 1.000000

vn 0.000000 0.000000 -1.000000

vn 0.000000 0.000000 -1.000000

vn 0.000000 0.000000 -1.000000

vn 0.000000 0.000000 1.000000

vn 0.000000 0.000000 1.000000

vn 0.000000 0.000000 1.000000

vn 0.000000 0.000000 1.000000

vn 0.000000 0.000000 1.000000

vn 0.976378 0.220472 -0.007874

vn -0.976378 -0.220472 0.007874

vn 0.188976 -0.984252 -0.007874

vn 0.188976 -0.984252 -0.007874

vn -0.188976 0.984252 0.007874

vn -0.086614 0.622047 0.779528

vn -0.086614 0.622047 0.779528

vn -0.086614 0.622047 0.779528

vn -0.086614 0.622047 0.779528

vn 0.000000 0.000000 -1.000000

vn 0.000000 0.000000 -1.000000

vn -1.000000 0.000000 0.000000

vn -1.000000 0.000000 0.000000

vn -1.000000 0.000000 0.000000

vn -1.000000 0.000000 0.000000

vn 0.015748 -0.118110 0.992126

vn 0.015748 -0.118110 0.992126

vn 0.015748 -0.118110 0.992126

vn -0.015748 0.118110 -0.992126

vn -0.015748 0.118110 -0.992126

vn -0.015748 0.118110 -0.992126

vn 0.543307 -0.834646 -0.094488

vn 0.543307 -0.834646 -0.094488

vn 0.543307 -0.834646 -0.094488

vn -0.543307 0.834646 0.094488

vn -0.543307 0.834646 0.094488

vn -0.543307 0.834646 0.094488

vn 0.000000 0.000000 -1.000000

vn 0.000000 0.000000 -1.000000

vn 0.000000 -1.000000 0.000000

vn 0.000000 -1.000000 0.000000

vn 0.000000 -1.000000 0.000000

vn 0.000000 -1.000000 0.000000

vn 0.000000 -1.000000 0.000000

vn 0.000000 0.000000 -1.000000

vn 0.000000 0.000000 -1.000000

vn 0.000000 0.000000 -1.000000

vn 0.000000 0.000000 1.000000

vn 0.000000 0.000000 1.000000

vn 0.000000 0.000000 1.000000

vn 0.000000 1.000000 0.000000

vn 0.000000 1.000000 0.000000

vn 0.000000 1.000000 0.000000

vn 0.000000 0.000000 -1.000000

vn 0.000000 1.000000 0.062992

vn 0.000000 1.000000 0.062992

vn 0.000000 1.000000 0.062992

vn 0.000000 -1.000000 -0.062992

vn 0.000000 -1.000000 -0.062992

vn 0.000000 -1.000000 -0.062992

vn 0.000000 1.000000 0.000000

vn 0.000000 -1.000000 0.000000

vn 0.015748 -0.078740 1.000000

vn 0.015748 -0.078740 1.000000

vn 0.015748 -0.078740 1.000000

vn -0.015748 0.078740 -1.000000

vn -0.015748 0.078740 -1.000000

vn -0.015748 0.078740 -1.000000

vn 0.000000 0.000000 -1.000000

vn 0.000000 1.000000 0.000000

vn 0.000000 0.000000 1.000000

vn 0.000000 -1.000000 0.000000

vn -1.000000 0.000000 0.000000

vn -1.000000 0.000000 0.000000

vn -1.000000 0.000000 0.000000

vn 0.015748 -0.118110 0.992126

vn -0.015748 0.118110 -0.992126

vn -1.000000 0.000000 0.000000

vn -0.614173 -0.787402 -0.078740

vn -0.614173 -0.787402 -0.078740

vn -0.614173 -0.787402 -0.078740

vn -0.614173 -0.787402 -0.078740

vn -0.614173 -0.787402 -0.078740

vn -0.614173 -0.787402 -0.078740

vn 0.000000 0.110236 -0.992126

vn 0.000000 0.110236 -0.992126

vn 0.000000 0.110236 -0.992126

vn 0.000000 -0.110236 0.992126

vn 0.000000 -0.110236 0.992126

vn 0.000000 -0.110236 0.992126

vn 0.614173 0.787402 0.078740

vn 0.614173 0.787402 0.078740

vn 0.614173 0.787402 0.078740

vn 0.000000 -1.000000 0.000000

vn 0.000000 0.000000 -1.000000

vn 0.000000 0.000000 1.000000

vn 0.000000 -1.000000 0.000000

vn 0.732283 -0.677165 -0.062992

vn 0.732283 -0.677165 -0.062992

vn 0.732283 -0.677165 -0.062992

vn 0.000000 0.992126 0.141732

vn 0.000000 0.992126 0.141732

vn 0.000000 0.992126 0.141732

vn 0.000000 0.141732 -0.992126

vn 0.000000 0.141732 -0.992126

vn 0.000000 0.141732 -0.992126

vn 0.000000 -0.141732 0.992126

vn 0.000000 -0.141732 0.992126

vn 0.000000 -0.141732 0.992126

vn 0.000000 0.992126 0.141732

vn 1.000000 0.000000 0.000000

vn 1.000000 0.000000 0.000000

vn 1.000000 0.000000 0.000000

vn 0.000000 0.000000 -1.000000

vn -0.480315 -0.866142 -0.125984

vn -0.480315 -0.866142 -0.125984

vn -0.480315 -0.866142 -0.125984

vn 0.480315 0.866142 0.125984

vn 0.480315 0.866142 0.125984

vn 0.480315 0.866142 0.125984

vn 0.000000 -1.000000 0.000000

vn 0.000000 0.000000 -1.000000

vn 0.000000 0.000000 1.000000

vn 0.000000 1.000000 0.000000

vn 1.000000 0.000000 0.000000

vn 1.000000 0.000000 0.000000

vn 1.000000 0.000000 0.000000

vn 1.000000 0.000000 0.000000

vn -0.732283 0.677165 0.062992

vn -0.732283 0.677165 0.062992

vn -0.732283 0.677165 0.062992

vn -0.732283 0.677165 0.062992

vn -0.732283 0.677165 0.062992

vn -0.732283 0.677165 0.062992

vn -0.732283 0.677165 0.062992

vn 0.070866 0.031496 1.000000

vn 0.070866 0.031496 1.000000

vn 0.070866 0.031496 1.000000

vn -0.559055 -0.826772 0.062992

vn -0.559055 -0.826772 0.062992

vn 1.000000 0.000000 0.000000

vn 0.015748 0.118110 -0.992126

vn 0.015748 0.118110 -0.992126

vn 0.015748 0.118110 -0.992126

vn -0.015748 -0.118110 0.992126

vn -0.015748 -0.118110 0.992126

vn -0.015748 -0.118110 0.992126

vn -0.543307 -0.834646 -0.094488

vn -0.543307 -0.834646 -0.094488

vn -0.543307 -0.834646 -0.094488

vn 0.543307 0.834646 0.094488

vn 0.543307 0.834646 0.094488

vn 0.543307 0.834646 0.094488

vn 0.543307 0.834646 0.094488

vn -0.543307 -0.834646 -0.094488

vn -0.779528 0.629921 0.039370

vn -0.779528 0.629921 0.039370

vn -0.779528 0.629921 0.039370

vn -1.000000 0.000000 0.000000

vn -1.000000 0.000000 0.000000

vn -1.000000 0.000000 0.000000

vn -1.000000 0.000000 0.000000

vn -0.614173 -0.787402 -0.078740

vn 1.000000 0.000000 -0.015748

vn -0.015748 0.078740 -1.000000

vn 0.000000 -1.000000 -0.062992

vn 0.000000 1.000000 0.062992

vn -0.614173 -0.787402 -0.078740

vn 0.000000 0.110236 -0.992126

vn 0.000000 -0.110236 0.992126

vn 0.614173 0.787402 0.078740

vn 1.000000 0.000000 -0.015748

vn 1.000000 0.000000 -0.015748

vn -1.000000 0.000000 0.000000

vn 0.732283 -0.677165 -0.062992

vn 0.732283 -0.677165 -0.062992

vn 0.000000 -0.141732 0.992126

vn 0.000000 0.141732 -0.992126

vn -1.000000 0.000000 0.000000

vn 0.000000 -0.992126 -0.141732

vn 0.000000 -0.992126 -0.141732

vn 0.000000 -0.992126 -0.141732

vn 0.000000 -0.992126 -0.141732

vn -0.015748 0.496063 0.866142

vn -0.015748 0.496063 0.866142

vn -0.015748 0.496063 0.866142

vn 0.015748 -0.496063 -0.866142

vn 0.015748 -0.496063 -0.866142

vn 0.015748 -0.496063 -0.866142

vn -0.102362 0.787402 0.606299

vn -0.102362 0.787402 0.606299

vn -0.102362 0.787402 0.606299

vn -0.102362 0.787402 0.606299

vn 0.000000 0.000000 -1.000000

vn 0.000000 0.000000 -1.000000

vn 0.000000 0.000000 -1.000000

vn -1.000000 0.000000 0.000000

vn -0.173228 0.881890 -0.440945

vn -0.173228 0.881890 -0.440945

vn 0.173228 -0.881890 0.440945

vn 0.173228 -0.881890 0.440945

vn -0.102362 0.787402 0.606299

vn -0.102362 0.787402 0.606299

vn 0.000000 0.000000 1.000000

vn 0.000000 0.000000 1.000000

vn 0.000000 0.000000 1.000000

vn 0.000000 -1.000000 0.000000

vn 0.000000 -1.000000 0.000000

vn 0.000000 -1.000000 0.000000

vn 1.000000 0.000000 0.000000

vn 1.000000 0.000000 0.000000

vn 1.000000 0.000000 0.000000

vn -1.000000 0.000000 0.000000

vn -1.000000 0.000000 0.000000

vn -1.000000 0.000000 0.000000

vn 0.000000 -1.000000 0.000000

vn 0.000000 0.000000 -1.000000

vn -1.000000 -0.086614 0.000000

vn -1.000000 -0.086614 0.000000

vn -1.000000 -0.086614 0.000000

vn 1.000000 0.086614 0.000000

vn 1.000000 0.086614 0.000000

vn 1.000000 0.086614 0.000000

vn 0.992126 0.149606 0.000000

vn 0.992126 0.149606 0.000000

vn 0.992126 0.149606 0.000000

vn 0.086614 -0.669291 0.740157

vn 0.086614 -0.669291 0.740157

vn 0.086614 -0.669291 0.740157

vn -0.086614 0.669291 -0.740157

vn -0.086614 0.669291 -0.740157

vn -0.086614 0.669291 -0.740157

vn -0.992126 -0.149606 0.000000

vn -0.992126 -0.149606 0.000000

vn -0.992126 -0.149606 0.000000

vn 0.110236 -0.992126 -0.023622

vn 0.110236 -0.992126 -0.023622

vn 0.110236 -0.992126 -0.023622

vn -0.110236 0.992126 0.023622

vn -0.110236 0.992126 0.023622

vn -0.110236 0.992126 0.023622

vn -0.086614 0.669291 -0.740157

vn -0.086614 0.669291 -0.740157

vn -0.086614 0.669291 -0.740157

vn 0.992126 0.149606 0.000000

vn 0.992126 0.149606 0.000000

vn 0.992126 0.149606 0.000000

vn -0.992126 -0.133858 0.007874

vn -0.992126 -0.133858 0.007874

vn 0.992126 0.133858 -0.007874

vn 0.992126 0.133858 -0.007874

vn -0.110236 0.992126 0.023622

vn 0.110236 -0.992126 -0.023622

vn -0.173228 0.881890 -0.440945

vn 0.173228 -0.881890 0.440945

vn 0.992126 0.133858 -0.007874

vn -0.992126 -0.133858 0.007874

vn 0.992126 0.149606 0.000000

vn -0.086614 0.669291 -0.740157

vn -0.779528 0.629921 0.039370

vn -0.779528 0.629921 0.039370

vn -0.779528 0.629921 0.039370

vn -0.086614 0.669291 -0.740157

vn 0.086614 -0.669291 0.740157

vn 0.992126 0.149606 0.000000

vn -0.992126 -0.149606 0.000000

vn -0.086614 0.992126 0.023622

vn -0.086614 0.992126 0.023622

vn 0.086614 -0.992126 -0.023622

vn 0.086614 -0.992126 -0.023622

vn -0.086614 0.992126 0.023622

vn 0.086614 -0.992126 -0.023622

vn -0.984252 -0.141732 -0.094488

vn -0.984252 -0.141732 -0.094488

vn -0.984252 -0.141732 -0.094488

vn 0.984252 0.141732 0.094488

vn 0.984252 0.141732 0.094488

vn 0.102362 -0.787402 -0.606299

vn 0.102362 -0.787402 -0.606299

vn 0.102362 -0.787402 -0.606299

vn 0.102362 -0.787402 -0.606299

vn 0.102362 -0.787402 -0.606299

vn 0.102362 -0.787402 -0.606299

vn -0.023622 1.000000 0.031496

vn -0.023622 1.000000 0.031496

vn 0.023622 -1.000000 -0.031496

vn 0.023622 -1.000000 -0.031496

vn -0.992126 -0.141732 -0.031496

vn 0.023622 -1.000000 -0.031496

vn -0.070866 -0.031496 -1.000000

vn -0.070866 -0.031496 -1.000000

vn -0.070866 -0.031496 -1.000000

vn 0.559055 0.826772 -0.062992

vn 0.559055 0.826772 -0.062992

vn 0.559055 0.826772 -0.062992

vn -0.559055 -0.826772 0.062992

vn -0.559055 -0.826772 0.062992

vn -0.559055 -0.826772 0.062992

vn -0.023622 1.000000 0.031496

vn 0.070866 0.031496 1.000000

vn 0.070866 0.031496 1.000000

vn 0.070866 0.031496 1.000000

vn 0.559055 0.826772 -0.062992

vn -0.559055 -0.826772 0.062992

vn 0.070866 0.031496 1.000000

vn -0.070866 -0.031496 -1.000000

vn -0.559055 -0.826772 0.062992

vn 0.779528 -0.629921 -0.039370

vn 0.779528 -0.629921 -0.039370

vn 0.779528 -0.629921 -0.039370

vn 0.779528 -0.629921 -0.039370

vn 0.779528 -0.629921 -0.039370

vn 0.779528 -0.629921 -0.039370

vn 0.779528 -0.629921 -0.039370

vn 0.984252 0.141732 0.094488

vn 0.779528 -0.629921 -0.039370

vn 0.000000 1.000000 0.000000

vn 0.000000 1.000000 0.000000

vn 0.000000 1.000000 0.000000

vn -1.000000 0.000000 0.000000

vn 1.000000 0.000000 0.000000

vn 0.000000 1.000000 0.000000

vn 0.000000 0.000000 1.000000

vn 1.000000 0.000000 0.000000

vn 1.000000 0.000000 0.000000

vn 1.000000 0.000000 0.000000

vn 0.000000 1.000000 -0.062992

vn 0.000000 1.000000 -0.062992

vn 0.000000 1.000000 -0.062992

vn 0.000000 -0.062992 -1.000000

vn 0.000000 -0.062992 -1.000000

vn 0.000000 -0.062992 -1.000000

vn 0.000000 1.000000 -0.062992

vn 0.732283 -0.677165 0.062992

vn 0.732283 -0.677165 0.062992

vn 0.732283 -0.677165 0.062992

vn 0.732283 -0.677165 0.062992

vn 0.078740 -0.677165 0.732283

vn 0.078740 -0.677165 0.732283

vn 0.078740 -0.787402 -0.614173

vn 0.078740 -0.787402 -0.614173

vn 0.078740 -0.787402 -0.614173

vn 0.992126 0.125984 -0.015748

vn 0.992126 0.125984 -0.015748

vn 0.992126 0.125984 -0.015748

vn 0.078740 -0.677165 0.732283

vn 0.078740 -0.677165 0.732283

vn 0.078740 -0.677165 0.732283

vn -0.992126 -0.125984 0.015748

vn -0.992126 -0.125984 0.015748

vn -0.992126 -0.125984 0.015748

vn 0.078740 -0.787402 -0.614173

vn 0.078740 -0.787402 -0.614173

vn 0.078740 -0.787402 -0.614173

vn -0.078740 0.787402 0.614173

vn -0.078740 0.787402 0.614173

vn -0.078740 0.787402 0.614173

vn 0.062992 -1.000000 0.007874

vn 0.062992 -1.000000 0.007874

vn 0.062992 -1.000000 0.007874

vn 0.614173 0.787402 -0.078740

vn 0.614173 0.787402 -0.078740

vn 0.614173 0.787402 -0.078740

vn 0.732283 -0.677165 0.062992

vn -0.614173 -0.787402 0.078740

vn -0.614173 -0.787402 0.078740

vn -0.614173 -0.787402 0.078740

vn -0.062992 1.000000 -0.007874

vn -0.062992 1.000000 -0.007874

vn -0.062992 1.000000 -0.007874

vn -0.078740 0.677165 -0.732283

vn -0.078740 0.677165 -0.732283

vn -0.078740 0.677165 -0.732283

vn -0.078740 0.677165 -0.732283

vn -0.078740 0.677165 -0.732283

vn -0.078740 0.677165 -0.732283

vn -0.078740 0.677165 -0.732283

vn -1.000000 -0.055118 -0.023622

vn -1.000000 -0.055118 -0.023622

vn 1.000000 0.055118 0.023622

vn 1.000000 0.055118 0.023622

vn 1.000000 0.055118 0.023622

vn -0.062992 -1.000000 -0.007874

vn -0.062992 -1.000000 -0.007874

vn 0.062992 1.000000 0.007874

vn 0.062992 1.000000 0.007874

vn 0.992126 -0.125984 -0.015748

vn 0.992126 -0.125984 -0.015748

vn 0.992126 -0.125984 -0.015748

vn 0.078740 0.787402 -0.614173

vn 0.078740 0.787402 -0.614173

vn 0.078740 0.787402 -0.614173

vn -0.992126 0.125984 0.015748

vn -0.992126 0.125984 0.015748

vn -0.992126 0.125984 0.015748

vn -0.078740 -0.787402 0.614173

vn -0.078740 -0.787402 0.614173

vn -0.078740 -0.787402 0.614173

vn -0.062992 -1.000000 -0.007874

vn 0.062992 1.000000 0.007874

vn 0.000000 0.110236 0.992126

vn 0.000000 0.110236 0.992126

vn 0.000000 0.110236 0.992126

vn 0.614173 0.787402 -0.078740

vn -0.614173 -0.787402 0.078740

vn 0.000000 -0.110236 -0.992126

vn 0.000000 -0.110236 -0.992126

vn 0.000000 -0.110236 -0.992126

vn -0.614173 -0.787402 0.078740

vn -0.614173 -0.787402 0.078740

vn -0.614173 -0.787402 0.078740

vn 0.000000 1.000000 -0.062992

vn 0.000000 1.000000 -0.062992

vn 0.000000 1.000000 -0.062992

vn 0.000000 -1.000000 0.062992

vn 0.000000 -1.000000 0.062992

vn 0.000000 -1.000000 0.062992

vn -1.000000 -0.055118 -0.023622

vn -0.992126 -0.125984 0.015748

vn -0.078740 0.787402 0.614173

vn 0.078740 -0.787402 -0.614173

vn 0.078740 -0.787402 -0.614173

vn 0.992126 0.125984 -0.015748

vn -0.732283 0.677165 -0.062992

vn -0.732283 0.677165 -0.062992

vn -0.732283 0.677165 -0.062992

vn -0.732283 0.677165 -0.062992

vn -0.732283 0.677165 -0.062992

vn -0.732283 0.677165 -0.062992

vn -0.732283 0.677165 -0.062992

vn 0.000000 0.110236 0.992126

vn 0.000000 -0.110236 -0.992126

vn -0.614173 -0.787402 0.078740

vn -1.000000 0.055118 -0.023622

vn -1.000000 0.055118 -0.023622

vn -1.000000 0.055118 -0.023622

vn 1.000000 -0.055118 0.023622

vn 1.000000 -0.055118 0.023622

vn 1.000000 -0.055118 0.023622

vn 0.047244 0.149606 0.984252

vn 0.047244 0.149606 0.984252

vn -0.047244 -0.149606 -0.984252

vn -0.047244 -0.149606 -0.984252

vn 0.047244 0.149606 0.984252

vn -0.047244 -0.149606 -0.984252

vn -0.078740 -0.787402 0.614173

vn 0.078740 0.787402 -0.614173

vn -0.992126 0.125984 0.015748

vn 0.992126 -0.125984 -0.015748

vn -0.244094 -0.795276 -0.559055

vn -0.244094 -0.795276 -0.559055

vn -0.952756 0.283465 0.078740

vn -0.952756 0.283465 0.078740

vn -0.952756 0.283465 0.078740

vn 0.952756 -0.283465 -0.078740

vn 0.952756 -0.283465 -0.078740

vn 0.952756 -0.283465 -0.078740

vn -0.952756 0.283465 0.078740

vn -0.952756 0.283465 0.078740

vn -0.244094 -0.795276 -0.559055

vn -0.244094 -0.795276 -0.559055

vn -0.244094 -0.795276 -0.559055

vn 0.244094 0.795276 0.559055

vn 0.244094 0.795276 0.559055

vn 0.244094 0.795276 0.559055

vn -0.188976 -0.984252 -0.007874

vn -0.188976 -0.984252 -0.007874

vn -0.188976 -0.984252 -0.007874

vn -0.976378 0.220472 -0.007874

vn -0.976378 0.220472 -0.007874

vn -0.976378 0.220472 -0.007874

vn 0.976378 -0.220472 0.007874

vn 0.976378 -0.220472 0.007874

vn 0.976378 -0.220472 0.007874

vn -0.188976 -0.984252 -0.007874

vn -0.188976 -0.984252 -0.007874

vn -0.188976 -0.984252 -0.007874

vn 0.188976 0.984252 0.007874

vn 0.188976 0.984252 0.007874

vn 0.188976 0.984252 0.007874

vn 0.000000 0.000000 -1.000000

vn 0.000000 0.000000 -1.000000

vn 0.000000 0.000000 -1.000000

vn -0.078740 -0.677165 0.732283

vn -0.078740 -0.677165 0.732283

vn -0.078740 -0.677165 0.732283

vn 0.000000 1.000000 0.000000

vn 0.000000 1.000000 0.000000

vn 0.000000 1.000000 0.000000

vn -1.000000 0.000000 0.000000

vn -1.000000 0.000000 0.000000

vn -1.000000 0.000000 0.000000

vn 1.000000 0.000000 0.000000

vn 1.000000 0.000000 0.000000

vn 1.000000 0.000000 0.000000

vn 0.086614 0.622047 -0.779528

vn 0.086614 0.622047 -0.779528

vn 0.086614 0.622047 -0.779528

vn 0.000000 1.000000 0.000000

vn 0.000000 0.000000 1.000000

vn 0.000000 0.000000 1.000000

vn 0.000000 0.000000 1.000000

vn 0.000000 0.000000 1.000000

vn 0.086614 0.622047 -0.779528

vn 0.000000 -1.000000 0.000000

vn 0.000000 -1.000000 0.000000

vn 0.000000 -1.000000 0.000000

vn 0.000000 0.000000 -1.000000

vn 0.000000 0.000000 -1.000000

vn 0.000000 0.000000 -1.000000

vn 0.000000 0.000000 -1.000000

vn 0.000000 0.000000 -1.000000

vn 1.000000 0.000000 0.000000

vn -0.173228 -0.850394 -0.496063

vn -0.173228 -0.850394 -0.496063

vn -0.173228 -0.850394 -0.496063

vn 0.173228 0.850394 0.496063

vn 0.173228 0.850394 0.496063

vn -0.188976 -0.984252 -0.007874

vn -0.976378 0.220472 -0.007874

vn 0.976378 -0.220472 0.007874

vn -0.188976 -0.984252 -0.007874

vn 0.188976 0.984252 0.007874

vn 0.173228 0.850394 0.496063

vn -0.007874 -0.007874 1.000000

vn -0.007874 -0.007874 1.000000

vn -0.007874 -0.007874 1.000000

vn -1.000000 0.000000 0.000000

vn -0.078740 -0.677165 0.732283

vn -1.000000 0.086614 0.000000

vn -1.000000 0.086614 0.000000

vn 0.000000 0.000000 -1.000000

vn 0.000000 -1.000000 0.000000

vn 1.000000 -0.086614 0.000000

vn 1.000000 -0.086614 0.000000

vn -1.000000 0.086614 0.000000

vn -1.000000 0.086614 0.000000

vn 0.244094 0.795276 0.559055

vn -0.952756 0.283465 0.078740

vn -1.000000 0.086614 0.000000

vn 1.000000 -0.086614 0.000000

vn -0.244094 -0.795276 -0.559055

vn -0.952756 0.283465 0.078740

vn 0.952756 -0.283465 -0.078740

vn -0.244094 -0.795276 -0.559055

vn -0.086614 -0.622047 0.779528

vn -0.086614 -0.622047 0.779528

vn -0.086614 -0.622047 0.779528

vn -0.086614 -0.622047 0.779528

vn -0.086614 -0.622047 0.779528

vn -0.086614 -0.622047 0.779528

vn -0.086614 -0.622047 0.779528

vn 0.188976 0.984252 -0.007874

vn 0.188976 0.984252 -0.007874

vn 0.188976 0.984252 -0.007874

vn -0.188976 -0.984252 0.007874

vn -0.188976 -0.984252 0.007874

vn -0.188976 -0.984252 0.007874

vn 0.976378 -0.220472 -0.007874

vn 0.976378 -0.220472 -0.007874

vn 0.976378 -0.220472 -0.007874

vn -0.976378 0.220472 0.007874

vn -0.976378 0.220472 0.007874

vn -0.976378 0.220472 0.007874

vn -0.188976 -0.984252 0.007874

vn -0.188976 -0.984252 0.007874

vn -0.188976 -0.984252 0.007874

vn 0.047244 0.149606 -0.984252

vn 0.047244 0.149606 -0.984252

vn -0.047244 -0.149606 0.984252

vn -0.047244 -0.149606 0.984252

vn 0.188976 0.984252 -0.007874

vn -0.188976 -0.984252 0.007874

vn 0.976378 -0.220472 -0.007874

vn -0.976378 0.220472 0.007874

vn -0.188976 -0.984252 0.007874

vn 0.173228 0.850394 -0.496063

vn 0.173228 0.850394 -0.496063

vn 0.173228 0.850394 -0.496063

vn -0.173228 -0.850394 0.496063

vn -0.173228 -0.850394 0.496063

vn -0.173228 -0.850394 0.496063

vn 0.047244 0.149606 -0.984252

vn -0.047244 -0.149606 0.984252

vn -0.007874 -0.007874 -1.000000

vn -0.007874 -0.007874 -1.000000

vn -0.007874 -0.007874 -1.000000

vn -0.007874 -0.007874 -1.000000

vn -0.007874 -0.007874 -1.000000

vn -0.007874 -0.007874 -1.000000

vn -1.000000 0.086614 0.000000

vn 1.000000 -0.086614 0.000000

vn 1.000000 -0.086614 0.000000

vn 1.000000 -0.086614 0.000000

vn 0.078740 0.677165 -0.732283

vn 0.078740 0.677165 -0.732283

vn 0.078740 0.677165 -0.732283

vn -0.047244 -0.149606 0.984252

vn -0.047244 -0.149606 0.984252

vn 0.047244 0.149606 -0.984252

vn 0.047244 0.149606 -0.984252

vn 0.047244 0.149606 -0.984252

vn -0.047244 -0.149606 0.984252

vn 0.078740 0.677165 -0.732283

vn 0.078740 0.677165 -0.732283

vn 0.078740 0.677165 -0.732283

vn 0.015748 1.000000 0.023622

vn 0.015748 1.000000 0.023622

vn 0.015748 1.000000 0.023622

vn -0.015748 -1.000000 -0.023622

vn -0.015748 -1.000000 -0.023622

vn -0.015748 -1.000000 -0.023622

vn -0.062992 -1.000000 0.007874

vn -0.062992 -1.000000 0.007874

vn -0.062992 -1.000000 0.007874

vn 0.000000 0.992126 0.110236

vn 0.000000 0.992126 0.110236

vn 0.000000 0.992126 0.110236

vn 0.000000 -0.992126 -0.110236

vn 0.000000 -0.992126 -0.110236

vn 0.000000 -0.992126 -0.110236

vn 1.000000 -0.055118 -0.023622

vn 1.000000 -0.055118 -0.023622

vn 1.000000 -0.055118 -0.023622

vn -1.000000 0.055118 0.023622

vn -1.000000 0.055118 0.023622

vn 0.015748 0.000000 -1.000000

vn 0.015748 0.000000 -1.000000

vn 0.015748 0.000000 -1.000000

vn 0.015748 0.000000 -1.000000

vn 0.062992 1.000000 -0.007874

vn 0.062992 1.000000 -0.007874

vn 0.062992 1.000000 -0.007874

vn 0.992126 -0.125984 0.015748

vn 0.992126 -0.125984 0.015748

vn 0.992126 -0.125984 0.015748

vn -0.992126 0.125984 -0.015748

vn -0.992126 0.125984 -0.015748

vn -0.992126 0.125984 -0.015748

vn 0.078740 0.787402 0.614173

vn 0.078740 0.787402 0.614173

vn 0.078740 0.787402 0.614173

vn -0.078740 -0.787402 -0.614173

vn -0.078740 -0.787402 -0.614173

vn -0.078740 -0.787402 -0.614173

vn -0.992126 0.102362 -0.062992

vn -0.992126 0.102362 -0.062992

vn 0.992126 -0.102362 0.062992

vn 0.992126 -0.102362 0.062992

vn 0.141732 0.133858 -0.984252

vn 0.141732 0.133858 -0.984252

vn -0.141732 -0.133858 0.984252

vn -0.141732 -0.133858 0.984252

vn 0.976378 -0.102362 0.188976

vn 0.976378 -0.102362 0.188976

vn -0.976378 0.102362 -0.188976

vn -0.976378 0.102362 -0.188976

vn 0.992126 -0.102362 0.062992

vn -0.992126 0.102362 -0.062992

vn -0.141732 -0.133858 0.984252

vn 0.141732 0.133858 -0.984252

vn -1.000000 0.055118 0.023622

vn -0.992126 0.125984 -0.015748

vn 0.992126 -0.125984 0.015748

vn -0.078740 -0.787402 -0.614173

vn 0.078740 0.787402 0.614173

vn -0.015748 -0.102362 0.992126

vn -0.015748 -0.102362 0.992126

vn -0.015748 -0.102362 0.992126

vn 0.992126 -0.125984 0.015748

vn 0.992126 -0.125984 0.015748

vn 0.992126 -0.125984 0.015748

vn -0.992126 0.125984 -0.015748

vn -0.992126 0.125984 -0.015748

vn -0.992126 0.125984 -0.015748

vn -0.102362 -0.992126 0.000000

vn -0.102362 -0.992126 0.000000

vn -0.102362 -0.992126 0.000000

vn 0.102362 0.992126 0.000000

vn 0.102362 0.992126 0.000000

vn 0.102362 0.992126 0.000000

vn -0.992126 0.125984 -0.015748

vn 0.992126 -0.125984 0.015748

vn -0.102362 -0.992126 0.000000

vn 0.102362 0.992126 0.000000

vn -0.976378 0.102362 -0.188976

vn 0.976378 -0.102362 0.188976

vn 0.000000 0.992126 -0.118110

vn 0.000000 0.992126 -0.118110

vn 0.000000 -0.992126 0.118110

vn 0.000000 -0.992126 0.118110

vn 0.000000 -0.992126 0.118110

vn 0.000000 0.992126 -0.118110

vn -0.047244 0.133858 0.992126

vn -0.047244 0.133858 0.992126

vn 0.047244 -0.133858 -0.992126

vn 0.047244 -0.133858 -0.992126

vn 0.141732 0.992126 0.000000

vn 0.141732 0.992126 0.000000

vn 0.141732 0.992126 0.000000

vn -0.141732 -0.992126 0.000000

vn -0.141732 -0.992126 0.000000

vn -0.141732 -0.992126 0.000000

vn 0.992126 -0.078740 0.070866

vn 0.992126 -0.078740 0.070866

vn 0.992126 -0.078740 0.070866

vn -0.992126 0.078740 -0.070866

vn -0.992126 0.078740 -0.070866

vn -0.992126 0.078740 -0.070866

vn -0.047244 0.133858 0.992126

vn 0.047244 -0.133858 -0.992126

vn 0.102362 0.992126 0.000000

vn 0.102362 0.992126 0.000000

vn 0.102362 0.992126 0.000000

vn -0.992126 0.125984 0.015748

vn -0.992126 0.125984 0.015748

vn -0.992126 0.125984 0.015748

vn -0.102362 -0.992126 0.000000

vn -0.102362 -0.992126 0.000000

vn -0.102362 -0.992126 0.000000

vn 0.992126 -0.125984 -0.015748

vn 0.992126 -0.125984 -0.015748

vn 0.992126 -0.125984 -0.015748

vn -0.992126 0.102362 0.062992

vn -0.992126 0.102362 0.062992

vn 0.992126 -0.102362 -0.062992

vn 0.992126 -0.102362 -0.062992

vn -0.992126 0.102362 0.062992

vn 0.992126 -0.102362 -0.062992

vn 0.102362 0.992126 0.000000

vn -0.102362 -0.992126 0.000000

vn 0.992126 -0.125984 -0.015748

vn -0.992126 0.125984 0.015748

vn 0.165354 0.984252 0.000000

vn 0.165354 0.984252 0.000000

vn 0.165354 0.984252 0.000000

vn 0.165354 0.984252 0.000000

vn 0.000000 0.000000 1.000000

vn 0.000000 0.000000 1.000000

vn 0.000000 0.000000 1.000000

vn 0.984252 -0.165354 0.000000

vn 0.984252 -0.165354 0.000000

vn 0.984252 -0.165354 0.000000

vn -0.984252 0.165354 0.000000

vn -0.984252 0.165354 0.000000

vn -0.984252 0.165354 0.000000

vn 0.000000 0.000000 1.000000

vn 0.000000 0.000000 -1.000000

vn 0.000000 0.000000 -1.000000

vn 0.000000 0.000000 -1.000000

vn 0.984252 -0.165354 0.031496

vn 0.984252 -0.165354 0.031496

vn 0.984252 -0.165354 0.031496

vn -0.984252 0.165354 -0.031496

vn -0.984252 0.165354 -0.031496

vn -0.984252 0.165354 -0.031496

vn -0.984252 0.165354 0.000000

vn 0.984252 -0.165354 0.000000

vn -0.110236 -0.622047 0.771654

vn -0.110236 -0.622047 0.771654

vn -0.110236 -0.622047 0.771654

vn -0.110236 -0.622047 0.771654

vn -0.110236 -0.622047 0.771654

vn 0.094488 0.818898 0.566929

vn 0.094488 0.818898 0.566929

vn 0.094488 0.818898 0.566929

vn 0.094488 0.818898 0.566929

vn 0.094488 0.818898 0.566929

vn 0.094488 0.818898 0.566929

vn 0.094488 0.818898 0.566929

vn 0.000000 0.000000 -1.000000

vn -0.165354 -0.984252 0.000000

vn -0.165354 -0.984252 0.000000

vn -0.165354 -0.984252 0.000000

vn -0.165354 -0.984252 0.000000

vn 0.527559 0.842520 0.078740

vn 0.527559 0.842520 0.078740

vn 0.527559 0.842520 0.078740

vn 0.527559 0.842520 0.078740

vn 0.527559 0.842520 0.078740

vn 0.527559 0.842520 0.078740

vn 0.527559 0.842520 0.078740

vn 0.110236 0.622047 -0.771654

vn 0.110236 0.622047 -0.771654

vn 0.110236 0.622047 -0.771654

vn -0.984252 0.165354 -0.031496

vn -0.984252 0.165354 -0.031496

vn -0.984252 0.165354 -0.031496

vn 0.984252 -0.165354 0.031496

vn 0.110236 0.622047 -0.771654

vn -0.984252 0.165354 -0.031496

vn -0.110236 -0.622047 0.771654

vn -0.110236 -0.622047 0.771654

vn -0.984252 0.165354 -0.031496

vn 1.000000 -0.007874 0.039370

vn 1.000000 -0.007874 0.039370

vn -1.000000 0.007874 -0.039370

vn -1.000000 0.007874 -0.039370

vn 0.803150 -0.598425 -0.039370

vn 0.803150 -0.598425 -0.039370

vn 0.803150 -0.598425 -0.039370

vn -0.803150 0.598425 0.039370

vn -0.803150 0.598425 0.039370

vn -0.803150 0.598425 0.039370

vn 0.015748 0.102362 -0.992126

vn 0.015748 0.102362 -0.992126

vn 0.015748 0.102362 -0.992126

vn -0.015748 -0.102362 0.992126

vn -0.015748 -0.102362 0.992126

vn -0.015748 -0.102362 0.992126

vn 0.803150 -0.598425 -0.039370

vn 0.803150 -0.598425 -0.039370

vn -0.015748 -0.102362 0.992126

vn -0.803150 0.598425 0.039370

vn 0.803150 -0.598425 -0.039370

vn 0.803150 -0.598425 -0.039370

vn -0.015748 -0.102362 0.992126

vn 0.015748 0.102362 -0.992126

vn 1.000000 -0.007874 0.039370

vn -1.000000 0.007874 -0.039370

vn -0.094488 -0.818898 -0.566929

vn -0.094488 -0.818898 -0.566929

vn -0.094488 -0.818898 -0.566929

vn -0.094488 -0.818898 -0.566929

vn -0.094488 -0.818898 -0.566929

vn -0.094488 -0.818898 -0.566929

vn -0.094488 -0.818898 -0.566929

vn -0.527559 -0.842520 -0.078740

vn -0.527559 -0.842520 -0.078740

vn -0.527559 -0.842520 -0.078740

vn -0.527559 -0.842520 -0.078740

vn -0.527559 -0.842520 -0.078740

vn -0.527559 -0.842520 -0.078740

vn -0.527559 -0.842520 -0.078740

vn -0.527559 -0.842520 -0.078740

vn 0.000000 0.000000 1.000000

vn 0.000000 0.000000 1.000000

vn 0.000000 0.000000 1.000000

vn 0.078740 -0.677165 -0.732283

vn -0.086614 0.622047 -0.779528

vn -0.086614 0.622047 -0.779528

vn -0.086614 0.622047 -0.779528

vn -0.086614 0.622047 -0.779528

vn 0.000000 -1.000000 0.000000

vn 0.000000 -1.000000 0.000000

vn 0.000000 -1.000000 0.000000

vn -0.086614 0.622047 -0.779528

vn -0.086614 0.622047 -0.779528

vn -0.952756 -0.283465 -0.078740

vn -0.952756 -0.283465 -0.078740

vn -0.952756 -0.283465 -0.078740

vn 1.000000 0.000000 0.000000

vn 1.000000 0.000000 0.000000

vn 1.000000 0.000000 0.000000

vn 0.244094 -0.795276 -0.559055

vn 0.244094 -0.795276 -0.559055

vn 0.244094 -0.795276 -0.559055

vn 0.952756 0.283465 0.078740

vn 0.952756 0.283465 0.078740

vn 0.952756 0.283465 0.078740

vn 0.244094 -0.795276 -0.559055

vn 0.244094 -0.795276 -0.559055

vn 0.244094 -0.795276 -0.559055

vn -0.244094 0.795276 0.559055

vn -0.244094 0.795276 0.559055

vn -0.244094 0.795276 0.559055

vn 0.000000 0.000000 -1.000000

vn 0.000000 0.000000 -1.000000

vn 0.000000 0.000000 -1.000000

vn 0.000000 -1.000000 0.000000

vn 0.952756 0.283465 0.078740

vn 0.952756 0.283465 0.078740

vn -1.000000 0.000000 0.000000

vn -1.000000 0.000000 0.000000

vn -1.000000 0.000000 0.000000

vn -1.000000 -0.086614 0.000000

vn -1.000000 -0.086614 0.000000

vn -1.000000 -0.086614 0.000000

vn 1.000000 0.086614 0.000000

vn 1.000000 0.086614 0.000000

vn 1.000000 0.086614 0.000000

vn 0.952756 0.283465 0.078740

vn -0.244094 0.795276 0.559055

vn 0.000000 0.000000 -1.000000

vn 0.244094 -0.795276 -0.559055

vn -0.952756 -0.283465 -0.078740

vn 0.952756 0.283465 0.078740

vn 0.244094 -0.795276 -0.559055

vn 0.000000 1.000000 0.000000

vn 0.000000 1.000000 0.000000

vn 0.000000 1.000000 0.000000

vn -1.000000 0.000000 0.000000

vn 1.000000 0.000000 0.000000

vn 0.000000 1.000000 0.000000

vn 0.000000 0.000000 1.000000

vn -0.078740 0.787402 -0.614173

vn 0.086614 -0.992126 0.023622

vn 0.086614 -0.992126 0.023622

vn -0.086614 0.992126 -0.023622

vn -0.086614 0.992126 -0.023622

vn 0.007874 -1.000000 0.062992

vn 0.007874 -1.000000 0.062992

vn -0.007874 1.000000 -0.062992

vn -0.007874 1.000000 -0.062992

vn 0.007874 -1.000000 0.062992

vn -0.007874 1.000000 -0.062992

vn -1.000000 0.000000 0.000000

vn -1.000000 0.000000 0.000000

vn -1.000000 0.000000 0.000000

vn -1.000000 0.000000 0.000000

vn 0.086614 -0.622047 0.779528

vn 0.086614 -0.622047 0.779528

vn 0.086614 -0.622047 0.779528

vn 0.779528 -0.629921 0.039370

vn 0.779528 -0.629921 0.039370

vn 0.779528 -0.629921 0.039370

vn 0.779528 -0.629921 0.039370

vn 0.779528 -0.629921 0.039370

vn 0.779528 -0.629921 0.039370

vn -0.559055 -0.826772 -0.062992

vn -0.559055 -0.826772 -0.062992

vn -0.559055 -0.826772 -0.062992

vn -0.070866 -0.031496 1.000000

vn -0.070866 -0.031496 1.000000

vn -0.070866 -0.031496 1.000000

vn 0.070866 0.031496 -1.000000

vn 0.070866 0.031496 -1.000000

vn 0.070866 0.031496 -1.000000

vn 0.070866 0.031496 -1.000000

vn 0.070866 0.031496 -1.000000

vn 0.070866 0.031496 -1.000000

vn 0.559055 0.826772 0.062992

vn 0.559055 0.826772 0.062992

vn 0.559055 0.826772 0.062992

vn -0.559055 -0.826772 -0.062992

vn -0.559055 -0.826772 -0.062992

vn -0.559055 -0.826772 -0.062992

vn 0.023622 -1.000000 0.031496

vn 0.023622 -1.000000 0.031496

vn 0.023622 -1.000000 0.031496

vn -0.023622 1.000000 -0.031496

vn -0.023622 1.000000 -0.031496

vn -0.023622 1.000000 -0.031496

vn 0.000000 -1.000000 0.062992

vn 0.000000 -1.000000 0.062992

vn 0.000000 -1.000000 0.062992

vn 0.000000 -1.000000 0.062992

vn 0.000000 -0.062992 -1.000000

vn 0.000000 0.062992 1.000000

vn 0.000000 0.062992 1.000000

vn 0.000000 0.062992 1.000000

vn -0.779528 0.629921 -0.039370

vn -0.779528 0.629921 -0.039370

vn -0.779528 0.629921 -0.039370

vn -0.779528 0.629921 -0.039370

vn 1.000000 0.000000 0.000000

vn 0.070866 0.031496 -1.000000

vn -0.559055 -0.826772 -0.062992

vn 0.559055 0.826772 0.062992

vn -0.070866 -0.031496 1.000000

vn -0.984252 -0.141732 0.094488

vn -0.984252 -0.141732 0.094488

vn -0.984252 -0.141732 0.094488

vn 0.984252 0.141732 -0.094488

vn 0.984252 0.141732 -0.094488

vn 0.984252 0.141732 -0.094488

vn 0.000000 0.062992 1.000000

vn 0.086614 -0.622047 0.779528

vn 0.086614 -0.622047 0.779528

vn 0.086614 -0.622047 0.779528

vn 0.086614 -0.622047 0.779528

vn 0.086614 -0.622047 0.779528

vn -0.086614 0.992126 -0.023622

vn 0.086614 -0.992126 0.023622

vn 0.480315 0.866142 -0.125984

vn 0.480315 0.866142 -0.125984

vn -0.480315 -0.866142 0.125984

vn -0.480315 -0.866142 0.125984

vn -0.480315 -0.866142 0.125984

vn 0.480315 0.866142 -0.125984

vn -0.015748 -0.118110 -0.992126

vn -0.015748 -0.118110 -0.992126

vn -0.015748 -0.118110 -0.992126

vn 0.015748 0.118110 0.992126

vn 0.015748 0.118110 0.992126

vn 0.015748 0.118110 0.992126

vn 0.543307 0.834646 -0.094488

vn 0.543307 0.834646 -0.094488

vn 0.543307 0.834646 -0.094488

vn -0.543307 -0.834646 0.094488

vn -0.543307 -0.834646 0.094488

vn 1.000000 0.000000 0.000000

vn 1.000000 0.000000 0.000000

vn 1.000000 0.000000 0.000000

vn 1.000000 0.000000 0.000000

vn 0.000000 0.000000 1.000000

vn 0.000000 0.000000 1.000000

vn 0.000000 -1.000000 0.000000

vn 0.000000 -1.000000 0.000000

vn 0.000000 -1.000000 0.000000

vn 0.000000 1.000000 0.000000

vn 0.000000 1.000000 0.000000

vn 0.000000 1.000000 0.000000

vn 0.000000 0.000000 -1.000000

vn 0.000000 0.000000 -1.000000

vn 0.000000 0.000000 -1.000000

vn 0.000000 0.000000 1.000000

vn 0.000000 0.000000 1.000000

vn 0.000000 0.000000 1.000000

vn 0.000000 -1.000000 0.000000

vn 0.000000 -1.000000 0.000000

vn 0.015748 0.118110 0.992126

vn -0.543307 -0.834646 0.094488

vn -0.015748 -0.118110 -0.992126

vn 0.000000 0.000000 1.000000

vn 0.000000 1.000000 0.000000

vn 0.000000 1.000000 0.000000

vn 0.000000 0.000000 -1.000000

vn 0.000000 0.000000 -1.000000

vn 0.000000 -1.000000 0.000000

vn 0.000000 1.000000 0.000000

vn 0.000000 0.000000 -1.000000

vn 0.000000 0.000000 1.000000

vn 0.000000 -1.000000 0.000000

vn -0.779528 -0.629921 0.039370

vn -0.779528 -0.629921 0.039370

vn -0.779528 -0.629921 0.039370

vn -0.779528 -0.629921 0.039370

vn -0.779528 -0.629921 0.039370

vn -1.000000 0.000000 0.000000

vn -1.000000 0.000000 0.000000

vn -1.000000 0.000000 0.000000

vn -0.779528 -0.629921 0.039370

vn -0.779528 -0.629921 0.039370

vn -0.779528 -0.629921 0.039370

vn -1.000000 0.000000 0.000000

vn 0.559055 -0.826772 -0.062992

vn 0.559055 -0.826772 -0.062992

vn -0.070866 0.031496 -1.000000

vn -0.070866 0.031496 -1.000000

vn -0.070866 0.031496 -1.000000

vn 0.070866 -0.031496 1.000000

vn 0.070866 -0.031496 1.000000

vn 0.070866 -0.031496 1.000000

vn 0.559055 -0.826772 -0.062992

vn 0.559055 -0.826772 -0.062992

vn 0.559055 -0.826772 -0.062992

vn -0.070866 0.031496 -1.000000

vn -0.070866 0.031496 -1.000000

vn 0.000000 0.000000 1.000000

vn 0.000000 -1.000000 0.000000

vn 0.000000 -1.000000 0.000000

vn 0.000000 1.000000 0.000000

vn 0.000000 1.000000 0.000000

vn 0.000000 0.000000 -1.000000

vn 0.000000 0.000000 -1.000000

vn 0.000000 0.000000 1.000000

vn 0.000000 0.000000 1.000000

vn 0.000000 -1.000000 0.000000

vn -0.480315 0.866142 -0.125984

vn -0.480315 0.866142 -0.125984

vn -0.480315 0.866142 -0.125984

vn 0.480315 -0.866142 0.125984

vn 0.480315 -0.866142 0.125984

vn 0.480315 -0.866142 0.125984

vn -1.000000 0.000000 0.000000

vn -1.000000 0.000000 0.000000

vn -1.000000 0.000000 0.000000

vn -1.000000 0.000000 0.000000

vn 0.023622 1.000000 -0.031496

vn 0.023622 1.000000 -0.031496

vn 0.023622 1.000000 -0.031496

vn -0.023622 -1.000000 0.031496

vn -0.023622 -1.000000 0.031496

vn -0.023622 -1.000000 0.031496

vn 0.559055 -0.826772 -0.062992

vn 0.559055 -0.826772 -0.062992

vn -0.070866 0.031496 -1.000000

vn -0.559055 0.826772 0.062992

vn -0.559055 0.826772 0.062992

vn -0.559055 0.826772 0.062992

vn -0.070866 0.031496 -1.000000

vn 0.070866 -0.031496 1.000000

vn 0.779528 0.629921 -0.039370

vn 0.779528 0.629921 -0.039370

vn 0.779528 0.629921 -0.039370

vn 0.779528 0.629921 -0.039370

vn -1.000000 0.000000 0.000000

vn -1.000000 0.000000 0.000000

vn -1.000000 0.000000 0.000000

vn -1.000000 0.000000 0.000000

vn -1.000000 0.000000 0.000000

vn -1.000000 0.000000 0.000000

vn 0.984252 -0.141732 0.094488

vn 0.984252 -0.141732 0.094488

vn 0.984252 -0.141732 0.094488

vn -0.984252 0.141732 -0.094488

vn -0.984252 0.141732 -0.094488

vn -0.559055 0.826772 0.062992

vn -0.984252 0.141732 -0.094488

vn 0.094488 0.818898 -0.566929

vn 0.094488 0.818898 -0.566929

vn 0.094488 0.818898 -0.566929

vn 0.094488 0.818898 -0.566929

vn 0.094488 0.818898 -0.566929

vn 0.094488 0.818898 -0.566929

vn -0.094488 -0.818898 0.566929

vn -0.094488 -0.818898 0.566929

vn -0.094488 -0.818898 0.566929

vn -0.094488 -0.818898 0.566929

vn -0.094488 -0.818898 0.566929

vn -0.094488 -0.818898 0.566929

vn -0.094488 -0.818898 0.566929

vn -0.094488 -0.818898 0.566929

vn -0.094488 -0.818898 0.566929

vn 0.094488 0.818898 -0.566929

vn 0.094488 0.818898 -0.566929

vn -0.007874 -0.118110 0.992126

vn -0.007874 -0.118110 0.992126

vn 0.834646 0.543307 0.055118

vn 0.834646 0.543307 0.055118

vn 0.834646 0.543307 0.055118

vn -0.834646 -0.543307 -0.055118

vn -0.834646 -0.543307 -0.055118

vn -0.834646 -0.543307 -0.055118

vn -0.007874 -0.118110 0.992126

vn 0.007874 0.118110 -0.992126

vn 0.007874 0.118110 -0.992126

vn 0.007874 0.118110 -0.992126

vn 0.000000 0.125984 -0.992126

vn 0.000000 0.125984 -0.992126

vn 0.000000 -0.992126 -0.102362

vn 0.000000 -0.992126 -0.102362

vn 0.000000 -0.992126 -0.102362

vn 0.000000 -0.125984 0.992126

vn 0.000000 -0.125984 0.992126

vn 0.000000 -0.125984 0.992126

vn 0.000000 0.992126 0.102362

vn 0.000000 0.992126 0.102362

vn 0.000000 0.992126 0.102362

vn -0.047244 -0.133858 0.992126

vn -0.047244 -0.133858 0.992126

vn 0.047244 0.133858 -0.992126

vn 0.047244 0.133858 -0.992126

vn -0.047244 -0.133858 0.992126

vn 0.047244 0.133858 -0.992126

vn 1.000000 0.000000 0.000000

vn 1.000000 0.000000 0.000000

vn 1.000000 0.000000 0.000000

vn 0.000000 1.000000 0.000000

vn 0.000000 1.000000 0.000000

vn 0.000000 1.000000 0.000000

vn 0.000000 1.000000 0.000000

vn 1.000000 0.000000 0.000000

vn 1.000000 0.000000 0.000000

vn 1.000000 0.000000 0.000000

vn 0.000000 0.125984 -0.992126

vn 0.000000 0.992126 0.102362

vn 0.000000 -0.992126 -0.102362

vn 0.000000 -0.125984 0.992126

vn 1.000000 0.000000 0.000000

vn 0.000000 0.000000 1.000000

vn 0.000000 0.000000 1.000000

vn 0.000000 0.000000 1.000000

vn 0.000000 0.000000 -1.000000

vn 0.000000 0.000000 -1.000000

vn 0.000000 0.000000 -1.000000

vn -1.000000 0.000000 0.000000

vn -1.000000 0.000000 0.000000

vn -1.000000 0.000000 0.000000

vn 0.543307 -0.834646 0.094488

vn 0.543307 -0.834646 0.094488

vn 0.543307 -0.834646 0.094488

vn -0.543307 0.834646 -0.094488

vn -0.543307 0.834646 -0.094488

vn -0.543307 0.834646 -0.094488

vn 0.015748 -0.118110 -0.992126

vn 0.015748 -0.118110 -0.992126

vn -0.015748 0.118110 0.992126

vn -0.015748 0.118110 0.992126

vn -0.015748 0.118110 0.992126

vn 0.543307 -0.834646 0.094488

vn -0.543307 0.834646 -0.094488

vn 0.015748 -0.118110 -0.992126

vn -0.110236 -0.622047 -0.771654

vn -0.110236 -0.622047 -0.771654

vn -0.110236 -0.622047 -0.771654

vn 0.110236 0.622047 0.771654

vn 0.110236 0.622047 0.771654

vn 0.110236 0.622047 0.771654

vn -0.984252 0.165354 0.031496

vn -0.984252 0.165354 0.031496

vn -0.984252 0.165354 0.031496

vn 0.984252 -0.165354 -0.031496

vn 0.984252 -0.165354 -0.031496

vn 0.984252 -0.165354 -0.031496

vn -0.984252 0.165354 0.031496

vn -0.984252 0.165354 0.031496

vn -0.984252 0.165354 0.031496

vn -0.110236 -0.622047 -0.771654

vn -0.110236 -0.622047 -0.771654

vn -0.110236 -0.622047 -0.771654

vn 0.000000 0.000000 1.000000

vn 0.000000 0.000000 -1.000000

vn -1.000000 0.000000 0.000000

vn -0.834646 -0.543307 -0.055118

vn 0.834646 0.543307 0.055118

vn 0.007874 0.118110 -0.992126

vn -0.007874 -0.118110 0.992126

vn -0.480315 0.874016 0.086614

vn -0.480315 0.874016 0.086614

vn -0.480315 0.874016 0.086614

vn -0.480315 0.874016 0.086614

vn -0.480315 0.874016 0.086614

vn 0.047244 -0.133858 0.992126

vn 0.047244 -0.133858 0.992126

vn 0.047244 -0.133858 0.992126

vn -0.047244 0.133858 -0.992126

vn -0.047244 0.133858 -0.992126

vn -0.047244 0.133858 -0.992126

vn 0.000000 0.125984 -0.992126

vn 0.000000 0.125984 -0.992126

vn 0.000000 0.125984 -0.992126

vn 0.000000 0.992126 0.102362

vn 0.000000 0.992126 0.102362

vn 0.000000 0.992126 0.102362

vn 0.000000 -0.992126 -0.102362

vn 0.000000 -0.992126 -0.102362

vn 0.000000 -0.992126 -0.102362

vn 0.000000 -0.125984 0.992126

vn 0.000000 -0.125984 0.992126

vn 0.000000 -0.125984 0.992126

vn 0.000000 0.992126 0.102362

vn 0.000000 -0.125984 0.992126

vn 0.000000 -0.992126 -0.102362

vn -1.000000 0.000000 0.000000

vn -1.000000 0.000000 0.000000

vn -1.000000 0.000000 0.000000

vn 0.984252 -0.165354 -0.031496

vn -0.984252 0.165354 0.031496

vn -0.110236 -0.622047 -0.771654

vn 0.110236 0.622047 0.771654

vn -0.110236 -0.622047 -0.771654

vn -0.984252 0.165354 0.031496

vn 0.000000 -1.000000 0.000000

vn 0.000000 -1.000000 0.000000

vn 0.000000 -1.000000 0.000000

vn 0.000000 -1.000000 0.000000

vn 0.047244 -0.149606 0.984252

vn 0.047244 -0.149606 0.984252

vn 0.047244 -0.149606 0.984252

vn 0.015748 -0.102362 0.992126

vn 0.015748 -0.102362 0.992126

vn 0.015748 -0.102362 0.992126

vn 0.803150 0.598425 0.039370

vn 0.803150 0.598425 0.039370

vn 0.803150 0.598425 0.039370

vn -0.803150 -0.598425 -0.039370

vn -0.803150 -0.598425 -0.039370

vn -0.803150 -0.598425 -0.039370

vn 0.015748 -0.102362 0.992126

vn 0.015748 -0.102362 0.992126

vn 0.015748 -0.102362 0.992126

vn 0.527559 0.842520 -0.078740

vn 0.527559 0.842520 -0.078740

vn 0.527559 0.842520 -0.078740

vn -0.015748 0.102362 -0.992126

vn -0.015748 0.102362 -0.992126

vn -0.015748 0.102362 -0.992126

vn -0.803150 -0.598425 -0.039370

vn -0.803150 -0.598425 -0.039370

vn -0.803150 -0.598425 -0.039370

vn 0.803150 0.598425 0.039370

vn 0.015748 -0.102362 0.992126

vn -0.015748 0.102362 -0.992126

vn -0.803150 -0.598425 -0.039370

vn 0.015748 -0.102362 0.992126

vn -0.803150 -0.598425 -0.039370

vn -0.527559 0.842520 0.078740

vn -0.527559 0.842520 0.078740

vn -0.527559 0.842520 0.078740

vn -0.527559 0.842520 0.078740

vn -0.527559 0.842520 0.078740

vn -0.527559 0.842520 0.078740

vn -0.527559 0.842520 0.078740

vn -0.527559 0.842520 0.078740

vn -0.527559 0.842520 0.078740

vn -0.527559 0.842520 0.078740

vn 1.000000 -0.007874 -0.039370

vn 1.000000 -0.007874 -0.039370

vn -1.000000 0.007874 0.039370

vn -1.000000 0.007874 0.039370

vn -1.000000 0.007874 0.039370

vn 1.000000 -0.007874 -0.039370

vn 0.976378 -0.102362 -0.188976

vn 0.976378 -0.102362 -0.188976

vn -0.976378 0.102362 0.188976

vn -0.976378 0.102362 0.188976

vn 0.527559 0.842520 -0.078740

vn -0.976378 0.102362 0.188976

vn 0.527559 0.842520 -0.078740

vn 0.527559 0.842520 -0.078740

vn 0.527559 0.842520 -0.078740

vn 0.976378 -0.102362 -0.188976

vn 0.000000 -0.976378 0.204724

vn 0.000000 -0.976378 0.204724

vn 0.000000 -0.976378 0.204724

vn 0.000000 0.976378 -0.204724

vn 0.000000 0.976378 -0.204724

vn 0.000000 0.976378 -0.204724

vn -0.803150 0.598425 -0.039370

vn -0.803150 0.598425 -0.039370

vn -0.803150 0.598425 -0.039370

vn -0.015748 -0.102362 -0.992126

vn -0.015748 -0.102362 -0.992126

vn -0.015748 -0.102362 -0.992126

vn 0.803150 -0.598425 0.039370

vn 0.803150 -0.598425 0.039370

vn 0.803150 -0.598425 0.039370

vn -0.015748 -0.102362 -0.992126

vn -0.015748 -0.102362 -0.992126

vn -0.015748 -0.102362 -0.992126

vn 0.015748 0.102362 0.992126

vn 0.015748 0.102362 0.992126

vn 0.015748 0.102362 0.992126

vn 0.803150 -0.598425 0.039370

vn 0.803150 -0.598425 0.039370

vn 0.803150 -0.598425 0.039370

vn -0.141732 -0.133858 -0.984252

vn -0.141732 -0.133858 -0.984252

vn -0.141732 -0.133858 -0.984252

vn 0.141732 0.133858 0.984252

vn 0.141732 0.133858 0.984252

vn 0.141732 0.133858 0.984252

vn -0.015748 -1.000000 0.023622

vn -0.015748 -1.000000 0.023622

vn 0.015748 1.000000 -0.023622

vn 0.015748 1.000000 -0.023622

vn 0.015748 1.000000 -0.023622

vn -0.015748 -1.000000 0.023622

vn 0.527559 -0.842520 -0.078740

vn 0.527559 -0.842520 -0.078740

vn 0.527559 -0.842520 -0.078740

vn 0.527559 -0.842520 -0.078740

vn 0.527559 -0.842520 -0.078740

vn 0.527559 -0.842520 -0.078740

vn 0.527559 -0.842520 -0.078740

vn 0.527559 -0.842520 -0.078740

vn 0.732283 0.677165 0.062992

vn 0.732283 0.677165 0.062992

vn 0.732283 0.677165 0.062992

vn 0.000000 1.000000 0.062992

vn 0.000000 1.000000 0.062992

vn 0.000000 -1.000000 -0.062992

vn 0.000000 -1.000000 -0.062992

vn 0.614173 -0.787402 -0.078740

vn 0.614173 -0.787402 -0.078740

vn 0.614173 -0.787402 -0.078740

vn -0.614173 0.787402 0.078740

vn -0.614173 0.787402 0.078740

vn -0.614173 0.787402 0.078740

vn 0.000000 0.110236 -0.992126

vn 0.000000 0.110236 -0.992126

vn 0.000000 0.110236 -0.992126

vn 0.614173 -0.787402 -0.078740

vn 0.614173 -0.787402 -0.078740

vn 0.614173 -0.787402 -0.078740

vn 0.000000 -0.110236 0.992126

vn 0.000000 -0.110236 0.992126

vn 0.000000 -0.110236 0.992126

vn 0.000000 1.000000 0.062992

vn 0.000000 -1.000000 -0.062992

vn 0.000000 0.110236 -0.992126

vn 0.614173 -0.787402 -0.078740

vn 0.000000 -0.110236 0.992126

vn -0.614173 0.787402 0.078740

vn 0.614173 -0.787402 -0.078740

vn -0.732283 -0.677165 -0.062992

vn -0.732283 -0.677165 -0.062992

vn -0.732283 -0.677165 -0.062992

vn -0.732283 -0.677165 -0.062992

vn -0.732283 -0.677165 -0.062992

vn -0.527559 -0.842520 0.078740

vn -0.527559 -0.842520 0.078740

vn -0.527559 -0.842520 0.078740

vn -0.527559 -0.842520 0.078740

vn 0.000000 -0.992126 0.110236

vn 0.000000 -0.992126 0.110236

vn 0.000000 0.992126 -0.110236

vn 0.000000 0.992126 -0.110236

vn -0.527559 -0.842520 0.078740

vn -0.527559 -0.842520 0.078740

vn -0.527559 -0.842520 0.078740

vn -0.527559 -0.842520 0.078740

vn -0.015748 -0.102362 -0.992126

vn 0.015748 0.102362 0.992126

vn -0.015748 -0.102362 -0.992126

vn 0.803150 -0.598425 0.039370

vn 0.000000 -0.992126 0.110236

vn 0.000000 0.992126 -0.110236

vn -0.803150 0.598425 -0.039370

vn -0.598425 0.803150 -0.055118

vn -0.598425 0.803150 -0.055118

vn -0.598425 0.803150 -0.055118

vn -0.598425 0.803150 -0.055118

vn -0.574803 0.818898 -0.055118

vn -0.574803 0.818898 -0.055118

vn -0.574803 0.818898 -0.055118

vn -0.582677 0.811024 -0.062992

vn -0.582677 0.811024 -0.062992

vn -0.582677 0.811024 -0.062992

vn -0.582677 0.811024 -0.062992

vn 0.000000 1.000000 0.000000

vn 0.000000 1.000000 0.000000

vn 0.000000 1.000000 0.000000

vn 0.086614 -0.669291 -0.740157

vn 0.086614 -0.669291 -0.740157

vn 0.086614 -0.669291 -0.740157

vn 0.992126 0.149606 0.000000

vn 0.992126 0.149606 0.000000

vn 0.992126 0.149606 0.000000

vn -0.992126 -0.149606 0.000000

vn 0.992126 0.149606 0.000000

vn 0.992126 0.149606 0.000000

vn 0.992126 0.149606 0.000000

vn -0.992126 -0.149606 0.000000

vn -0.992126 -0.149606 0.000000

vn -0.086614 0.669291 0.740157

vn -0.086614 0.669291 0.740157

vn -0.086614 0.669291 0.740157

vn -0.086614 0.669291 0.740157

vn -0.086614 0.669291 0.740157

vn -0.086614 0.669291 0.740157

vn 0.000000 -0.086614 -1.000000

vn 0.000000 -0.086614 -1.000000

vn 0.000000 -0.086614 -1.000000

vn -0.748031 -0.661417 0.039370

vn -0.748031 -0.661417 0.039370

vn -0.748031 -0.661417 0.039370

vn 0.748031 0.661417 -0.047244

vn 0.748031 0.661417 -0.047244

vn 0.748031 0.661417 -0.047244

vn -0.748031 -0.661417 0.047244

vn -0.748031 -0.661417 0.047244

vn 0.000000 -0.086614 -1.000000

vn 0.000000 -0.086614 -1.000000

vn 0.000000 -0.086614 -1.000000

vn 0.000000 0.086614 1.000000

vn 0.000000 0.086614 1.000000

vn 0.000000 0.086614 1.000000

vn 0.748031 0.661417 -0.047244

vn 0.748031 0.661417 -0.047244

vn 0.748031 0.661417 -0.047244

vn 0.598425 -0.803150 0.055118

vn 0.598425 -0.803150 0.055118

vn 0.598425 -0.803150 0.055118

vn 0.102362 -0.787402 0.606299

vn 0.102362 -0.787402 0.606299

vn 0.102362 -0.787402 0.606299

vn 0.102362 -0.787402 0.606299

vn 0.102362 -0.787402 0.606299

vn 0.102362 -0.787402 0.606299

vn 0.598425 -0.803150 0.055118

vn 0.598425 -0.803150 0.055118

vn 0.598425 -0.803150 0.055118

vn 0.000000 -0.086614 -1.000000

vn 0.748031 0.661417 -0.047244

vn 0.000000 1.000000 0.000000

vn 0.000000 -1.000000 0.062992

vn 0.000000 -1.000000 0.062992

vn 0.000000 1.000000 -0.062992

vn 0.000000 1.000000 -0.062992

vn 0.000000 1.000000 -0.062992

vn 0.000000 -1.000000 0.062992

vn -0.440945 -0.889764 0.086614

vn -0.440945 -0.889764 0.086614

vn -0.440945 -0.889764 0.086614

vn -0.007874 -0.110236 -0.992126

vn -0.007874 -0.110236 -0.992126

vn 0.007874 0.110236 0.992126

vn 0.007874 0.110236 0.992126

vn 0.007874 0.110236 0.992126

vn 0.000000 -1.000000 0.000000

vn 0.000000 -1.000000 0.000000

vn 0.000000 -1.000000 0.000000

vn 1.000000 0.000000 0.000000

vn 1.000000 0.000000 0.000000

vn 1.000000 0.000000 0.000000

vn -1.000000 0.000000 0.000000

vn -1.000000 0.000000 0.000000

vn -1.000000 0.000000 0.000000

vn 0.000000 -1.000000 0.000000

vn 0.000000 -1.000000 0.000000

vn 0.000000 -1.000000 0.000000

vn -0.102362 0.787402 -0.606299

vn -0.102362 0.787402 -0.606299

vn -0.102362 0.787402 -0.606299

vn 0.000000 0.000000 -1.000000

vn -0.102362 0.787402 -0.606299

vn 0.000000 0.000000 -1.000000

vn 0.000000 0.000000 -1.000000

vn 0.000000 0.000000 -1.000000

vn 0.015748 -0.496063 0.866142

vn 0.015748 -0.496063 0.866142

vn 0.015748 -0.496063 0.866142

vn -0.007874 -0.110236 -0.992126

vn -0.440945 -0.889764 0.086614

vn 0.440945 0.889764 -0.086614

vn 0.440945 0.889764 -0.086614

vn 0.440945 0.889764 -0.086614

vn -0.015748 0.496063 -0.866142

vn -0.015748 0.496063 -0.866142

vn -0.015748 0.496063 -0.866142

vn 0.440945 0.889764 -0.086614

vn -0.992126 -0.133858 -0.007874

vn -0.992126 -0.133858 -0.007874

vn 0.992126 0.133858 0.007874

vn 0.992126 0.133858 0.007874

vn -0.110236 0.992126 -0.023622

vn -0.110236 0.992126 -0.023622

vn -0.110236 0.992126 -0.023622

vn 0.110236 -0.992126 0.023622

vn 0.110236 -0.992126 0.023622

vn 0.110236 -0.992126 0.023622

vn -0.992126 -0.133858 -0.007874

vn 0.992126 0.133858 0.007874

vn 0.110236 -0.992126 0.023622

vn -0.110236 0.992126 -0.023622

vn -0.173228 0.881890 0.440945

vn -0.173228 0.881890 0.440945

vn 0.173228 -0.881890 -0.440945

vn 0.173228 -0.881890 -0.440945

vn 0.000000 -1.000000 0.000000

vn -1.000000 0.000000 0.000000

vn 1.000000 0.000000 0.000000

vn 0.000000 -1.000000 0.000000

vn 0.000000 1.000000 0.000000

vn 0.173228 -0.881890 -0.440945

vn -0.173228 0.881890 0.440945

vn 0.000000 0.000000 1.000000

vn 0.000000 0.000000 1.000000

vn 0.000000 0.000000 1.000000

vn -0.086614 0.669291 0.740157

vn 0.992126 0.149606 0.000000

vn -0.748031 -0.661417 0.039370

vn -0.748031 -0.661417 0.047244

vn 0.000000 -0.086614 -1.000000

vn 0.000000 0.086614 1.000000

vn 0.748031 0.661417 -0.047244

vn -0.992126 -0.149606 0.000000

vn 0.086614 -0.669291 -0.740157

vn -0.881890 0.456693 0.102362

vn -0.881890 0.456693 0.102362

vn -0.881890 0.456693 0.102362

vn 0.881890 -0.456693 -0.102362

vn 0.881890 -0.456693 -0.102362

vn 0.881890 -0.456693 -0.102362

vn 1.000000 0.000000 0.000000

vn 1.000000 0.000000 0.000000

vn 1.000000 0.000000 0.000000

vn 1.000000 0.000000 0.000000

vn 0.000000 -1.000000 0.000000

vn 0.000000 -1.000000 0.000000

vn 0.000000 -1.000000 0.000000

vn 0.000000 1.000000 0.000000

vn 0.000000 1.000000 0.000000

vn 0.000000 0.000000 -1.000000

vn 0.000000 0.000000 -1.000000

vn 0.000000 0.000000 -1.000000

vn 0.000000 0.000000 1.000000

vn 0.000000 0.000000 1.000000

vn 0.000000 0.000000 1.000000

vn 0.000000 -1.000000 0.000000

vn 0.000000 -1.000000 0.000000

vn 0.000000 0.000000 1.000000

vn 0.000000 0.000000 1.000000

vn 0.000000 0.000000 1.000000

vn 0.000000 1.000000 0.000000

vn 0.000000 1.000000 0.000000

vn 0.000000 -1.000000 0.000000

vn 0.000000 0.000000 1.000000

vn 0.000000 0.000000 -1.000000

vn 0.000000 -1.000000 0.000000

vn 0.881890 0.456693 0.102362

vn 0.881890 0.456693 0.102362

vn 0.881890 0.456693 0.102362

vn -0.086614 -0.992126 0.023622

vn -0.086614 -0.992126 0.023622

vn 0.086614 0.992126 -0.023622

vn 0.086614 0.992126 -0.023622

vn -0.086614 -0.992126 0.023622

vn 0.086614 0.992126 -0.023622

vn -0.598425 -0.803150 0.055118

vn -0.598425 -0.803150 0.055118

vn -0.598425 -0.803150 0.055118

vn -0.598425 -0.803150 0.055118

vn -0.598425 -0.803150 0.055118

vn -0.598425 -0.803150 0.055118

vn -0.598425 -0.803150 0.055118

vn 0.007874 1.000000 -0.062992

vn 0.007874 1.000000 -0.062992

vn -0.007874 -1.000000 0.062992

vn -0.007874 -1.000000 0.062992

vn -0.007874 -1.000000 0.062992

vn 0.007874 1.000000 -0.062992

vn 0.000000 -0.086614 -1.000000

vn 0.000000 -0.086614 -1.000000

vn 0.000000 -0.086614 -1.000000

vn 0.748031 -0.661417 0.039370

vn 0.748031 -0.661417 0.039370

vn 0.748031 -0.661417 0.039370

vn -0.748031 0.661417 -0.047244

vn -0.748031 0.661417 -0.047244

vn -0.748031 0.661417 -0.047244

vn 0.748031 -0.661417 0.047244

vn 0.748031 -0.661417 0.047244

vn 0.748031 -0.661417 0.047244

vn 0.000000 0.086614 1.000000

vn 0.000000 0.086614 1.000000

vn 0.000000 0.086614 1.000000

vn 0.000000 -0.086614 -1.000000

vn 0.000000 -0.086614 -1.000000

vn 0.000000 -0.086614 -1.000000

vn -0.748031 0.661417 -0.047244

vn -0.748031 0.661417 -0.047244

vn -0.748031 0.661417 -0.047244

vn 0.000000 1.000000 -0.062992

vn 0.000000 1.000000 -0.062992

vn 0.000000 1.000000 -0.062992

vn 0.000000 -1.000000 0.062992

vn 0.000000 -1.000000 0.062992

vn -0.440945 0.889764 -0.086614

vn -0.440945 0.889764 -0.086614

vn -0.440945 0.889764 -0.086614

vn 0.440945 -0.889764 0.086614

vn 0.440945 -0.889764 0.086614

vn 0.440945 -0.889764 0.086614

vn 0.007874 -0.110236 -0.992126

vn 0.007874 -0.110236 -0.992126

vn -0.007874 0.110236 0.992126

vn -0.007874 0.110236 0.992126

vn -0.007874 0.110236 0.992126

vn 0.000000 -1.000000 0.062992

vn 0.000000 0.000000 1.000000

vn 0.000000 0.000000 1.000000

vn 0.007874 -0.110236 -0.992126

vn 0.440945 -0.889764 0.086614

vn -0.440945 0.889764 -0.086614

vn 0.000000 -1.000000 0.000000

vn 0.000000 -1.000000 0.000000

vn 0.000000 -0.086614 -1.000000

vn -0.748031 0.661417 -0.047244

vn -0.881890 -0.456693 -0.102362

vn -0.881890 -0.456693 -0.102362

vn 0.000000 -1.000000 0.000000

vn 0.000000 0.000000 1.000000

vn -1.000000 0.000000 0.000000

vn -1.000000 0.000000 0.000000

vn -1.000000 0.000000 0.000000

vn 0.000000 -1.000000 0.000000

vn 0.000000 -1.000000 0.000000

vn 0.000000 -1.000000 0.000000

vn 0.000000 -1.000000 0.000000

vn -1.000000 0.000000 0.000000

vn -1.000000 0.000000 0.000000

vn -1.000000 0.000000 0.000000

vn 0.000000 0.000000 -1.000000

vn 0.000000 0.000000 -1.000000

vn 0.000000 0.000000 -1.000000

vn 0.000000 0.000000 1.000000

vn 0.000000 0.000000 1.000000

vn 0.000000 0.000000 1.000000

vn 1.000000 0.000000 0.000000

vn 1.000000 0.000000 0.000000

vn 1.000000 0.000000 0.000000

vn -1.000000 0.000000 0.000000

vn -1.000000 0.000000 0.000000

vn 0.000000 0.000000 -1.000000

vn 0.000000 0.000000 1.000000

vn -1.000000 0.000000 0.000000

vn 0.582677 0.811024 -0.062992

vn 0.582677 0.811024 -0.062992

vn 0.582677 0.811024 -0.062992

vn -0.881890 -0.456693 -0.102362

vn 0.000000 1.000000 0.000000

vn 0.000000 1.000000 0.000000

vn 0.000000 1.000000 0.000000

vn 0.598425 0.803150 -0.055118

vn 0.598425 0.803150 -0.055118

vn 0.598425 0.803150 -0.055118

vn 0.598425 0.803150 -0.055118

vn 0.000000 1.000000 0.000000

vn 0.748031 -0.661417 0.047244

vn 1.000000 0.000000 0.000000

vn 0.000000 -0.086614 -1.000000

vn 0.000000 0.086614 1.000000

vn -0.748031 0.661417 -0.047244

vn 0.748031 -0.661417 0.039370

vn -0.062992 0.629921 0.771654

vn -0.062992 0.629921 0.771654

vn -0.062992 0.629921 0.771654

vn 0.000000 0.000000 -1.000000

vn 0.000000 0.000000 -1.000000

vn 0.000000 0.000000 -1.000000

vn -0.984252 -0.165354 0.000000

vn -0.984252 -0.165354 0.000000

vn -0.984252 -0.165354 0.000000

vn 0.984252 0.165354 0.000000

vn 0.984252 0.165354 0.000000

vn 0.984252 0.165354 0.000000

vn 0.094488 -0.818898 0.566929

vn 0.094488 -0.818898 0.566929

vn 0.094488 -0.818898 0.566929

vn 0.094488 -0.818898 0.566929

vn 0.118110 -0.811024 -0.574803

vn 0.118110 -0.811024 -0.574803

vn 0.118110 -0.811024 -0.574803

vn -0.094488 0.818898 -0.566929

vn -0.094488 0.818898 -0.566929

vn -0.094488 0.818898 -0.566929

vn -0.094488 0.818898 -0.566929

vn -0.094488 0.818898 -0.566929

vn -0.094488 0.818898 -0.566929

vn -0.094488 0.818898 -0.566929

vn 0.000000 0.000000 -1.000000

vn -0.165354 0.984252 0.000000

vn -0.165354 0.984252 0.000000

vn -0.165354 0.984252 0.000000

vn -0.984252 -0.165354 0.000000

vn 0.984252 0.165354 0.000000

vn 0.984252 0.165354 0.031496

vn 0.984252 0.165354 0.031496

vn 0.984252 0.165354 0.031496

vn -0.165354 0.984252 0.000000

vn -0.062992 0.629921 0.771654

vn 0.110236 -0.622047 -0.771654

vn 0.110236 -0.622047 -0.771654

vn 0.110236 -0.622047 -0.771654

vn -0.070866 0.629921 0.771654

vn -0.070866 0.629921 0.771654

vn -0.070866 0.629921 0.771654

vn -0.984252 -0.165354 -0.031496

vn -0.984252 -0.165354 -0.031496

vn -0.984252 -0.165354 -0.031496

vn 0.984252 0.165354 0.031496

vn 0.984252 0.165354 0.031496

vn 0.984252 0.165354 0.031496

vn 0.110236 -0.622047 -0.771654

vn 0.110236 -0.622047 -0.771654

vn 0.165354 -0.984252 0.000000

vn 0.165354 -0.984252 0.000000

vn 0.165354 -0.984252 0.000000

vn 0.165354 -0.984252 0.000000

vn 0.000000 0.000000 1.000000

vn 0.000000 0.000000 1.000000

vn 0.000000 0.000000 1.000000

vn 0.000000 0.000000 1.000000

vn 0.102362 -0.992126 0.000000

vn 0.102362 -0.992126 0.000000

vn 0.102362 -0.992126 0.000000

vn -0.102362 0.992126 0.000000

vn -0.102362 0.992126 0.000000

vn -0.102362 0.992126 0.000000

vn 0.992126 0.125984 0.015748

vn 0.992126 0.125984 0.015748

vn 0.992126 0.125984 0.015748

vn -0.992126 -0.125984 -0.015748

vn -0.992126 -0.125984 -0.015748

vn -0.992126 -0.125984 -0.015748

vn 0.984252 0.157480 0.023622

vn 0.984252 0.157480 0.023622

vn 0.984252 0.157480 0.023622

vn -0.062992 0.629921 -0.771654

vn -0.062992 0.629921 -0.771654

vn -0.062992 0.629921 -0.771654

vn 0.062992 -0.629921 0.771654

vn 0.062992 -0.629921 0.771654

vn 0.062992 -0.629921 0.771654

vn -0.070866 0.629921 -0.771654

vn -0.070866 0.629921 -0.771654

vn -0.070866 0.629921 -0.771654

vn -0.984252 -0.157480 -0.023622

vn -0.984252 -0.157480 -0.023622

vn -0.984252 -0.157480 -0.023622

vn -0.118110 0.818898 0.566929

vn -0.118110 0.818898 0.566929

vn -0.118110 0.818898 0.566929

vn -0.118110 0.818898 0.566929

vn -0.118110 0.818898 0.566929

vn -0.118110 0.818898 0.566929

vn -0.984252 -0.157480 -0.023622

vn 0.984252 0.157480 0.023622

vn 0.110236 -0.622047 -0.771654

vn -0.984252 -0.165354 -0.031496

vn 0.984252 0.165354 0.031496

vn 0.110236 -0.622047 -0.771654

vn -0.141732 0.992126 0.000000

vn -0.141732 0.992126 0.000000

vn -0.141732 0.992126 0.000000

vn 0.141732 -0.992126 0.000000

vn 0.141732 -0.992126 0.000000

vn 0.141732 -0.992126 0.000000

vn -0.062992 0.629921 -0.771654

vn 0.062992 -0.629921 0.771654

vn -0.992126 -0.078740 0.070866

vn -0.992126 -0.078740 0.070866

vn -0.992126 -0.078740 0.070866

vn 0.992126 0.078740 -0.070866

vn 0.992126 0.078740 -0.070866

vn 0.992126 0.078740 -0.070866

vn -0.015748 0.000000 1.000000

vn -0.015748 0.000000 1.000000

vn -0.015748 0.000000 1.000000

vn -0.015748 0.000000 1.000000

vn -0.102362 0.992126 0.000000

vn 0.102362 -0.992126 0.000000

vn 0.992126 0.125984 0.015748

vn -0.992126 -0.125984 -0.015748

vn -0.102362 0.992126 0.000000

vn -0.102362 0.992126 0.000000

vn -0.102362 0.992126 0.000000

vn -0.992126 -0.125984 -0.023622

vn -0.992126 -0.125984 -0.023622

vn -0.992126 -0.125984 -0.023622

vn 0.992126 0.125984 0.023622

vn 0.992126 0.125984 0.023622

vn 0.992126 0.125984 0.023622

vn -0.929134 -0.346457 -0.157480

vn -0.929134 -0.346457 -0.157480

vn -0.929134 -0.346457 -0.157480

vn 0.110236 0.173228 -0.976378

vn 0.110236 0.173228 -0.976378

vn 0.110236 0.173228 -0.976378

vn -0.110236 -0.173228 0.976378

vn -0.110236 -0.173228 0.976378

vn -0.110236 -0.173228 0.976378

vn 0.921260 0.346457 0.157480

vn 0.921260 0.346457 0.157480

vn 0.921260 0.346457 0.157480

vn -0.921260 -0.346457 -0.157480

vn -0.921260 -0.346457 -0.157480

vn -0.921260 -0.346457 -0.157480

vn -0.551181 0.834646 0.055118

vn -0.551181 0.834646 0.055118

vn -0.551181 0.834646 0.055118

vn -0.551181 0.834646 0.055118

vn -0.551181 0.834646 0.055118

vn -0.551181 0.834646 0.055118

vn -0.551181 0.834646 0.055118

vn -0.551181 0.834646 0.055118

vn -0.551181 0.834646 0.055118

vn 0.480315 0.874016 0.086614

vn 0.480315 0.874016 0.086614

vn 0.480315 0.874016 0.086614

vn 0.480315 0.874016 0.086614

vn 0.551181 -0.834646 -0.055118

vn 0.551181 -0.834646 -0.055118

vn 0.551181 -0.834646 -0.055118

vn 0.551181 -0.834646 -0.055118

vn -0.015748 0.000000 -1.000000

vn -0.015748 0.000000 -1.000000

vn -0.015748 0.000000 -1.000000

vn 0.551181 -0.834646 -0.055118

vn 0.551181 -0.834646 -0.055118

vn -0.984252 -0.157480 0.023622

vn -0.984252 -0.157480 0.023622

vn -0.984252 -0.157480 0.023622

vn 0.062992 -0.629921 -0.771654

vn 0.062992 -0.629921 -0.771654

vn 0.062992 -0.629921 -0.771654

vn 0.984252 0.157480 -0.023622

vn 0.984252 0.157480 -0.023622

vn 0.984252 0.157480 -0.023622

vn 0.551181 -0.834646 -0.055118

vn 0.834646 -0.543307 -0.055118

vn 0.834646 -0.543307 -0.055118

vn 0.834646 -0.543307 -0.055118

vn -0.834646 0.543307 0.055118

vn -0.834646 0.543307 0.055118

vn -0.834646 0.543307 0.055118

vn -0.007874 0.118110 -0.992126

vn -0.007874 0.118110 -0.992126

vn -0.007874 0.118110 -0.992126

vn 0.007874 -0.118110 0.992126

vn 0.007874 -0.118110 0.992126

vn 0.007874 -0.118110 0.992126

vn -0.007874 0.118110 -0.992126

vn -0.007874 0.118110 -0.992126

vn -0.007874 0.118110 -0.992126

vn -0.118110 0.818898 -0.566929

vn -0.118110 0.818898 -0.566929

vn 0.118110 -0.818898 0.566929

vn 0.118110 -0.818898 0.566929

vn 0.118110 -0.818898 0.566929

vn -0.118110 0.818898 -0.566929

vn 0.102362 -0.992126 0.000000

vn 0.102362 -0.992126 0.000000

vn 0.102362 -0.992126 0.000000

vn 0.102362 -0.992126 0.000000

vn 0.102362 -0.992126 0.000000

vn 0.102362 -0.992126 0.000000

vn 0.992126 0.125984 0.023622

vn -0.992126 -0.125984 -0.023622

vn -0.102362 0.992126 0.000000

vn -0.102362 0.992126 0.000000

vn -0.102362 0.992126 0.000000

vn -0.992126 -0.125984 0.023622

vn -0.992126 -0.125984 0.023622

vn 0.992126 0.125984 -0.023622

vn 0.992126 0.125984 -0.023622

vn 0.992126 0.125984 -0.023622

vn -0.929134 -0.346457 -0.157480

vn -0.480315 -0.874016 -0.086614

vn -0.480315 -0.874016 -0.086614

vn -0.480315 -0.874016 -0.086614

vn -0.480315 -0.874016 -0.086614

vn -0.480315 -0.874016 -0.086614

vn -0.480315 -0.874016 -0.086614

vn 0.110236 0.173228 -0.976378

vn -0.110236 -0.173228 0.976378

vn -0.921260 -0.346457 -0.157480

vn 0.921260 0.346457 0.157480

vn -0.480315 -0.874016 -0.086614

vn -0.480315 -0.874016 -0.086614

vn -0.480315 -0.874016 -0.086614

vn 0.102362 -0.992126 0.000000

vn -0.102362 0.992126 0.000000

vn -0.102362 0.992126 0.000000

vn 0.102362 -0.992126 0.000000

vn -0.992126 -0.125984 0.023622

vn 0.984252 0.157480 -0.023622

vn 0.984252 0.157480 -0.023622

vn 0.984252 0.157480 -0.023622

vn 0.984252 0.157480 -0.023622

vn -0.984252 -0.157480 0.023622

vn -0.141732 0.992126 0.000000

vn -0.141732 0.992126 0.000000

vn 0.141732 -0.992126 0.000000

vn 0.141732 -0.992126 0.000000

vn -0.141732 0.992126 0.000000

vn 0.141732 -0.992126 0.000000

vn 0.992126 0.125984 -0.023622

vn 0.062992 -0.629921 -0.771654

vn 0.007874 -0.118110 0.992126

vn 0.007874 -0.118110 0.992126

vn 0.834646 -0.543307 -0.055118

vn -0.007874 0.118110 -0.992126

vn -0.834646 0.543307 0.055118

vn -0.007874 0.118110 -0.992126

vn 0.000000 0.992126 0.118110

vn 0.000000 0.992126 0.118110

vn 0.000000 0.992126 0.118110

vn 0.000000 -0.992126 -0.118110

vn 0.000000 -0.992126 -0.118110

vn 0.000000 -0.992126 -0.118110

vn -0.015748 1.000000 0.023622

vn -0.015748 1.000000 0.023622

vn 0.015748 -1.000000 -0.023622

vn 0.015748 -1.000000 -0.023622

vn 0.110236 -0.622047 0.771654

vn 0.110236 -0.622047 0.771654

vn 0.110236 -0.622047 0.771654

vn -0.110236 0.622047 -0.771654

vn -0.110236 0.622047 -0.771654

vn -0.110236 0.622047 -0.771654

vn -0.984252 -0.165354 0.031496

vn -0.984252 -0.165354 0.031496

vn -0.984252 -0.165354 0.031496

vn -0.015748 1.000000 0.023622

vn 0.015748 -1.000000 -0.023622

vn -0.047244 0.149606 -0.984252

vn -0.047244 0.149606 -0.984252

vn -0.047244 0.149606 -0.984252

vn 0.984252 0.165354 -0.031496

vn 0.984252 0.165354 -0.031496

vn 0.984252 0.165354 -0.031496

vn 0.000000 0.992126 0.110236

vn 0.000000 0.992126 0.110236

vn 0.000000 -0.992126 -0.110236

vn 0.000000 -0.992126 -0.110236

vn 0.000000 -0.992126 -0.110236

vn 0.000000 0.992126 0.110236

vn -0.992126 -0.102362 0.062992

vn -0.992126 -0.102362 0.062992

vn 0.992126 0.102362 -0.062992

vn 0.992126 0.102362 -0.062992

vn -0.992126 -0.102362 0.062992

vn 0.992126 0.102362 -0.062992

vn -0.976378 -0.102362 0.188976

vn -0.976378 -0.102362 0.188976

vn -0.976378 -0.102362 0.188976

vn 0.976378 0.102362 -0.188976

vn 0.976378 0.102362 -0.188976

vn 0.094488 -0.818898 -0.566929

vn 0.094488 -0.818898 -0.566929

vn 0.094488 -0.818898 -0.566929

vn 0.094488 -0.818898 -0.566929

vn 0.094488 -0.818898 -0.566929

vn 0.094488 -0.818898 -0.566929

vn 0.094488 -0.818898 -0.566929

vn 0.110236 -0.622047 0.771654

vn 0.110236 -0.622047 0.771654

vn 0.110236 -0.622047 0.771654

vn 0.984252 0.165354 -0.031496

vn 0.110236 -0.622047 0.771654

vn 0.984252 0.165354 -0.031496

vn 0.984252 0.165354 -0.031496

vn 0.984252 0.165354 -0.031496

vn -0.110236 0.622047 -0.771654

vn -0.984252 -0.165354 0.031496

vn 0.976378 0.102362 -0.188976

vn 0.141732 -0.133858 0.984252

vn 0.141732 -0.133858 0.984252

vn -0.141732 0.133858 -0.984252

vn -0.141732 0.133858 -0.984252

vn 1.000000 0.007874 -0.039370

vn 1.000000 0.007874 -0.039370

vn 1.000000 0.007874 -0.039370

vn -1.000000 -0.007874 0.039370

vn -1.000000 -0.007874 0.039370

vn -1.000000 -0.007874 0.039370

vn 0.141732 -0.133858 0.984252

vn -0.141732 0.133858 -0.984252

vn 0.984252 0.165354 -0.031496

vn -0.015748 0.000000 -1.000000

vn -0.015748 0.000000 -1.000000

vn -0.015748 0.000000 -1.000000

vn -0.015748 0.000000 -1.000000

vn -0.992126 -0.125984 0.015748

vn -0.992126 -0.125984 0.015748

vn -0.992126 -0.125984 0.015748

vn 0.102362 -0.992126 0.000000

vn 0.102362 -0.992126 0.000000

vn 0.102362 -0.992126 0.000000

vn 0.992126 0.125984 -0.015748

vn 0.992126 0.125984 -0.015748

vn 0.992126 0.125984 -0.015748

vn -0.102362 0.992126 0.000000

vn -0.102362 0.992126 0.000000

vn -0.102362 0.992126 0.000000

vn 0.992126 0.078740 0.070866

vn 0.992126 0.078740 0.070866

vn -0.992126 -0.078740 -0.070866

vn -0.992126 -0.078740 -0.070866

vn 0.992126 0.078740 0.070866

vn -0.992126 -0.078740 -0.070866

vn 0.102362 -0.992126 0.000000

vn -0.102362 0.992126 0.000000

vn 0.992126 0.125984 -0.015748

vn -0.992126 -0.125984 0.015748

vn -0.094488 0.818898 0.566929

vn -0.094488 0.818898 0.566929

vn -0.094488 0.818898 0.566929

vn -0.094488 0.818898 0.566929

vn -0.094488 0.818898 0.566929

vn -0.094488 0.818898 0.566929

vn -0.094488 0.818898 0.566929

vn 0.976378 0.102362 0.188976

vn 0.976378 0.102362 0.188976

vn -0.976378 -0.102362 -0.188976

vn -0.976378 -0.102362 -0.188976

vn 0.976378 0.102362 0.188976

vn -0.976378 -0.102362 -0.188976

vn 1.000000 0.007874 0.039370

vn 1.000000 0.007874 0.039370

vn 1.000000 0.007874 0.039370

vn -1.000000 -0.007874 -0.039370

vn -1.000000 -0.007874 -0.039370

vn -1.000000 -0.007874 -0.039370

vn 0.984252 0.165354 0.031496

vn -0.110236 0.622047 0.771654

vn -0.110236 0.622047 0.771654

vn -0.110236 0.622047 0.771654

vn 0.803150 0.598425 -0.039370

vn 0.803150 0.598425 -0.039370

vn 0.803150 0.598425 -0.039370

vn -0.141732 0.133858 0.984252

vn -0.141732 0.133858 0.984252

vn 0.141732 -0.133858 -0.984252

vn 0.141732 -0.133858 -0.984252

vn 0.031496 -0.244094 -0.968504

vn 0.031496 -0.244094 -0.968504

vn -0.031496 0.244094 0.968504

vn -0.031496 0.244094 0.968504

vn -0.031496 0.244094 0.968504

vn 0.031496 -0.244094 -0.968504

vn 0.141732 -0.133858 -0.984252

vn -0.141732 0.133858 0.984252

vn -0.047244 -0.133858 -0.992126

vn -0.047244 -0.133858 -0.992126

vn 0.047244 0.133858 0.992126

vn 0.047244 0.133858 0.992126

vn 0.047244 0.133858 0.992126

vn -0.047244 -0.133858 -0.992126

vn 0.047244 -0.149606 -0.984252

vn 0.047244 -0.149606 -0.984252

vn -0.047244 0.149606 0.984252

vn -0.047244 0.149606 0.984252

vn -0.047244 0.149606 0.984252

vn 0.047244 -0.149606 -0.984252

vn 0.000000 -0.992126 0.110236

vn 0.000000 -0.992126 0.110236

vn 0.000000 0.992126 -0.110236

vn 0.000000 0.992126 -0.110236

vn 0.000000 -0.992126 0.110236

vn 0.000000 0.992126 -0.110236

vn 0.094488 -0.818898 0.566929

vn 0.094488 -0.818898 0.566929

vn 0.094488 -0.818898 0.566929

vn 0.803150 0.598425 -0.039370

vn -0.110236 0.622047 0.771654

vn 0.992126 0.102362 0.062992

vn 0.992126 0.102362 0.062992

vn -0.992126 -0.102362 -0.062992

vn -0.992126 -0.102362 -0.062992

vn 0.992126 0.102362 0.062992

vn -0.992126 -0.102362 -0.062992

vn -0.015748 1.000000 -0.023622

vn -0.015748 1.000000 -0.023622

vn -0.015748 1.000000 -0.023622

vn 0.015748 -1.000000 0.023622

vn 0.015748 -1.000000 0.023622

vn 0.015748 -1.000000 0.023622

vn 0.015748 -0.102362 -0.992126

vn 0.015748 -0.102362 -0.992126

vn 0.015748 -0.102362 -0.992126

vn -0.803150 -0.598425 0.039370

vn -0.803150 -0.598425 0.039370

vn -0.803150 -0.598425 0.039370

vn -0.803150 -0.598425 0.039370

vn -0.803150 -0.598425 0.039370

vn 0.015748 -0.102362 -0.992126

vn 0.015748 -0.102362 -0.992126

vn 0.015748 -0.102362 -0.992126

vn -0.015748 0.102362 0.992126

vn -0.015748 0.102362 0.992126

vn -0.015748 0.102362 0.992126

vn -0.015748 0.102362 0.992126

vn 0.480315 0.874016 -0.086614

vn 0.480315 0.874016 -0.086614

vn 0.480315 0.874016 -0.086614

vn 0.480315 0.874016 -0.086614

vn 0.480315 0.874016 -0.086614

vn 0.527559 -0.842520 0.078740

vn 0.527559 -0.842520 0.078740

vn 0.527559 -0.842520 0.078740

vn 0.527559 -0.842520 0.078740

vn 0.527559 -0.842520 0.078740

vn 0.527559 -0.842520 0.078740

vn 0.527559 -0.842520 0.078740

vn 0.527559 -0.842520 0.078740

vn 0.047244 0.149606 0.984252

vn 0.047244 0.149606 0.984252

vn -0.047244 -0.149606 -0.984252

vn -0.047244 -0.149606 -0.984252

vn 0.000000 -1.000000 0.000000

vn 0.000000 -1.000000 0.000000

vn 0.000000 -1.000000 0.000000

vn 0.000000 -1.000000 0.000000

vn -0.047244 -0.149606 -0.984252

vn 0.047244 0.149606 0.984252

vn -0.480315 0.874016 -0.086614

vn -0.480315 0.874016 -0.086614

vn -0.480315 0.874016 -0.086614

vn -0.480315 0.874016 -0.086614

vn -0.480315 0.874016 -0.086614

vn -0.480315 0.874016 -0.086614

vn -0.480315 0.874016 -0.086614

vn -0.834646 -0.543307 0.055118

vn -0.834646 -0.543307 0.055118

vn -0.834646 -0.543307 0.055118

vn -0.007874 -0.118110 -0.992126

vn -0.007874 -0.118110 -0.992126

vn -0.007874 -0.118110 -0.992126

vn 0.007874 0.118110 0.992126

vn 0.007874 0.118110 0.992126

vn 0.007874 0.118110 0.992126

vn -0.834646 -0.543307 0.055118

vn -0.834646 -0.543307 0.055118

vn -0.834646 -0.543307 0.055118

vn -1.000000 0.000000 0.000000

vn -1.000000 0.000000 0.000000

vn -1.000000 0.000000 0.000000

vn 0.000000 0.000000 -1.000000

vn 0.000000 0.000000 -1.000000

vn 0.000000 0.000000 -1.000000

vn -0.527559 0.842520 -0.078740

vn -0.527559 0.842520 -0.078740

vn -0.527559 0.842520 -0.078740

vn -1.000000 0.000000 0.000000

vn 0.000000 0.000000 -1.000000

vn 1.000000 0.000000 0.000000

vn 1.000000 0.000000 0.000000

vn 1.000000 0.000000 0.000000

vn 1.000000 0.000000 0.000000

vn 0.000000 1.000000 0.000000

vn 0.000000 1.000000 0.000000

vn 0.000000 1.000000 0.000000

vn 0.000000 1.000000 0.000000

vn -0.007874 0.118110 0.992126

vn -0.007874 0.118110 0.992126

vn -0.007874 0.118110 0.992126

vn 0.007874 -0.118110 -0.992126

vn 0.007874 -0.118110 -0.992126

vn 0.007874 -0.118110 -0.992126

vn 0.834646 -0.543307 0.055118

vn 0.834646 -0.543307 0.055118

vn 0.834646 -0.543307 0.055118

vn 0.000000 0.125984 0.992126

vn 0.000000 0.125984 0.992126

vn 0.000000 0.125984 0.992126

vn 0.000000 -0.992126 0.102362

vn 0.000000 -0.992126 0.102362

vn 0.000000 -0.992126 0.102362

vn 0.000000 -0.125984 -0.992126

vn 0.000000 -0.125984 -0.992126

vn 0.000000 -0.125984 -0.992126

vn 0.000000 0.992126 -0.102362

vn 0.000000 0.992126 -0.102362

vn 0.000000 0.992126 -0.102362

vn 0.000000 0.125984 0.992126

vn 0.000000 -0.992126 0.102362

vn 0.000000 -0.125984 -0.992126

vn 0.000000 0.992126 -0.102362

vn 0.834646 0.543307 -0.055118

vn 0.834646 0.543307 -0.055118

vn 0.834646 0.543307 -0.055118

vn 0.000000 0.000000 1.000000

vn 0.000000 0.000000 1.000000

vn 0.000000 0.000000 1.000000

vn -0.527559 0.842520 -0.078740

vn -0.527559 0.842520 -0.078740

vn -0.527559 0.842520 -0.078740

vn -0.527559 0.842520 -0.078740

vn 0.480315 -0.874016 0.086614

vn 0.480315 -0.874016 0.086614

vn 0.480315 -0.874016 0.086614

vn 0.480315 -0.874016 0.086614

vn 0.480315 -0.874016 0.086614

vn 0.480315 -0.874016 0.086614

vn 0.480315 -0.874016 0.086614

vn 0.480315 -0.874016 0.086614

vn 0.480315 -0.874016 0.086614

vn 0.000000 0.000000 1.000000

vn 0.000000 -0.125984 -0.992126

vn 0.000000 -0.125984 -0.992126

vn 0.000000 -0.125984 -0.992126

vn 0.000000 0.125984 0.992126

vn 0.000000 0.125984 0.992126

vn 0.000000 0.125984 0.992126

vn 0.000000 -0.992126 0.102362

vn 0.000000 -0.992126 0.102362

vn 0.000000 -0.992126 0.102362

vn 0.000000 0.992126 -0.102362

vn 0.000000 0.992126 -0.102362

vn 0.000000 0.992126 -0.102362

vn -0.834646 0.543307 -0.055118

vn -0.834646 0.543307 -0.055118

vn -0.834646 0.543307 -0.055118

vn -0.834646 -0.543307 0.055118

vn -0.007874 -0.118110 -0.992126

vn 0.007874 0.118110 0.992126

vn 0.834646 0.543307 -0.055118

vn -0.834646 -0.543307 0.055118

vn -0.803150 -0.598425 0.039370

vn 0.015748 -0.102362 -0.992126

vn -0.803150 -0.598425 0.039370

vn 0.000000 -0.125984 -0.992126

vn 0.000000 -0.992126 0.102362

vn 0.000000 0.992126 -0.102362

vn 1.000000 0.000000 0.000000

vn 1.000000 0.000000 0.000000

vn 1.000000 0.000000 0.000000

vn 0.015748 -0.102362 -0.992126

vn 0.000000 -0.992126 0.118110

vn 0.000000 -0.992126 0.118110

vn 0.834646 -0.543307 0.055118

vn -0.007874 0.118110 0.992126

vn 0.007874 -0.118110 -0.992126

vn -0.834646 0.543307 -0.055118

vn 0.000000 0.992126 -0.118110

vn 0.000000 0.992126 -0.118110

vn 0.000000 -0.992126 0.118110

vn 0.000000 0.992126 -0.118110

f 3524/3524/3524 3577/3577/3577 3522/3522/3522

f 8/8/8 9/9/9 10/10/10

f 11/11/11 12/12/12 13/13/13

f 7/7/7 14/14/14 6/6/6

f 5/5/5 15/15/15 4/4/4

f 16/16/16 17/17/17 18/18/18

f 10/10/10 19/19/19 8/8/8

f 13/13/13 20/20/20 11/11/11

f 18/18/18 21/21/21 16/16/16

f 22/22/22 23/23/23 24/24/24

f 26/26/26 27/27/27 25/25/25

f 28/28/28 29/29/29 30/30/30

f 31/31/31 32/32/32 33/33/33

f 34/34/34 35/35/35 36/36/36

f 37/37/37 38/38/38 40/40/40

f 41/41/41 42/42/42 43/43/43

f 46/46/46 44/44/44 47/47/47

f 24/24/24 50/50/50 22/22/22

f 51/51/51 49/49/49 52/52/52

f 57/57/57 58/58/58 59/59/59

f 49/49/49 51/51/51 48/48/48

f 59/59/59 60/60/60 57/57/57

f 54/54/54 61/61/61 53/53/53

f 62/62/62 63/63/63 64/64/64

f 56/56/56 65/65/65 55/55/55

f 33/33/33 66/66/66 31/31/31

f 45/45/45 47/47/47 44/44/44

f 40/40/40 39/39/39 37/37/37

f 67/67/67 68/68/68 69/69/69

f 70/70/70 71/71/71 72/72/72

f 73/73/73 74/74/74 75/75/75

f 76/76/76 77/77/77 78/78/78

f 82/82/82 79/79/79 83/83/83

f 84/84/84 85/85/85 86/86/86

f 87/87/87 88/88/88 89/89/89

f 90/90/90 91/91/91 92/92/92

f 93/93/93 94/94/94 95/95/95

f 97/97/97 96/96/96 98/98/98

f 99/99/99 100/100/100 101/101/101

f 92/92/92 102/102/102 90/90/90

f 95/95/95 103/103/103 93/93/93

f 101/101/101 104/104/104 99/99/99

f 98/98/98 105/105/105 97/97/97

f 81/81/81 106/106/106 80/80/80

f 83/83/83 107/107/107 82/82/82

f 86/86/86 108/108/108 84/84/84

f 72/72/72 109/109/109 70/70/70

f 110/110/110 111/111/111 112/112/112

f 113/113/113 114/114/114 115/115/115

f 78/78/78 116/116/116 76/76/76

f 75/75/75 117/117/117 73/73/73

f 115/115/115 118/118/118 113/113/113

f 112/112/112 119/119/119 110/110/110

f 89/89/89 120/120/120 87/87/87

f 121/121/121 122/122/122 123/123/123

f 124/124/124 125/125/125 126/126/126

f 123/123/123 129/129/129 121/121/121

f 131/131/131 134/134/134 130/130/130

f 133/133/133 135/135/135 132/132/132

f 136/136/136 137/137/137 138/138/138

f 138/138/138 139/139/139 136/136/136

f 140/140/140 141/141/141 142/142/142

f 145/145/145 146/146/146 147/147/147

f 144/144/144 148/148/148 143/143/143

f 142/142/142 149/149/149 140/140/140

f 147/147/147 150/150/150 145/145/145

f 151/151/151 152/152/152 153/153/153

f 154/154/154 155/155/155 156/156/156

f 153/153/153 157/157/157 151/151/151

f 158/158/158 159/159/159 160/160/160

f 161/161/161 162/162/162 163/163/163

f 168/168/168 166/166/166 169/169/169

f 170/170/170 171/171/171 172/172/172

f 126/126/126 175/175/175 124/124/124

f 128/128/128 176/176/176 127/127/127

f 177/177/177 178/178/178 179/179/179

f 180/180/180 181/181/181 182/182/182

f 183/183/183 184/184/184 185/185/185

f 185/185/185 186/186/186 183/183/183

f 187/187/187 123/123/123 122/122/122

f 188/188/188 189/189/189 190/190/190

f 191/191/191 192/192/192 193/193/193

f 194/194/194 195/195/195 197/197/197

f 122/122/122 198/198/198 187/187/187

f 190/190/190 199/199/199 188/188/188

f 193/193/193 200/200/200 191/191/191

f 201/201/201 202/202/202 203/203/203

f 204/204/204 205/205/205 206/206/206

f 207/207/207 208/208/208 209/209/209

f 206/206/206 210/210/210 204/204/204

f 203/203/203 211/211/211 201/201/201

f 212/212/212 213/213/213 214/214/214

f 215/215/215 216/216/216 217/217/217

f 217/217/217 218/218/218 215/215/215

f 219/219/219 220/220/220 221/221/221

f 222/222/222 223/223/223 224/224/224

f 225/225/225 226/226/226 227/227/227

f 150/150/150 147/147/147 228/228/228

f 224/224/224 229/229/229 222/222/222

f 160/160/160 230/230/230 158/158/158

f 179/179/179 231/231/231 177/177/177

f 182/182/182 232/232/232 180/180/180

f 156/156/156 233/233/233 154/154/154

f 234/234/234 235/235/235 164/164/164

f 236/236/236 237/237/237 238/238/238

f 167/167/167 169/169/169 166/166/166

f 239/239/239 240/240/240 241/241/241

f 172/172/172 242/242/242 170/170/170

f 227/227/227 243/243/243 225/225/225

f 228/228/228 244/244/244 150/150/150

f 174/174/174 245/245/245 173/173/173

f 197/197/197 196/196/196 194/194/194

f 246/246/246 247/247/247 248/248/248

f 249/249/249 250/250/250 251/251/251

f 252/252/252 253/253/253 254/254/254

f 254/254/254 255/255/255 252/252/252

f 259/259/259 260/260/260 261/261/261

f 261/261/261 262/262/262 259/259/259

f 251/251/251 263/263/263 249/249/249

f 258/258/258 264/264/264 257/257/257

f 248/248/248 256/256/256 246/246/246

f 164/164/164 165/165/165 234/234/234

f 265/265/265 266/266/266 267/267/267

f 268/268/268 269/269/269 270/270/270

f 271/271/271 272/272/272 273/273/273

f 274/274/274 275/275/275 276/276/276

f 277/277/277 278/278/278 279/279/279

f 280/280/280 281/281/281 282/282/282

f 267/267/267 283/283/283 265/265/265

f 270/270/270 284/284/284 268/268/268

f 273/273/273 285/285/285 271/271/271

f 286/286/286 287/287/287 288/288/288

f 290/290/290 291/291/291 289/289/289

f 292/292/292 293/293/293 294/294/294

f 295/295/295 296/296/296 297/297/297

f 298/298/298 299/299/299 300/300/300

f 301/301/301 302/302/302 303/303/303

f 300/300/300 304/304/304 298/298/298

f 303/303/303 305/305/305 301/301/301

f 307/307/307 310/310/310 306/306/306

f 309/309/309 311/311/311 308/308/308

f 312/312/312 313/313/313 314/314/314

f 314/314/314 315/315/315 312/312/312

f 316/316/316 317/317/317 318/318/318

f 321/321/321 322/322/322 272/272/272

f 320/320/320 323/323/323 319/319/319

f 318/318/318 324/324/324 316/316/316

f 272/272/272 271/271/271 321/321/321

f 294/294/294 325/325/325 292/292/292

f 326/326/326 327/327/327 328/328/328

f 328/328/328 329/329/329 326/326/326

f 330/330/330 331/331/331 332/332/332

f 332/332/332 333/333/333 330/330/330

f 334/334/334 335/335/335 336/336/336

f 337/337/337 338/338/338 339/339/339

f 340/340/340 341/341/341 342/342/342

f 343/343/343 344/344/344 345/345/345

f 339/339/339 347/347/347 337/337/337

f 276/276/276 348/348/348 274/274/274

f 349/349/349 303/303/303 302/302/302

f 350/350/350 351/351/351 352/352/352

f 302/302/302 353/353/353 349/349/349

f 354/354/354 355/355/355 356/356/356

f 282/282/282 357/357/357 280/280/280

f 279/279/279 358/358/358 277/277/277

f 359/359/359 360/360/360 361/361/361

f 361/361/361 362/362/362 359/359/359

f 365/365/365 366/366/366 367/367/367

f 364/364/364 368/368/368 363/363/363

f 369/369/369 370/370/370 371/371/371

f 372/372/372 373/373/373 374/374/374

f 375/375/375 376/376/376 377/377/377

f 378/378/378 379/379/379 380/380/380

f 371/371/371 381/381/381 369/369/369

f 377/377/377 382/382/382 375/375/375

f 380/380/380 383/383/383 378/378/378

f 374/374/374 384/384/384 372/372/372

f 385/385/385 386/386/386 387/387/387

f 388/388/388 389/389/389 390/390/390

f 390/390/390 391/391/391 388/388/388

f 342/342/342 392/392/392 340/340/340

f 345/345/345 393/393/393 343/343/343

f 395/395/395 394/394/394 346/346/346

f 396/396/396 397/397/397 398/398/398

f 399/399/399 400/400/400 401/401/401

f 402/402/402 403/403/403 404/404/404

f 405/405/405 406/406/406 407/407/407

f 408/408/408 409/409/409 410/410/410

f 387/387/387 411/411/411 385/385/385

f 336/336/336 412/412/412 334/334/334

f 413/413/413 414/414/414 415/415/415

f 415/415/415 416/416/416 413/413/413

f 417/417/417 418/418/418 419/419/419

f 419/419/419 420/420/420 417/417/417

f 421/421/421 422/422/422 423/423/423

f 401/401/401 424/424/424 399/399/399

f 398/398/398 425/425/425 396/396/396

f 346/346/346 426/426/426 395/395/395

f 423/423/423 427/427/427 421/421/421

f 404/404/404 428/428/428 402/402/402

f 407/407/407 429/429/429 405/405/405

f 410/410/410 430/430/430 408/408/408

f 431/431/431 432/432/432 433/433/433

f 434/434/434 435/435/435 436/436/436

f 439/439/439 440/440/440 441/441/441

f 438/438/438 442/442/442 437/437/437

f 436/436/436 443/443/443 434/434/434

f 444/444/444 441/441/441 445/445/445

f 446/446/446 447/447/447 448/448/448

f 449/449/449 450/450/450 451/451/451

f 452/452/452 453/453/453 454/454/454

f 441/441/441 444/444/444 439/439/439

f 457/457/457 458/458/458 459/459/459

f 460/460/460 461/461/461 462/462/462

f 463/463/463 464/464/464 465/465/465

f 466/466/466 467/467/467 468/468/468

f 469/469/469 470/470/470 471/471/471

f 462/462/462 472/472/472 460/460/460

f 459/459/459 473/473/473 457/457/457

f 474/474/474 475/475/475 476/476/476

f 477/477/477 478/478/478 479/479/479

f 454/454/454 480/480/480 452/452/452

f 456/456/456 481/481/481 455/455/455

f 482/482/482 433/433/433 432/432/432

f 432/432/432 483/483/483 482/482/482

f 451/451/451 484/484/484 449/449/449

f 485/485/485 486/486/486 431/431/431

f 488/488/488 489/489/489 487/487/487

f 490/490/490 491/491/491 492/492/492

f 448/448/448 493/493/493 446/446/446

f 445/445/445 494/494/494 444/444/444

f 495/495/495 496/496/496 497/497/497

f 498/498/498 499/499/499 500/500/500

f 501/501/501 502/502/502 503/503/503

f 504/504/504 505/505/505 506/506/506

f 507/507/507 508/508/508 509/509/509

f 465/465/465 510/510/510 463/463/463

f 468/468/468 511/511/511 466/466/466

f 512/512/512 513/513/513 514/514/514

f 471/471/471 515/515/515 469/469/469

f 499/499/499 516/516/516 517/517/517

f 518/518/518 519/519/519 520/520/520

f 506/506/506 521/521/521 504/504/504

f 509/509/509 522/522/522 507/507/507

f 523/523/523 524/524/524 525/525/525

f 525/525/525 526/526/526 523/523/523

f 527/527/527 528/528/528 529/529/529

f 503/503/503 530/530/530 501/501/501

f 514/514/514 531/531/531 512/512/512

f 500/500/500 532/532/532 498/498/498

f 497/497/497 535/535/535 495/495/495

f 517/517/517 500/500/500 499/499/499

f 492/492/492 536/536/536 490/490/490

f 431/431/431 537/537/537 485/485/485

f 433/433/433 538/538/538 431/431/431

f 520/520/520 540/540/540 518/518/518

f 476/476/476 541/541/541 474/474/474

f 544/544/544 545/545/545 546/546/546

f 546/546/546 549/549/549 544/544/544

f 551/551/551 533/533/533 539/539/539

f 548/548/548 552/552/552 553/553/553

f 550/550/550 554/554/554 547/547/547

f 542/542/542 543/543/543 555/555/555

f 534/534/534 539/539/539 533/533/533

f 556/556/556 550/550/550 557/557/557

f 558/558/558 559/559/559 560/560/560

f 561/561/561 562/562/562 563/563/563

f 564/564/564 565/565/565 566/566/566

f 567/567/567 568/568/568 569/569/569

f 570/570/570 571/571/571 572/572/572

f 573/573/573 574/574/574 575/575/575

f 577/577/577 578/578/578 579/579/579

f 580/580/580 581/581/581 582/582/582

f 612/612/612 583/583/583 584/584/584

f 563/563/563 585/585/585 561/561/561

f 566/566/566 586/586/586 564/564/564

f 587/587/587 588/588/588 589/589/589

f 589/589/589 590/590/590 587/587/587

f 593/593/593 594/594/594 595/595/595

f 592/592/592 596/596/596 591/591/591

f 529/529/529 597/597/597 527/527/527

f 598/598/598 599/599/599 600/600/600

f 575/575/575 601/601/601 573/573/573

f 595/595/595 602/602/602 593/593/593

f 288/288/288 603/603/603 286/286/286

f 572/572/572 604/604/604 570/570/570

f 569/569/569 605/605/605 567/567/567

f 607/607/607 608/608/608 606/606/606

f 610/610/610 609/609/609 611/611/611

f 367/367/367 614/614/614 365/365/365

f 582/582/582 615/615/615 580/580/580

f 616/616/616 617/617/617 618/618/618

f 618/618/618 619/619/619 616/616/616

f 620/620/620 621/621/621 622/622/622

f 623/623/623 624/624/624 625/625/625

f 622/622/622 626/626/626 620/620/620

f 625/625/625 627/627/627 623/623/623

f 628/628/628 629/629/629 630/630/630

f 630/630/630 631/631/631 628/628/628

f 632/632/632 633/633/633 634/634/634

f 634/634/634 635/635/635 632/632/632

f 636/636/636 637/637/637 638/638/638

f 639/639/639 640/640/640 641/641/641

f 584/584/584 613/613/613 612/612/612

f 576/576/576 642/642/642 643/643/643

f 638/638/638 644/644/644 636/636/636

f 643/643/643 645/645/645 576/576/576

f 646/646/646 647/647/647 648/648/648

f 649/649/649 650/650/650 651/651/651

f 641/641/641 652/652/652 639/639/639

f 653/653/653 654/654/654 655/655/655

f 656/656/656 657/657/657 658/658/658

f 659/659/659 660/660/660 661/661/661

f 648/648/648 662/662/662 646/646/646

f 663/663/663 664/664/664 665/665/665

f 600/600/600 666/666/666 598/598/598

f 661/661/661 667/667/667 659/659/659

f 655/655/655 668/668/668 653/653/653

f 658/658/658 669/669/669 656/656/656

f 665/665/665 670/670/670 663/663/663

f 651/651/651 671/671/671 649/649/649

f 611/611/611 672/672/672 610/610/610

f 673/673/673 674/674/674 675/675/675

f 679/679/679 680/680/680 678/678/678

f 683/683/683 684/684/684 685/685/685

f 686/686/686 687/687/687 688/688/688

f 689/689/689 690/690/690 691/691/691

f 692/692/692 693/693/693 694/694/694

f 695/695/695 696/696/696 697/697/697

f 698/698/698 699/699/699 700/700/700

f 676/676/676 701/701/701 702/702/702

f 703/703/703 704/704/704 705/705/705

f 706/706/706 707/707/707 708/708/708

f 709/709/709 710/710/710 711/711/711

f 712/712/712 713/713/713 714/714/714

f 694/694/694 715/715/715 692/692/692

f 714/714/714 716/716/716 712/712/712

f 697/697/697 717/717/717 695/695/695

f 700/700/700 718/718/718 698/698/698

f 720/720/720 721/721/721 719/719/719

f 722/722/722 723/723/723 724/724/724

f 725/725/725 726/726/726 727/727/727

f 731/731/731 732/732/732 733/733/733

f 729/729/729 730/730/730 734/734/734

f 711/711/711 735/735/735 709/709/709

f 724/724/724 736/736/736 722/722/722

f 705/705/705 737/737/737 703/703/703

f 708/708/708 738/738/738 706/706/706

f 739/739/739 728/728/728 740/740/740

f 743/743/743 744/744/744 745/745/745

f 746/746/746 747/747/747 748/748/748

f 749/749/749 750/750/750 751/751/751

f 748/748/748 752/752/752 746/746/746

f 745/745/745 753/753/753 743/743/743

f 702/702/702 677/677/677 676/676/676

f 740/740/740 754/754/754 739/739/739

f 742/742/742 755/755/755 741/741/741

f 734/734/734 756/756/756 729/729/729

f 733/733/733 757/757/757 731/731/731

f 758/758/758 759/759/759 760/760/760

f 688/688/688 761/761/761 686/686/686

f 691/691/691 762/762/762 689/689/689

f 682/682/682 763/763/763 681/681/681

f 685/685/685 764/764/764 683/683/683

f 772/772/772 766/766/766 765/765/765

f 768/768/768 767/767/767 774/774/774

f 770/770/770 771/771/771 769/769/769

f 773/773/773 772/772/772 765/765/765

f 765/765/765 775/775/775 773/773/773

f 776/776/776 777/777/777 778/778/778

f 779/779/779 780/780/780 781/781/781

f 782/782/782 783/783/783 784/784/784

f 785/785/785 786/786/786 787/787/787

f 774/774/774 788/788/788 768/768/768

f 789/789/789 790/790/790 791/791/791

f 792/792/792 793/793/793 794/794/794

f 797/797/797 798/798/798 795/795/795

f 796/796/796 795/795/795 798/798/798

f 799/799/799 800/800/800 801/801/801

f 802/802/802 783/783/783 803/803/803

f 804/804/804 805/805/805 806/806/806

f 807/807/807 808/808/808 809/809/809

f 810/810/810 811/811/811 812/812/812

f 791/791/791 813/813/813 789/789/789

f 814/814/814 815/815/815 816/816/816

f 816/816/816 817/817/817 814/814/814

f 818/818/818 819/819/819 820/820/820

f 820/820/820 821/821/821 818/818/818

f 822/822/822 823/823/823 824/824/824

f 825/825/825 826/826/826 827/827/827

f 828/828/828 829/829/829 830/830/830

f 830/830/830 831/831/831 828/828/828

f 827/827/827 832/832/832 825/825/825

f 833/833/833 834/834/834 835/835/835

f 824/824/824 836/836/836 822/822/822

f 837/837/837 838/838/838 839/839/839

f 835/835/835 840/840/840 833/833/833

f 787/787/787 841/841/841 785/785/785

f 842/842/842 843/843/843 844/844/844

f 844/844/844 845/845/845 842/842/842

f 846/846/846 847/847/847 848/848/848

f 849/849/849 850/850/850 851/851/851

f 852/852/852 853/853/853 854/854/854

f 801/801/801 855/855/855 799/799/799

f 803/803/803 856/856/856 802/802/802

f 812/812/812 857/857/857 810/810/810

f 760/760/760 858/858/858 758/758/758

f 809/809/809 859/859/859 807/807/807

f 860/860/860 861/861/861 862/862/862

f 863/863/863 864/864/864 865/865/865

f 866/866/866 867/867/867 868/868/868

f 851/851/851 869/869/869 849/849/849

f 854/854/854 870/870/870 852/852/852

f 848/848/848 873/873/873 846/846/846

f 865/865/865 782/782/782 863/863/863

f 872/872/872 874/874/874 871/871/871

f 868/868/868 875/875/875 866/866/866

f 876/876/876 877/877/877 878/878/878

f 879/879/879 880/880/880 881/881/881

f 856/856/856 803/803/803 882/882/882

f 883/883/883 884/884/884 885/885/885

f 886/886/886 887/887/887 888/888/888

f 862/862/862 889/889/889 860/860/860

f 878/878/878 890/890/890 876/876/876

f 882/882/882 891/891/891 856/856/856

f 885/885/885 892/892/892 883/883/883

f 888/888/888 893/893/893 886/886/886

f 894/894/894 895/895/895 896/896/896

f 784/784/784 863/863/863 782/782/782

f 781/781/781 897/897/897 779/779/779

f 778/778/778 898/898/898 776/776/776

f 899/899/899 900/900/900 901/901/901

f 902/902/902 903/903/903 904/904/904

f 901/901/901 905/905/905 899/899/899

f 906/906/906 907/907/907 908/908/908

f 909/909/909 910/910/910 911/911/911

f 908/908/908 912/912/912 906/906/906

f 911/911/911 913/913/913 909/909/909

f 904/904/904 792/792/792 902/902/902

f 914/914/914 915/915/915 916/916/916

f 916/916/916 917/917/917 914/914/914

f 918/918/918 919/919/919 920/920/920

f 920/920/920 921/921/921 918/918/918

f 896/896/896 922/922/922 894/894/894

f 924/924/924 925/925/925 923/923/923

f 927/927/927 928/928/928 926/926/926

f 794/794/794 902/902/902 792/792/792

f 933/933/933 931/931/931 934/934/934

f 937/937/937 938/938/938 939/939/939

f 940/940/940 941/941/941 942/942/942

f 943/943/943 944/944/944 945/945/945

f 946/946/946 947/947/947 948/948/948

f 949/949/949 950/950/950 951/951/951

f 952/952/952 953/953/953 954/954/954

f 948/948/948 955/955/955 946/946/946

f 945/945/945 956/956/956 943/943/943

f 954/954/954 957/957/957 952/952/952

f 951/951/951 958/958/958 949/949/949

f 959/959/959 960/960/960 961/961/961

f 962/962/962 963/963/963 964/964/964

f 965/965/965 966/966/966 967/967/967

f 968/968/968 969/969/969 970/970/970

f 971/971/971 972/972/972 973/973/973

f 974/974/974 975/975/975 976/976/976

f 977/977/977 978/978/978 979/979/979

f 980/980/980 981/981/981 982/982/982

f 973/973/973 984/984/984 971/971/971

f 976/976/976 985/985/985 974/974/974

f 979/979/979 983/983/983 977/977/977

f 982/982/982 986/986/986 980/980/980

f 964/964/964 987/987/987 962/962/962

f 970/970/970 988/988/988 968/968/968

f 675/675/675 989/989/989 673/673/673

f 961/961/961 990/990/990 959/959/959

f 991/991/991 992/992/992 929/929/929

f 932/932/932 934/934/934 931/931/931

f 993/993/993 994/994/994 995/995/995

f 996/996/996 997/997/997 998/998/998

f 936/936/936 999/999/999 935/935/935

f 1000/1000/1000 1001/1001/1001 1002/1002/1002

f 1008/1008/1008 1009/1009/1009 1010/1010/1010

f 1011/1011/1011 1012/1012/1012 1013/1013/1013

f 1014/1014/1014 1015/1015/1015 1016/1016/1016

f 1017/1017/1017 1018/1018/1018 1019/1019/1019

f 1020/1020/1020 1021/1021/1021 1022/1022/1022

f 998/998/998 1023/1023/1023 996/996/996

f 929/929/929 930/930/930 991/991/991

f 1005/1005/1005 1024/1024/1024 1025/1025/1025

f 1025/1025/1025 1004/1004/1004 1005/1005/1005

f 1007/1007/1007 1028/1028/1028 1006/1006/1006

f 1001/1001/1001 1000/1000/1000 1003/1003/1003

f 1030/1030/1030 1031/1031/1031 1029/1029/1029

f 1013/1013/1013 1032/1032/1032 1011/1011/1011

f 1019/1019/1019 1033/1033/1033 1017/1017/1017

f 1022/1022/1022 1034/1034/1034 1020/1020/1020

f 1016/1016/1016 1035/1035/1035 1014/1014/1014

f 1010/1010/1010 1036/1036/1036 1008/1008/1008

f 1027/1027/1027 1037/1037/1037 1026/1026/1026

f 1038/1038/1038 1039/1039/1039 1040/1040/1040

f 1041/1041/1041 1042/1042/1042 1088/1088/1088

f 1043/1043/1043 1044/1044/1044 1045/1045/1045

f 1046/1046/1046 1047/1047/1047 1048/1048/1048

f 1049/1049/1049 1050/1050/1050 1051/1051/1051

f 1052/1052/1052 1053/1053/1053 1054/1054/1054

f 1045/1045/1045 1055/1055/1055 1043/1043/1043

f 1056/1056/1056 1057/1057/1057 1058/1058/1058

f 1059/1059/1059 1060/1060/1060 1074/1074/1074

f 1061/1061/1061 1062/1062/1062 1063/1063/1063

f 1064/1064/1064 1065/1065/1065 1066/1066/1066

f 1067/1067/1067 1068/1068/1068 1069/1069/1069

f 1070/1070/1070 1071/1071/1071 1072/1072/1072

f 513/513/513 1075/1075/1075 1076/1076/1076

f 1077/1077/1077 1078/1078/1078 1079/1079/1079

f 1076/1076/1076 514/514/514 513/513/513

f 1079/1079/1079 1082/1082/1082 1077/1077/1077

f 1081/1081/1081 1083/1083/1083 1080/1080/1080

f 1084/1084/1084 1085/1085/1085 1086/1086/1086

f 1089/1089/1089 1090/1090/1090 1091/1091/1091

f 1092/1092/1092 1093/1093/1093 1094/1094/1094

f 1095/1095/1095 1096/1096/1096 1097/1097/1097

f 1098/1098/1098 1099/1099/1099 1100/1100/1100

f 1101/1101/1101 1102/1102/1102 1103/1103/1103

f 1094/1094/1094 1104/1104/1104 1092/1092/1092

f 1105/1105/1105 1106/1106/1106 1107/1107/1107

f 1108/1108/1108 1109/1109/1109 1110/1110/1110

f 1111/1111/1111 1112/1112/1112 1113/1113/1113

f 1091/1091/1091 1114/1114/1114 1089/1089/1089

f 1115/1115/1115 1116/1116/1116 1117/1117/1117

f 1100/1100/1100 1118/1118/1118 1098/1098/1098

f 1103/1103/1103 1119/1119/1119 1101/1101/1101

f 1117/1117/1117 1120/1120/1120 1115/1115/1115

f 1113/1113/1113 1121/1121/1121 1111/1111/1111

f 214/214/214 1122/1122/1122 212/212/212

f 209/209/209 1123/1123/1123 207/207/207

f 1126/1126/1126 1127/1127/1127 1128/1128/1128

f 1129/1129/1129 1130/1130/1130 1131/1131/1131

f 1132/1132/1132 1133/1133/1133 1085/1085/1085

f 1125/1125/1125 1134/1134/1134 1124/1124/1124

f 1128/1128/1128 1135/1135/1135 1126/1126/1126

f 1136/1136/1136 1137/1137/1137 1138/1138/1138

f 1085/1085/1085 1084/1084/1084 1132/1132/1132

f 1040/1040/1040 1139/1139/1139 1038/1038/1038

f 1140/1140/1140 1141/1141/1141 1142/1142/1142

f 1143/1143/1143 1144/1144/1144 1145/1145/1145

f 1145/1145/1145 1146/1146/1146 1143/1143/1143

f 1147/1147/1147 1148/1148/1148 1149/1149/1149

f 1149/1149/1149 1150/1150/1150 1147/1147/1147

f 1151/1151/1151 1152/1152/1152 1153/1153/1153

f 1154/1154/1154 1155/1155/1155 1156/1156/1156

f 1157/1157/1157 1158/1158/1158 1159/1159/1159

f 1138/1138/1138 1160/1160/1160 1136/1136/1136

f 1054/1054/1054 1161/1161/1161 1052/1052/1052

f 1051/1051/1051 1162/1162/1162 1049/1049/1049

f 1048/1048/1048 1163/1163/1163 1046/1046/1046

f 1058/1058/1058 1164/1164/1164 1056/1056/1056

f 1074/1074/1074 1073/1073/1073 1059/1059/1059

f 1072/1072/1072 1165/1165/1165 1070/1070/1070

f 1069/1069/1069 1166/1166/1166 1067/1067/1067

f 1167/1167/1167 1168/1168/1168 1169/1169/1169

f 1169/1169/1169 1170/1170/1170 1167/1167/1167

f 1088/1088/1088 1087/1087/1087 1041/1041/1041

f 1066/1066/1066 1171/1171/1171 1064/1064/1064

f 1159/1159/1159 1172/1172/1172 1157/1157/1157

f 1156/1156/1156 1173/1173/1173 1154/1154/1154

f 1063/1063/1063 1174/1174/1174 1061/1061/1061

f 1175/1175/1175 1176/1176/1176 1177/1177/1177

f 1086/1086/1086 1178/1178/1178 1084/1084/1084

f 1153/1153/1153 1179/1179/1179 1151/1151/1151

f 1131/1131/1131 1180/1180/1180 1129/1129/1129

f 1097/1097/1097 1181/1181/1181 1095/1095/1095

f 1182/1182/1182 1183/1183/1183 1184/1184/1184

f 1262/1262/1262 1186/1186/1186 1185/1185/1185

f 1184/1184/1184 1189/1189/1189 1187/1187/1187

f 1188/1188/1188 1191/1191/1191 1190/1190/1190

f 1192/1192/1192 1193/1193/1193 1194/1194/1194

f 1195/1195/1195 1196/1196/1196 1197/1197/1197

f 1198/1198/1198 1199/1199/1199 1200/1200/1200

f 1201/1201/1201 1202/1202/1202 1203/1203/1203

f 1204/1204/1204 1205/1205/1205 1206/1206/1206

f 1207/1207/1207 1209/1209/1209 1210/1210/1210

f 1211/1211/1211 1212/1212/1212 1213/1213/1213

f 1214/1214/1214 1215/1215/1215 1216/1216/1216

f 1217/1217/1217 1218/1218/1218 1219/1219/1219

f 1220/1220/1220 1221/1221/1221 1222/1222/1222

f 1223/1223/1223 1224/1224/1224 1225/1225/1225

f 1226/1226/1226 1227/1227/1227 1228/1228/1228

f 1229/1229/1229 1230/1230/1230 1231/1231/1231

f 1232/1232/1232 1233/1233/1233 1234/1234/1234

f 1231/1231/1231 1235/1235/1235 1229/1229/1229

f 1234/1234/1234 1236/1236/1236 1232/1232/1232

f 1237/1237/1237 1238/1238/1238 1239/1239/1239

f 1242/1242/1242 1243/1243/1243 1173/1173/1173

f 1244/1244/1244 1245/1245/1245 1246/1246/1246

f 1247/1247/1247 1248/1248/1248 1249/1249/1249

f 1251/1251/1251 1250/1250/1250 1254/1254/1254

f 1254/1254/1254 1252/1252/1252 1251/1251/1251

f 1241/1241/1241 1253/1253/1253 1240/1240/1240

f 1255/1255/1255 1252/1252/1252 1254/1254/1254

f 1256/1256/1256 1257/1257/1257 1258/1258/1258

f 1258/1258/1258 1259/1259/1259 1090/1090/1090

f 1200/1200/1200 1260/1260/1260 1198/1198/1198

f 1197/1197/1197 1261/1261/1261 1195/1195/1195

f 1184/1184/1184 1187/1187/1187 1182/1182/1182

f 1206/1206/1206 1263/1263/1263 1204/1204/1204

f 1222/1222/1222 1264/1264/1264 1220/1220/1220

f 1225/1225/1225 1265/1265/1265 1223/1223/1223

f 1239/1239/1239 1266/1266/1266 1237/1237/1237

f 1267/1267/1267 1234/1234/1234 1233/1233/1233

f 1268/1268/1268 1269/1269/1269 1270/1270/1270

f 1271/1271/1271 1272/1272/1272 1273/1273/1273

f 1249/1249/1249 1274/1274/1274 1247/1247/1247

f 1258/1258/1258 1275/1275/1275 1256/1256/1256

f 1246/1246/1246 1276/1276/1276 1244/1244/1244

f 1173/1173/1173 1156/1156/1156 1242/1242/1242

f 1213/1213/1213 1277/1277/1277 1211/1211/1211

f 1219/1219/1219 1278/1278/1278 1217/1217/1217

f 1210/1210/1210 1208/1208/1208 1207/1207/1207

f 1233/1233/1233 1279/1279/1279 1267/1267/1267

f 1270/1270/1270 1280/1280/1280 1268/1268/1268

f 1273/1273/1273 1281/1281/1281 1271/1271/1271

f 1282/1282/1282 1256/1256/1256 1275/1275/1275

f 1285/1285/1285 1286/1286/1286 1287/1287/1287

f 1284/1284/1284 1288/1288/1288 1283/1283/1283

f 1275/1275/1275 1289/1289/1289 1282/1282/1282

f 1090/1090/1090 1089/1089/1089 1258/1258/1258

f 1290/1290/1290 1291/1291/1291 1292/1292/1292

f 1292/1292/1292 1293/1293/1293 1290/1290/1290

f 1296/1296/1296 1297/1297/1297 1298/1298/1298

f 1301/1301/1301 1302/1302/1302 1303/1303/1303

f 1304/1304/1304 1305/1305/1305 1306/1306/1306

f 1300/1300/1300 1307/1307/1307 1299/1299/1299

f 1303/1303/1303 1308/1308/1308 1301/1301/1301

f 1306/1306/1306 1309/1309/1309 1304/1304/1304

f 1310/1310/1310 1311/1311/1311 1312/1312/1312

f 1295/1295/1295 1294/1294/1294 1313/1313/1313

f 1314/1314/1314 1315/1315/1315 1316/1316/1316

f 1317/1317/1317 1318/1318/1318 1319/1319/1319

f 1320/1320/1320 1321/1321/1321 1322/1322/1322

f 1323/1323/1323 1324/1324/1324 1325/1325/1325

f 1326/1326/1326 1327/1327/1327 1328/1328/1328

f 1329/1329/1329 1330/1330/1330 1331/1331/1331

f 1332/1332/1332 1333/1333/1333 1334/1334/1334

f 1335/1335/1335 1336/1336/1336 1337/1337/1337

f 1337/1337/1337 1338/1338/1338 1335/1335/1335

f 1334/1334/1334 1339/1339/1339 1332/1332/1332

f 1340/1340/1340 1341/1341/1341 1342/1342/1342

f 1343/1343/1343 1344/1344/1344 1345/1345/1345

f 1346/1346/1346 1347/1347/1347 1348/1348/1348

f 1349/1349/1349 1350/1350/1350 1351/1351/1351

f 1345/1345/1345 1352/1352/1352 1343/1343/1343

f 1353/1353/1353 1354/1354/1354 1355/1355/1355

f 1355/1355/1355 1356/1356/1356 1353/1353/1353

f 1357/1357/1357 1358/1358/1358 1359/1359/1359

f 1342/1342/1342 1360/1360/1360 1340/1340/1340

f 1365/1365/1365 1361/1361/1361 1362/1362/1362

f 1362/1362/1362 1366/1366/1366 1365/1365/1365

f 1367/1367/1367 1363/1363/1363 1364/1364/1364

f 1369/1369/1369 1370/1370/1370 1368/1368/1368

f 1319/1319/1319 1372/1372/1372 1317/1317/1317

f 1373/1373/1373 1374/1374/1374 1375/1375/1375

f 1365/1365/1365 1377/1377/1377 1361/1361/1361

f 1371/1371/1371 1379/1379/1379 1378/1378/1378

f 1380/1380/1380 1381/1381/1381 1376/1376/1376

f 1382/1382/1382 1383/1383/1383 1387/1387/1387

f 1385/1385/1385 1386/1386/1386 1384/1384/1384

f 1388/1388/1388 1389/1389/1389 1390/1390/1390

f 1391/1391/1391 1392/1392/1392 1393/1393/1393

f 1328/1328/1328 1396/1396/1396 1326/1326/1326

f 1325/1325/1325 1397/1397/1397 1323/1323/1323

f 1322/1322/1322 1398/1398/1398 1320/1320/1320

f 1403/1403/1403 1404/1404/1404 1405/1405/1405

f 1406/1406/1406 1407/1407/1407 1408/1408/1408

f 1409/1409/1409 1410/1410/1410 1309/1309/1309

f 1402/1402/1402 1411/1411/1411 1401/1401/1401

f 1412/1412/1412 1413/1413/1413 1387/1387/1387

f 1414/1414/1414 1415/1415/1415 1416/1416/1416

f 1417/1417/1417 1418/1418/1418 1419/1419/1419

f 1400/1400/1400 1420/1420/1420 1399/1399/1399

f 1421/1421/1421 1422/1422/1422 1423/1423/1423

f 1309/1309/1309 1306/1306/1306 1409/1409/1409

f 1405/1405/1405 1424/1424/1424 1403/1403/1403

f 1408/1408/1408 1425/1425/1425 1406/1406/1406

f 1416/1416/1416 1426/1426/1426 1414/1414/1414

f 1375/1375/1375 1427/1427/1427 1373/1373/1373

f 1393/1393/1393 1428/1428/1428 1391/1391/1391

f 1395/1395/1395 1429/1429/1429 1394/1394/1394

f 1390/1390/1390 1430/1430/1430 1388/1388/1388

f 1431/1431/1431 1432/1432/1432 1433/1433/1433

f 1348/1348/1348 1434/1434/1434 1346/1346/1346

f 1351/1351/1351 1435/1435/1435 1349/1349/1349

f 1419/1419/1419 1436/1436/1436 1417/1417/1417

f 1423/1423/1423 1437/1437/1437 1421/1421/1421

f 1316/1316/1316 1438/1438/1438 1314/1314/1314

f 1433/1433/1433 1439/1439/1439 1431/1431/1431

f 1359/1359/1359 1440/1440/1440 1357/1357/1357

f 1441/1441/1441 1442/1442/1442 1443/1443/1443

f 1443/1443/1443 1444/1444/1444 1441/1441/1441

f 1445/1445/1445 1446/1446/1446 1447/1447/1447

f 1448/1448/1448 1449/1449/1449 1450/1450/1450

f 1451/1451/1451 1452/1452/1452 1453/1453/1453

f 1454/1454/1454 1455/1455/1455 1456/1456/1456

f 1457/1457/1457 1458/1458/1458 1459/1459/1459

f 1460/1460/1460 1461/1461/1461 1462/1462/1462

f 1463/1463/1463 1464/1464/1464 1465/1465/1465

f 1466/1466/1466 1467/1467/1467 1468/1468/1468

f 1469/1469/1469 1470/1470/1470 1471/1471/1471

f 1472/1472/1472 1473/1473/1473 1474/1474/1474

f 1475/1475/1475 1476/1476/1476 1477/1477/1477

f 1478/1478/1478 1479/1479/1479 1480/1480/1480

f 1481/1481/1481 1482/1482/1482 1483/1483/1483

f 1480/1480/1480 1484/1484/1484 1478/1478/1478

f 1483/1483/1483 1485/1485/1485 1481/1481/1481

f 1486/1486/1486 1487/1487/1487 1488/1488/1488

f 1489/1489/1489 1490/1490/1490 1491/1491/1491

f 1492/1492/1492 1493/1493/1493 1494/1494/1494

f 1494/1494/1494 1495/1495/1495 1492/1492/1492

f 1496/1496/1496 1497/1497/1497 1498/1498/1498

f 1499/1499/1499 1500/1500/1500 1501/1501/1501

f 1504/1504/1504 1505/1505/1505 1506/1506/1506

f 1507/1507/1507 1508/1508/1508 1509/1509/1509

f 1503/1503/1503 1510/1510/1510 1502/1502/1502

f 1506/1506/1506 1511/1511/1511 1504/1504/1504

f 1509/1509/1509 1512/1512/1512 1507/1507/1507

f 1513/1513/1513 1514/1514/1514 1515/1515/1515

f 1516/1516/1516 1517/1517/1517 1520/1520/1520

f 1515/1515/1515 1518/1518/1518 1513/1513/1513

f 1521/1521/1521 1522/1522/1522 1523/1523/1523

f 1523/1523/1523 1524/1524/1524 1521/1521/1521

f 1525/1525/1525 1526/1526/1526 1527/1527/1527

f 1527/1527/1527 1528/1528/1528 1525/1525/1525

f 1529/1529/1529 1530/1530/1530 1531/1531/1531

f 1531/1531/1531 1532/1532/1532 1529/1529/1529

f 1533/1533/1533 1534/1534/1534 1535/1535/1535

f 1536/1536/1536 1537/1537/1537 1538/1538/1538

f 1482/1482/1482 1539/1539/1539 1540/1540/1540

f 1535/1535/1535 1541/1541/1541 1533/1533/1533

f 1538/1538/1538 1542/1542/1542 1536/1536/1536

f 1540/1540/1540 1483/1483/1483 1482/1482/1482

f 1543/1543/1543 1544/1544/1544 1545/1545/1545

f 1545/1545/1545 1546/1546/1546 1543/1543/1543

f 1547/1547/1547 1548/1548/1548 1549/1549/1549

f 1550/1550/1550 1551/1551/1551 1552/1552/1552

f 1512/1512/1512 1509/1509/1509 1553/1553/1553

f 1549/1549/1549 1554/1554/1554 1547/1547/1547

f 1552/1552/1552 1555/1555/1555 1550/1550/1550

f 1553/1553/1553 1556/1556/1556 1512/1512/1512

f 1557/1557/1557 1558/1558/1558 1559/1559/1559

f 1559/1559/1559 1560/1560/1560 1557/1557/1557

f 1450/1450/1450 1561/1561/1561 1448/1448/1448

f 1447/1447/1447 1562/1562/1562 1445/1445/1445

f 1520/1520/1520 1519/1519/1519 1516/1516/1516

f 1465/1465/1465 1563/1563/1563 1463/1463/1463

f 1468/1468/1468 1564/1564/1564 1466/1466/1466

f 1453/1453/1453 1565/1565/1565 1451/1451/1451

f 1456/1456/1456 1566/1566/1566 1454/1454/1454

f 1491/1491/1491 1567/1567/1567 1489/1489/1489

f 1488/1488/1488 1568/1568/1568 1486/1486/1486

f 1471/1471/1471 1571/1571/1571 1469/1469/1469

f 1570/1570/1570 1572/1572/1572 1569/1569/1569

f 1474/1474/1474 1573/1573/1573 1472/1472/1472

f 847/847/847 1574/1574/1574 1575/1575/1575

f 1462/1462/1462 1576/1576/1576 1460/1460/1460

f 1575/1575/1575 848/848/848 847/847/847

f 1577/1577/1577 1578/1578/1578 1579/1579/1579

f 1580/1580/1580 1581/1581/1581 1582/1582/1582

f 1583/1583/1583 1584/1584/1584 1585/1585/1585

f 1586/1586/1586 1587/1587/1587 1588/1588/1588

f 1589/1589/1589 1590/1590/1590 1591/1591/1591

f 1593/1593/1593 1594/1594/1594 1595/1595/1595

f 1596/1596/1596 1597/1597/1597 1598/1598/1598

f 1599/1599/1599 1600/1600/1600 1601/1601/1601

f 1602/1602/1602 1603/1603/1603 1604/1604/1604

f 1605/1605/1605 1606/1606/1606 1607/1607/1607

f 1608/1608/1608 1609/1609/1609 1610/1610/1610

f 1611/1611/1611 1612/1612/1612 1613/1613/1613

f 1614/1614/1614 1615/1615/1615 1616/1616/1616

f 1617/1617/1617 1618/1618/1618 1619/1619/1619

f 1620/1620/1620 1621/1621/1621 1622/1622/1622

f 1625/1625/1625 1623/1623/1623 1624/1624/1624

f 1628/1628/1628 1626/1626/1626 1627/1627/1627

f 1582/1582/1582 1630/1630/1630 1580/1580/1580

f 1584/1584/1584 1583/1583/1583 1592/1592/1592

f 1627/1627/1627 1629/1629/1629 1628/1628/1628

f 1631/1631/1631 1632/1632/1632 1633/1633/1633

f 1636/1636/1636 1637/1637/1637 1635/1635/1635

f 1638/1638/1638 1639/1639/1639 1640/1640/1640

f 1595/1595/1595 1641/1641/1641 1593/1593/1593

f 1642/1642/1642 1643/1643/1643 1644/1644/1644

f 1633/1633/1633 1647/1647/1647 1631/1631/1631

f 1619/1619/1619 1648/1648/1648 1617/1617/1617

f 1622/1622/1622 1649/1649/1649 1620/1620/1620

f 1591/1591/1591 1650/1650/1650 1589/1589/1589

f 1616/1616/1616 1651/1651/1651 1614/1614/1614

f 1644/1644/1644 1652/1652/1652 1642/1642/1642

f 1601/1601/1601 1653/1653/1653 1599/1599/1599

f 1655/1655/1655 1660/1660/1660 1654/1654/1654

f 1657/1657/1657 1661/1661/1661 1656/1656/1656

f 1635/1635/1635 1634/1634/1634 1636/1636/1636

f 1598/1598/1598 1662/1662/1662 1596/1596/1596

f 1640/1640/1640 1663/1663/1663 1638/1638/1638

f 1607/1607/1607 1664/1664/1664 1605/1605/1605

f 1604/1604/1604 1665/1665/1665 1602/1602/1602

f 1666/1666/1666 1667/1667/1667 1668/1668/1668

f 1669/1669/1669 1670/1670/1670 1671/1671/1671

f 1668/1668/1668 1672/1672/1672 1666/1666/1666

f 1671/1671/1671 1673/1673/1673 1669/1669/1669

f 1676/1676/1676 1677/1677/1677 1678/1678/1678

f 1679/1679/1679 1680/1680/1680 1681/1681/1681

f 1682/1682/1682 1683/1683/1683 1684/1684/1684

f 1689/1689/1689 1690/1690/1690 1691/1691/1691

f 1331/1331/1331 1692/1692/1692 1329/1329/1329

f 1678/1678/1678 1693/1693/1693 1676/1676/1676

f 356/356/356 1694/1694/1694 354/354/354

f 1695/1695/1695 1696/1696/1696 1697/1697/1697

f 1698/1698/1698 1699/1699/1699 1700/1700/1700

f 1701/1701/1701 1658/1658/1658 1659/1659/1659

f 1688/1688/1688 1702/1702/1702 1687/1687/1687

f 1703/1703/1703 1335/1335/1335 1338/1338/1338

f 1704/1704/1704 1705/1705/1705 1706/1706/1706

f 1707/1707/1707 1708/1708/1708 1709/1709/1709

f 1686/1686/1686 1710/1710/1710 1685/1685/1685

f 1711/1711/1711 1712/1712/1712 1713/1713/1713

f 1697/1697/1697 1714/1714/1714 1695/1695/1695

f 1700/1700/1700 1715/1715/1715 1698/1698/1698

f 1338/1338/1338 1716/1716/1716 1703/1703/1703

f 1706/1706/1706 1717/1717/1717 1704/1704/1704

f 1719/1719/1719 1720/1720/1720 1721/1721/1721

f 352/352/352 1722/1722/1722 350/350/350

f 1684/1684/1684 1723/1723/1723 1682/1682/1682

f 1691/1691/1691 1724/1724/1724 1689/1689/1689

f 1709/1709/1709 1725/1725/1725 1707/1707/1707

f 1713/1713/1713 1726/1726/1726 1711/1711/1711

f 1721/1721/1721 1727/1727/1727 1719/1719/1719

f 1728/1728/1728 1729/1729/1729 1730/1730/1730

f 1730/1730/1730 1731/1731/1731 1728/1728/1728

f 1732/1732/1732 1733/1733/1733 1734/1734/1734

f 1734/1734/1734 1735/1735/1735 1732/1732/1732

f 1718/1718/1718 1674/1674/1674 1675/1675/1675

f 889/889/889 862/862/862 1736/1736/1736

f 1737/1737/1737 1738/1738/1738 1739/1739/1739

f 1740/1740/1740 1741/1741/1741 1742/1742/1742

f 1743/1743/1743 1317/1317/1317 1372/1372/1372

f 1744/1744/1744 1745/1745/1745 1746/1746/1746

f 1747/1747/1747 1748/1748/1748 1749/1749/1749

f 1750/1750/1750 1751/1751/1751 1752/1752/1752

f 1753/1753/1753 1754/1754/1754 1755/1755/1755

f 1749/1749/1749 1756/1756/1756 1747/1747/1747

f 1757/1757/1757 1758/1758/1758 1759/1759/1759

f 1736/1736/1736 1760/1760/1760 889/889/889

f 1739/1739/1739 1761/1761/1761 1737/1737/1737

f 1762/1762/1762 1763/1763/1763 1764/1764/1764

f 1765/1765/1765 1766/1766/1766 1767/1767/1767

f 1372/1372/1372 1768/1768/1768 1743/1743/1743

f 1769/1769/1769 1770/1770/1770 1771/1771/1771

f 1755/1755/1755 1772/1772/1772 1753/1753/1753

f 1752/1752/1752 1773/1773/1773 1750/1750/1750

f 1771/1771/1771 1774/1774/1774 1769/1769/1769

f 1759/1759/1759 1775/1775/1775 1757/1757/1757

f 1781/1781/1781 1776/1776/1776 1777/1777/1777

f 1778/1778/1778 1779/1779/1779 1780/1780/1780

f 1645/1645/1645 1783/1783/1783 1784/1784/1784

f 1785/1785/1785 1786/1786/1786 1787/1787/1787

f 1788/1788/1788 1789/1789/1789 1790/1790/1790

f 1791/1791/1791 1792/1792/1792 1793/1793/1793

f 1725/1725/1725 1794/1794/1794 1795/1795/1795

f 1798/1798/1798 1799/1799/1799 1800/1800/1800

f 1795/1795/1795 1707/1707/1707 1725/1725/1725

f 1800/1800/1800 1801/1801/1801 1798/1798/1798

f 1797/1797/1797 1802/1802/1802 1796/1796/1796

f 1787/1787/1787 1803/1803/1803 1785/1785/1785

f 1784/1784/1784 1646/1646/1646 1645/1645/1645

f 1764/1764/1764 1804/1804/1804 1762/1762/1762

f 1767/1767/1767 1805/1805/1805 1765/1765/1765

f 1777/1777/1777 1782/1782/1782 1781/1781/1781

f 1806/1806/1806 1807/1807/1807 1808/1808/1808

f 1811/1811/1811 1810/1810/1810 1812/1812/1812

f 1814/1814/1814 1815/1815/1815 1816/1816/1816

f 1817/1817/1817 1818/1818/1818 1819/1819/1819

f 1813/1813/1813 1820/1820/1820 1821/1821/1821

f 1824/1824/1824 1825/1825/1825 1826/1826/1826

f 1829/1829/1829 1830/1830/1830 1831/1831/1831

f 1832/1832/1832 1827/1827/1827 1828/1828/1828

f 1831/1831/1831 1835/1835/1835 1829/1829/1829

f 1834/1834/1834 1836/1836/1836 1833/1833/1833

f 1828/1828/1828 1837/1837/1837 1832/1832/1832

f 1810/1810/1810 1811/1811/1811 1809/1809/1809

f 1816/1816/1816 1838/1838/1838 1814/1814/1814

f 1839/1839/1839 1840/1840/1840 1841/1841/1841

f 1842/1842/1842 1843/1843/1843 1844/1844/1844

f 1845/1845/1845 1846/1846/1846 1847/1847/1847

f 1848/1848/1848 1849/1849/1849 1850/1850/1850

f 1821/1821/1821 1851/1851/1851 1813/1813/1813

f 1852/1852/1852 1853/1853/1853 1854/1854/1854

f 1857/1857/1857 1858/1858/1858 1859/1859/1859

f 1860/1860/1860 1855/1855/1855 1856/1856/1856

f 1861/1861/1861 1862/1862/1862 1863/1863/1863

f 1864/1864/1864 1865/1865/1865 1866/1866/1866

f 1867/1867/1867 1868/1868/1868 1869/1869/1869

f 1870/1870/1870 1871/1871/1871 1872/1872/1872

f 1874/1874/1874 1873/1873/1873 1875/1875/1875

f 1876/1876/1876 1877/1877/1877 1878/1878/1878

f 1869/1869/1869 1879/1879/1879 1867/1867/1867

f 1872/1872/1872 1880/1880/1880 1870/1870/1870

f 1878/1878/1878 1881/1881/1881 1876/1876/1876

f 1875/1875/1875 1882/1882/1882 1874/1874/1874

f 1859/1859/1859 1883/1883/1883 1857/1857/1857

f 1866/1866/1866 1884/1884/1884 1864/1864/1864

f 1856/1856/1856 1885/1885/1885 1860/1860/1860

f 1863/1863/1863 1886/1886/1886 1861/1861/1861

f 1826/1826/1826 1887/1887/1887 1824/1824/1824

f 1822/1822/1822 1888/1888/1888 1823/1823/1823

f 1890/1890/1890 1891/1891/1891 1889/1889/1889

f 1850/1850/1850 1892/1892/1892 1848/1848/1848

f 1844/1844/1844 1893/1893/1893 1842/1842/1842

f 1841/1841/1841 1894/1894/1894 1839/1839/1839

f 1847/1847/1847 1895/1895/1895 1845/1845/1845

f 1896/1896/1896 1897/1897/1897 1898/1898/1898

f 1899/1899/1899 1900/1900/1900 1901/1901/1901

f 1902/1902/1902 1903/1903/1903 1904/1904/1904

f 1904/1904/1904 1905/1905/1905 1902/1902/1902

f 1901/1901/1901 1906/1906/1906 1899/1899/1899

f 1907/1907/1907 1908/1908/1908 1922/1922/1922

f 1909/1909/1909 1910/1910/1910 1911/1911/1911

f 1912/1912/1912 1913/1913/1913 1914/1914/1914

f 1915/1915/1915 1916/1916/1916 1917/1917/1917

f 1918/1918/1918 1919/1919/1919 1920/1920/1920

f 1313/1313/1313 1923/1923/1923 1295/1295/1295

f 1312/1312/1312 1924/1924/1924 1310/1310/1310

f 1911/1911/1911 1925/1925/1925 1909/1909/1909

f 1914/1914/1914 1926/1926/1926 1912/1912/1912

f 1917/1917/1917 1927/1927/1927 1915/1915/1915

f 1920/1920/1920 1928/1928/1928 1918/1918/1918

f 1922/1922/1922 1921/1921/1921 1907/1907/1907

f 1898/1898/1898 1929/1929/1929 1896/1896/1896

f 1930/1930/1930 1931/1931/1931 1932/1932/1932

f 1933/1933/1933 1934/1934/1934 1935/1935/1935

f 1936/1936/1936 1937/1937/1937 1938/1938/1938

f 1939/1939/1939 1940/1940/1940 1941/1941/1941

f 1935/1935/1935 1942/1942/1942 1933/1933/1933

f 1941/1941/1941 1943/1943/1943 1939/1939/1939

f 1938/1938/1938 1944/1944/1944 1936/1936/1936

f 1932/1932/1932 1945/1945/1945 1930/1930/1930

f 1950/1950/1950 1951/1951/1951 1952/1952/1952

f 1953/1953/1953 1954/1954/1954 1955/1955/1955

f 1956/1956/1956 1957/1957/1957 1958/1958/1958

f 1947/1947/1947 1959/1959/1959 1946/1946/1946

f 1949/1949/1949 1960/1960/1960 1948/1948/1948

f 1961/1961/1961 1962/1962/1962 1963/1963/1963

f 1964/1964/1964 1965/1965/1965 1966/1966/1966

f 1967/1967/1967 1968/1968/1968 1969/1969/1969

f 1970/1970/1970 1971/1971/1971 1972/1972/1972

f 1952/1952/1952 1973/1973/1973 1950/1950/1950

f 1958/1958/1958 1974/1974/1974 1956/1956/1956

f 1955/1955/1955 1975/1975/1975 1953/1953/1953

f 1976/1976/1976 1977/1977/1977 1979/1979/1979

f 1979/1979/1979 1978/1978/1978 1976/1976/1976

f 1972/1972/1972 1980/1980/1980 1970/1970/1970

f 1966/1966/1966 1981/1981/1981 1964/1964/1964

f 1963/1963/1963 1982/1982/1982 1961/1961/1961

f 1969/1969/1969 1983/1983/1983 1967/1967/1967

f 1988/1988/1988 1989/1989/1989 1990/1990/1990

f 1991/1991/1991 1992/1992/1992 1993/1993/1993

f 1994/1994/1994 1995/1995/1995 1996/1996/1996

f 1997/1997/1997 1998/1998/1998 1999/1999/1999

f 2000/2000/2000 2001/2001/2001 2002/2002/2002

f 2003/2003/2003 2004/2004/2004 2005/2005/2005

f 2006/2006/2006 2007/2007/2007 2008/2008/2008

f 2009/2009/2009 2010/2010/2010 2011/2011/2011

f 2012/2012/2012 2013/2013/2013 2014/2014/2014

f 2015/2015/2015 2016/2016/2016 2017/2017/2017

f 2018/2018/2018 2019/2019/2019 2020/2020/2020

f 2020/2020/2020 2021/2021/2021 2018/2018/2018

f 2022/2022/2022 2023/2023/2023 2024/2024/2024

f 2025/2025/2025 2026/2026/2026 2027/2027/2027

f 2030/2030/2030 2031/2031/2031 2032/2032/2032

f 2033/2033/2033 2034/2034/2034 2015/2015/2015

f 2037/2037/2037 2038/2038/2038 2039/2039/2039

f 2040/2040/2040 2031/2031/2031 2041/2041/2041

f 2042/2042/2042 2043/2043/2043 2044/2044/2044

f 2017/2017/2017 2045/2045/2045 2015/2015/2015

f 2024/2024/2024 2046/2046/2046 2022/2022/2022

f 2032/2032/2032 2047/2047/2047 2030/2030/2030

f 2027/2027/2027 2048/2048/2048 2025/2025/2025

f 2049/2049/2049 2050/2050/2050 2051/2051/2051

f 1999/1999/1999 2052/2052/2052 1997/1997/1997

f 2045/2045/2045 2017/2017/2017 2055/2055/2055

f 2056/2056/2056 2057/2057/2057 2058/2058/2058

f 2059/2059/2059 2060/2060/2060 1989/1989/1989

f 2061/2061/2061 2062/2062/2062 2063/2063/2063

f 2055/2055/2055 2064/2064/2064 2045/2045/2045

f 2058/2058/2058 2065/2065/2065 2056/2056/2056

f 1989/1989/1989 1988/1988/1988 2059/2059/2059

f 2063/2063/2063 2066/2066/2066 2061/2061/2061

f 2036/2036/2036 2067/2067/2067 2035/2035/2035

f 2068/2068/2068 2069/2069/2069 2070/2070/2070

f 2073/2073/2073 2074/2074/2074 2075/2075/2075

f 2076/2076/2076 2077/2077/2077 2078/2078/2078

f 2080/2080/2080 2081/2081/2081 2079/2079/2079

f 2070/2070/2070 2082/2082/2082 2068/2068/2068

f 2072/2072/2072 2083/2083/2083 2071/2071/2071

f 2075/2075/2075 2084/2084/2084 2073/2073/2073

f 2078/2078/2078 2085/2085/2085 2076/2076/2076

f 2015/2015/2015 2086/2086/2086 2033/2033/2033

f 2039/2039/2039 2087/2087/2087 2037/2037/2037

f 2044/2044/2044 2088/2088/2088 2042/2042/2042

f 2041/2041/2041 2089/2089/2089 2040/2040/2040

f 2002/2002/2002 2090/2090/2090 2000/2000/2000

f 2011/2011/2011 2091/2091/2091 2009/2009/2009

f 2005/2005/2005 2092/2092/2092 2003/2003/2003

f 2008/2008/2008 2093/2093/2093 2006/2006/2006

f 2085/2085/2085 2094/2094/2094 2095/2095/2095

f 2096/2096/2096 2033/2033/2033 2086/2086/2086

f 2097/2097/2097 2098/2098/2098 2099/2099/2099

f 2100/2100/2100 2101/2101/2101 2102/2102/2102

f 2103/2103/2103 2040/2040/2040 2089/2089/2089

f 2104/2104/2104 2105/2105/2105 2106/2106/2106

f 2095/2095/2095 2076/2076/2076 2085/2085/2085

f 2086/2086/2086 2107/2107/2107 2096/2096/2096

f 2102/2102/2102 2108/2108/2108 2100/2100/2100

f 2089/2089/2089 2109/2109/2109 2103/2103/2103

f 2029/2029/2029 2053/2053/2053 2110/2110/2110

f 2110/2110/2110 2028/2028/2028 2029/2029/2029

f 2111/2111/2111 2112/2112/2112 2054/2054/2054

f 2113/2113/2113 1984/1984/1984 1985/1985/1985

f 2014/2014/2014 2114/2114/2114 2012/2012/2012

f 1985/1985/1985 2115/2115/2115 2113/2113/2113

f 2116/2116/2116 1987/1987/1987 1986/1986/1986

f 2117/2117/2117 2118/2118/2118 2120/2120/2120

f 2123/2123/2123 2124/2124/2124 2125/2125/2125

f 2126/2126/2126 2127/2127/2127 2128/2128/2128

f 2121/2121/2121 2129/2129/2129 2130/2130/2130

f 2133/2133/2133 2131/2131/2131 2132/2132/2132

f 2138/2138/2138 2134/2134/2134 2139/2139/2139

f 2142/2142/2142 2143/2143/2143 2144/2144/2144

f 2145/2145/2145 2146/2146/2146 2147/2147/2147

f 2148/2148/2148 2149/2149/2149 2150/2150/2150

f 2151/2151/2151 2152/2152/2152 2153/2153/2153

f 2154/2154/2154 2155/2155/2155 2156/2156/2156

f 2157/2157/2157 2158/2158/2158 2159/2159/2159

f 2160/2160/2160 2161/2161/2161 2162/2162/2162

f 2163/2163/2163 2164/2164/2164 2165/2165/2165

f 2166/2166/2166 2167/2167/2167 2168/2168/2168

f 2132/2132/2132 2169/2169/2169 2133/2133/2133

f 2162/2162/2162 2170/2170/2170 2160/2160/2160

f 2159/2159/2159 2171/2171/2171 2157/2157/2157

f 2168/2168/2168 2172/2172/2172 2166/2166/2166

f 2165/2165/2165 2173/2173/2173 2163/2163/2163

f 2174/2174/2174 2176/2176/2176 2175/2175/2175

f 2179/2179/2179 2180/2180/2180 2181/2181/2181

f 2153/2153/2153 2182/2182/2182 2151/2151/2151

f 2137/2137/2137 2183/2183/2183 2136/2136/2136

f 2144/2144/2144 2184/2184/2184 2142/2142/2142

f 2135/2135/2135 2139/2139/2139 2134/2134/2134

f 2141/2141/2141 2185/2185/2185 2140/2140/2140

f 2120/2120/2120 2119/2119/2119 2117/2117/2117

f 2156/2156/2156 2186/2186/2186 2154/2154/2154

f 2147/2147/2147 2187/2187/2187 2145/2145/2145

f 2150/2150/2150 2188/2188/2188 2148/2148/2148

f 2178/2178/2178 2189/2189/2189 2177/2177/2177

f 2191/2191/2191 2190/2190/2190 2192/2192/2192

f 2195/2195/2195 2196/2196/2196 2197/2197/2197

f 2198/2198/2198 2199/2199/2199 2200/2200/2200

f 2193/2193/2193 2201/2201/2201 2202/2202/2202

f 2203/2203/2203 2204/2204/2204 2205/2205/2205

f 1993/1993/1993 2206/2206/2206 1991/1991/1991

f 2128/2128/2128 2207/2207/2207 2126/2126/2126

f 2130/2130/2130 2122/2122/2122 2121/2121/2121

f 2200/2200/2200 2208/2208/2208 2198/2198/2198

f 2202/2202/2202 2194/2194/2194 2193/2193/2193

f 2205/2205/2205 2209/2209/2209 2203/2203/2203

f 2210/2210/2210 2211/2211/2211 2212/2212/2212

f 2213/2213/2213 2214/2214/2214 2215/2215/2215

f 2216/2216/2216 2217/2217/2217 2218/2218/2218

f 2219/2219/2219 2220/2220/2220 2221/2221/2221

f 2212/2212/2212 2222/2222/2222 2210/2210/2210

f 2224/2224/2224 2225/2225/2225 2223/2223/2223

f 2226/2226/2226 2227/2227/2227 2228/2228/2228

f 2215/2215/2215 2229/2229/2229 2213/2213/2213

f 2218/2218/2218 2230/2230/2230 2216/2216/2216

f 2221/2221/2221 2231/2231/2231 2219/2219/2219

f 2232/2232/2232 2210/2210/2210 2222/2222/2222

f 2233/2233/2233 2234/2234/2234 2235/2235/2235

f 2236/2236/2236 2219/2219/2219 2231/2231/2231

f 2237/2237/2237 2238/2238/2238 2239/2239/2239

f 2240/2240/2240 2241/2241/2241 2242/2242/2242

f 2243/2243/2243 2244/2244/2244 2245/2245/2245

f 2246/2246/2246 2247/2247/2247 2248/2248/2248

f 2249/2249/2249 2250/2250/2250 2251/2251/2251

f 2252/2252/2252 2253/2253/2253 2254/2254/2254

f 2217/2217/2217 2257/2257/2257 2258/2258/2258

f 2259/2259/2259 2260/2260/2260 2261/2261/2261

f 2256/2256/2256 2262/2262/2262 2255/2255/2255

f 2254/2254/2254 2263/2263/2263 2252/2252/2252

f 2258/2258/2258 2218/2218/2218 2217/2217/2217

f 2261/2261/2261 2264/2264/2264 2259/2259/2259

f 2265/2265/2265 2266/2266/2266 2267/2267/2267

f 2268/2268/2268 2269/2269/2269 2270/2270/2270

f 2271/2271/2271 2272/2272/2272 2273/2273/2273

f 2222/2222/2222 2274/2274/2274 2232/2232/2232

f 2235/2235/2235 2275/2275/2275 2233/2233/2233

f 2239/2239/2239 2276/2276/2276 2237/2237/2237

f 2231/2231/2231 2277/2277/2277 2236/2236/2236

f 2245/2245/2245 2278/2278/2278 2243/2243/2243

f 2242/2242/2242 2279/2279/2279 2240/2240/2240

f 2280/2280/2280 2281/2281/2281 2320/2320/2320

f 2270/2270/2270 2282/2282/2282 2268/2268/2268

f 2267/2267/2267 2283/2283/2283 2265/2265/2265

f 2232/2232/2232 2284/2284/2284 2285/2285/2285

f 2286/2286/2286 2287/2287/2287 2288/2288/2288

f 2289/2289/2289 2290/2290/2290 2291/2291/2291

f 2292/2292/2292 2293/2293/2293 2294/2294/2294

f 2228/2228/2228 2295/2295/2295 2226/2226/2226

f 2273/2273/2273 2296/2296/2296 2271/2271/2271

f 2297/2297/2297 2298/2298/2298 2299/2299/2299

f 2300/2300/2300 2301/2301/2301 2302/2302/2302

f 2306/2306/2306 2307/2307/2307 2308/2308/2308

f 2309/2309/2309 2304/2304/2304 2305/2305/2305

f 2310/2310/2310 2311/2311/2311 2312/2312/2312

f 2313/2313/2313 2314/2314/2314 2315/2315/2315

f 2299/2299/2299 2316/2316/2316 2297/2297/2297

f 2291/2291/2291 2317/2317/2317 2289/2289/2289

f 2294/2294/2294 2318/2318/2318 2292/2292/2292

f 2280/2280/2280 2320/2320/2320 2319/2319/2319

f 2321/2321/2321 2322/2322/2322 2323/2323/2323

f 2303/2303/2303 2325/2325/2325 2324/2324/2324

f 2327/2327/2327 2328/2328/2328 2326/2326/2326

f 2285/2285/2285 2329/2329/2329 2232/2232/2232

f 2288/2288/2288 2330/2330/2330 2286/2286/2286

f 2326/2326/2326 2332/2332/2332 2327/2327/2327

f 2325/2325/2325 2303/2303/2303 2333/2333/2333

f 2334/2334/2334 2335/2335/2335 2331/2331/2331

f 2336/2336/2336 2337/2337/2337 2338/2338/2338

f 1990/1990/1990 2339/2339/2339 1988/1988/1988

f 2051/2051/2051 2342/2342/2342 2049/2049/2049

f 2338/2338/2338 2343/2343/2343 2336/2336/2336

f 2341/2341/2341 2346/2346/2346 2340/2340/2340

f 2347/2347/2347 2348/2348/2348 2349/2349/2349

f 2352/2352/2352 2353/2353/2353 2354/2354/2354

f 2358/2358/2358 2359/2359/2359 2360/2360/2360

f 2361/2361/2361 2362/2362/2362 2363/2363/2363

f 2364/2364/2364 2365/2365/2365 2357/2357/2357

f 2367/2367/2367 2368/2368/2368 2366/2366/2366

f 2369/2369/2369 2370/2370/2370 2371/2371/2371

f 2372/2372/2372 2373/2373/2373 2374/2374/2374

f 2375/2375/2375 2380/2380/2380 2376/2376/2376

f 2377/2377/2377 2378/2378/2378 2379/2379/2379

f 2376/2376/2376 2381/2381/2381 2375/2375/2375

f 2382/2382/2382 2383/2383/2383 2384/2384/2384

f 2385/2385/2385 2386/2386/2386 2387/2387/2387

f 2388/2388/2388 2389/2389/2389 2390/2390/2390

f 2315/2315/2315 2391/2391/2391 2313/2313/2313

f 2374/2374/2374 2392/2392/2392 2372/2372/2372

f 2394/2394/2394 2395/2395/2395 2393/2393/2393

f 2345/2345/2345 2396/2396/2396 2344/2344/2344

f 2397/2397/2397 2398/2398/2398 2399/2399/2399

f 2400/2400/2400 2403/2403/2403 2401/2401/2401

f 2349/2349/2349 2402/2402/2402 2347/2347/2347

f 2404/2404/2404 2405/2405/2405 2406/2406/2406

f 2351/2351/2351 2410/2410/2410 2350/2350/2350

f 2399/2399/2399 2411/2411/2411 2397/2397/2397

f 2412/2412/2412 2413/2413/2413 2414/2414/2414

f 2415/2415/2415 2407/2407/2407 2416/2416/2416

f 2401/2401/2401 2417/2417/2417 2400/2400/2400

f 2416/2416/2416 2418/2418/2418 2415/2415/2415

f 2414/2414/2414 2419/2419/2419 2412/2412/2412

f 2406/2406/2406 2420/2420/2420 2404/2404/2404

f 2409/2409/2409 2421/2421/2421 2408/2408/2408

f 2371/2371/2371 2422/2422/2422 2369/2369/2369

f 2357/2357/2357 2356/2356/2356 2364/2364/2364

f 2354/2354/2354 2355/2355/2355 2352/2352/2352

f 2387/2387/2387 2423/2423/2423 2385/2385/2385

f 2390/2390/2390 2424/2424/2424 2388/2388/2388

f 2384/2384/2384 2425/2425/2425 2382/2382/2382

f 2426/2426/2426 2427/2427/2427 2428/2428/2428

f 2429/2429/2429 2430/2430/2430 2431/2431/2431

f 2434/2434/2434 2435/2435/2435 2436/2436/2436

f 2432/2432/2432 2437/2437/2437 2438/2438/2438

f 2439/2439/2439 2440/2440/2440 2441/2441/2441

f 2442/2442/2442 2443/2443/2443 2444/2444/2444

f 2445/2445/2445 2446/2446/2446 2447/2447/2447

f 2441/2441/2441 2448/2448/2448 2439/2439/2439

f 2444/2444/2444 2449/2449/2449 2442/2442/2442

f 2450/2450/2450 2451/2451/2451 2452/2452/2452

f 2453/2453/2453 2454/2454/2454 2455/2455/2455

f 2452/2452/2452 2456/2456/2456 2450/2450/2450

f 2455/2455/2455 2457/2457/2457 2453/2453/2453

f 2458/2458/2458 2459/2459/2459 2460/2460/2460

f 2363/2363/2363 2461/2461/2461 2361/2361/2361

f 2460/2460/2460 2462/2462/2462 2458/2458/2458

f 2463/2463/2463 2464/2464/2464 2465/2465/2465

f 2466/2466/2466 2467/2467/2467 2468/2468/2468

f 2469/2469/2469 2470/2470/2470 2471/2471/2471

f 2472/2472/2472 2473/2473/2473 2474/2474/2474

f 2475/2475/2475 2476/2476/2476 2477/2477/2477

f 2478/2478/2478 2479/2479/2479 2480/2480/2480

f 2481/2481/2481 2482/2482/2482 2483/2483/2483

f 2447/2447/2447 2484/2484/2484 2445/2445/2445

f 2485/2485/2485 2486/2486/2486 2487/2487/2487

f 2488/2488/2488 2489/2489/2489 2490/2490/2490

f 2491/2491/2491 2492/2492/2492 2493/2493/2493

f 2392/2392/2392 2374/2374/2374 2494/2494/2494

f 2487/2487/2487 2495/2495/2495 2485/2485/2485

f 2493/2493/2493 2496/2496/2496 2491/2491/2491

f 2494/2494/2494 2497/2497/2497 2392/2392/2392

f 2428/2428/2428 2498/2498/2498 2426/2426/2426

f 2431/2431/2431 2499/2499/2499 2429/2429/2429

f 2483/2483/2483 2500/2500/2500 2481/2481/2481

f 2438/2438/2438 2433/2433/2433 2432/2432/2432

f 2436/2436/2436 2501/2501/2501 2434/2434/2434

f 2503/2503/2503 2504/2504/2504 2502/2502/2502

f 2505/2505/2505 2506/2506/2506 2507/2507/2507

f 2508/2508/2508 2509/2509/2509 2510/2510/2510

f 2507/2507/2507 2511/2511/2511 2505/2505/2505

f 2510/2510/2510 2512/2512/2512 2508/2508/2508

f 2468/2468/2468 2513/2513/2513 2466/2466/2466

f 2480/2480/2480 2514/2514/2514 2478/2478/2478

f 2471/2471/2471 2515/2515/2515 2469/2469/2469

f 2465/2465/2465 2516/2516/2516 2463/2463/2463

f 2522/2522/2522 2517/2517/2517 2518/2518/2518

f 2519/2519/2519 2520/2520/2520 2521/2521/2521

f 2523/2523/2523 2524/2524/2524 2525/2525/2525

f 2526/2526/2526 2527/2527/2527 2528/2528/2528

f 2529/2529/2529 2530/2530/2530 2531/2531/2531

f 2532/2532/2532 2533/2533/2533 2534/2534/2534

f 2536/2536/2536 2535/2535/2535 2537/2537/2537

f 2538/2538/2538 2539/2539/2539 2540/2540/2540

f 2541/2541/2541 2542/2542/2542 2543/2543/2543

f 2544/2544/2544 2545/2545/2545 2546/2546/2546

f 2537/2537/2537 2547/2547/2547 2536/2536/2536

f 2525/2525/2525 2548/2548/2548 2523/2523/2523

f 2528/2528/2528 2549/2549/2549 2526/2526/2526

f 2543/2543/2543 2550/2550/2550 2541/2541/2541

f 2540/2540/2540 2551/2551/2551 2538/2538/2538

f 2546/2546/2546 2552/2552/2552 2544/2544/2544

f 2553/2553/2553 2554/2554/2554 2555/2555/2555

f 2560/2560/2560 2561/2561/2561 2562/2562/2562

f 2559/2559/2559 2563/2563/2563 2558/2558/2558

f 2564/2564/2564 2589/2589/2589 2565/2565/2565

f 2567/2567/2567 2568/2568/2568 2566/2566/2566

f 2534/2534/2534 2569/2569/2569 2532/2532/2532

f 2531/2531/2531 2570/2570/2570 2529/2529/2529

f 2571/2571/2571 2572/2572/2572 2573/2573/2573

f 2574/2574/2574 2575/2575/2575 2576/2576/2576

f 2573/2573/2573 2579/2579/2579 2571/2571/2571

f 2576/2576/2576 2580/2580/2580 2574/2574/2574

f 2578/2578/2578 2581/2581/2581 2577/2577/2577

f 2582/2582/2582 2583/2583/2583 2584/2584/2584

f 2584/2584/2584 2585/2585/2585 2582/2582/2582

f 2586/2586/2586 2587/2587/2587 2588/2588/2588

f 2590/2590/2590 2591/2591/2591 2592/2592/2592

f 2593/2593/2593 2594/2594/2594 2595/2595/2595

f 2596/2596/2596 2597/2597/2597 2598/2598/2598

f 2592/2592/2592 2599/2599/2599 2590/2590/2590

f 2555/2555/2555 2600/2600/2600 2553/2553/2553

f 2595/2595/2595 2601/2601/2601 2593/2593/2593

f 2598/2598/2598 2602/2602/2602 2596/2596/2596

f 2557/2557/2557 2603/2603/2603 2556/2556/2556

f 2562/2562/2562 2604/2604/2604 2560/2560/2560

f 2565/2565/2565 2605/2605/2605 2564/2564/2564

f 2588/2588/2588 2606/2606/2606 2586/2586/2586

f 2607/2607/2607 2571/2571/2571 2579/2579/2579

f 2608/2608/2608 2609/2609/2609 2610/2610/2610

f 2613/2613/2613 2614/2614/2614 2615/2615/2615

f 2612/2612/2612 2616/2616/2616 2611/2611/2611

f 2617/2617/2617 2618/2618/2618 2619/2619/2619

f 2620/2620/2620 2621/2621/2621 2622/2622/2622

f 2623/2623/2623 2624/2624/2624 2625/2625/2625

f 2622/2622/2622 2628/2628/2628 2620/2620/2620

f 2625/2625/2625 2629/2629/2629 2623/2623/2623

f 2627/2627/2627 2630/2630/2630 2626/2626/2626

f 2631/2631/2631 2632/2632/2632 2633/2633/2633

f 2634/2634/2634 2615/2615/2615 2614/2614/2614

f 2635/2635/2635 2636/2636/2636 2637/2637/2637

f 2637/2637/2637 2638/2638/2638 2635/2635/2635

f 2628/2628/2628 2639/2639/2639 2640/2640/2640

f 2633/2633/2633 2641/2641/2641 2631/2631/2631

f 2642/2642/2642 2643/2643/2643 2644/2644/2644

f 2645/2645/2645 2646/2646/2646 2647/2647/2647

f 2648/2648/2648 2649/2649/2649 2650/2650/2650

f 2651/2651/2651 2652/2652/2652 2653/2653/2653

f 2650/2650/2650 2654/2654/2654 2648/2648/2648

f 2655/2655/2655 2656/2656/2656 2657/2657/2657

f 2658/2658/2658 2659/2659/2659 2660/2660/2660

f 2657/2657/2657 2661/2661/2661 2655/2655/2655

f 2660/2660/2660 2662/2662/2662 2658/2658/2658

f 2664/2664/2664 2665/2665/2665 2663/2663/2663

f 2666/2666/2666 2667/2667/2667 2668/2668/2668

f 2669/2669/2669 2670/2670/2670 2671/2671/2671

f 2619/2619/2619 2672/2672/2672 2617/2617/2617

f 2673/2673/2673 2674/2674/2674 2675/2675/2675

f 2675/2675/2675 2676/2676/2676 2673/2673/2673

f 2654/2654/2654 2677/2677/2677 2675/2675/2675

f 2678/2678/2678 2679/2679/2679 2680/2680/2680

f 2674/2674/2674 2673/2673/2673 2681/2681/2681

f 2682/2682/2682 2683/2683/2683 2684/2684/2684

f 2681/2681/2681 2685/2685/2685 2674/2674/2674

f 2686/2686/2686 2687/2687/2687 2688/2688/2688

f 2689/2689/2689 2690/2690/2690 2691/2691/2691

f 2692/2692/2692 2693/2693/2693 2694/2694/2694

f 2684/2684/2684 2695/2695/2695 2682/2682/2682

f 2696/2696/2696 2697/2697/2697 2698/2698/2698

f 2701/2701/2701 2702/2702/2702 2703/2703/2703

f 2698/2698/2698 2704/2704/2704 2696/2696/2696

f 2703/2703/2703 2705/2705/2705 2701/2701/2701

f 2700/2700/2700 2706/2706/2706 2699/2699/2699

f 2694/2694/2694 2707/2707/2707 2692/2692/2692

f 2691/2691/2691 2708/2708/2708 2689/2689/2689

f 2688/2688/2688 2709/2709/2709 2686/2686/2686

f 2615/2615/2615 2707/2707/2707 2613/2613/2613

f 2644/2644/2644 2710/2710/2710 2642/2642/2642

f 2680/2680/2680 2711/2711/2711 2678/2678/2678

f 2647/2647/2647 2712/2712/2712 2645/2645/2645

f 2714/2714/2714 2715/2715/2715 2713/2713/2713

f 2614/2614/2614 2717/2717/2717 2634/2634/2634

f 2716/2716/2716 2718/2718/2718 2723/2723/2723

f 2719/2719/2719 2720/2720/2720 2721/2721/2721

f 2721/2721/2721 2722/2722/2722 2719/2719/2719

f 2724/2724/2724 2725/2725/2725 2726/2726/2726

f 2727/2727/2727 2728/2728/2728 2729/2729/2729

f 2693/2693/2693 2692/2692/2692 2730/2730/2730

f 2668/2668/2668 2731/2731/2731 2666/2666/2666

f 2671/2671/2671 2732/2732/2732 2669/2669/2669

f 2733/2733/2733 2734/2734/2734 2735/2735/2735

f 2640/2640/2640 2620/2620/2620 2628/2628/2628

f 2736/2736/2736 2737/2737/2737 2738/2738/2738

f 2739/2739/2739 2740/2740/2740 2741/2741/2741

f 2726/2726/2726 2742/2742/2742 2724/2724/2724

f 2729/2729/2729 2743/2743/2743 2727/2727/2727

f 2730/2730/2730 2744/2744/2744 2693/2693/2693

f 2741/2741/2741 2745/2745/2745 2739/2739/2739

f 2735/2735/2735 2746/2746/2746 2733/2733/2733

f 2747/2747/2747 2748/2748/2748 2749/2749/2749

f 2738/2738/2738 2750/2750/2750 2736/2736/2736

f 2675/2675/2675 2648/2648/2648 2654/2654/2654

f 2749/2749/2749 2751/2751/2751 2747/2747/2747

f 2752/2752/2752 2753/2753/2753 2754/2754/2754

f 2755/2755/2755 2756/2756/2756 2757/2757/2757

f 2758/2758/2758 2759/2759/2759 2760/2760/2760

f 2761/2761/2761 2762/2762/2762 2763/2763/2763

f 2757/2757/2757 2764/2764/2764 2755/2755/2755

f 2765/2765/2765 2764/2764/2764 2757/2757/2757

f 2757/2757/2757 2766/2766/2766 2765/2765/2765

f 2767/2767/2767 2768/2768/2768 2769/2769/2769

f 2770/2770/2770 2771/2771/2771 2772/2772/2772

f 2773/2773/2773 2774/2774/2774 2775/2775/2775

f 2760/2760/2760 2776/2776/2776 2758/2758/2758

f 2763/2763/2763 2777/2777/2777 2761/2761/2761

f 2754/2754/2754 2778/2778/2778 2752/2752/2752

f 2772/2772/2772 2779/2779/2779 2770/2770/2770

f 2780/2780/2780 2781/2781/2781 2782/2782/2782

f 2775/2775/2775 2783/2783/2783 2773/2773/2773

f 2784/2784/2784 2785/2785/2785 2786/2786/2786

f 2782/2782/2782 2787/2787/2787 2780/2780/2780

f 2786/2786/2786 2788/2788/2788 2784/2784/2784

f 2769/2769/2769 2789/2789/2789 2767/2767/2767

f 2790/2790/2790 2791/2791/2791 2792/2792/2792

f 2793/2793/2793 2787/2787/2787 2782/2782/2782

f 2794/2794/2794 2788/2788/2788 2786/2786/2786

f 2792/2792/2792 2795/2795/2795 2790/2790/2790

f 2796/2796/2796 2795/2795/2795 2797/2797/2797

f 2798/2798/2798 2799/2799/2799 2800/2800/2800

f 2801/2801/2801 2802/2802/2802 2803/2803/2803

f 2786/2786/2786 2804/2804/2804 2794/2794/2794

f 2805/2805/2805 2806/2806/2806 2807/2807/2807

f 2808/2808/2808 2809/2809/2809 2810/2810/2810

f 2811/2811/2811 2812/2812/2812 2813/2813/2813

f 2818/2818/2818 2819/2819/2819 2820/2820/2820

f 2821/2821/2821 2822/2822/2822 2823/2823/2823

f 2824/2824/2824 2825/2825/2825 2826/2826/2826

f 2827/2827/2827 2828/2828/2828 2829/2829/2829

f 2830/2830/2830 2816/2816/2816 2817/2817/2817

f 2817/2817/2817 2831/2831/2831 2830/2830/2830

f 2834/2834/2834 2835/2835/2835 2836/2836/2836

f 2837/2837/2837 2838/2838/2838 2839/2839/2839

f 2840/2840/2840 2841/2841/2841 2842/2842/2842

f 2800/2800/2800 2843/2843/2843 2798/2798/2798

f 2802/2802/2802 2801/2801/2801 2844/2844/2844

f 2810/2810/2810 2845/2845/2845 2808/2808/2808

f 2813/2813/2813 2846/2846/2846 2811/2811/2811

f 2807/2807/2807 2847/2847/2847 2805/2805/2805

f 2815/2815/2815 2848/2848/2848 2814/2814/2814

f 2820/2820/2820 2849/2849/2849 2818/2818/2818

f 2822/2822/2822 2821/2821/2821 2850/2850/2850

f 2826/2826/2826 2851/2851/2851 2824/2824/2824

f 2842/2842/2842 2852/2852/2852 2840/2840/2840

f 2853/2853/2853 2854/2854/2854 2855/2855/2855

f 2856/2856/2856 2857/2857/2857 2858/2858/2858

f 2859/2859/2859 2860/2860/2860 2861/2861/2861

f 2862/2862/2862 2863/2863/2863 2864/2864/2864

f 2865/2865/2865 2866/2866/2866 2867/2867/2867

f 2868/2868/2868 2869/2869/2869 2870/2870/2870

f 2871/2871/2871 2872/2872/2872 2873/2873/2873

f 2874/2874/2874 2875/2875/2875 2876/2876/2876

f 2833/2833/2833 2877/2877/2877 2832/2832/2832

f 2878/2878/2878 2879/2879/2879 2923/2923/2923

f 2880/2880/2880 2881/2881/2881 2882/2882/2882

f 2880/2880/2880 2883/2883/2883 2881/2881/2881

f 2884/2884/2884 2885/2885/2885 2886/2886/2886

f 2886/2886/2886 2887/2887/2887 2884/2884/2884

f 2888/2888/2888 2884/2884/2884 2887/2887/2887

f 2888/2888/2888 2889/2889/2889 2884/2884/2884

f 2890/2890/2890 2891/2891/2891 2892/2892/2892

f 2893/2893/2893 2894/2894/2894 2895/2895/2895

f 2895/2895/2895 2896/2896/2896 2893/2893/2893

f 2890/2890/2890 2892/2892/2892 2897/2897/2897

f 2898/2898/2898 2897/2897/2897 2892/2892/2892

f 2829/2829/2829 2899/2899/2899 2827/2827/2827

f 2903/2903/2903 2904/2904/2904 2902/2902/2902

f 2901/2901/2901 2905/2905/2905 2900/2900/2900

f 2906/2906/2906 2907/2907/2907 2908/2908/2908

f 2909/2909/2909 2910/2910/2910 2911/2911/2911

f 2908/2908/2908 2916/2916/2916 2906/2906/2906

f 2911/2911/2911 2917/2917/2917 2909/2909/2909

f 2915/2915/2915 2918/2918/2918 2914/2914/2914

f 2913/2913/2913 2919/2919/2919 2912/2912/2912

f 2873/2873/2873 2920/2920/2920 2871/2871/2871

f 2870/2870/2870 2921/2921/2921 2868/2868/2868

f 2864/2864/2864 2922/2922/2922 2862/2862/2862

f 2867/2867/2867 2924/2924/2924 2865/2865/2865

f 2925/2925/2925 2926/2926/2926 2927/2927/2927

f 2928/2928/2928 2929/2929/2929 2930/2930/2930

f 2931/2931/2931 2932/2932/2932 2933/2933/2933

f 2927/2927/2927 2934/2934/2934 2925/2925/2925

f 2930/2930/2930 2935/2935/2935 2928/2928/2928

f 2933/2933/2933 2936/2936/2936 2931/2931/2931

f 2937/2937/2937 2938/2938/2938 2939/2939/2939

f 2939/2939/2939 2940/2940/2940 2937/2937/2937

f 2942/2942/2942 2943/2943/2943 2941/2941/2941

f 2944/2944/2944 2945/2945/2945 2946/2946/2946

f 2947/2947/2947 2948/2948/2948 2949/2949/2949

f 2950/2950/2950 2951/2951/2951 2952/2952/2952

f 2953/2953/2953 2954/2954/2954 2955/2955/2955

f 2956/2956/2956 2957/2957/2957 2958/2958/2958

f 2959/2959/2959 2960/2960/2960 2961/2961/2961

f 2962/2962/2962 2963/2963/2963 2964/2964/2964

f 2949/2949/2949 2965/2965/2965 2947/2947/2947

f 2966/2966/2966 2967/2967/2967 2968/2968/2968

f 2952/2952/2952 2969/2969/2969 2950/2950/2950

f 2964/2964/2964 2970/2970/2970 2962/2962/2962

f 2973/2973/2973 2974/2974/2974 2975/2975/2975

f 2976/2976/2976 2977/2977/2977 2978/2978/2978

f 2979/2979/2979 2980/2980/2980 2981/2981/2981

f 2982/2982/2982 2983/2983/2983 2984/2984/2984

f 2978/2978/2978 2985/2985/2985 2976/2976/2976

f 2975/2975/2975 2986/2986/2986 2973/2973/2973

f 2972/2972/2972 2987/2987/2987 2971/2971/2971

f 3016/3016/3016 2988/2988/2988 2989/2989/2989

f 2990/2990/2990 2991/2991/2991 2992/2992/2992

f 2993/2993/2993 2994/2994/2994 2995/2995/2995

f 2996/2996/2996 2997/2997/2997 2998/2998/2998

f 2999/2999/2999 2970/2970/2970 2964/2964/2964

f 3000/3000/3000 3001/3001/3001 3002/3002/3002

f 2958/2958/2958 3003/3003/3003 2956/2956/2956

f 3004/3004/3004 3005/3005/3005 3006/3006/3006

f 3006/3006/3006 3007/3007/3007 3004/3004/3004

f 3008/3008/3008 3009/3009/3009 3047/3047/3047

f 3010/3010/3010 3011/3011/3011 3012/3012/3012

f 3013/3013/3013 3014/3014/3014 3015/3015/3015

f 2955/2955/2955 3017/3017/3017 2953/2953/2953

f 3018/3018/3018 3019/3019/3019 3020/3020/3020

f 3023/3023/3023 3024/3024/3024 3025/3025/3025

f 3020/3020/3020 3026/3026/3026 3018/3018/3018

f 3027/3027/3027 3028/3028/3028 3029/3029/3029

f 3030/3030/3030 3031/3031/3031 3032/3032/3032

f 2981/2981/2981 3039/3039/3039 2979/2979/2979

f 3015/3015/3015 3040/3040/3040 3013/3013/3013

f 2983/2983/2983 2982/2982/2982 3041/3041/3041

f 3038/3038/3038 3042/3042/3042 3037/3037/3037

f 3035/3035/3035 3043/3043/3043 3034/3034/3034

f 2998/2998/2998 3044/3044/3044 2996/2996/2996

f 2995/2995/2995 3045/3045/3045 2993/2993/2993

f 3033/3033/3033 3046/3046/3046 3021/3021/3021

f 3048/3048/3048 3036/3036/3036 3022/3022/3022

f 2961/2961/2961 3049/3049/3049 2959/2959/2959

f 3002/3002/3002 3050/3050/3050 3000/3000/3000

f 2968/2968/2968 3051/3051/3051 2966/2966/2966

f 3032/3032/3032 3052/3052/3052 3030/3030/3030

f 3025/3025/3025 3053/3053/3053 3023/3023/3023

f 3029/3029/3029 3054/3054/3054 3027/3027/3027

f 3105/3105/3105 3055/3055/3055 3056/3056/3056

f 3106/3106/3106 3057/3057/3057 3058/3058/3058

f 3059/3059/3059 3060/3060/3060 3061/3061/3061

f 3062/3062/3062 3063/3063/3063 3064/3064/3064

f 3065/3065/3065 3066/3066/3066 3067/3067/3067

f 3068/3068/3068 3069/3069/3069 3070/3070/3070

f 3071/3071/3071 3072/3072/3072 3073/3073/3073

f 3074/3074/3074 3075/3075/3075 3076/3076/3076

f 3077/3077/3077 3078/3078/3078 3079/3079/3079

f 3080/3080/3080 3081/3081/3081 3082/3082/3082

f 3083/3083/3083 3084/3084/3084 3085/3085/3085

f 3086/3086/3086 3087/3087/3087 3088/3088/3088

f 3089/3089/3089 3090/3090/3090 3091/3091/3091

f 3092/3092/3092 3093/3093/3093 3094/3094/3094

f 3095/3095/3095 3096/3096/3096 3097/3097/3097

f 3098/3098/3098 3099/3099/3099 3100/3100/3100

f 3102/3102/3102 3107/3107/3107 3101/3101/3101

f 3104/3104/3104 3108/3108/3108 3103/3103/3103

f 3110/3110/3110 3111/3111/3111 3109/3109/3109

f 3113/3113/3113 3114/3114/3114 3112/3112/3112

f 3116/3116/3116 3117/3117/3117 3115/3115/3115

f 3118/3118/3118 3119/3119/3119 3120/3120/3120

f 3121/3121/3121 3122/3122/3122 3123/3123/3123

f 3123/3123/3123 3124/3124/3124 3121/3121/3121

f 3125/3125/3125 3126/3126/3126 3127/3127/3127

f 3128/3128/3128 3129/3129/3129 3130/3130/3130

f 3131/3131/3131 3132/3132/3132 3133/3133/3133

f 3134/3134/3134 3135/3135/3135 3136/3136/3136

f 3137/3137/3137 3138/3138/3138 3139/3139/3139

f 3141/3141/3141 3142/3142/3142 3140/3140/3140

f 3143/3143/3143 3142/3142/3142 3141/3141/3141

f 3145/3145/3145 3146/3146/3146 3144/3144/3144

f 3088/3088/3088 3147/3147/3147 3086/3086/3086

f 3085/3085/3085 3148/3148/3148 3083/3083/3083

f 3082/3082/3082 3149/3149/3149 3080/3080/3080

f 3079/3079/3079 3150/3150/3150 3077/3077/3077

f 3151/3151/3151 3152/3152/3152 3153/3153/3153

f 3154/3154/3154 3155/3155/3155 3156/3156/3156

f 3157/3157/3157 3158/3158/3158 3159/3159/3159

f 3160/3160/3160 3161/3161/3161 3162/3162/3162

f 3156/3156/3156 3163/3163/3163 3154/3154/3154

f 3164/3164/3164 3165/3165/3165 3166/3166/3166

f 3167/3167/3167 3168/3168/3168 3169/3169/3169

f 3170/3170/3170 3171/3171/3171 3172/3172/3172

f 3173/3173/3173 3174/3174/3174 3175/3175/3175

f 3067/3067/3067 3176/3176/3176 3065/3065/3065

f 3076/3076/3076 3177/3177/3177 3074/3074/3074

f 3073/3073/3073 3178/3178/3178 3071/3071/3071

f 3070/3070/3070 3179/3179/3179 3068/3068/3068

f 3180/3180/3180 3181/3181/3181 3182/3182/3182

f 3133/3133/3133 3183/3183/3183 3131/3131/3131

f 3139/3139/3139 3184/3184/3184 3137/3137/3137

f 3136/3136/3136 3185/3185/3185 3134/3134/3134

f 3127/3127/3127 3186/3186/3186 3125/3125/3125

f 3130/3130/3130 3187/3187/3187 3128/3128/3128

f 3153/3153/3153 3188/3188/3188 3151/3151/3151

f 3159/3159/3159 3189/3189/3189 3157/3157/3157

f 3162/3162/3162 3190/3190/3190 3160/3160/3160

f 3172/3172/3172 3191/3191/3191 3170/3170/3170

f 3175/3175/3175 3192/3192/3192 3173/3173/3173

f 3169/3169/3169 3193/3193/3193 3167/3167/3167

f 3166/3166/3166 3194/3194/3194 3164/3164/3164

f 3195/3195/3195 3196/3196/3196 3197/3197/3197

f 3198/3198/3198 3199/3199/3199 3200/3200/3200

f 3201/3201/3201 3202/3202/3202 3203/3203/3203

f 3204/3204/3204 3205/3205/3205 3206/3206/3206

f 3200/3200/3200 3207/3207/3207 3198/3198/3198

f 3208/3208/3208 3209/3209/3209 3210/3210/3210

f 3211/3211/3211 3212/3212/3212 3213/3213/3213

f 3214/3214/3214 3215/3215/3215 3216/3216/3216

f 3217/3217/3217 3218/3218/3218 3219/3219/3219

f 3222/3222/3222 3223/3223/3223 3224/3224/3224

f 3225/3225/3225 3226/3226/3226 3227/3227/3227

f 3215/3215/3215 3214/3214/3214 3228/3228/3228

f 3221/3221/3221 3229/3229/3229 3220/3220/3220

f 3230/3230/3230 3231/3231/3231 3232/3232/3232

f 3232/3232/3232 3233/3233/3233 3230/3230/3230

f 3228/3228/3228 3234/3234/3234 3215/3215/3215

f 3235/3235/3235 3236/3236/3236 3237/3237/3237

f 3227/3227/3227 3238/3238/3238 3225/3225/3225

f 3210/3210/3210 3239/3239/3239 3208/3208/3208

f 3216/3216/3216 3240/3240/3240 3214/3214/3214

f 3241/3241/3241 3242/3242/3242 3243/3243/3243

f 3219/3219/3219 3244/3244/3244 3217/3217/3217

f 3245/3245/3245 3246/3246/3246 3247/3247/3247

f 3249/3249/3249 3250/3250/3250 3248/3248/3248

f 3251/3251/3251 3252/3252/3252 3253/3253/3253

f 3243/3243/3243 3254/3254/3254 3241/3241/3241

f 3255/3255/3255 3256/3256/3256 3257/3257/3257

f 3257/3257/3257 3258/3258/3258 3255/3255/3255

f 3259/3259/3259 3260/3260/3260 3261/3261/3261

f 3264/3264/3264 3265/3265/3265 3266/3266/3266

f 3269/3269/3269 3270/3270/3270 3271/3271/3271

f 3263/3263/3263 3272/3272/3272 3262/3262/3262

f 3260/3260/3260 3259/3259/3259 3273/3273/3273

f 3266/3266/3266 3274/3274/3274 3264/3264/3264

f 3268/3268/3268 3275/3275/3275 3267/3267/3267

f 3271/3271/3271 3276/3276/3276 3269/3269/3269

f 3203/3203/3203 3277/3277/3277 3201/3201/3201

f 3278/3278/3278 3279/3279/3279 3280/3280/3280

f 3206/3206/3206 3281/3281/3281 3204/3204/3204

f 3247/3247/3247 3282/3282/3282 3245/3245/3245

f 3283/3283/3283 3289/3289/3289 3284/3284/3284

f 3283/3283/3283 3285/3285/3285 3289/3289/3289

f 3287/3287/3287 3288/3288/3288 3286/3286/3286

f 3237/3237/3237 3291/3291/3291 3235/3235/3235

f 3292/3292/3292 3293/3293/3293 3294/3294/3294

f 3295/3295/3295 3296/3296/3296 3297/3297/3297

f 3299/3299/3299 3300/3300/3300 3301/3301/3301

f 3302/3302/3302 3303/3303/3303 3304/3304/3304

f 3305/3305/3305 3306/3306/3306 3307/3307/3307

f 3308/3308/3308 3309/3309/3309 3310/3310/3310

f 3311/3311/3311 3312/3312/3312 3313/3313/3313

f 3314/3314/3314 3315/3315/3315 3316/3316/3316

f 3313/3313/3313 3317/3317/3317 3311/3311/3311

f 3316/3316/3316 3318/3318/3318 3314/3314/3314

f 3304/3304/3304 3319/3319/3319 3302/3302/3302

f 3310/3310/3310 3320/3320/3320 3308/3308/3308

f 3290/3290/3290 3321/3321/3321 3289/3289/3289

f 3322/3322/3322 3323/3323/3323 3324/3324/3324

f 3325/3325/3325 3326/3326/3326 3327/3327/3327

f 3328/3328/3328 3329/3329/3329 3330/3330/3330

f 3331/3331/3331 3332/3332/3332 3333/3333/3333

f 3334/3334/3334 3335/3335/3335 3336/3336/3336

f 3327/3327/3327 3337/3337/3337 3325/3325/3325

f 3333/3333/3333 3338/3338/3338 3331/3331/3331

f 3336/3336/3336 3339/3339/3339 3334/3334/3334

f 3340/3340/3340 3341/3341/3341 3342/3342/3342

f 3342/3342/3342 3343/3343/3343 3340/3340/3340

f 3344/3344/3344 3345/3345/3345 3346/3346/3346

f 3347/3347/3347 3348/3348/3348 3349/3349/3349

f 3350/3350/3350 3351/3351/3351 3352/3352/3352

f 3353/3353/3353 3354/3354/3354 3355/3355/3355

f 3346/3346/3346 3356/3356/3356 3344/3344/3344

f 3355/3355/3355 3357/3357/3357 3353/3353/3353

f 3352/3352/3352 3358/3358/3358 3350/3350/3350

f 3359/3359/3359 3360/3360/3360 3361/3361/3361

f 3298/3298/3298 3362/3362/3362 3363/3363/3363

f 3364/3364/3364 3365/3365/3365 3366/3366/3366

f 3367/3367/3367 3368/3368/3368 3369/3369/3369

f 3370/3370/3370 3371/3371/3371 3372/3372/3372

f 3374/3374/3374 3377/3377/3377 3373/3373/3373

f 3376/3376/3376 3378/3378/3378 3375/3375/3375

f 3379/3379/3379 3380/3380/3380 3381/3381/3381

f 3381/3381/3381 3382/3382/3382 3379/3379/3379

f 3385/3385/3385 3386/3386/3386 3387/3387/3387

f 3388/3388/3388 3389/3389/3389 3390/3390/3390

f 3391/3391/3391 3392/3392/3392 3393/3393/3393

f 3394/3394/3394 3395/3395/3395 3396/3396/3396

f 3397/3397/3397 3398/3398/3398 3399/3399/3399

f 3400/3400/3400 3401/3401/3401 3402/3402/3402

f 3403/3403/3403 3404/3404/3404 3405/3405/3405

f 3406/3406/3406 3407/3407/3407 3408/3408/3408

f 3409/3409/3409 3410/3410/3410 3411/3411/3411

f 3384/3384/3384 3412/3412/3412 3383/3383/3383

f 3390/3390/3390 3413/3413/3413 3388/3388/3388

f 3197/3197/3197 3414/3414/3414 3195/3195/3195

f 3387/3387/3387 3415/3415/3415 3385/3385/3385

f 3393/3393/3393 3416/3416/3416 3391/3391/3391

f 3396/3396/3396 3417/3417/3417 3394/3394/3394

f 3418/3418/3418 3419/3419/3419 3420/3420/3420

f 3422/3422/3422 3423/3423/3423 3421/3421/3421

f 3426/3426/3426 3427/3427/3427 3428/3428/3428

f 3425/3425/3425 3429/3429/3429 3424/3424/3424

f 3372/3372/3372 3430/3430/3430 3370/3370/3370

f 3366/3366/3366 3431/3431/3431 3364/3364/3364

f 3432/3432/3432 3433/3433/3433 3434/3434/3434

f 3435/3435/3435 3436/3436/3436 3437/3437/3437

f 3438/3438/3438 3439/3439/3439 3440/3440/3440

f 3441/3441/3441 3442/3442/3442 3443/3443/3443

f 3444/3444/3444 3445/3445/3445 3446/3446/3446

f 3402/3402/3402 3447/3447/3447 3450/3450/3450

f 3448/3448/3448 3449/3449/3449 3399/3399/3399

f 3451/3451/3451 3452/3452/3452 3453/3453/3453

f 3454/3454/3454 3455/3455/3455 3456/3456/3456

f 3457/3457/3457 3458/3458/3458 3459/3459/3459

f 3460/3460/3460 3461/3461/3461 3462/3462/3462

f 3453/3453/3453 3463/3463/3463 3451/3451/3451

f 3464/3464/3464 3465/3465/3465 3466/3466/3466

f 3437/3437/3437 3467/3467/3467 3435/3435/3435

f 3440/3440/3440 3468/3468/3468 3438/3438/3438

f 3446/3446/3446 3469/3469/3469 3444/3444/3444

f 3443/3443/3443 3470/3470/3470 3441/3441/3441

f 3471/3471/3471 3472/3472/3472 3473/3473/3473

f 3456/3456/3456 3474/3474/3474 3454/3454/3454

f 3459/3459/3459 3475/3475/3475 3457/3457/3457

f 3462/3462/3462 3476/3476/3476 3460/3460/3460

f 3399/3399/3399 3449/3449/3449 3397/3397/3397

f 3402/3402/3402 3450/3450/3450 3400/3400/3400

f 3477/3477/3477 3478/3478/3478 3479/3479/3479

f 3479/3479/3479 3480/3480/3480 3477/3477/3477

f 3434/3434/3434 3481/3481/3481 3432/3432/3432

f 3482/3482/3482 3483/3483/3483 3484/3484/3484

f 3485/3485/3485 3486/3486/3486 3487/3487/3487

f 3488/3488/3488 3489/3489/3489 3490/3490/3490

f 3491/3491/3491 3492/3492/3492 3493/3493/3493

f 3466/3466/3466 3494/3494/3494 3464/3464/3464

f 3253/3253/3253 3495/3495/3495 3251/3251/3251

f 3408/3408/3408 3496/3496/3496 3406/3406/3406

f 3497/3497/3497 3498/3498/3498 3499/3499/3499

f 3500/3500/3500 3501/3501/3501 3502/3502/3502

f 3503/3503/3503 3504/3504/3504 3505/3505/3505

f 3502/3502/3502 3508/3508/3508 3500/3500/3500

f 3505/3505/3505 3509/3509/3509 3503/3503/3503

f 3510/3510/3510 3511/3511/3511 3512/3512/3512

f 3507/3507/3507 3513/3513/3513 3506/3506/3506

f 3487/3487/3487 3514/3514/3514 3485/3485/3485

f 3484/3484/3484 3515/3515/3515 3482/3482/3482

f 3490/3490/3490 3516/3516/3516 3488/3488/3488

f 3517/3517/3517 3518/3518/3518 3519/3519/3519

f 3522/3522/3522 3523/3523/3523 3524/3524/3524

f 3525/3525/3525 3526/3526/3526 3527/3527/3527

f 3528/3528/3528 3529/3529/3529 3530/3530/3530

f 3369/3369/3369 3531/3531/3531 3367/3367/3367

f 3532/3532/3532 3533/3533/3533 3534/3534/3534

f 3535/3535/3535 3536/3536/3536 3537/3537/3537

f 3530/3530/3530 3538/3538/3538 3528/3528/3528

f 3539/3539/3539 3540/3540/3540 3541/3541/3541

f 3527/3527/3527 3542/3542/3542 3525/3525/3525

f 3519/3519/3519 3543/3543/3543 3517/3517/3517

f 3544/3544/3544 3545/3545/3545 3546/3546/3546

f 3547/3547/3547 3548/3548/3548 3549/3549/3549

f 3550/3550/3550 3551/3551/3551 3552/3552/3552

f 3553/3553/3553 3554/3554/3554 3555/3555/3555

f 3549/3549/3549 3556/3556/3556 3547/3547/3547

f 3546/3546/3546 3557/3557/3557 3544/3544/3544

f 3558/3558/3558 3559/3559/3559 3560/3560/3560

f 3561/3561/3561 3562/3562/3562 3563/3563/3563

f 3564/3564/3564 3565/3565/3565 3566/3566/3566

f 3567/3567/3567 3568/3568/3568 3569/3569/3569

f 3570/3570/3570 3571/3571/3571 3572/3572/3572

f 3573/3573/3573 3574/3574/3574 3575/3575/3575

f 3521/3521/3521 3576/3576/3576 3520/3520/3520

f 1/1/1 2/2/2 3/3/3

f 3578/3578/3578 3579/3579/3579 3580/3580/3580

f 3581/3581/3581 3582/3582/3582 3583/3583/3583

f 3584/3584/3584 3585/3585/3585 3586/3586/3586

f 3587/3587/3587 3588/3588/3588 3589/3589/3589

f 3499/3499/3499 3590/3590/3590 3497/3497/3497

f 3593/3593/3593 3594/3594/3594 3598/3598/3598

f 3595/3595/3595 3596/3596/3596 3597/3597/3597

f 3598/3598/3598 3599/3599/3599 3593/3593/3593

f 3586/3586/3586 3600/3600/3600 3584/3584/3584

f 3597/3597/3597 3601/3601/3601 3595/3595/3595

f 3589/3589/3589 3602/3602/3602 3587/3587/3587

f 3534/3534/3534 3603/3603/3603 3532/3532/3532

f 3537/3537/3537 3604/3604/3604 3535/3535/3535

f 3605/3605/3605 3606/3606/3606 3607/3607/3607

f 3608/3608/3608 3609/3609/3609 3610/3610/3610

f 3612/3612/3612 3613/3613/3613 3611/3611/3611

f 3612/3612/3612 3614/3614/3614 3613/3613/3613

f 3615/3615/3615 3616/3616/3616 3643/3643/3643

f 3512/3512/3512 3617/3617/3617 3510/3510/3510

f 3592/3592/3592 3618/3618/3618 3591/3591/3591

f 3619/3619/3619 3611/3611/3611 3613/3613/3613

f 3613/3613/3613 3620/3620/3620 3619/3619/3619

f 3621/3621/3621 3622/3622/3622 3623/3623/3623

f 3624/3624/3624 3625/3625/3625 3626/3626/3626

f 3627/3627/3627 3628/3628/3628 3629/3629/3629

f 3630/3630/3630 3631/3631/3631 3632/3632/3632

f 3633/3633/3633 3634/3634/3634 3635/3635/3635

f 3626/3626/3626 3636/3636/3636 3624/3624/3624

f 3635/3635/3635 3637/3637/3637 3633/3633/3633

f 3629/3629/3629 3638/3638/3638 3627/3627/3627

f 3555/3555/3555 3639/3639/3639 3553/3553/3553

f 3640/3640/3640 3641/3641/3641 3642/3642/3642

f 3580/3580/3580 3644/3644/3644 3578/3578/3578

f 3583/3583/3583 3645/3645/3645 3581/3581/3581

f 3572/3572/3572 3646/3646/3646 3570/3570/3570

f 3575/3575/3575 3647/3647/3647 3573/3573/3573

f 3648/3648/3648 3649/3649/3649 3650/3650/3650

f 3650/3650/3650 3651/3651/3651 3648/3648/3648

f 3652/3652/3652 3653/3653/3653 3654/3654/3654

f 3654/3654/3654 3655/3655/3655 3652/3652/3652

f 3656/3656/3656 3657/3657/3657 3658/3658/3658

f 3659/3659/3659 3660/3660/3660 3657/3657/3657

f 3661/3661/3661 3657/3657/3657 3660/3660/3660

f 3657/3657/3657 3656/3656/3656 3659/3659/3659

f 3684/3684/3684 3662/3662/3662 3663/3663/3663

f 3664/3664/3664 3685/3685/3685 3665/3665/3665

f 3666/3666/3666 3667/3667/3667 3668/3668/3668

f 3669/3669/3669 3670/3670/3670 3671/3671/3671

f 3674/3674/3674 3675/3675/3675 3676/3676/3676

f 3668/3668/3668 3677/3677/3677 3666/3666/3666

f 3673/3673/3673 3678/3678/3678 3672/3672/3672

f 3676/3676/3676 3679/3679/3679 3674/3674/3674

f 3686/3686/3686 3682/3682/3682 3683/3683/3683

f 3681/3681/3681 3687/3687/3687 3680/3680/3680

f 3671/3671/3671 3688/3688/3688 3669/3669/3669

f 3692/3692/3692 3693/3693/3693 3694/3694/3694

f 3691/3691/3691 3695/3695/3695 3690/3690/3690

f 3696/3696/3696 3697/3697/3697 3698/3698/3698

f 3699/3699/3699 3700/3700/3700 3701/3701/3701

f 3702/3702/3702 3703/3703/3703 3704/3704/3704

f 3705/3705/3705 3706/3706/3706 3707/3707/3707

f 3708/3708/3708 3709/3709/3709 3710/3710/3710

f 3701/3701/3701 3711/3711/3711 3699/3699/3699

f 3712/3712/3712 3713/3713/3713 3714/3714/3714

f 3715/3715/3715 3716/3716/3716 3717/3717/3717

f 3718/3718/3718 3719/3719/3719 3720/3720/3720

f 3721/3721/3721 3722/3722/3722 3723/3723/3723

f 3724/3724/3724 3682/3682/3682 3686/3686/3686

f 3725/3725/3725 3681/3681/3681 3680/3680/3680

f 3707/3707/3707 3726/3726/3726 3705/3705/3705

f 3727/3727/3727 3728/3728/3728 3729/3729/3729

f 3730/3730/3730 3731/3731/3731 3732/3732/3732

f 3733/3733/3733 3734/3734/3734 3735/3735/3735

f 3736/3736/3736 3737/3737/3737 3738/3738/3738

f 3739/3739/3739 3740/3740/3740 3741/3741/3741

f 3742/3742/3742 3743/3743/3743 3744/3744/3744

f 3745/3745/3745 3746/3746/3746 3747/3747/3747

f 3748/3748/3748 3749/3749/3749 3750/3750/3750

f 3751/3751/3751 3752/3752/3752 3753/3753/3753

f 3753/3753/3753 3754/3754/3754 3751/3751/3751

f 3563/3563/3563 3755/3755/3755 3561/3561/3561

f 3665/3665/3665 3756/3756/3756 3664/3664/3664

f 3663/3663/3663 3757/3757/3757 3684/3684/3684

f 3738/3738/3738 3758/3758/3758 3736/3736/3736

f 3744/3744/3744 3759/3759/3759 3742/3742/3742

f 3741/3741/3741 3760/3760/3760 3739/3739/3739

f 3747/3747/3747 3761/3761/3761 3745/3745/3745

f 3735/3735/3735 3762/3762/3762 3733/3733/3733

f 3717/3717/3717 3763/3763/3763 3715/3715/3715

f 3714/3714/3714 3764/3764/3764 3712/3712/3712

f 3723/3723/3723 3765/3765/3765 3721/3721/3721

f 3710/3710/3710 3766/3766/3766 3708/3708/3708

f 3720/3720/3720 3767/3767/3767 3718/3718/3718

f 3770/3770/3770 3771/3771/3771 3772/3772/3772

f 3773/3773/3773 3774/3774/3774 3775/3775/3775

f 3772/3772/3772 3778/3778/3778 3770/3770/3770

f 3775/3775/3775 3779/3779/3779 3773/3773/3773

f 3780/3780/3780 3781/3781/3781 3782/3782/3782

f 3783/3783/3783 3784/3784/3784 3785/3785/3785

f 3786/3786/3786 3787/3787/3787 3788/3788/3788

f 3789/3789/3789 3790/3790/3790 3791/3791/3791

f 3792/3792/3792 3793/3793/3793 3794/3794/3794

f 3795/3795/3795 3777/3777/3777 3768/3768/3768

f 3796/3796/3796 3776/3776/3776 3769/3769/3769

f 3770/3770/3770 3778/3778/3778 3797/3797/3797

f 3779/3779/3779 3798/3798/3798 3773/3773/3773

f 3799/3799/3799 3800/3800/3800 3801/3801/3801

f 3802/3802/3802 3803/3803/3803 3804/3804/3804

f 3805/3805/3805 3806/3806/3806 3807/3807/3807

f 3808/3808/3808 3809/3809/3809 3810/3810/3810

f 3811/3811/3811 3812/3812/3812 3813/3813/3813

f 3814/3814/3814 3815/3815/3815 3816/3816/3816

f 3813/3813/3813 3817/3817/3817 3811/3811/3811

f 3818/3818/3818 3819/3819/3819 3820/3820/3820

f 3820/3820/3820 3821/3821/3821 3818/3818/3818

f 3822/3822/3822 3823/3823/3823 3824/3824/3824

f 3825/3825/3825 3826/3826/3826 3827/3827/3827

f 3828/3828/3828 3829/3829/3829 3830/3830/3830

f 3831/3831/3831 3832/3832/3832 3833/3833/3833

f 3834/3834/3834 3835/3835/3835 3836/3836/3836

f 3824/3824/3824 3837/3837/3837 3822/3822/3822

f 3827/3827/3827 3838/3838/3838 3825/3825/3825

f 3810/3810/3810 3839/3839/3839 3808/3808/3808

f 3840/3840/3840 3841/3841/3841 3846/3846/3846

f 3842/3842/3842 3843/3843/3843 3845/3845/3845

f 3830/3830/3830 3844/3844/3844 3828/3828/3828

f 3847/3847/3847 3848/3848/3848 3849/3849/3849

f 3850/3850/3850 3851/3851/3851 3852/3852/3852

f 3853/3853/3853 3854/3854/3854 3855/3855/3855

f 3856/3856/3856 3857/3857/3857 3858/3858/3858

f 3859/3859/3859 3860/3860/3860 3861/3861/3861

f 3849/3849/3849 3862/3862/3862 3847/3847/3847

f 3855/3855/3855 3863/3863/3863 3853/3853/3853

f 3858/3858/3858 3864/3864/3864 3856/3856/3856

f 3865/3865/3865 3866/3866/3866 3867/3867/3867

f 3867/3867/3867 3868/3868/3868 3865/3865/3865

f 3869/3869/3869 3870/3870/3870 3871/3871/3871

f 3872/3872/3872 3873/3873/3873 3874/3874/3874

f 3875/3875/3875 3876/3876/3876 3877/3877/3877

f 3878/3878/3878 3879/3879/3879 3880/3880/3880

f 3880/3880/3880 3881/3881/3881 3878/3878/3878

f 3877/3877/3877 3882/3882/3882 3875/3875/3875

f 3871/3871/3871 3885/3885/3885 3869/3869/3869

f 3886/3886/3886 3887/3887/3887 3888/3888/3888

f 3889/3889/3889 3890/3890/3890 3891/3891/3891

f 3894/3894/3894 3895/3895/3895 3896/3896/3896

f 3884/3884/3884 3897/3897/3897 3883/3883/3883

f 3893/3893/3893 3898/3898/3898 3892/3892/3892

f 3899/3899/3899 3900/3900/3900 3901/3901/3901

f 3896/3896/3896 3902/3902/3902 3894/3894/3894

f 3698/3698/3698 3905/3905/3905 3696/3696/3696

f 3906/3906/3906 3907/3907/3907 3908/3908/3908

f 3694/3694/3694 3909/3909/3909 3692/3692/3692

f 3910/3910/3910 3911/3911/3911 3912/3912/3912

f 3904/3904/3904 3913/3913/3913 3903/3903/3903

f 3907/3907/3907 3906/3906/3906 3914/3914/3914

f 3807/3807/3807 3916/3916/3916 3805/3805/3805

f 3801/3801/3801 3917/3917/3917 3799/3799/3799

f 3804/3804/3804 3918/3918/3918 3802/3802/3802

f 3915/3915/3915 3919/3919/3919 3689/3689/3689

f 3782/3782/3782 3920/3920/3920 3780/3780/3780

f 3788/3788/3788 3921/3921/3921 3786/3786/3786

f 3922/3922/3922 3785/3785/3785 3784/3784/3784

f 3794/3794/3794 3923/3923/3923 3792/3792/3792

f 3791/3791/3791 3924/3924/3924 3789/3789/3789

f 3925/3925/3925 3926/3926/3926 3927/3927/3927

f 3928/3928/3928 3929/3929/3929 3930/3930/3930

f 3931/3931/3931 3932/3932/3932 3933/3933/3933

f 3934/3934/3934 3935/3935/3935 3936/3936/3936

f 3927/3927/3927 3937/3937/3937 3925/3925/3925

f 3938/3938/3938 3939/3939/3939 3940/3940/3940

f 3930/3930/3930 3941/3941/3941 3928/3928/3928

f 3933/3933/3933 3942/3942/3942 3931/3931/3931

f 3940/3940/3940 3943/3943/3943 3938/3938/3938

f 3944/3944/3944 3945/3945/3945 3946/3946/3946

f 3947/3947/3947 3948/3948/3948 3949/3949/3949

f 3950/3950/3950 3951/3951/3951 3952/3952/3952

f 3953/3953/3953 3954/3954/3954 3955/3955/3955

f 3956/3956/3956 3957/3957/3957 3958/3958/3958

f 3959/3959/3959 3960/3960/3960 3961/3961/3961

f 3962/3962/3962 3963/3963/3963 3964/3964/3964

f 3965/3965/3965 3966/3966/3966 3967/3967/3967

f 3952/3952/3952 3968/3968/3968 3950/3950/3950

f 3969/3969/3969 3970/3970/3970 3971/3971/3971

f 3971/3971/3971 3972/3972/3972 3969/3969/3969

f 3973/3973/3973 3974/3974/3974 3975/3975/3975

f 3976/3976/3976 3977/3977/3977 3978/3978/3978

f 3979/3979/3979 3980/3980/3980 3981/3981/3981

f 3982/3982/3982 3983/3983/3983 3984/3984/3984

f 3978/3978/3978 3985/3985/3985 3976/3976/3976

f 3984/3984/3984 3986/3986/3986 3982/3982/3982

f 2579/2579/2579 3987/3987/3987 2607/2607/2607

f 3981/3981/3981 3988/3988/3988 3979/3979/3979

f 3989/3989/3989 3990/3990/3990 3991/3991/3991

f 3961/3961/3961 3992/3992/3992 3959/3959/3959

f 3964/3964/3964 3993/3993/3993 3962/3962/3962

f 3958/3958/3958 3994/3994/3994 3956/3956/3956

f 3991/3991/3991 3995/3995/3995 3989/3989/3989

f 3996/3996/3996 3997/3997/3997 3998/3998/3998

f 3999/3999/3999 4000/4000/4000 4001/4001/4001

f 4004/4004/4004 4005/4005/4005 4006/4006/4006

f 4011/4011/4011 4012/4012/4012 4013/4013/4013

f 4014/4014/4014 4015/4015/4015 4016/4016/4016

f 4017/4017/4017 4018/4018/4018 4019/4019/4019

f 4020/4020/4020 4021/4021/4021 4022/4022/4022

f 4003/4003/4003 4023/4023/4023 4002/4002/4002

f 4024/4024/4024 4025/4025/4025 4026/4026/4026

f 4027/4027/4027 4028/4028/4028 4029/4029/4029

f 4030/4030/4030 4031/4031/4031 4032/4032/4032

f 4033/4033/4033 4034/4034/4034 4035/4035/4035

f 4036/4036/4036 4037/4037/4037 4038/4038/4038

f 4039/4039/4039 4040/4040/4040 4041/4041/4041

f 3998/3998/3998 4042/4042/4042 3996/3996/3996

f 4043/4043/4043 4044/4044/4044 4045/4045/4045

f 4046/4046/4046 4047/4047/4047 4048/4048/4048

f 4006/4006/4006 4049/4049/4049 4004/4004/4004

f 4001/4001/4001 4050/4050/4050 3999/3999/3999

f 4038/4038/4038 4051/4051/4051 4036/4036/4036

f 4008/4008/4008 4052/4052/4052 4007/4007/4007

f 4010/4010/4010 4053/4053/4053 4009/4009/4009

f 4016/4016/4016 4054/4054/4054 4014/4014/4014

f 4013/4013/4013 4055/4055/4055 4011/4011/4011

f 4022/4022/4022 4056/4056/4056 4020/4020/4020

f 4019/4019/4019 4057/4057/4057 4017/4017/4017

f 4058/4058/4058 4059/4059/4059 4060/4060/4060

f 4061/4061/4061 4062/4062/4062 4063/4063/4063

f 4064/4064/4064 4065/4065/4065 4066/4066/4066

f 3949/3949/3949 4067/4067/4067 3947/3947/3947

f 3946/3946/3946 4068/4068/4068 3944/3944/3944

f 3975/3975/3975 4069/4069/4069 3973/3973/3973

f 4063/4063/4063 4070/4070/4070 4061/4061/4061

f 3967/3967/3967 4071/4071/4071 3965/3965/3965

f 4059/4059/4059 4058/4058/4058 4072/4072/4072

f 4048/4048/4048 4073/4073/4073 4046/4046/4046

f 4026/4026/4026 4074/4074/4074 4024/4024/4024

f 4029/4029/4029 4075/4075/4075 4027/4027/4027

f 4032/4032/4032 4076/4076/4076 4030/4030/4030

f 4035/4035/4035 4077/4077/4077 4033/4033/4033

f 4078/4078/4078 4079/4079/4079 4080/4080/4080

f 4081/4081/4081 4082/4082/4082 4083/4083/4083

f 4080/4080/4080 4084/4084/4084 4078/4078/4078

f 4083/4083/4083 4085/4085/4085 4081/4081/4081

f 4086/4086/4086 4087/4087/4087 4088/4088/4088

f 4089/4089/4089 4090/4090/4090 4091/4091/4091

f 4092/4092/4092 4093/4093/4093 4094/4094/4094

f 4095/4095/4095 4096/4096/4096 4097/4097/4097

f 4098/4098/4098 4099/4099/4099 4100/4100/4100

f 4101/4101/4101 4102/4102/4102 4103/4103/4103

f 4104/4104/4104 4105/4105/4105 4106/4106/4106

f 4107/4107/4107 4108/4108/4108 4109/4109/4109

f 4110/4110/4110 4111/4111/4111 4112/4112/4112

f 4113/4113/4113 4114/4114/4114 4115/4115/4115

f 4091/4091/4091 4116/4116/4116 4089/4089/4089

f 4117/4117/4117 4118/4118/4118 4119/4119/4119

f 4120/4120/4120 4121/4121/4121 4122/4122/4122

f 4122/4122/4122 4123/4123/4123 4120/4120/4120

f 4124/4124/4124 4125/4125/4125 4126/4126/4126

f 4127/4127/4127 4128/4128/4128 4129/4129/4129

f 4130/4130/4130 4131/4131/4131 4132/4132/4132

f 4133/4133/4133 4134/4134/4134 4135/4135/4135

f 4136/4136/4136 4137/4137/4137 4138/4138/4138

f 4126/4126/4126 4139/4139/4139 4124/4124/4124

f 4135/4135/4135 4140/4140/4140 4133/4133/4133

f 4141/4141/4141 4142/4142/4142 4143/4143/4143

f 4146/4146/4146 4147/4147/4147 4148/4148/4148

f 4143/4143/4143 4149/4149/4149 4141/4141/4141

f 4145/4145/4145 4150/4150/4150 4144/4144/4144

f 4148/4148/4148 4151/4151/4151 4146/4146/4146

f 4094/4094/4094 4152/4152/4152 4092/4092/4092

f 4088/4088/4088 4153/4153/4153 4086/4086/4086

f 4103/4103/4103 4154/4154/4154 4101/4101/4101

f 4155/4155/4155 4156/4156/4156 4157/4157/4157

f 4160/4160/4160 4161/4161/4161 4162/4162/4162

f 4163/4163/4163 4164/4164/4164 4165/4165/4165

f 4166/4166/4166 4167/4167/4167 4168/4168/4168

f 4169/4169/4169 4170/4170/4170 4171/4171/4171

f 4100/4100/4100 4174/4174/4174 4098/4098/4098

f 4175/4175/4175 4176/4176/4176 4177/4177/4177

f 4159/4159/4159 4182/4182/4182 4158/4158/4158

f 4165/4165/4165 4183/4183/4183 4163/4163/4163

f 4162/4162/4162 4184/4184/4184 4160/4160/4160

f 4171/4171/4171 4185/4185/4185 4169/4169/4169

f 4186/4186/4186 4179/4179/4179 4178/4178/4178

f 4181/4181/4181 4187/4187/4187 4180/4180/4180

f 4168/4168/4168 4188/4188/4188 4166/4166/4166

f 4173/4173/4173 4189/4189/4189 4172/4172/4172

f 4190/4190/4190 4191/4191/4191 4192/4192/4192

f 4129/4129/4129 4193/4193/4193 4127/4127/4127

f 4132/4132/4132 4194/4194/4194 4130/4130/4130

f 4196/4196/4196 4197/4197/4197 4195/4195/4195

f 4198/4198/4198 4199/4199/4199 4200/4200/4200

f 4201/4201/4201 4202/4202/4202 4203/4203/4203

f 4204/4204/4204 4205/4205/4205 4206/4206/4206

f 4203/4203/4203 4207/4207/4207 4201/4201/4201

f 4208/4208/4208 4209/4209/4209 4210/4210/4210

f 4206/4206/4206 4211/4211/4211 4204/4204/4204

f 4212/4212/4212 4213/4213/4213 4214/4214/4214

f 4215/4215/4215 4216/4216/4216 4217/4217/4217

f 4151/4151/4151 4148/4148/4148 4218/4218/4218

f 4219/4219/4219 4220/4220/4220 4221/4221/4221

f 4210/4210/4210 4222/4222/4222 4208/4208/4208

f 4221/4221/4221 4223/4223/4223 4219/4219/4219

f 4224/4224/4224 4225/4225/4225 4226/4226/4226

f 4226/4226/4226 4227/4227/4227 4224/4224/4224

f 4214/4214/4214 4228/4228/4228 4212/4212/4212

f 4097/4097/4097 4229/4229/4229 4095/4095/4095

f 4115/4115/4115 4230/4230/4230 4113/4113/4113

f 4119/4119/4119 4231/4231/4231 4117/4117/4117

f 4217/4217/4217 4232/4232/4232 4215/4215/4215

f 4218/4218/4218 4233/4233/4233 4151/4151/4151

f 4192/4192/4192 4234/4234/4234 4190/4190/4190

f 4177/4177/4177 4235/4235/4235 4175/4175/4175

f 4228/4228/4228 4214/4214/4214 4236/4236/4236

f 4237/4237/4237 4238/4238/4238 4239/4239/4239

f 4240/4240/4240 4241/4241/4241 4242/4242/4242

f 4236/4236/4236 4243/4243/4243 4228/4228/4228

f 4239/4239/4239 4244/4244/4244 4237/4237/4237

f 4242/4242/4242 4245/4245/4245 4240/4240/4240

f 4246/4246/4246 4247/4247/4247 4248/4248/4248

f 4248/4248/4248 4249/4249/4249 4246/4246/4246

f 4250/4250/4250 4251/4251/4251 4252/4252/4252

f 4253/4253/4253 4254/4254/4254 4255/4255/4255

f 4106/4106/4106 4256/4256/4256 4104/4104/4104

f 4112/4112/4112 4257/4257/4257 4110/4110/4110

f 4109/4109/4109 4258/4258/4258 4107/4107/4107

f 4259/4259/4259 4260/4260/4260 4234/4234/4234

f 4255/4255/4255 4261/4261/4261 4253/4253/4253

f 4252/4252/4252 4262/4262/4262 4250/4250/4250

f 4263/4263/4263 4264/4264/4264 4265/4265/4265

f 4265/4265/4265 4266/4266/4266 4263/4263/4263

f 4234/4234/4234 4192/4192/4192 4259/4259/4259

f 4267/4267/4267 4268/4268/4268 4269/4269/4269

f 4270/4270/4270 4271/4271/4271 4272/4272/4272

f 4273/4273/4273 4274/4274/4274 4275/4275/4275

f 4276/4276/4276 4277/4277/4277 4278/4278/4278

f 4157/4157/4157 4279/4279/4279 4155/4155/4155

f 4269/4269/4269 4280/4280/4280 4267/4267/4267

f 4315/4315/4315 4285/4285/4285 4286/4286/4286

f 4316/4316/4316 4287/4287/4287 4288/4288/4288

f 4275/4275/4275 4289/4289/4289 4273/4273/4273

f 4272/4272/4272 4290/4290/4290 4270/4270/4270

f 4278/4278/4278 4291/4291/4291 4276/4276/4276

f 4292/4292/4292 4293/4293/4293 4294/4294/4294

f 4295/4295/4295 4296/4296/4296 4297/4297/4297

f 4298/4298/4298 4299/4299/4299 4300/4300/4300

f 4301/4301/4301 4302/4302/4302 4303/4303/4303

f 4304/4304/4304 4305/4305/4305 4306/4306/4306

f 4307/4307/4307 4308/4308/4308 4309/4309/4309

f 4310/4310/4310 4311/4311/4311 4312/4312/4312

f 4284/4284/4284 4313/4313/4313 4283/4283/4283

f 4282/4282/4282 4314/4314/4314 4281/4281/4281

f 4319/4319/4319 4314/4314/4314 4282/4282/4282

f 4322/4322/4322 4313/4313/4313 4284/4284/4284

f 4320/4320/4320 4317/4317/4317 4316/4316/4316

f 4318/4318/4318 4321/4321/4321 4315/4315/4315

f 4294/4294/4294 4323/4323/4323 4292/4292/4292

f 4324/4324/4324 4325/4325/4325 4326/4326/4326

f 4327/4327/4327 4328/4328/4328 4329/4329/4329

f 4297/4297/4297 4330/4330/4330 4295/4295/4295

f 4300/4300/4300 4331/4331/4331 4298/4298/4298

f 4306/4306/4306 4332/4332/4332 4304/4304/4304

f 4303/4303/4303 4333/4333/4333 4301/4301/4301

f 4309/4309/4309 4334/4334/4334 4307/4307/4307

f 4336/4336/4336 4337/4337/4337 4335/4335/4335

f 4338/4338/4338 4339/4339/4339 4340/4340/4340

f 4340/4340/4340 4341/4341/4341 4338/4338/4338

f 4342/4342/4342 4343/4343/4343 4344/4344/4344

f 4345/4345/4345 4346/4346/4346 4347/4347/4347

f 4348/4348/4348 4349/4349/4349 4350/4350/4350

f 4351/4351/4351 4352/4352/4352 4353/4353/4353

f 4354/4354/4354 4355/4355/4355 4356/4356/4356

f 4357/4357/4357 4358/4358/4358 4359/4359/4359

f 4360/4360/4360 4361/4361/4361 4362/4362/4362

f 4363/4363/4363 4364/4364/4364 4365/4365/4365

f 4368/4368/4368 4369/4369/4369 4370/4370/4370

f 4372/4372/4372 4373/4373/4373 4374/4374/4374

f 4370/4370/4370 4375/4375/4375 4368/4368/4368

f 4374/4374/4374 4380/4380/4380 4372/4372/4372

f 4368/4368/4368 4375/4375/4375 4379/4379/4379

f 4362/4362/4362 4381/4381/4381 4360/4360/4360

f 4359/4359/4359 4382/4382/4382 4357/4357/4357

f 4356/4356/4356 4383/4383/4383 4354/4354/4354

f 4344/4344/4344 4384/4384/4384 4342/4342/4342

f 4353/4353/4353 4385/4385/4385 4351/4351/4351

f 4386/4386/4386 4371/4371/4371 4378/4378/4378

f 4395/4395/4395 4377/4377/4377 4376/4376/4376

f 4387/4387/4387 4388/4388/4388 4389/4389/4389

f 4391/4391/4391 4392/4392/4392 4390/4390/4390

f 4367/4367/4367 4393/4393/4393 4366/4366/4366

f 4380/4380/4380 4394/4394/4394 4372/4372/4372

f 4397/4397/4397 4398/4398/4398 4396/4396/4396

f 4399/4399/4399 4400/4400/4400 4401/4401/4401

f 4402/4402/4402 4403/4403/4403 4404/4404/4404

f 4405/4405/4405 4406/4406/4406 4407/4407/4407

f 4404/4404/4404 4408/4408/4408 4402/4402/4402

f 4409/4409/4409 3342/3342/3342 3341/3341/3341

f 4410/4410/4410 4411/4411/4411 4412/4412/4412

f 4412/4412/4412 4413/4413/4413 4410/4410/4410

f 4414/4414/4414 4415/4415/4415 4416/4416/4416

f 4417/4417/4417 4418/4418/4418 4419/4419/4419

f 3341/3341/3341 4420/4420/4420 4409/4409/4409

f 3294/3294/3294 4421/4421/4421 3292/3292/3292

f 4401/4401/4401 4422/4422/4422 4399/4399/4399

f 4416/4416/4416 4423/4423/4423 4414/4414/4414

f 4407/4407/4407 4424/4424/4424 4405/4405/4405

f 4419/4419/4419 4425/4425/4425 4417/4417/4417

f 4426/4426/4426 4427/4427/4427 4428/4428/4428

f 4429/4429/4429 4430/4430/4430 4431/4431/4431

f 4432/4432/4432 4433/4433/4433 4434/4434/4434

f 4435/4435/4435 4436/4436/4436 4437/4437/4437

f 4438/4438/4438 4432/4432/4432 4439/4439/4439

f 4440/4440/4440 4441/4441/4441 4442/4442/4442

f 4439/4439/4439 4443/4443/4443 4438/4438/4438

f 4442/4442/4442 4444/4444/4444 4440/4440/4440

f 4445/4445/4445 4446/4446/4446 4447/4447/4447

f 4448/4448/4448 4449/4449/4449 4450/4450/4450

f 4451/4451/4451 4452/4452/4452 4453/4453/4453

f 4455/4455/4455 4458/4458/4458 4454/4454/4454

f 4457/4457/4457 4459/4459/4459 4456/4456/4456

f 4462/4462/4462 4463/4463/4463 2742/2742/2742

f 4464/4464/4464 4465/4465/4465 4466/4466/4466

f 4467/4467/4467 4468/4468/4468 4469/4469/4469

f 4447/4447/4447 4470/4470/4470 4445/4445/4445

f 4453/4453/4453 4471/4471/4471 4451/4451/4451

f 4450/4450/4450 4472/4472/4472 4448/4448/4448

f 4431/4431/4431 4473/4473/4473 4429/4429/4429

f 4474/4474/4474 4405/4405/4405 4424/4424/4424

f 4475/4475/4475 4476/4476/4476 4477/4477/4477

f 4477/4477/4477 4478/4478/4478 4475/4475/4475

f 4461/4461/4461 4479/4479/4479 4460/4460/4460

f 2742/2742/2742 2726/2726/2726 4462/4462/4462

f 4466/4466/4466 4480/4480/4480 4464/4464/4464

f 4481/4481/4481 4482/4482/4482 4483/4483/4483

f 4484/4484/4484 4485/4485/4485 4486/4486/4486

f 4487/4487/4487 4488/4488/4488 4489/4489/4489

f 4490/4490/4490 4491/4491/4491 4492/4492/4492

f 4493/4493/4493 4494/4494/4494 4495/4495/4495

f 4496/4496/4496 4497/4497/4497 4498/4498/4498

f 4499/4499/4499 4500/4500/4500 4501/4501/4501

f 4498/4498/4498 4502/4502/4502 4496/4496/4496

f 4501/4501/4501 4503/4503/4503 4499/4499/4499

f 4504/4504/4504 4505/4505/4505 4506/4506/4506

f 4507/4507/4507 4508/4508/4508 4509/4509/4509

f 4509/4509/4509 4510/4510/4510 4507/4507/4507

f 4512/4512/4512 4513/4513/4513 4511/4511/4511

f 4486/4486/4486 4514/4514/4514 4484/4484/4484

f 4495/4495/4495 4515/4515/4515 4493/4493/4493

f 4492/4492/4492 4516/4516/4516 4490/4490/4490

f 4489/4489/4489 4517/4517/4517 4487/4487/4487

f 4428/4428/4428 4518/4518/4518 4426/4426/4426

f 4434/4434/4434 4439/4439/4439 4432/4432/4432

f 4424/4424/4424 4519/4519/4519 4474/4474/4474

f 4520/4520/4520 4521/4521/4521 4522/4522/4522

f 4523/4523/4523 4524/4524/4524 4525/4525/4525

f 4522/4522/4522 4526/4526/4526 4520/4520/4520

f 4506/4506/4506 4527/4527/4527 4504/4504/4504

f 4525/4525/4525 4528/4528/4528 4523/4523/4523

f 4530/4530/4530 4531/4531/4531 4529/4529/4529

f 4532/4532/4532 4533/4533/4533 4534/4534/4534

f 4535/4535/4535 4536/4536/4536 4537/4537/4537

f 4534/4534/4534 4538/4538/4538 4532/4532/4532

f 4537/4537/4537 4539/4539/4539 4535/4535/4535

f 4540/4540/4540 4541/4541/4541 4542/4542/4542

f 4542/4542/4542 4543/4543/4543 4540/4540/4540

f 4544/4544/4544 4545/4545/4545 4546/4546/4546

f 4546/4546/4546 4547/4547/4547 4544/4544/4544

f 4548/4548/4548 4549/4549/4549 4550/4550/4550

f 4550/4550/4550 4551/4551/4551 4548/4548/4548

f 4552/4552/4552 4553/4553/4553 4554/4554/4554

f 4554/4554/4554 4555/4555/4555 4552/4552/4552

f 4556/4556/4556 4557/4557/4557 4558/4558/4558

f 4559/4559/4559 4560/4560/4560 4561/4561/4561

f 4564/4564/4564 4565/4565/4565 4566/4566/4566

f 4567/4567/4567 4568/4568/4568 4569/4569/4569

f 4469/4469/4469 4570/4570/4570 4467/4467/4467

f 4558/4558/4558 4571/4571/4571 4556/4556/4556

f 4563/4563/4563 4572/4572/4572 4562/4562/4562

f 4561/4561/4561 4573/4573/4573 4559/4559/4559

f 4566/4566/4566 4574/4574/4574 4564/4564/4564

f 4575/4575/4575 4576/4576/4576 4577/4577/4577

f 4578/4578/4578 4579/4579/4579 4580/4580/4580

f 4581/4581/4581 4582/4582/4582 4583/4583/4583

f 4587/4587/4587 4588/4588/4588 4586/4586/4586

f 4585/4585/4585 4589/4589/4589 4584/4584/4584

f 4590/4590/4590 4591/4591/4591 4592/4592/4592

f 4594/4594/4594 4595/4595/4595 4593/4593/4593

f 4596/4596/4596 4597/4597/4597 4598/4598/4598

f 4599/4599/4599 4600/4600/4600 4601/4601/4601

f 4602/4602/4602 4603/4603/4603 4604/4604/4604

f 4609/4609/4609 4610/4610/4610 4611/4611/4611

f 4612/4612/4612 4613/4613/4613 4614/4614/4614

f 4615/4615/4615 4616/4616/4616 4617/4617/4617

f 4618/4618/4618 4619/4619/4619 4620/4620/4620

f 4621/4621/4621 4622/4622/4622 4623/4623/4623

f 4624/4624/4624 4625/4625/4625 4626/4626/4626

f 4592/4592/4592 4627/4627/4627 4590/4590/4590

f 4577/4577/4577 4628/4628/4628 4575/4575/4575

f 4629/4629/4629 4630/4630/4630 4631/4631/4631

f 4583/4583/4583 4632/4632/4632 4581/4581/4581

f 4606/4606/4606 4633/4633/4633 4605/4605/4605

f 4608/4608/4608 4634/4634/4634 4607/4607/4607

f 4637/4637/4637 4638/4638/4638 4639/4639/4639

f 4644/4644/4644 4645/4645/4645 4646/4646/4646

f 4647/4647/4647 4648/4648/4648 4649/4649/4649

f 4650/4650/4650 4651/4651/4651 4652/4652/4652

f 4653/4653/4653 4654/4654/4654 4655/4655/4655

f 4656/4656/4656 4657/4657/4657 4658/4658/4658

f 4659/4659/4659 4660/4660/4660 4661/4661/4661

f 4662/4662/4662 4663/4663/4663 4664/4664/4664

f 4620/4620/4620 4665/4665/4665 4618/4618/4618

f 4623/4623/4623 4666/4666/4666 4621/4621/4621

f 4667/4667/4667 4668/4668/4668 4669/4669/4669

f 4643/4643/4643 4670/4670/4670 4642/4642/4642

f 4641/4641/4641 4671/4671/4671 4640/4640/4640

f 4661/4661/4661 4672/4672/4672 4659/4659/4659

f 4655/4655/4655 4673/4673/4673 4653/4653/4653

f 4649/4649/4649 4674/4674/4674 4647/4647/4647

f 4664/4664/4664 4675/4675/4675 4662/4662/4662

f 4646/4646/4646 4676/4676/4676 4644/4644/4644

f 4658/4658/4658 4677/4677/4677 4656/4656/4656

f 4652/4652/4652 4678/4678/4678 4650/4650/4650

f 4683/4683/4683 4680/4680/4680 4679/4679/4679

f 4682/4682/4682 4684/4684/4684 4681/4681/4681

f 4685/4685/4685 4686/4686/4686 4687/4687/4687

f 4687/4687/4687 4688/4688/4688 4685/4685/4685

f 4688/4688/4688 4687/4687/4687 4689/4689/4689

f 4687/4687/4687 4690/4690/4690 4691/4691/4691

f 4691/4691/4691 4689/4689/4689 4687/4687/4687

f 4639/4639/4639 4692/4692/4692 4637/4637/4637

f 4636/4636/4636 4693/4693/4693 4635/4635/4635

f 4694/4694/4694 4695/4695/4695 4696/4696/4696

f 4697/4697/4697 4698/4698/4698 4699/4699/4699

f 4700/4700/4700 4701/4701/4701 4702/4702/4702

f 4703/4703/4703 4704/4704/4704 4705/4705/4705

f 4706/4706/4706 4707/4707/4707 4708/4708/4708

f 4711/4711/4711 4712/4712/4712 4713/4713/4713

f 4714/4714/4714 4715/4715/4715 4716/4716/4716

f 4717/4717/4717 4718/4718/4718 4719/4719/4719

f 4720/4720/4720 4721/4721/4721 4722/4722/4722

f 4723/4723/4723 4724/4724/4724 4725/4725/4725

f 4726/4726/4726 4727/4727/4727 4728/4728/4728

f 4729/4729/4729 4730/4730/4730 4731/4731/4731

f 4732/4732/4732 4733/4733/4733 4734/4734/4734

f 4716/4716/4716 4735/4735/4735 4714/4714/4714

f 4710/4710/4710 4736/4736/4736 4709/4709/4709

f 4731/4731/4731 4737/4737/4737 4729/4729/4729

f 4713/4713/4713 4738/4738/4738 4711/4711/4711

f 4719/4719/4719 4739/4739/4739 4717/4717/4717

f 4728/4728/4728 4740/4740/4740 4726/4726/4726

f 4734/4734/4734 4741/4741/4741 4732/4732/4732

f 4742/4742/4742 4743/4743/4743 4744/4744/4744

f 4841/4841/4841 4745/4745/4745 4746/4746/4746

f 4750/4750/4750 4751/4751/4751 4749/4749/4749

f 4748/4748/4748 4752/4752/4752 4747/4747/4747

f 4753/4753/4753 4754/4754/4754 4755/4755/4755

f 4756/4756/4756 4757/4757/4757 4758/4758/4758

f 4759/4759/4759 4760/4760/4760 4761/4761/4761

f 4762/4762/4762 4763/4763/4763 4764/4764/4764

f 4765/4765/4765 4766/4766/4766 4767/4767/4767

f 4767/4767/4767 4768/4768/4768 4765/4765/4765

f 4702/4702/4702 4769/4769/4769 4700/4700/4700

f 4699/4699/4699 4770/4770/4770 4697/4697/4697

f 4773/4773/4773 4774/4774/4774 4775/4775/4775

f 4776/4776/4776 4777/4777/4777 4778/4778/4778

f 4779/4779/4779 4780/4780/4780 4781/4781/4781

f 4781/4781/4781 4782/4782/4782 4779/4779/4779

f 4778/4778/4778 4783/4783/4783 4776/4776/4776

f 4800/4800/4800 4784/4784/4784 4785/4785/4785

f 4786/4786/4786 4787/4787/4787 4788/4788/4788

f 4789/4789/4789 4790/4790/4790 4802/4802/4802

f 4791/4791/4791 4792/4792/4792 4793/4793/4793

f 4772/4772/4772 4794/4794/4794 4771/4771/4771

f 4795/4795/4795 4796/4796/4796 4797/4797/4797

f 4793/4793/4793 4798/4798/4798 4791/4791/4791

f 4785/4785/4785 4799/4799/4799 4800/4800/4800

f 4775/4775/4775 4801/4801/4801 4773/4773/4773

f 4802/4802/4802 4803/4803/4803 4789/4789/4789

f 4788/4788/4788 4804/4804/4804 4786/4786/4786

f 4805/4805/4805 4806/4806/4806 4807/4807/4807

f 4807/4807/4807 4808/4808/4808 4805/4805/4805

f 4809/4809/4809 4810/4810/4810 4811/4811/4811

f 4812/4812/4812 4813/4813/4813 4814/4814/4814

f 4815/4815/4815 4816/4816/4816 4817/4817/4817

f 4811/4811/4811 4818/4818/4818 4809/4809/4809

f 4814/4814/4814 4819/4819/4819 4812/4812/4812

f 4821/4821/4821 4822/4822/4822 4820/4820/4820

f 4823/4823/4823 4824/4824/4824 4825/4825/4825

f 4826/4826/4826 4827/4827/4827 4828/4828/4828

f 4829/4829/4829 4830/4830/4830 4831/4831/4831

f 4831/4831/4831 4832/4832/4832 4829/4829/4829

f 4828/4828/4828 4833/4833/4833 4826/4826/4826

f 4817/4817/4817 4834/4834/4834 4815/4815/4815

f 4837/4837/4837 4835/4835/4835 4836/4836/4836

f 4838/4838/4838 4839/4839/4839 4837/4837/4837

f 4825/4825/4825 4840/4840/4840 4823/4823/4823

f 4842/4842/4842 4794/4794/4794 4772/4772/4772

f 4843/4843/4843 4844/4844/4844 4845/4845/4845

f 4846/4846/4846 4843/4843/4843 4845/4845/4845

f 4802/4802/4802 4847/4847/4847 4848/4848/4848

f 4788/4788/4788 4849/4849/4849 4850/4850/4850

f 4851/4851/4851 4852/4852/4852 4800/4800/4800

f 4853/4853/4853 4854/4854/4854 4773/4773/4773

f 4761/4761/4761 4855/4855/4855 4759/4759/4759

f 4764/4764/4764 4856/4856/4856 4762/4762/4762

f 4797/4797/4797 4796/4796/4796 4857/4857/4857

f 4800/4800/4800 4799/4799/4799 4851/4851/4851

f 4773/4773/4773 4801/4801/4801 4853/4853/4853

f 4850/4850/4850 4804/4804/4804 4788/4788/4788

f 4848/4848/4848 4803/4803/4803 4802/4802/4802

f 4858/4858/4858 4859/4859/4859 4860/4860/4860

f 4861/4861/4861 4862/4862/4862 4863/4863/4863

f 4866/4866/4866 4867/4867/4867 4868/4868/4868

f 4869/4869/4869 4870/4870/4870 4871/4871/4871

f 4865/4865/4865 4872/4872/4872 4864/4864/4864

f 4865/4865/4865 4873/4873/4873 4874/4874/4874

f 4872/4872/4872 4865/4865/4865 4874/4874/4874

f 4875/4875/4875 4876/4876/4876 4877/4877/4877

f 4878/4878/4878 4879/4879/4879 4880/4880/4880

f 4881/4881/4881 4882/4882/4882 4883/4883/4883

f 4884/4884/4884 4885/4885/4885 4886/4886/4886

f 4887/4887/4887 4888/4888/4888 4889/4889/4889

f 4890/4890/4890 4891/4891/4891 4892/4892/4892

f 4893/4893/4893 4894/4894/4894 4895/4895/4895

f 4896/4896/4896 4897/4897/4897 4898/4898/4898

f 4901/4901/4901 4902/4902/4902 4903/4903/4903

f 4905/4905/4905 4906/4906/4906 4904/4904/4904

f 4913/4913/4913 4915/4915/4915 4914/4914/4914

f 4916/4916/4916 4917/4917/4917 4918/4918/4918

f 4919/4919/4919 4920/4920/4920 4921/4921/4921

f 4912/4912/4912 4922/4922/4922 4911/4911/4911

f 4900/4900/4900 4923/4923/4923 4899/4899/4899

f 4924/4924/4924 4925/4925/4925 4926/4926/4926

f 4927/4927/4927 4928/4928/4928 4929/4929/4929

f 4930/4930/4930 4931/4931/4931 4932/4932/4932

f 4933/4933/4933 4934/4934/4934 4935/4935/4935

f 4936/4936/4936 4937/4937/4937 4938/4938/4938

f 4939/4939/4939 4940/4940/4940 4941/4941/4941

f 4944/4944/4944 4945/4945/4945 4946/4946/4946

f 4947/4947/4947 4948/4948/4948 4949/4949/4949

f 4950/4950/4950 4951/4951/4951 4952/4952/4952

f 4938/4938/4938 4955/4955/4955 4936/4936/4936

f 4926/4926/4926 4956/4956/4956 4924/4924/4924

f 4929/4929/4929 4957/4957/4957 4927/4927/4927

f 4932/4932/4932 4958/4958/4958 4930/4930/4930

f 4959/4959/4959 4935/4935/4935 4934/4934/4934

f 4960/4960/4960 4961/4961/4961 4886/4886/4886

f 4886/4886/4886 4962/4962/4962 4960/4960/4960

f 4943/4943/4943 4963/4963/4963 4942/4942/4942

f 4895/4895/4895 4964/4964/4964 4893/4893/4893

f 4965/4965/4965 4903/4903/4903 4902/4902/4902

f 4886/4886/4886 4966/4966/4966 4884/4884/4884

f 4892/4892/4892 4967/4967/4967 4890/4890/4890

f 4889/4889/4889 4968/4968/4968 4887/4887/4887

f 4954/4954/4954 4969/4969/4969 4953/4953/4953

f 4952/4952/4952 4970/4970/4970 4950/4950/4950

f 4949/4949/4949 4971/4971/4971 4947/4947/4947

f 4946/4946/4946 4972/4972/4972 4944/4944/4944

f 4908/4908/4908 4973/4973/4973 4907/4907/4907

f 4910/4910/4910 4974/4974/4974 4909/4909/4909

f 4617/4617/4617 4975/4975/4975 4615/4615/4615

f 4626/4626/4626 4976/4976/4976 4624/4624/4624

f 4941/4941/4941 4977/4977/4977 4939/4939/4939

f 4978/4978/4978 4979/4979/4979 4980/4980/4980

f 4980/4980/4980 4906/4906/4906 4978/4978/4978

f 4981/4981/4981 4982/4982/4982 4983/4983/4983

f 4984/4984/4984 4985/4985/4985 4986/4986/4986

f 4986/4986/4986 4987/4987/4987 4988/4988/4988

f 4988/4988/4988 4984/4984/4984 4986/4986/4986

f 4882/4882/4882 4881/4881/4881 4989/4989/4989

f 4877/4877/4877 4990/4990/4990 4875/4875/4875

f 4871/4871/4871 4991/4991/4991 4869/4869/4869

f 4868/4868/4868 4992/4992/4992 4866/4866/4866

f 4880/4880/4880 4993/4993/4993 4878/4878/4878

f 4995/4995/4995 4996/4996/4996 4994/4994/4994

f 4994/4994/4994 4996/4996/4996 4997/4997/4997

f 4998/4998/4998 4999/4999/4999 4983/4983/4983

f 5000/5000/5000 5003/5003/5003 5002/5002/5002

f 5001/5001/5001 5003/5003/5003 5000/5000/5000

f 5004/5004/5004 5005/5005/5005 5006/5006/5006

f 5007/5007/5007 5008/5008/5008 5009/5009/5009

f 5010/5010/5010 5011/5011/5011 5012/5012/5012

f 5013/5013/5013 5014/5014/5014 5015/5015/5015

f 5018/5018/5018 5019/5019/5019 5020/5020/5020

f 5023/5023/5023 5024/5024/5024 5025/5025/5025

f 5026/5026/5026 5027/5027/5027 5028/5028/5028

f 5029/5029/5029 5030/5030/5030 5031/5031/5031

f 5017/5017/5017 5032/5032/5032 5016/5016/5016

f 5033/5033/5033 5034/5034/5034 5035/5035/5035

f 5036/5036/5036 5037/5037/5037 5038/5038/5038

f 5031/5031/5031 5039/5039/5039 5029/5029/5029

f 5022/5022/5022 5040/5040/5040 5021/5021/5021

f 5041/5041/5041 5042/5042/5042 5043/5043/5043

f 5044/5044/5044 5045/5045/5045 5046/5046/5046

f 5025/5025/5025 5047/5047/5047 5023/5023/5023

f 5048/5048/5048 5039/5039/5039 5031/5031/5031

f 5027/5027/5027 5026/5026/5026 5049/5049/5049

f 5020/5020/5020 5050/5050/5050 5018/5018/5018

f 5051/5051/5051 5052/5052/5052 5053/5053/5053

f 5006/5006/5006 5054/5054/5054 5004/5004/5004

f 5009/5009/5009 5055/5055/5055 5007/5007/5007

f 5053/5053/5053 5056/5056/5056 5051/5051/5051

f 5057/5057/5057 5058/5058/5058 5059/5059/5059

f 5060/5060/5060 5061/5061/5061 5062/5062/5062

f 5063/5063/5063 5064/5064/5064 5065/5065/5065

f 5066/5066/5066 5067/5067/5067 5068/5068/5068

f 5069/5069/5069 5070/5070/5070 5071/5071/5071

f 5072/5072/5072 5040/5040/5040 5022/5022/5022

f 5023/5023/5023 5047/5047/5047 5073/5073/5073

f 5049/5049/5049 5026/5026/5026 5074/5074/5074

f 5075/5075/5075 5050/5050/5050 5020/5020/5020

f 5077/5077/5077 5078/5078/5078 5076/5076/5076

f 5079/5079/5079 5080/5080/5080 5081/5081/5081

f 5082/5082/5082 5083/5083/5083 5084/5084/5084

f 5085/5085/5085 5086/5086/5086 5087/5087/5087

f 5081/5081/5081 5088/5088/5088 5079/5079/5079

f 5089/5089/5089 5090/5090/5090 5091/5091/5091

f 5016/5016/5016 5032/5032/5032 5092/5092/5092

f 5094/5094/5094 5095/5095/5095 5093/5093/5093

f 5096/5096/5096 5097/5097/5097 5098/5098/5098

f 5020/5020/5020 5099/5099/5099 5075/5075/5075

f 5073/5073/5073 5100/5100/5100 5023/5023/5023

f 5101/5101/5101 5074/5074/5074 5026/5026/5026

f 5031/5031/5031 5102/5102/5102 5048/5048/5048

f 5105/5105/5105 5106/5106/5106 5104/5104/5104

f 5104/5104/5104 5106/5106/5106 5103/5103/5103

f 5107/5107/5107 5108/5108/5108 5109/5109/5109

f 5109/5109/5109 5112/5112/5112 5107/5107/5107

f 5111/5111/5111 5113/5113/5113 5110/5110/5110

f 5114/5114/5114 5115/5115/5115 5116/5116/5116

f 5091/5091/5091 5119/5119/5119 5089/5089/5089

f 5120/5120/5120 5121/5121/5121 5122/5122/5122

f 5123/5123/5123 5124/5124/5124 5125/5125/5125

f 5126/5126/5126 5127/5127/5127 5128/5128/5128

f 5129/5129/5129 5130/5130/5130 5131/5131/5131

f 5131/5131/5131 5132/5132/5132 5129/5129/5129

f 5128/5128/5128 5133/5133/5133 5126/5126/5126

f 5134/5134/5134 5135/5135/5135 5136/5136/5136

f 5137/5137/5137 5138/5138/5138 5139/5139/5139

f 5138/5138/5138 5137/5137/5137 5140/5140/5140

f 5062/5062/5062 5141/5141/5141 5060/5060/5060

f 5045/5045/5045 5044/5044/5044 5143/5143/5143

f 5038/5038/5038 5144/5144/5144 5036/5036/5036

f 5035/5035/5035 5145/5145/5145 5033/5033/5033

f 5059/5059/5059 5146/5146/5146 5057/5057/5057

f 5065/5065/5065 5147/5147/5147 5063/5063/5063

f 5067/5067/5067 5066/5066/5066 5148/5148/5148

f 5071/5071/5071 5149/5149/5149 5069/5069/5069

f 5150/5150/5150 5142/5142/5142 5151/5151/5151

f 5137/5137/5137 5152/5152/5152 5140/5140/5140

f 5153/5153/5153 5076/5076/5076 5078/5078/5078

f 5153/5153/5153 5154/5154/5154 5076/5076/5076

f 5087/5087/5087 5155/5155/5155 5085/5085/5085

f 5084/5084/5084 5156/5156/5156 5082/5082/5082

f 5139/5139/5139 5157/5157/5157 5137/5137/5137

f 5158/5158/5158 5159/5159/5159 5160/5160/5160

f 5160/5160/5160 5161/5161/5161 5158/5158/5158

f 5162/5162/5162 5163/5163/5163 5164/5164/5164

f 5165/5165/5165 5166/5166/5166 5167/5167/5167

f 5168/5168/5168 5169/5169/5169 5170/5170/5170

f 5169/5169/5169 5168/5168/5168 5171/5171/5171

f 5172/5172/5172 5173/5173/5173 5174/5174/5174

f 4898/4898/4898 5175/5175/5175 4896/4896/4896

f 5180/5180/5180 5169/5169/5169 5171/5171/5171

f 5171/5171/5171 5181/5181/5181 5180/5180/5180

f 5182/5182/5182 5183/5183/5183 5184/5184/5184

f 5185/5185/5185 5186/5186/5186 5187/5187/5187

f 5188/5188/5188 5189/5189/5189 5190/5190/5190

f 5191/5191/5191 5192/5192/5192 5193/5193/5193

f 5187/5187/5187 5194/5194/5194 5185/5185/5185

f 5174/5174/5174 5195/5195/5195 5172/5172/5172

f 5196/5196/5196 5197/5197/5197 5198/5198/5198

f 5199/5199/5199 5200/5200/5200 5201/5201/5201

f 5202/5202/5202 5203/5203/5203 5204/5204/5204

f 5205/5205/5205 5206/5206/5206 5207/5207/5207

f 5208/5208/5208 5209/5209/5209 5210/5210/5210

f 5212/5212/5212 5213/5213/5213 5211/5211/5211

f 5214/5214/5214 5215/5215/5215 5216/5216/5216

f 5217/5217/5217 5218/5218/5218 5219/5219/5219

f 5220/5220/5220 5221/5221/5221 5222/5222/5222

f 5223/5223/5223 5224/5224/5224 5225/5225/5225

f 5219/5219/5219 5230/5230/5230 5217/5217/5217

f 5216/5216/5216 5231/5231/5231 5214/5214/5214

f 5177/5177/5177 5232/5232/5232 5176/5176/5176

f 5179/5179/5179 5233/5233/5233 5178/5178/5178

f 5229/5229/5229 5234/5234/5234 5228/5228/5228

f 5227/5227/5227 5235/5235/5235 5226/5226/5226

f 5204/5204/5204 5236/5236/5236 5202/5202/5202

f 5210/5210/5210 5237/5237/5237 5208/5208/5208

f 5238/5238/5238 5239/5239/5239 5240/5240/5240

f 5222/5222/5222 5241/5241/5241 5220/5220/5220

f 5242/5242/5242 5207/5207/5207 5206/5206/5206

f 5225/5225/5225 5243/5243/5243 5223/5223/5223

f 5211/5211/5211 5244/5244/5244 5212/5212/5212

f 5246/5246/5246 5249/5249/5249 5245/5245/5245

f 5248/5248/5248 5250/5250/5250 5247/5247/5247

f 5251/5251/5251 5252/5252/5252 5253/5253/5253

f 5293/5293/5293 5254/5254/5254 5255/5255/5255

f 5256/5256/5256 5257/5257/5257 5258/5258/5258

f 5259/5259/5259 5256/5256/5256 5258/5258/5258

f 5260/5260/5260 5261/5261/5261 5256/5256/5256

f 5256/5256/5256 5259/5259/5259 5260/5260/5260

f 3405/3405/3405 5266/5266/5266 3403/3403/3403

f 5265/5265/5265 5267/5267/5267 5264/5264/5264

f 5268/5268/5268 5269/5269/5269 5270/5270/5270

f 5271/5271/5271 5272/5272/5272 5273/5273/5273

f 5274/5274/5274 5275/5275/5275 5276/5276/5276

f 5263/5263/5263 5277/5277/5277 5262/5262/5262

f 5279/5279/5279 5280/5280/5280 5278/5278/5278

f 5273/5273/5273 5281/5281/5281 5271/5271/5271

f 5276/5276/5276 5282/5282/5282 5274/5274/5274

f 5116/5116/5116 5283/5283/5283 5114/5114/5114

f 5270/5270/5270 5284/5284/5284 5268/5268/5268

f 5118/5118/5118 5285/5285/5285 5117/5117/5117

f 5286/5286/5286 5287/5287/5287 5288/5288/5288

f 5286/5286/5286 5288/5288/5288 5289/5289/5289

f 5290/5290/5290 5291/5291/5291 5292/5292/5292

f 5292/5292/5292 5294/5294/5294 5290/5290/5290

f 5295/5295/5295 5296/5296/5296 5297/5297/5297

f 5193/5193/5193 5298/5298/5298 5191/5191/5191

f 5190/5190/5190 5299/5299/5299 5188/5188/5188

f 5297/5297/5297 5300/5300/5300 5295/5295/5295

f 5184/5184/5184 5301/5301/5301 5182/5182/5182

f 5302/5302/5302 5303/5303/5303 5304/5304/5304

f 5305/5305/5305 5306/5306/5306 5307/5307/5307

f 5308/5308/5308 5309/5309/5309 5310/5310/5310

f 5307/5307/5307 5311/5311/5311 5305/5305/5305

f 5312/5312/5312 5313/5313/5313 5314/5314/5314

f 5313/5313/5313 5312/5312/5312 5315/5315/5315

f 4998/4998/4998 4983/4983/4983 4982/4982/4982

f 5318/5318/5318 5319/5319/5319 5320/5320/5320

f 5321/5321/5321 5322/5322/5322 5323/5323/5323

f 5324/5324/5324 5317/5317/5317 5325/5325/5325

f 5317/5317/5317 5326/5326/5326 5325/5325/5325

f 5327/5327/5327 5328/5328/5328 5329/5329/5329

f 5330/5330/5330 5331/5331/5331 5332/5332/5332

f 5333/5333/5333 5334/5334/5334 5335/5335/5335

f 5336/5336/5336 5337/5337/5337 5338/5338/5338

f 5339/5339/5339 5340/5340/5340 5341/5341/5341

f 5312/5312/5312 5342/5342/5342 5315/5315/5315

f 5343/5343/5343 5344/5344/5344 5345/5345/5345

f 5346/5346/5346 5347/5347/5347 5348/5348/5348

f 5349/5349/5349 5350/5350/5350 5351/5351/5351

f 5351/5351/5351 5352/5352/5352 5349/5349/5349

f 5353/5353/5353 5354/5354/5354 5355/5355/5355

f 5356/5356/5356 5357/5357/5357 5396/5396/5396

f 5358/5358/5358 5359/5359/5359 5360/5360/5360

f 5365/5365/5365 5366/5366/5366 5367/5367/5367

f 5368/5368/5368 5369/5369/5369 5370/5370/5370

f 5371/5371/5371 5372/5372/5372 5373/5373/5373

f 5317/5317/5317 5324/5324/5324 5316/5316/5316

f 5374/5374/5374 5375/5375/5375 5376/5376/5376

f 5362/5362/5362 5377/5377/5377 5361/5361/5361

f 5364/5364/5364 5378/5378/5378 5363/5363/5363

f 5379/5379/5379 5380/5380/5380 5381/5381/5381

f 5341/5341/5341 5382/5382/5382 5339/5339/5339

f 5345/5345/5345 5383/5383/5383 5343/5343/5343

f 5384/5384/5384 5385/5385/5385 5386/5386/5386

f 5387/5387/5387 5388/5388/5388 5389/5389/5389

f 5390/5390/5390 5391/5391/5391 5392/5392/5392

f 5393/5393/5393 5394/5394/5394 5395/5395/5395

f 5329/5329/5329 5397/5397/5397 5327/5327/5327

f 5335/5335/5335 5398/5398/5398 5333/5333/5333

f 5320/5320/5320 5399/5399/5399 5318/5318/5318

f 5332/5332/5332 5400/5400/5400 5330/5330/5330

f 5401/5401/5401 5323/5323/5323 5322/5322/5322

f 5402/5402/5402 5403/5403/5403 5404/5404/5404

f 5404/5404/5404 5405/5405/5405 5402/5402/5402

f 5406/5406/5406 5407/5407/5407 5408/5408/5408

f 5381/5381/5381 5409/5409/5409 5379/5379/5379

f 5410/5410/5410 5386/5386/5386 5385/5385/5385

f 5389/5389/5389 5411/5411/5411 5387/5387/5387

f 5412/5412/5412 5413/5413/5413 5414/5414/5414

f 5415/5415/5415 5416/5416/5416 5417/5417/5417

f 5419/5419/5419 5422/5422/5422 5418/5418/5418

f 5421/5421/5421 5423/5423/5423 5420/5420/5420

f 5376/5376/5376 5424/5424/5424 5374/5374/5374

f 5370/5370/5370 5425/5425/5425 5368/5368/5368

f 5373/5373/5373 5426/5426/5426 5371/5371/5371

f 5367/5367/5367 5427/5427/5427 5365/5365/5365

f 5430/5430/5430 5431/5431/5431 5432/5432/5432

f 5433/5433/5433 5434/5434/5434 5435/5435/5435

f 5438/5438/5438 5439/5439/5439 5440/5440/5440

f 5441/5441/5441 5442/5442/5442 5443/5443/5443

f 5444/5444/5444 5445/5445/5445 5446/5446/5446

f 5447/5447/5447 5448/5448/5448 5449/5449/5449

f 5450/5450/5450 5451/5451/5451 5452/5452/5452

f 5453/5453/5453 5454/5454/5454 5455/5455/5455

f 5456/5456/5456 5457/5457/5457 5458/5458/5458

f 5459/5459/5459 5460/5460/5460 5461/5461/5461

f 5462/5462/5462 5463/5463/5463 5464/5464/5464

f 5465/5465/5465 5466/5466/5466 5467/5467/5467

f 5468/5468/5468 5469/5469/5469 5470/5470/5470

f 5471/5471/5471 5472/5472/5472 5473/5473/5473

f 5474/5474/5474 5475/5475/5475 5476/5476/5476

f 5467/5467/5467 5477/5477/5477 5465/5465/5465

f 5478/5478/5478 5479/5479/5479 5480/5480/5480

f 5480/5480/5480 5481/5481/5481 5478/5478/5478

f 5482/5482/5482 5475/5475/5475 5474/5474/5474

f 5483/5483/5483 5484/5484/5484 5485/5485/5485

f 5487/5487/5487 5488/5488/5488 5486/5486/5486

f 5488/5488/5488 5487/5487/5487 5489/5489/5489

f 5487/5487/5487 5490/5490/5490 5489/5489/5489

f 5473/5473/5473 5491/5491/5491 5471/5471/5471

f 5492/5492/5492 5493/5493/5493 5494/5494/5494

f 5502/5502/5502 5495/5495/5495 5496/5496/5496

f 5446/5446/5446 5497/5497/5497 5444/5444/5444

f 5498/5498/5498 5449/5449/5449 5448/5448/5448

f 5452/5452/5452 5499/5499/5499 5450/5450/5450

f 5455/5455/5455 5500/5500/5500 5453/5453/5453

f 5458/5458/5458 5501/5501/5501 5456/5456/5456

f 5503/5503/5503 5504/5504/5504 5505/5505/5505

f 5470/5470/5470 5506/5506/5506 5468/5468/5468

f 5464/5464/5464 5463/5463/5463 5507/5507/5507

f 5461/5461/5461 5510/5510/5510 5459/5459/5459

f 5485/5485/5485 5511/5511/5511 5483/5483/5483

f 5443/5443/5443 5516/5516/5516 5441/5441/5441

f 5437/5437/5437 5517/5517/5517 5436/5436/5436

f 5515/5515/5515 5518/5518/5518 5514/5514/5514

f 5513/5513/5513 5519/5519/5519 5512/5512/5512

f 5440/5440/5440 5520/5520/5520 5438/5438/5438

f 5432/5432/5432 5521/5521/5521 5430/5430/5430

f 5435/5435/5435 5522/5522/5522 5433/5433/5433

f 5429/5429/5429 5523/5523/5523 5428/5428/5428

f 5524/5524/5524 5525/5525/5525 5526/5526/5526

f 5527/5527/5527 5528/5528/5528 5524/5524/5524

f 5526/5526/5526 5529/5529/5529 5524/5524/5524

f 5524/5524/5524 5530/5530/5530 5527/5527/5527

f 5531/5531/5531 5532/5532/5532 5533/5533/5533

f 5534/5534/5534 5535/5535/5535 5536/5536/5536

f 5537/5537/5537 5538/5538/5538 5539/5539/5539

f 5540/5540/5540 5541/5541/5541 5542/5542/5542

f 5543/5543/5543 5544/5544/5544 5545/5545/5545

f 5533/5533/5533 5550/5550/5550 5531/5531/5531

f 5536/5536/5536 5551/5551/5551 5534/5534/5534

f 5539/5539/5539 5552/5552/5552 5537/5537/5537

f 5541/5541/5541 5540/5540/5540 5553/5553/5553

f 5545/5545/5545 5554/5554/5554 5543/5543/5543

f 5555/5555/5555 5556/5556/5556 5557/5557/5557

f 5558/5558/5558 5559/5559/5559 5560/5560/5560

f 5547/5547/5547 5561/5561/5561 5546/5546/5546

f 5549/5549/5549 5562/5562/5562 5548/5548/5548

f 5564/5564/5564 5565/5565/5565 5563/5563/5563

f 5566/5566/5566 5565/5565/5565 5567/5567/5567

f 5567/5567/5567 5568/5568/5568 5566/5566/5566

f 5509/5509/5509 5569/5569/5569 5508/5508/5508

f 5570/5570/5570 5571/5571/5571 5572/5572/5572

f 5574/5574/5574 5575/5575/5575 5573/5573/5573

f 5579/5579/5579 5580/5580/5580 5578/5578/5578

f 5577/5577/5577 5581/5581/5581 5576/5576/5576

f 5582/5582/5582 5583/5583/5583 5584/5584/5584

f 5585/5585/5585 5586/5586/5586 5587/5587/5587

f 5588/5588/5588 5589/5589/5589 5590/5590/5590

f 5591/5591/5591 5592/5592/5592 5593/5593/5593

f 5594/5594/5594 5595/5595/5595 5596/5596/5596

f 5597/5597/5597 5598/5598/5598 5599/5599/5599

f 5600/5600/5600 5601/5601/5601 5602/5602/5602

f 5640/5640/5640 5603/5603/5603 5604/5604/5604

f 5606/5606/5606 5607/5607/5607 5605/5605/5605

f 5605/5605/5605 5607/5607/5607 5608/5608/5608

f 5609/5609/5609 5610/5610/5610 5611/5611/5611

f 5612/5612/5612 5613/5613/5613 5614/5614/5614

f 5615/5615/5615 5616/5616/5616 5617/5617/5617

f 5618/5618/5618 5619/5619/5619 5620/5620/5620

f 5621/5621/5621 5622/5622/5622 5623/5623/5623

f 5627/5627/5627 5636/5636/5636 5626/5626/5626

f 5625/5625/5625 5637/5637/5637 5624/5624/5624

f 5631/5631/5631 5638/5638/5638 5630/5630/5630

f 5629/5629/5629 5639/5639/5639 5628/5628/5628

f 5617/5617/5617 5641/5641/5641 5615/5615/5615

f 5614/5614/5614 5642/5642/5642 5612/5612/5612

f 5623/5623/5623 5643/5643/5643 5621/5621/5621

f 5620/5620/5620 5644/5644/5644 5618/5618/5618

f 5645/5645/5645 5646/5646/5646 5647/5647/5647

f 5648/5648/5648 5649/5649/5649 5650/5650/5650

f 5651/5651/5651 5652/5652/5652 5653/5653/5653

f 5654/5654/5654 5655/5655/5655 5656/5656/5656

f 5657/5657/5657 5658/5658/5658 5659/5659/5659

f 5653/5653/5653 5660/5660/5660 5651/5651/5651

f 5650/5650/5650 5661/5661/5661 5648/5648/5648

f 5656/5656/5656 5662/5662/5662 5654/5654/5654

f 5659/5659/5659 5663/5663/5663 5657/5657/5657

f 5635/5635/5635 5664/5664/5664 5634/5634/5634

f 5633/5633/5633 5665/5665/5665 5632/5632/5632

f 5669/5669/5669 5670/5670/5670 5668/5668/5668

f 5667/5667/5667 5671/5671/5671 5666/5666/5666

f 5676/5676/5676 5677/5677/5677 5678/5678/5678

f 5679/5679/5679 5680/5680/5680 5681/5681/5681

f 5682/5682/5682 5683/5683/5683 5684/5684/5684

f 5685/5685/5685 5686/5686/5686 5687/5687/5687

f 5688/5688/5688 5673/5673/5673 5672/5672/5672

f 5675/5675/5675 5689/5689/5689 5674/5674/5674

f 5690/5690/5690 5691/5691/5691 5692/5692/5692

f 5693/5693/5693 5694/5694/5694 5695/5695/5695

f 5696/5696/5696 5697/5697/5697 5698/5698/5698

f 5699/5699/5699 5700/5700/5700 5701/5701/5701

f 5706/5706/5706 5703/5703/5703 5702/5702/5702

f 5705/5705/5705 5707/5707/5707 5704/5704/5704

f 5692/5692/5692 5708/5708/5708 5690/5690/5690

f 5698/5698/5698 5709/5709/5709 5696/5696/5696

f 5701/5701/5701 5710/5710/5710 5699/5699/5699

f 5695/5695/5695 5711/5711/5711 5693/5693/5693

f 5712/5712/5712 5713/5713/5713 5714/5714/5714

f 5714/5714/5714 5715/5715/5715 5712/5712/5712

f 5716/5716/5716 5717/5717/5717 5718/5718/5718

f 5719/5719/5719 5720/5720/5720 5721/5721/5721

f 5722/5722/5722 5723/5723/5723 5724/5724/5724

f 5718/5718/5718 5725/5725/5725 5716/5716/5716

f 5726/5726/5726 5727/5727/5727 5728/5728/5728

f 5729/5729/5729 5730/5730/5730 5731/5731/5731

f 5732/5732/5732 5733/5733/5733 5734/5734/5734

f 5724/5724/5724 5735/5735/5735 5722/5722/5722

f 5721/5721/5721 5736/5736/5736 5719/5719/5719

f 5739/5739/5739 5740/5740/5740 5741/5741/5741

f 5742/5742/5742 5743/5743/5743 5744/5744/5744

f 5744/5744/5744 5745/5745/5745 5742/5742/5742

f 5747/5747/5747 5748/5748/5748 5746/5746/5746

f 5728/5728/5728 5749/5749/5749 5726/5726/5726

f 5750/5750/5750 5751/5751/5751 5752/5752/5752

f 5752/5752/5752 5753/5753/5753 5750/5750/5750

f 5754/5754/5754 5755/5755/5755 5756/5756/5756

f 5756/5756/5756 5757/5757/5757 5754/5754/5754

f 5759/5759/5759 5760/5760/5760 5758/5758/5758

f 5761/5761/5761 5762/5762/5762 5763/5763/5763

f 5764/5764/5764 5765/5765/5765 5766/5766/5766

f 5731/5731/5731 5767/5767/5767 5729/5729/5729

f 5763/5763/5763 5768/5768/5768 5761/5761/5761

f 5734/5734/5734 5769/5769/5769 5732/5732/5732

f 5741/5741/5741 5770/5770/5770 5739/5739/5739

f 5738/5738/5738 5771/5771/5771 5737/5737/5737

f 5766/5766/5766 5772/5772/5772 5764/5764/5764

f 5797/5797/5797 5773/5773/5773 5774/5774/5774

f 5798/5798/5798 5775/5775/5775 5776/5776/5776

f 5777/5777/5777 5778/5778/5778 5779/5779/5779

f 5780/5780/5780 5781/5781/5781 5782/5782/5782

f 5783/5783/5783 5784/5784/5784 5785/5785/5785

f 5786/5786/5786 5787/5787/5787 5788/5788/5788

f 5647/5647/5647 5791/5791/5791 5645/5645/5645

f 5782/5782/5782 5792/5792/5792 5780/5780/5780

f 5779/5779/5779 5793/5793/5793 5777/5777/5777

f 5790/5790/5790 5794/5794/5794 5789/5789/5789

f 5788/5788/5788 5795/5795/5795 5786/5786/5786

f 5785/5785/5785 5796/5796/5796 5783/5783/5783

f 5799/5799/5799 5800/5800/5800 5801/5801/5801

f 5801/5801/5801 5802/5802/5802 5803/5803/5803

f 5803/5803/5803 5804/5804/5804 5801/5801/5801

f 5801/5801/5801 5805/5805/5805 5799/5799/5799

f 5806/5806/5806 5807/5807/5807 5808/5808/5808

f 5809/5809/5809 5810/5810/5810 5811/5811/5811

f 5811/5811/5811 5812/5812/5812 5809/5809/5809

f 5808/5808/5808 5813/5813/5813 5806/5806/5806

f 5814/5814/5814 5815/5815/5815 5816/5816/5816

f 5818/5818/5818 5819/5819/5819 5820/5820/5820

f 5820/5820/5820 5821/5821/5821 5818/5818/5818

f 5822/5822/5822 5823/5823/5823 5824/5824/5824

f 5825/5825/5825 5819/5819/5819 5826/5826/5826

f 5827/5827/5827 5828/5828/5828 5829/5829/5829

f 5830/5830/5830 5831/5831/5831 5832/5832/5832

f 5833/5833/5833 5834/5834/5834 5835/5835/5835

f 5836/5836/5836 5837/5837/5837 5838/5838/5838

f 5839/5839/5839 5840/5840/5840 5841/5841/5841

f 5842/5842/5842 5843/5843/5843 5844/5844/5844

f 5845/5845/5845 5846/5846/5846 5847/5847/5847

f 5824/5824/5824 5848/5848/5848 5822/5822/5822

f 5851/5851/5851 5852/5852/5852 5853/5853/5853

f 5854/5854/5854 5855/5855/5855 5856/5856/5856

f 5857/5857/5857 5858/5858/5858 5859/5859/5859

f 5850/5850/5850 5860/5860/5860 5849/5849/5849

f 5844/5844/5844 5861/5861/5861 5842/5842/5842

f 5847/5847/5847 5862/5862/5862 5845/5845/5845

f 5841/5841/5841 5863/5863/5863 5839/5839/5839

f 5828/5828/5828 5827/5827/5827 5864/5864/5864

f 5838/5838/5838 5865/5865/5865 5836/5836/5836

f 5835/5835/5835 5866/5866/5866 5833/5833/5833

f 5867/5867/5867 5868/5868/5868 5869/5869/5869

f 5853/5853/5853 5870/5870/5870 5851/5851/5851

f 5832/5832/5832 5871/5871/5871 5830/5830/5830

f 5817/5817/5817 4579/4579/4579 4578/4578/4578

f 5869/5869/5869 5872/5872/5872 5867/5867/5867

f 5816/5816/5816 5873/5873/5873 5814/5814/5814

f 4631/4631/4631 5874/5874/5874 4629/4629/4629

f 5880/5880/5880 5883/5883/5883 5879/5879/5879

f 5884/5884/5884 5882/5882/5882 5881/5881/5881

f 5885/5885/5885 5886/5886/5886 5887/5887/5887

f 5887/5887/5887 5888/5888/5888 5885/5885/5885

f 5889/5889/5889 5890/5890/5890 5891/5891/5891

f 5892/5892/5892 5893/5893/5893 5894/5894/5894

f 5894/5894/5894 5895/5895/5895 5892/5892/5892

f 5896/5896/5896 5897/5897/5897 5892/5892/5892

f 5896/5896/5896 5892/5892/5892 5895/5895/5895

f 5898/5898/5898 5899/5899/5899 5900/5900/5900

f 5901/5901/5901 5902/5902/5902 5903/5903/5903

f 5904/5904/5904 5905/5905/5905 5906/5906/5906

f 5907/5907/5907 5908/5908/5908 5909/5909/5909

f 5910/5910/5910 5911/5911/5911 5912/5912/5912

f 5913/5913/5913 5914/5914/5914 5915/5915/5915

f 5916/5916/5916 5917/5917/5917 5918/5918/5918

f 5919/5919/5919 5920/5920/5920 5921/5921/5921

f 5922/5922/5922 5923/5923/5923 5924/5924/5924

f 5924/5924/5924 5925/5925/5925 5922/5922/5922

f 5310/5310/5310 5926/5926/5926 5308/5308/5308

f 5927/5927/5927 5928/5928/5928 5929/5929/5929

f 5933/5933/5933 5931/5931/5931 5932/5932/5932

f 5932/5932/5932 5930/5930/5930 5933/5933/5933

f 5304/5304/5304 5934/5934/5934 5302/5302/5302

f 5906/5906/5906 5935/5935/5935 5904/5904/5904

f 5915/5915/5915 5936/5936/5936 5913/5913/5913

f 5912/5912/5912 5937/5937/5937 5910/5910/5910

f 5903/5903/5903 5938/5938/5938 5901/5901/5901

f 5939/5939/5939 5940/5940/5940 5941/5941/5941

f 5942/5942/5942 5943/5943/5943 5944/5944/5944

f 5929/5929/5929 5945/5945/5945 5927/5927/5927

f 5946/5946/5946 5947/5947/5947 5948/5948/5948

f 5948/5948/5948 5949/5949/5949 5946/5946/5946

f 5889/5889/5889 5950/5950/5950 5890/5890/5890

f 5878/5878/5878 5951/5951/5951 5877/5877/5877

f 5876/5876/5876 5952/5952/5952 5875/5875/5875

f 5953/5953/5953 5954/5954/5954 5958/5958/5958

f 5955/5955/5955 5956/5956/5956 5957/5957/5957

f 5959/5959/5959 5960/5960/5960 5961/5961/5961

f 5962/5962/5962 5963/5963/5963 5964/5964/5964

f 5965/5965/5965 5966/5966/5966 5967/5967/5967

f 5968/5968/5968 5969/5969/5969 5991/5991/5991

f 5971/5971/5971 5972/5972/5972 5970/5970/5970

f 5970/5970/5970 5972/5972/5972 5973/5973/5973

f 5976/5976/5976 5977/5977/5977 5978/5978/5978

f 5979/5979/5979 5980/5980/5980 5981/5981/5981

f 5982/5982/5982 5983/5983/5983 5984/5984/5984

f 5985/5985/5985 5986/5986/5986 5987/5987/5987

f 5964/5964/5964 5990/5990/5990 5962/5962/5962

f 5961/5961/5961 5992/5992/5992 5959/5959/5959

f 5975/5975/5975 5993/5993/5993 5974/5974/5974

f 6556/6556/6556 5994/5994/5994 5995/5995/5995

f 5996/5996/5996 5997/5997/5997 6545/6545/6545

f 5978/5978/5978 5998/5998/5998 5976/5976/5976

f 5981/5981/5981 5999/5999/5999 5979/5979/5979

f 5983/5983/5983 5982/5982/5982 6000/6000/6000

f 5987/5987/5987 6001/6001/6001 5985/5985/5985

f 5989/5989/5989 6002/6002/6002 5988/5988/5988

f 6003/6003/6003 6004/6004/6004 6005/6005/6005

f 6008/6008/6008 6009/6009/6009 6010/6010/6010

f 6005/6005/6005 6011/6011/6011 6003/6003/6003

f 6007/6007/6007 6012/6012/6012 6006/6006/6006

f 6007/6007/6007 6013/6013/6013 6012/6012/6012

f 6010/6010/6010 6014/6014/6014 6008/6008/6008

f 6017/6017/6017 6018/6018/6018 6019/6019/6019

f 6020/6020/6020 6021/6021/6021 6022/6022/6022

f 6023/6023/6023 6024/6024/6024 6025/6025/6025

f 5978/5978/5978 6029/6029/6029 6030/6030/6030

f 5981/5981/5981 6031/6031/6031 6032/6032/6032

f 6033/6033/6033 6034/6034/6034 5982/5982/5982

f 6035/6035/6035 6036/6036/6036 5985/5985/5985

f 6038/6038/6038 6039/6039/6039 6040/6040/6040

f 6041/6041/6041 6042/6042/6042 6043/6043/6043

f 6045/6045/6045 6046/6046/6046 6044/6044/6044

f 6047/6047/6047 6046/6046/6046 6045/6045/6045

f 6048/6048/6048 6049/6049/6049 6050/6050/6050

f 6051/6051/6051 6052/6052/6052 6053/6053/6053

f 6016/6016/6016 6054/6054/6054 6015/6015/6015

f 6025/6025/6025 6055/6055/6055 6023/6023/6023

f 6019/6019/6019 6056/6056/6056 6017/6017/6017

f 6057/6057/6057 6058/6058/6058 6059/6059/6059

f 6027/6027/6027 6060/6060/6060 6026/6026/6026

f 6022/6022/6022 6061/6061/6061 6020/6020/6020

f 6032/6032/6032 5999/5999/5999 5981/5981/5981

f 5974/5974/5974 5993/5993/5993 6028/6028/6028

f 6063/6063/6063 6062/6062/6062 6064/6064/6064

f 6064/6064/6064 6065/6065/6065 6063/6063/6063

f 6066/6066/6066 6067/6067/6067 6068/6068/6068

f 6066/6066/6066 6068/6068/6068 6069/6069/6069

f 6070/6070/6070 6069/6069/6069 6068/6068/6068

f 6068/6068/6068 6071/6071/6071 6070/6070/6070

f 6072/6072/6072 6073/6073/6073 6074/6074/6074

f 6078/6078/6078 6075/6075/6075 6076/6076/6076

f 6059/6059/6059 6077/6077/6077 6057/6057/6057

f 6037/6037/6037 6002/6002/6002 5989/5989/5989

f 5985/5985/5985 6001/6001/6001 6035/6035/6035

f 6000/6000/6000 5982/5982/5982 6034/6034/6034

f 6030/6030/6030 5998/5998/5998 5978/5978/5978

f 6079/6079/6079 6080/6080/6080 6081/6081/6081

f 6082/6082/6082 6083/6083/6083 6084/6084/6084

f 6085/6085/6085 6086/6086/6086 6087/6087/6087

f 6088/6088/6088 6089/6089/6089 6085/6085/6085

f 6090/6090/6090 6091/6091/6091 6092/6092/6092

f 6085/6085/6085 6093/6093/6093 6088/6088/6088

f 6084/6084/6084 6094/6094/6094 6082/6082/6082

f 6081/6081/6081 6095/6095/6095 6079/6079/6079

f 6098/6098/6098 6099/6099/6099 6100/6100/6100

f 6101/6101/6101 6102/6102/6102 6103/6103/6103

f 6096/6096/6096 6097/6097/6097 6104/6104/6104

f 6105/6105/6105 6106/6106/6106 6107/6107/6107

f 6110/6110/6110 6111/6111/6111 6112/6112/6112

f 6113/6113/6113 6114/6114/6114 6115/6115/6115

f 6116/6116/6116 6117/6117/6117 6118/6118/6118

f 6120/6120/6120 6123/6123/6123 6119/6119/6119

f 6124/6124/6124 6122/6122/6122 6121/6121/6121

f 6125/6125/6125 6127/6127/6127 6126/6126/6126

f 6128/6128/6128 6129/6129/6129 6130/6130/6130

f 6130/6130/6130 6131/6131/6131 6128/6128/6128

f 6132/6132/6132 6133/6133/6133 6134/6134/6134

f 6109/6109/6109 6135/6135/6135 6108/6108/6108

f 6118/6118/6118 6136/6136/6136 6116/6116/6116

f 6112/6112/6112 6137/6137/6137 6110/6110/6110

f 6115/6115/6115 6138/6138/6138 6113/6113/6113

f 6134/6134/6134 6139/6139/6139 6132/6132/6132

f 6140/6140/6140 6141/6141/6141 6142/6142/6142

f 6143/6143/6143 6144/6144/6144 6145/6145/6145

f 6146/6146/6146 6147/6147/6147 6148/6148/6148

f 6149/6149/6149 6150/6150/6150 6151/6151/6151

f 6152/6152/6152 6153/6153/6153 6154/6154/6154

f 6155/6155/6155 6156/6156/6156 6162/6162/6162

f 6157/6157/6157 6158/6158/6158 6159/6159/6159

f 6151/6151/6151 6160/6160/6160 6149/6149/6149

f 6154/6154/6154 6161/6161/6161 6152/6152/6152

f 6163/6163/6163 6164/6164/6164 6165/6165/6165

f 6166/6166/6166 6167/6167/6167 6168/6168/6168

f 6169/6169/6169 6170/6170/6170 6171/6171/6171

f 6172/6172/6172 6173/6173/6173 6174/6174/6174

f 6175/6175/6175 6176/6176/6176 6177/6177/6177

f 6178/6178/6178 6179/6179/6179 6180/6180/6180

f 6142/6142/6142 6181/6181/6181 6140/6140/6140

f 6145/6145/6145 6182/6182/6182 6143/6143/6143

f 6148/6148/6148 6183/6183/6183 6146/6146/6146

f 6103/6103/6103 6184/6184/6184 6101/6101/6101

f 6100/6100/6100 6185/6185/6185 6098/6098/6098

f 6107/6107/6107 6186/6186/6186 6105/6105/6105

f 6104/6104/6104 6187/6187/6187 6096/6096/6096

f 6188/6188/6188 6189/6189/6189 6190/6190/6190

f 6191/6191/6191 6189/6189/6189 6192/6192/6192

f 6193/6193/6193 6194/6194/6194 6195/6195/6195

f 6196/6196/6196 6197/6197/6197 6198/6198/6198

f 6199/6199/6199 6200/6200/6200 6201/6201/6201

f 6202/6202/6202 6203/6203/6203 6204/6204/6204

f 6205/6205/6205 6206/6206/6206 6207/6207/6207

f 6208/6208/6208 6209/6209/6209 6210/6210/6210

f 6204/6204/6204 6211/6211/6211 6202/6202/6202

f 6210/6210/6210 6212/6212/6212 6208/6208/6208

f 6207/6207/6207 6213/6213/6213 6205/6205/6205

f 6216/6216/6216 6215/6215/6215 6214/6214/6214

f 6217/6217/6217 6174/6174/6174 6173/6173/6173

f 6177/6177/6177 6218/6218/6218 6175/6175/6175

f 6180/6180/6180 6219/6219/6219 6178/6178/6178

f 6168/6168/6168 6220/6220/6220 6166/6166/6166

f 6165/6165/6165 6221/6221/6221 6163/6163/6163

f 6171/6171/6171 6222/6222/6222 6169/6169/6169

f 6223/6223/6223 6224/6224/6224 6225/6225/6225

f 6225/6225/6225 6226/6226/6226 6223/6223/6223

f 6227/6227/6227 6228/6228/6228 6229/6229/6229

f 6230/6230/6230 6231/6231/6231 6232/6232/6232

f 6233/6233/6233 6234/6234/6234 6235/6235/6235

f 6236/6236/6236 6237/6237/6237 6238/6238/6238

f 6239/6239/6239 6240/6240/6240 6241/6241/6241

f 6242/6242/6242 6243/6243/6243 6244/6244/6244

f 6245/6245/6245 6246/6246/6246 6247/6247/6247

f 6248/6248/6248 6249/6249/6249 6250/6250/6250

f 6235/6235/6235 6251/6251/6251 6233/6233/6233

f 6232/6232/6232 6252/6252/6252 6230/6230/6230

f 6253/6253/6253 6247/6247/6247 6246/6246/6246

f 6238/6238/6238 6254/6254/6254 6236/6236/6236

f 6241/6241/6241 6255/6255/6255 6239/6239/6239

f 6250/6250/6250 6256/6256/6256 6248/6248/6248

f 6257/6257/6257 6258/6258/6258 6259/6259/6259

f 6260/6260/6260 6261/6261/6261 6262/6262/6262

f 6263/6263/6263 6264/6264/6264 6265/6265/6265

f 6265/6265/6265 6266/6266/6266 6263/6263/6263

f 6267/6267/6267 6268/6268/6268 6272/6272/6272

f 6269/6269/6269 6270/6270/6270 6271/6271/6271

f 6273/6273/6273 6274/6274/6274 6282/6282/6282

f 6275/6275/6275 6276/6276/6276 6278/6278/6278

f 6244/6244/6244 6277/6277/6277 6242/6242/6242

f 6280/6280/6280 6281/6281/6281 6279/6279/6279

f 6283/6283/6283 6284/6284/6284 6285/6285/6285

f 6286/6286/6286 6287/6287/6287 6288/6288/6288

f 6289/6289/6289 6290/6290/6290 6291/6291/6291

f 6292/6292/6292 6293/6293/6293 6294/6294/6294

f 6295/6295/6295 6296/6296/6296 6297/6297/6297

f 6298/6298/6298 6299/6299/6299 6300/6300/6300

f 6301/6301/6301 6302/6302/6302 6303/6303/6303

f 6304/6304/6304 6305/6305/6305 6306/6306/6306

f 6307/6307/6307 6308/6308/6308 6309/6309/6309

f 6310/6310/6310 6311/6311/6311 6312/6312/6312

f 6316/6316/6316 6317/6317/6317 6315/6315/6315

f 6314/6314/6314 6318/6318/6318 6313/6313/6313

f 6319/6319/6319 6320/6320/6320 6321/6321/6321

f 6321/6321/6321 6322/6322/6322 6319/6319/6319

f 6323/6323/6323 6324/6324/6324 6325/6325/6325

f 6324/6324/6324 6326/6326/6326 6325/6325/6325

f 6328/6328/6328 6329/6329/6329 6327/6327/6327

f 6349/6349/6349 6330/6330/6330 6331/6331/6331

f 6350/6350/6350 6332/6332/6332 6333/6333/6333

f 6334/6334/6334 6335/6335/6335 6336/6336/6336

f 6337/6337/6337 6338/6338/6338 6339/6339/6339

f 6340/6340/6340 6341/6341/6341 6342/6342/6342

f 6343/6343/6343 6344/6344/6344 6345/6345/6345

f 6346/6346/6346 6347/6347/6347 6348/6348/6348

f 6342/6342/6342 6351/6351/6351 6340/6340/6340

f 6345/6345/6345 6352/6352/6352 6343/6343/6343

f 6353/6353/6353 6348/6348/6348 6347/6347/6347

f 6339/6339/6339 6354/6354/6354 6337/6337/6337

f 6336/6336/6336 6355/6355/6355 6334/6334/6334

f 6356/6356/6356 6357/6357/6357 6358/6358/6358

f 6357/6357/6357 6356/6356/6356 6359/6359/6359

f 6357/6357/6357 6360/6360/6360 6358/6358/6358

f 6361/6361/6361 6362/6362/6362 6363/6363/6363

f 6363/6363/6363 6364/6364/6364 6361/6361/6361

f 6369/6369/6369 6370/6370/6370 6371/6371/6371

f 6371/6371/6371 6372/6372/6372 6369/6369/6369

f 6294/6294/6294 6373/6373/6373 6292/6292/6292

f 6303/6303/6303 6374/6374/6374 6301/6301/6301

f 6300/6300/6300 6375/6375/6375 6298/6298/6298

f 6297/6297/6297 6376/6376/6376 6295/6295/6295

f 6366/6366/6366 6377/6377/6377 6365/6365/6365

f 6368/6368/6368 6367/6367/6367 6378/6378/6378

f 6291/6291/6291 6379/6379/6379 6289/6289/6289

f 6380/6380/6380 6381/6381/6381 6382/6382/6382

f 6382/6382/6382 6383/6383/6383 6380/6380/6380

f 6385/6385/6385 6386/6386/6386 6384/6384/6384

f 6387/6387/6387 6388/6388/6388 6389/6389/6389

f 6389/6389/6389 6390/6390/6390 6387/6387/6387

f 6391/6391/6391 6392/6392/6392 6393/6393/6393

f 6394/6394/6394 6395/6395/6395 6396/6396/6396

f 6397/6397/6397 6398/6398/6398 6399/6399/6399

f 6401/6401/6401 6402/6402/6402 6403/6403/6403

f 6400/6400/6400 6404/6404/6404 6405/6405/6405

f 6406/6406/6406 6407/6407/6407 6408/6408/6408

f 6409/6409/6409 6410/6410/6410 6411/6411/6411

f 6412/6412/6412 6413/6413/6413 6414/6414/6414

f 6415/6415/6415 6416/6416/6416 6417/6417/6417

f 6418/6418/6418 6419/6419/6419 6420/6420/6420

f 6423/6423/6423 6424/6424/6424 6425/6425/6425

f 6426/6426/6426 6427/6427/6427 6428/6428/6428

f 6429/6429/6429 6430/6430/6430 6431/6431/6431

f 6432/6432/6432 6433/6433/6433 6434/6434/6434

f 6434/6434/6434 6441/6441/6441 6432/6432/6432

f 6437/6437/6437 6435/6435/6435 6438/6438/6438

f 6436/6436/6436 6438/6438/6438 6435/6435/6435

f 6436/6436/6436 6439/6439/6439 6438/6438/6438

f 6438/6438/6438 6440/6440/6440 6437/6437/6437

f 6442/6442/6442 6441/6441/6441 6434/6434/6434

f 6434/6434/6434 6443/6443/6443 6442/6442/6442

f 6414/6414/6414 6444/6444/6444 6412/6412/6412

f 6420/6420/6420 6445/6445/6445 6418/6418/6418

f 6391/6391/6391 6393/6393/6393 6446/6446/6446

f 6450/6450/6450 6451/6451/6451 6449/6449/6449

f 6448/6448/6448 6452/6452/6452 6447/6447/6447

f 6453/6453/6453 6454/6454/6454 6455/6455/6455

f 6484/6484/6484 6456/6456/6456 6457/6457/6457

f 6458/6458/6458 6459/6459/6459 6460/6460/6460

f 6461/6461/6461 6462/6462/6462 6463/6463/6463

f 6464/6464/6464 6465/6465/6465 6466/6466/6466

f 6467/6467/6467 6468/6468/6468 6469/6469/6469

f 6470/6470/6470 6471/6471/6471 6472/6472/6472

f 6473/6473/6473 6474/6474/6474 6475/6475/6475

f 6475/6475/6475 6477/6477/6477 6473/6473/6473

f 6478/6478/6478 6476/6476/6476 6479/6479/6479

f 6479/6479/6479 6480/6480/6480 6478/6478/6478

f 6481/6481/6481 6482/6482/6482 6483/6483/6483

f 6455/6455/6455 6485/6485/6485 6453/6453/6453

f 6486/6486/6486 6487/6487/6487 6488/6488/6488

f 6489/6489/6489 6490/6490/6490 6491/6491/6491

f 6488/6488/6488 6492/6492/6492 6486/6486/6486

f 6497/6497/6497 6498/6498/6498 6499/6499/6499

f 6500/6500/6500 6501/6501/6501 6502/6502/6502

f 6494/6494/6494 6503/6503/6503 6493/6493/6493

f 6496/6496/6496 6504/6504/6504 6495/6495/6495

f 6502/6502/6502 6505/6505/6505 6500/6500/6500

f 6499/6499/6499 6506/6506/6506 6497/6497/6497

f 6472/6472/6472 6511/6511/6511 6470/6470/6470

f 6469/6469/6469 6512/6512/6512 6467/6467/6467

f 6513/6513/6513 6466/6466/6466 6465/6465/6465

f 6463/6463/6463 6514/6514/6514 6461/6461/6461

f 6446/6446/6446 6515/6515/6515 6391/6391/6391

f 6510/6510/6510 6516/6516/6516 6509/6509/6509

f 6508/6508/6508 6517/6517/6517 6507/6507/6507

f 6518/6518/6518 6519/6519/6519 6520/6520/6520

f 6408/6408/6408 6521/6521/6521 6406/6406/6406

f 6403/6403/6403 6522/6522/6522 6401/6401/6401

f 6417/6417/6417 6523/6523/6523 6415/6415/6415

f 6422/6422/6422 6524/6524/6524 6421/6421/6421

f 6425/6425/6425 6525/6525/6525 6423/6423/6423

f 6428/6428/6428 6526/6526/6526 6426/6426/6426

f 6431/6431/6431 6527/6527/6527 6429/6429/6429

f 6405/6405/6405 6528/6528/6528 6400/6400/6400

f 6396/6396/6396 6529/6529/6529 6394/6394/6394

f 6530/6530/6530 6531/6531/6531 6532/6532/6532

f 6533/6533/6533 6534/6534/6534 6535/6535/6535

f 6536/6536/6536 6537/6537/6537 6538/6538/6538

f 6536/6536/6536 6538/6538/6538 6539/6539/6539

f 6540/6540/6540 6541/6541/6541 6542/6542/6542

f 6543/6543/6543 6544/6544/6544 6556/6556/6556

f 6545/6545/6545 6546/6546/6546 6547/6547/6547

f 6548/6548/6548 6549/6549/6549 6550/6550/6550

f 6553/6553/6553 6554/6554/6554 6555/6555/6555

f 6556/6556/6556 6557/6557/6557 6543/6543/6543

f 6542/6542/6542 6558/6558/6558 6540/6540/6540

f 6550/6550/6550 6559/6559/6559 6548/6548/6548

f 6547/6547/6547 6560/6560/6560 6545/6545/6545

f 6552/6552/6552 6561/6561/6561 6551/6551/6551

f 6562/6562/6562 6563/6563/6563 6564/6564/6564

f 6566/6566/6566 6569/6569/6569 6565/6565/6565

f 6568/6568/6568 6570/6570/6570 6567/6567/6567

f 6571/6571/6571 6572/6572/6572 6573/6573/6573

f 6573/6573/6573 6574/6574/6574 6571/6571/6571

f 6575/6575/6575 6576/6576/6576 6571/6571/6571

f 6577/6577/6577 6571/6571/6571 6574/6574/6574

f 6571/6571/6571 6577/6577/6577 6575/6575/6575

f 6583/6583/6583 6578/6578/6578 6579/6579/6579

f 6580/6580/6580 6581/6581/6581 6582/6582/6582

f 6584/6584/6584 6585/6585/6585 6586/6586/6586

f 6587/6587/6587 6588/6588/6588 6589/6589/6589

f 6590/6590/6590 6591/6591/6591 6592/6592/6592

f 6593/6593/6593 6594/6594/6594 6595/6595/6595

f 6596/6596/6596 6597/6597/6597 6598/6598/6598

f 6599/6599/6599 6600/6600/6600 6601/6601/6601

f 6602/6602/6602 6603/6603/6603 6604/6604/6604

f 6605/6605/6605 6606/6606/6606 6607/6607/6607

f 6621/6621/6621 6608/6608/6608 6609/6609/6609

f 6610/6610/6610 6611/6611/6611 6612/6612/6612

f 6613/6613/6613 6614/6614/6614 6615/6615/6615

f 6616/6616/6616 6617/6617/6617 6624/6624/6624

f 6618/6618/6618 6619/6619/6619 6620/6620/6620

f 6622/6622/6622 6623/6623/6623 6548/6548/6548

f 6615/6615/6615 6625/6625/6625 6613/6613/6613

f 6612/6612/6612 6626/6626/6626 6610/6610/6610

f 6542/6542/6542 6627/6627/6627 6628/6628/6628

f 6586/6586/6586 6629/6629/6629 6584/6584/6584

f 6592/6592/6592 6630/6630/6630 6590/6590/6590

f 6633/6633/6633 6561/6561/6561 6552/6552/6552

f 6545/6545/6545 6560/6560/6560 5996/5996/5996

f 6548/6548/6548 6559/6559/6559 6622/6622/6622

f 6628/6628/6628 6558/6558/6558 6542/6542/6542

f 5995/5995/5995 6557/6557/6557 6556/6556/6556

f 6555/6555/6555 6554/6554/6554 6634/6634/6634

f 6635/6635/6635 6636/6636/6636 6637/6637/6637

f 6638/6638/6638 6639/6639/6639 6640/6640/6640

f 6640/6640/6640 6641/6641/6641 6638/6638/6638

f 6643/6643/6643 6644/6644/6644 6642/6642/6642

f 6645/6645/6645 6646/6646/6646 6647/6647/6647

f 6648/6648/6648 6649/6649/6649 6650/6650/6650

f 6651/6651/6651 6652/6652/6652 6653/6653/6653

f 6637/6637/6637 6654/6654/6654 6635/6635/6635

f 6647/6647/6647 6656/6656/6656 6645/6645/6645

f 6650/6650/6650 6657/6657/6657 6648/6648/6648

f 6642/6642/6642 6658/6658/6658 6655/6655/6655

f 6659/6659/6659 6660/6660/6660 6661/6661/6661

f 6632/6632/6632 6662/6662/6662 6631/6631/6631

f 6663/6663/6663 6664/6664/6664 6665/6665/6665

f 6666/6666/6666 6667/6667/6667 6668/6668/6668

f 6668/6668/6668 6669/6669/6669 6666/6666/6666

f 6665/6665/6665 6670/6670/6670 6663/6663/6663

f 6595/6595/6595 6671/6671/6671 6593/6593/6593

f 6653/6653/6653 6672/6672/6672 6651/6651/6651

f 6601/6601/6601 6673/6673/6673 6599/6599/6599

f 6598/6598/6598 6674/6674/6674 6596/6596/6596

f 6604/6604/6604 6675/6675/6675 6602/6602/6602

f 6589/6589/6589 6676/6676/6676 6587/6587/6587

f 6677/6677/6677 6678/6678/6678 6679/6679/6679

f 6680/6680/6680 6681/6681/6681 6682/6682/6682

f 6683/6683/6683 6684/6684/6684 6685/6685/6685

f 6686/6686/6686 6687/6687/6687 6688/6688/6688

f 6689/6689/6689 6690/6690/6690 6691/6691/6691

f 6691/6691/6691 6692/6692/6692 6689/6689/6689

f 6694/6694/6694 6695/6695/6695 6693/6693/6693

f 6697/6697/6697 6698/6698/6698 6696/6696/6696

f 6699/6699/6699 6700/6700/6700 6701/6701/6701

f 6701/6701/6701 6702/6702/6702 6699/6699/6699

f 6682/6682/6682 6703/6703/6703 6680/6680/6680

f 6704/6704/6704 6705/6705/6705 6706/6706/6706

f 6685/6685/6685 6707/6707/6707 6683/6683/6683

f 6688/6688/6688 6708/6708/6708 6686/6686/6686

f 6709/6709/6709 6710/6710/6710 6711/6711/6711

f 6706/6706/6706 6712/6712/6712 6704/6704/6704

f 6679/6679/6679 6713/6713/6713 6677/6677/6677

f 6714/6714/6714 6715/6715/6715 6716/6716/6716

f 6717/6717/6717 6718/6718/6718 6719/6719/6719

f 6720/6720/6720 6721/6721/6721 6722/6722/6722

f 6723/6723/6723 6724/6724/6724 6725/6725/6725

f 6728/6728/6728 6729/6729/6729 6730/6730/6730

f 6730/6730/6730 6731/6731/6731 6728/6728/6728

f 6732/6732/6732 6733/6733/6733 6734/6734/6734

f 6734/6734/6734 6735/6735/6735 6732/6732/6732

f 6736/6736/6736 6737/6737/6737 6738/6738/6738

f 6739/6739/6739 6740/6740/6740 6741/6741/6741

f 6742/6742/6742 6743/6743/6743 6744/6744/6744

f 6745/6745/6745 6746/6746/6746 6747/6747/6747

f 6748/6748/6748 6749/6749/6749 6750/6750/6750

f 6751/6751/6751 6752/6752/6752 6753/6753/6753

f 6754/6754/6754 6755/6755/6755 6756/6756/6756

f 6757/6757/6757 6758/6758/6758 6759/6759/6759

f 6760/6760/6760 6761/6761/6761 6762/6762/6762

f 6764/6764/6764 6765/6765/6765 6763/6763/6763

f 6766/6766/6766 6767/6767/6767 6768/6768/6768

f 6762/6762/6762 6769/6769/6769 6760/6760/6760

f 6750/6750/6750 6770/6770/6770 6748/6748/6748

f 6727/6727/6727 6771/6771/6771 6726/6726/6726

f 6722/6722/6722 6772/6772/6772 6720/6720/6720

f 6725/6725/6725 6773/6773/6773 6723/6723/6723

f 6716/6716/6716 6774/6774/6774 6714/6714/6714

f 6775/6775/6775 6776/6776/6776 6777/6777/6777

f 6778/6778/6778 6779/6779/6779 6780/6780/6780

f 6753/6753/6753 6781/6781/6781 6751/6751/6751

f 6756/6756/6756 6782/6782/6782 6754/6754/6754

f 6783/6783/6783 6784/6784/6784 6785/6785/6785

f 6786/6786/6786 6787/6787/6787 6788/6788/6788

f 6789/6789/6789 6790/6790/6790 6791/6791/6791

f 6790/6790/6790 6792/6792/6792 6791/6791/6791

f 6741/6741/6741 6793/6793/6793 6739/6739/6739

f 6738/6738/6738 6794/6794/6794 6736/6736/6736

f 6744/6744/6744 6795/6795/6795 6742/6742/6742

f 6747/6747/6747 6796/6796/6796 6745/6745/6745

f 6797/6797/6797 6798/6798/6798 6799/6799/6799

f 6800/6800/6800 6801/6801/6801 6802/6802/6802

f 6803/6803/6803 6804/6804/6804 6805/6805/6805

f 6806/6806/6806 6807/6807/6807 6808/6808/6808

f 6809/6809/6809 6810/6810/6810 6811/6811/6811

f 6812/6812/6812 6813/6813/6813 6814/6814/6814

f 6815/6815/6815 6816/6816/6816 6817/6817/6817

f 6818/6818/6818 6819/6819/6819 6820/6820/6820

f 6823/6823/6823 6824/6824/6824 6825/6825/6825

f 6826/6826/6826 6827/6827/6827 6828/6828/6828

f 6822/6822/6822 6829/6829/6829 6821/6821/6821

f 6830/6830/6830 6831/6831/6831 6832/6832/6832

f 6832/6832/6832 6833/6833/6833 6830/6830/6830

f 6834/6834/6834 6835/6835/6835 6836/6836/6836

f 6836/6836/6836 6837/6837/6837 6834/6834/6834

f 6839/6839/6839 6840/6840/6840 6838/6838/6838

f 6843/6843/6843 6844/6844/6844 6845/6845/6845

f 6846/6846/6846 6847/6847/6847 6848/6848/6848

f 6849/6849/6849 6850/6850/6850 6851/6851/6851

f 6842/6842/6842 6852/6852/6852 6841/6841/6841

f 6853/6853/6853 6854/6854/6854 6855/6855/6855

f 6856/6856/6856 6857/6857/6857 6858/6858/6858

f 6859/6859/6859 6860/6860/6860 6861/6861/6861

f 6862/6862/6862 6863/6863/6863 6864/6864/6864

f 6865/6865/6865 6866/6866/6866 6867/6867/6867

f 6870/6870/6870 6871/6871/6871 6872/6872/6872

f 6869/6869/6869 6873/6873/6873 6868/6868/6868

f 6874/6874/6874 6875/6875/6875 6876/6876/6876

f 6877/6877/6877 6878/6878/6878 6879/6879/6879

f 6805/6805/6805 6880/6880/6880 6803/6803/6803

f 6802/6802/6802 6881/6881/6881 6800/6800/6800

f 6882/6882/6882 6883/6883/6883 6884/6884/6884

f 6887/6887/6887 6888/6888/6888 6889/6889/6889

f 6808/6808/6808 6890/6890/6890 6806/6806/6806

f 6891/6891/6891 6892/6892/6892 6893/6893/6893

f 6894/6894/6894 6895/6895/6895 6896/6896/6896

f 6811/6811/6811 6897/6897/6897 6809/6809/6809

f 6898/6898/6898 6814/6814/6814 6813/6813/6813

f 6820/6820/6820 6899/6899/6899 6818/6818/6818

f 6817/6817/6817 6900/6900/6900 6815/6815/6815

f 6901/6901/6901 6902/6902/6902 6903/6903/6903

f 6879/6879/6879 6904/6904/6904 6877/6877/6877

f 6884/6884/6884 6905/6905/6905 6882/6882/6882

f 6799/6799/6799 6906/6906/6906 6797/6797/6797

f 6876/6876/6876 6907/6907/6907 6874/6874/6874

f 6886/6886/6886 6908/6908/6908 6885/6885/6885

f 6909/6909/6909 6910/6910/6910 6911/6911/6911

f 6851/6851/6851 6912/6912/6912 6849/6849/6849

f 6845/6845/6845 6913/6913/6913 6843/6843/6843

f 6915/6915/6915 6918/6918/6918 6914/6914/6914

f 6917/6917/6917 6919/6919/6919 6916/6916/6916

f 6889/6889/6889 6920/6920/6920 6887/6887/6887

f 6848/6848/6848 6921/6921/6921 6846/6846/6846

f 6864/6864/6864 6922/6922/6922 6862/6862/6862

f 6922/6922/6922 6923/6923/6923 6862/6862/6862

f 6855/6855/6855 6924/6924/6924 6853/6853/6853

f 6867/6867/6867 6925/6925/6925 6865/6865/6865

f 6857/6857/6857 6856/6856/6856 6926/6926/6926

f 6861/6861/6861 6927/6927/6927 6859/6859/6859

f 6928/6928/6928 6929/6929/6929 6930/6930/6930

f 6931/6931/6931 6932/6932/6932 6933/6933/6933

f 6938/6938/6938 6939/6939/6939 6940/6940/6940

f 6941/6941/6941 6942/6942/6942 6943/6943/6943

f 6944/6944/6944 6945/6945/6945 6946/6946/6946

f 6935/6935/6935 6947/6947/6947 6934/6934/6934

f 6937/6937/6937 6948/6948/6948 6936/6936/6936

f 6950/6950/6950 6951/6951/6951 6949/6949/6949

f 6952/6952/6952 6953/6953/6953 6954/6954/6954

f 6958/6958/6958 6959/6959/6959 6957/6957/6957

f 6956/6956/6956 6960/6960/6960 6955/6955/6955

f 6962/6962/6962 6965/6965/6965 6961/6961/6961

f 6964/6964/6964 6966/6966/6966 6963/6963/6963

f 6967/6967/6967 6968/6968/6968 6969/6969/6969

f 6970/6970/6970 6971/6971/6971 6989/6989/6989

f 6972/6972/6972 6973/6973/6973 6974/6974/6974

f 6974/6974/6974 6975/6975/6975 6972/6972/6972

f 6974/6974/6974 6976/6976/6976 6977/6977/6977

f 6977/6977/6977 6978/6978/6978 6974/6974/6974

f 6979/6979/6979 6980/6980/6980 6981/6981/6981

f 6954/6954/6954 6982/6982/6982 6952/6952/6952

f 6940/6940/6940 6983/6983/6983 6938/6938/6938

f 6984/6984/6984 6985/6985/6985 6986/6986/6986

f 6943/6943/6943 6987/6987/6987 6941/6941/6941

f 6946/6946/6946 6988/6988/6988 6944/6944/6944

f 6994/6994/6994 6995/6995/6995 6996/6996/6996

f 6997/6997/6997 6998/6998/6998 6999/6999/6999

f 6991/6991/6991 7000/7000/7000 6990/6990/6990

f 6993/6993/6993 7001/7001/7001 6992/6992/6992

f 6986/6986/6986 7002/7002/7002 6984/6984/6984

f 7004/7004/7004 7006/7006/7006 7003/7003/7003

f 7003/7003/7003 7006/7006/7006 7005/7005/7005

f 7007/7007/7007 7008/7008/7008 7009/7009/7009

f 7010/7010/7010 7011/7011/7011 7012/7012/7012

f 7013/7013/7013 7014/7014/7014 7015/7015/7015

f 7016/7016/7016 7017/7017/7017 7018/7018/7018

f 7020/7020/7020 7023/7023/7023 7019/7019/7019

f 7022/7022/7022 7024/7024/7024 7021/7021/7021

f 7012/7012/7012 7025/7025/7025 7010/7010/7010

f 7018/7018/7018 7026/7026/7026 7016/7016/7016

f 7015/7015/7015 7027/7027/7027 7013/7013/7013

f 7009/7009/7009 7028/7028/7028 7007/7007/7007

f 7029/7029/7029 7030/7030/7030 7031/7031/7031

f 7031/7031/7031 7032/7032/7032 7029/7029/7029

f 7034/7034/7034 7035/7035/7035 7033/7033/7033

f 7037/7037/7037 7040/7040/7040 7036/7036/7036

f 7039/7039/7039 7041/7041/7041 7038/7038/7038

f 7042/7042/7042 7043/7043/7043 7044/7044/7044

f 7045/7045/7045 7046/7046/7046 7047/7047/7047

f 6711/6711/6711 7048/7048/7048 6709/6709/6709

f 7049/7049/7049 7050/7050/7050 7051/7051/7051

f 7052/7052/7052 7053/7053/7053 7054/7054/7054

f 7066/7066/7066 7055/7055/7055 7056/7056/7056

f 7065/7065/7065 7057/7057/7057 7058/7058/7058

f 7062/7062/7062 7063/7063/7063 7061/7061/7061

f 7060/7060/7060 7064/7064/7064 7059/7059/7059

f 7070/7070/7070 7071/7071/7071 7069/7069/7069

f 7068/7068/7068 7072/7072/7072 7067/7067/7067

f 7076/7076/7076 7077/7077/7077 7075/7075/7075

f 7074/7074/7074 7078/7078/7078 7073/7073/7073

f 7080/7080/7080 7083/7083/7083 7079/7079/7079

f 7084/7084/7084 7082/7082/7082 7081/7081/7081

f 7085/7085/7085 7086/7086/7086 6689/6689/6689

f 6689/6689/6689 7087/7087/7087 7085/7085/7085

f 7088/7088/7088 7054/7054/7054 7053/7053/7053

f 7051/7051/7051 7089/7089/7089 7049/7049/7049

f 7091/7091/7091 7094/7094/7094 7090/7090/7090

f 7093/7093/7093 7095/7095/7095 7092/7092/7092

f 7096/7096/7096 7097/7097/7097 7098/7098/7098

f 7099/7099/7099 7100/7100/7100 7101/7101/7101

f 7102/7102/7102 7103/7103/7103 7104/7104/7104

f 7105/7105/7105 7106/7106/7106 7107/7107/7107

f 7110/7110/7110 7111/7111/7111 7112/7112/7112

f 7113/7113/7113 7114/7114/7114 7115/7115/7115

f 7115/7115/7115 7116/7116/7116 7113/7113/7113

f 7118/7118/7118 7119/7119/7119 7117/7117/7117

f 7121/7121/7121 7119/7119/7119 7120/7120/7120

f 7122/7122/7122 7123/7123/7123 7124/7124/7124

f 7123/7123/7123 7122/7122/7122 7125/7125/7125

f 7126/7126/7126 7127/7127/7127 7128/7128/7128

f 7124/7124/7124 7129/7129/7129 7122/7122/7122

f 7134/7134/7134 7135/7135/7135 7136/7136/7136

f 7136/7136/7136 7137/7137/7137 7134/7134/7134

f 7133/7133/7133 7138/7138/7138 7132/7132/7132

f 7131/7131/7131 7139/7139/7139 7130/7130/7130

f 7141/7141/7141 7142/7142/7142 7143/7143/7143

f 7144/7144/7144 7140/7140/7140 7145/7145/7145

f 7145/7145/7145 7146/7146/7146 7144/7144/7144

f 7147/7147/7147 7148/7148/7148 7149/7149/7149

f 7150/7150/7150 7151/7151/7151 7152/7152/7152

f 7153/7153/7153 7154/7154/7154 7155/7155/7155

f 7156/7156/7156 7157/7157/7157 7158/7158/7158

f 7159/7159/7159 7160/7160/7160 7161/7161/7161

f 7162/7162/7162 7163/7163/7163 7164/7164/7164

f 7165/7165/7165 7166/7166/7166 7167/7167/7167

f 7161/7161/7161 7168/7168/7168 7159/7159/7159

f 7164/7164/7164 7169/7169/7169 7162/7162/7162

f 7170/7170/7170 7171/7171/7171 7172/7172/7172

f 7172/7172/7172 7173/7173/7173 7170/7170/7170

f 7174/7174/7174 7175/7175/7175 7176/7176/7176

f 7176/7176/7176 7177/7177/7177 7174/7174/7174

f 7178/7178/7178 7179/7179/7179 7180/7180/7180

f 7181/7181/7181 7182/7182/7182 7183/7183/7183

f 7184/7184/7184 7185/7185/7185 7186/7186/7186

f 7187/7187/7187 7188/7188/7188 7189/7189/7189

f 7190/7190/7190 7191/7191/7191 7192/7192/7192

f 7193/7193/7193 7194/7194/7194 7195/7195/7195

f 7196/7196/7196 7197/7197/7197 7198/7198/7198

f 7189/7189/7189 7199/7199/7199 7187/7187/7187

f 7192/7192/7192 7200/7200/7200 7190/7190/7190

f 7195/7195/7195 7201/7201/7201 7193/7193/7193

f 7198/7198/7198 7202/7202/7202 7196/7196/7196

f 7203/7203/7203 7204/7204/7204 7205/7205/7205

f 7206/7206/7206 7207/7207/7207 7208/7208/7208

f 7210/7210/7210 7211/7211/7211 7209/7209/7209

f 7167/7167/7167 7212/7212/7212 7165/7165/7165

f 7213/7213/7213 7214/7214/7214 7215/7215/7215

f 7216/7216/7216 7217/7217/7217 7218/7218/7218

f 7219/7219/7219 7220/7220/7220 7221/7221/7221

f 7208/7208/7208 7222/7222/7222 7206/7206/7206

f 7223/7223/7223 7224/7224/7224 7225/7225/7225

f 7226/7226/7226 7227/7227/7227 7228/7228/7228

f 7229/7229/7229 7230/7230/7230 7231/7231/7231

f 7232/7232/7232 7233/7233/7233 7234/7234/7234

f 7235/7235/7235 7236/7236/7236 7237/7237/7237

f 7149/7149/7149 7238/7238/7238 7147/7147/7147

f 7239/7239/7239 7152/7152/7152 7151/7151/7151

f 7155/7155/7155 7240/7240/7240 7153/7153/7153

f 7205/7205/7205 7241/7241/7241 7203/7203/7203

f 7158/7158/7158 7242/7242/7242 7156/7156/7156

f 7109/7109/7109 7243/7243/7243 7108/7108/7108

f 7112/7112/7112 7244/7244/7244 7110/7110/7110

f 7107/7107/7107 7245/7245/7245 7105/7105/7105

f 7225/7225/7225 7246/7246/7246 7223/7223/7223

f 7231/7231/7231 7247/7247/7247 7229/7229/7229

f 7234/7234/7234 7248/7248/7248 7232/7232/7232

f 7251/7251/7251 7249/7249/7249 7250/7250/7250

f 7104/7104/7104 7252/7252/7252 7102/7102/7102

f 7186/7186/7186 7255/7255/7255 7184/7184/7184

f 7180/7180/7180 7256/7256/7256 7178/7178/7178

f 7183/7183/7183 7257/7257/7257 7181/7181/7181

f 7237/7237/7237 7258/7258/7258 7235/7235/7235

f 7254/7254/7254 7261/7261/7261 7253/7253/7253

f 7260/7260/7260 7262/7262/7262 7259/7259/7259

