# UnrealEd OBJ exporter

v 12.241657 4.422176 -15.945202
v -0.316098 4.005709 -16.133936
v -0.414065 4.846820 -16.293741
v 7.071360 63.636200 9.517813
v 7.070474 65.555656 9.921983
v 7.071340 65.081497 6.837583
v 7.084800 65.081497 6.837583
v 7.070474 65.555656 9.921983
v 7.084800 63.636898 9.517803
v 7.071360 63.636200 9.517813
v 7.084800 63.636898 9.517803
v 7.070474 65.555656 9.921983
v 7.084800 65.081497 6.837583
v 7.071340 65.081497 6.837583
v 7.070474 65.555656 9.921983
v 7.071340 65.081497 6.837583
v 7.084800 65.081497 6.837583
v 7.084800 63.526600 6.497093
v 7.071340 65.081497 6.837583
v 7.071360 63.525700 6.497093
v 7.071360 63.636200 9.517813
v 7.084800 63.636898 9.517803
v 7.084800 63.526600 6.497093
v 7.084800 65.081497 6.837583
v 7.084800 63.526600 6.497093
v 7.071360 63.525700 6.497093
v 7.071340 65.081497 6.837583
v 6.831260 54.432167 -10.993011
v 6.991633 54.614407 -10.426273
v -6.980522 62.534946 -10.761192
v 7.142512 54.892994 -11.045056
v 7.131020 54.899101 -10.946297
v 6.831260 54.432167 -10.993011
v 7.351912 63.010292 9.228955
v 7.080001 62.572536 9.591418
v 7.314354 62.509964 9.516562
v -7.005850 54.794701 -11.234097
v -7.234566 55.295544 -11.160888
v 6.956354 62.994366 -11.417539
v 6.956354 62.994366 -11.417539
v -7.234566 55.295544 -11.160888
v -7.140875 55.067341 -11.750614
v 6.956354 62.994366 -11.417539
v -7.140875 55.067341 -11.750614
v -7.234566 55.295544 -11.160888
v 7.309586 62.476570 -11.133415
v -7.004086 54.795261 -11.135328
v -7.005850 54.794701 -11.234097
v -7.234566 55.295544 -11.160888
v -7.004086 54.795261 -11.135328
v 6.910008 62.975704 -11.130900
v -6.980522 62.534946 -10.761192
v -7.095157 62.584343 -11.043124
v 6.831260 54.432167 -10.993011
v 7.142512 54.892994 -11.045056
v -7.095157 62.584343 -11.043124
v -6.779262 63.143818 -11.058196
v 7.131020 54.899101 -10.946297
v -6.779262 63.143818 -11.058196
v -6.980522 62.534946 -10.761192
v -7.095157 62.584343 -11.043124
v 7.142512 54.892994 -11.045056
v 6.831260 54.432167 -10.993011
v -6.980522 62.534946 -10.761192
v 6.831260 54.432167 -10.993011
v 7.131020 54.899101 -10.946297
v 6.991633 54.614407 -10.426273
v 6.831260 54.432167 -10.993011
v -6.980522 62.534946 -10.761192
v -7.095157 62.584343 -11.043124
v -6.980522 62.534946 -10.761192
v -6.779262 63.143818 -11.058196
v 7.131020 54.899101 -10.946297
v 7.142512 54.892994 -11.045056
v -6.779262 63.143818 -11.058196
v 6.956354 62.994366 -11.417539
v 7.309586 62.476570 -11.133415
v -7.005850 54.794701 -11.234097
v 7.309586 62.476570 -11.133415
v 6.910008 62.975704 -11.130900
v -7.004086 54.795261 -11.135328
v -7.234566 55.295544 -11.160888
v 6.910008 62.975704 -11.130900
v 6.956354 62.994366 -11.417539
v 7.309586 62.476570 -11.133415
v 6.956354 62.994366 -11.417539
v 6.910008 62.975704 -11.130900
v 7.084800 63.636898 9.517803
v 7.071360 63.636200 9.517813
v 7.292550 61.584301 9.401612
v 7.084800 63.526600 6.497093
v 7.084800 63.636898 9.517803
v 7.305930 61.585701 9.401592
v 7.292550 61.584301 9.401612
v 7.071360 63.636200 9.517813
v 7.071360 63.525700 6.497093
v 7.351912 63.010292 9.228955
v 7.314354 62.509964 9.516562
v 7.465535 54.370045 -10.291622
v 7.080001 62.572536 9.591418
v 7.351912 63.010292 9.228955
v 7.203336 55.011219 -10.451787
v 7.465535 54.370045 -10.291622
v 7.314354 62.509964 9.516562
v 7.080001 62.572536 9.591418
v 7.929356 62.970154 -10.243015
v 7.895868 55.099457 9.541643
v 7.600031 54.813671 9.662787
v 7.335799 63.045372 -9.869480
v 7.600031 54.813671 9.662787
v 7.895868 55.099457 9.541643
v 7.333215 54.501198 9.415388
v 7.600031 54.813671 9.662787
v 7.335799 63.045372 -9.869480
v 7.600031 54.813671 9.662787
v 7.333215 54.501198 9.415388
v 7.572522 62.532803 -10.329809
v 7.600031 54.813671 9.662787
v 7.335799 63.045372 -9.869480
v 7.929356 62.970154 -10.243015
v 7.895868 55.099457 9.541643
v 7.929356 62.970154 -10.243015
v 7.335799 63.045372 -9.869480
v 7.572522 62.532803 -10.329809
v 7.335799 63.045372 -9.869480
v 7.600031 54.813671 9.662787
v 7.335799 63.045372 -9.869480
v 7.572522 62.532803 -10.329809
v 7.333215 54.501198 9.415388
v 7.080001 62.572536 9.591418
v 7.465535 54.370045 -10.291622
v 6.859883 54.648003 -10.071094
v 7.465535 54.370045 -10.291622
v 7.203336 55.011219 -10.451787
v 7.351912 63.010292 9.228955
v 7.203336 55.011219 -10.451787
v 7.465535 54.370045 -10.291622
v 7.080001 62.572536 9.591418
v 7.292550 61.584301 9.401612
v 7.305930 61.585701 9.401592
v 7.084800 63.636898 9.517803
v 7.305930 61.585701 9.401592
v 7.292550 61.584301 9.401612
v 7.292550 61.584301 6.626923
v 7.071360 63.525700 6.497093
v 7.084800 63.526600 6.497093
v 7.305930 61.585701 6.626913
v 7.071360 63.525700 6.497093
v 7.292550 61.584301 6.626923
v 7.292550 61.584301 9.401612
v 7.305930 61.585701 9.401592
v 7.305930 61.585701 6.626913
v 7.084800 63.526600 6.497093
v 7.305930 61.585701 6.626913
v 7.292550 61.584301 6.626923
v 7.071360 63.525700 6.497093
v 7.292550 61.584301 6.626923
v 7.305930 61.585701 6.626913
v 7.305930 61.585701 9.401592
v 7.080001 62.572536 9.591418
v 6.859883 54.648003 -10.071094
v 7.465535 54.370045 -10.291622
v 6.788090 53.947403 -0.416768
v 6.788090 53.947403 6.482642
v 6.788090 54.655201 6.482642
v 7.376548 54.672436 6.394885
v 7.372981 54.287697 -0.565915
v 6.788090 54.655201 -0.416765
v 6.788090 54.655201 6.482642
v 6.788090 54.655201 -0.416765
v 6.788090 53.947403 -0.416768
v 6.788090 54.655201 -0.387395
v 6.788090 53.947403 -0.387397
v 7.377466 54.298950 -0.226441
v 7.372981 54.287697 -0.565915
v 6.788090 53.947403 -0.416768
v 6.788090 54.655201 -0.416765
v 7.301404 53.970314 6.380937
v 6.788090 53.947403 6.482642
v 6.788090 53.947403 -0.416768
v 6.788090 53.947403 -0.416768
v 7.372981 54.287697 -0.565915
v 7.301404 53.970314 6.380937
v 6.788090 54.655201 -0.387395
v 7.377466 54.298950 -0.226441
v 7.375346 54.679836 -7.300364
v 6.788090 53.947403 -0.387397
v 6.788090 54.655201 -0.387395
v 6.788090 54.655201 -7.286798
v 7.315076 53.983433 -7.236485
v 7.375346 54.679836 -7.300364
v 7.377466 54.298950 -0.226441
v 7.375346 54.679836 -7.300364
v 6.788090 54.655201 -7.286798
v 6.788090 54.655201 -0.387395
v 6.788090 54.655201 -7.286798
v 6.788090 53.947403 -7.286798
v 6.788090 53.947403 -0.387397
v 7.315076 53.983433 -7.236485
v 7.377466 54.298950 -0.226441
v 6.788090 53.947403 -0.387397
v 7.540634 54.018028 9.157615
v 7.130925 63.157776 9.142182
v 7.573952 63.196712 10.114671
v 6.788090 53.947403 -0.387397
v 6.788090 53.947403 -7.286798
v 7.315076 53.983433 -7.236485
v 7.422840 54.121704 10.279101
v 7.573952 63.196712 10.114671
v 6.472778 63.215290 10.378132
v -7.003087 62.529121 10.130422
v -6.999452 62.821751 10.102264
v -7.080431 62.529976 9.546343
v 6.976053 63.103046 10.959054
v 6.888421 62.973991 10.229917
v -7.234805 55.185429 10.786269
v 6.966552 62.729393 10.246150
v 6.976053 63.103046 10.959054
v -7.218770 55.116600 10.785003
v 6.788090 54.655201 -0.416765
v 6.788090 54.655201 6.482642
v 7.376548 54.672436 6.394885
v 7.372981 54.287697 -0.565915
v 7.376548 54.672436 6.394885
v 7.301404 53.970314 6.380937
v 7.309950 54.121704 10.166203
v 7.573952 63.196712 10.114671
v 7.130925 63.157776 9.142182
v 6.416689 54.144718 9.982056
v 6.472778 63.215290 10.378132
v 7.573952 63.196712 10.114671
v 6.788090 53.947403 10.517302
v 6.788090 53.947403 6.482642
v 7.301404 53.970314 6.380937
v 7.301404 53.970314 6.380937
v 7.563240 53.947403 10.517302
v 6.788090 53.947403 10.517302
v 6.788090 54.655201 10.517303
v 6.788090 54.655201 6.482642
v 6.788090 53.947403 6.482642
v 7.563240 53.947403 10.517302
v 7.301404 53.970314 6.380937
v 7.376548 54.672436 6.394885
v 7.563240 54.655201 10.517303
v 7.376548 54.672436 6.394885
v 6.788090 54.655201 6.482642
v -7.080431 62.529976 9.546343
v 6.938616 54.641354 9.515117
v 6.913493 54.409069 10.150753
v 6.788090 53.947403 6.482642
v 6.788090 53.947403 10.517302
v 6.788090 54.655201 10.517303
v 7.376548 54.672436 6.394885
v 7.563240 54.655201 10.517303
v 7.563240 53.947403 10.517302
v 6.788090 54.655201 6.482642
v 6.788090 54.655201 10.517303
v 7.563240 54.655201 10.517303
v -7.611235 63.141754 10.096301
v -6.528889 63.091675 10.384932
v -6.468225 54.000259 9.976947
v -6.528889 63.091675 10.384932
v -7.611235 63.141754 10.096301
v -7.465500 54.121704 10.279101
v -7.183800 63.271194 9.134522
v -7.611235 63.141754 10.096301
v -7.352610 54.121704 10.166203
v -7.465500 54.121704 10.279101
v -6.468225 54.000259 9.976947
v -6.528889 63.091675 10.384932
v -6.468225 54.000259 9.976947
v -7.352610 54.121704 10.166203
v -7.611235 63.141754 10.096301
v -7.579140 54.127071 9.139573
v -7.465500 54.121704 10.279101
v -7.611235 63.141754 10.096301
v 6.788090 54.655201 10.517303
v 6.788090 53.947403 10.517302
v 7.563240 53.947403 10.517302
v 7.563240 53.947403 10.517302
v 7.563240 54.655201 10.517303
v 6.788090 54.655201 10.517303
v -7.233739 55.172520 10.095882
v -7.218770 55.116600 10.785003
v -7.234805 55.185429 10.786269
v 6.788090 54.655201 -7.286798
v 7.375346 54.679836 -7.300364
v 7.563240 54.655201 -11.321497
v 7.375346 54.679836 -7.300364
v 7.315076 53.983433 -7.236485
v 7.563240 53.947403 -11.321498
v 6.788090 53.947403 -7.286798
v 6.788090 54.655201 -7.286798
v 6.788090 54.655201 -11.321497
v 7.563240 54.655201 -11.321497
v 6.788090 54.655201 -11.321497
v 6.788090 54.655201 -7.286798
v 6.472778 63.215290 10.378132
v 6.416689 54.144718 9.982056
v 7.422840 54.121704 10.279101
v 7.130925 63.157776 9.142182
v 7.540634 54.018028 9.157615
v 7.309950 54.121704 10.166203
v 7.573952 63.196712 10.114671
v 7.309950 54.121704 10.166203
v 6.416689 54.144718 9.982056
v 7.573952 63.196712 10.114671
v 7.422840 54.121704 10.279101
v 7.540634 54.018028 9.157615
v 6.966552 62.729393 10.246150
v -6.993807 54.702423 10.388696
v -7.233739 55.172520 10.095882
v 6.976053 63.103046 10.959054
v 6.966552 62.729393 10.246150
v 6.888421 62.973991 10.229917
v -7.233739 55.172520 10.095882
v -7.234805 55.185429 10.786269
v 6.888421 62.973991 10.229917
v 6.966552 62.729393 10.246150
v -7.233739 55.172520 10.095882
v -6.993807 54.702423 10.388696
v -7.218770 55.116600 10.785003
v -7.233739 55.172520 10.095882
v 6.966552 62.729393 10.246150
v 7.563240 53.947403 -11.321498
v 7.563240 54.655201 -11.321497
v 7.375346 54.679836 -7.300364
v 6.788090 54.655201 -11.321497
v 6.788090 53.947403 -11.321498
v 6.788090 53.947403 -7.286798
v 6.976053 63.103046 10.959054
v -7.234805 55.185429 10.786269
v -7.218770 55.116600 10.785003
v 6.913493 54.409069 10.150753
v -7.003087 62.529121 10.130422
v -7.080431 62.529976 9.546343
v -6.999452 62.821751 10.102264
v -7.003087 62.529121 10.130422
v 6.913493 54.409069 10.150753
v 6.938616 54.641354 9.515117
v -7.080431 62.529976 9.546343
v -6.999452 62.821751 10.102264
v 6.788090 54.655201 -11.321497
v 7.563240 54.655201 -11.321497
v 7.563240 53.947403 -11.321498
v 7.563240 53.947403 -11.321498
v 6.788090 53.947403 -11.321498
v 6.788090 54.655201 -11.321497
v 7.315076 53.983433 -7.236485
v 6.788090 53.947403 -7.286798
v 6.788090 53.947403 -11.321498
v 6.788090 53.947403 -11.321498
v 7.563240 53.947403 -11.321498
v 7.315076 53.983433 -7.236485
v -6.999452 62.821751 10.102264
v 6.913493 54.409069 10.150753
v 6.938616 54.641354 9.515117
v 7.217759 54.918224 9.935745
v 6.913493 54.409069 10.150753
v -6.999452 62.821751 10.102264
v 6.913493 54.409069 10.150753
v 7.217759 54.918224 9.935745
v -6.999452 62.821751 10.102264
v -7.233739 55.172520 10.095882
v 6.888421 62.973991 10.229917
v 6.966552 62.729393 10.246150
v 6.788090 73.080498 -7.286797
v 7.376559 73.104332 -7.311628
v 7.563240 73.080498 -11.321497
v 7.376559 73.104332 -7.311628
v 7.315634 72.409454 -7.236965
v 7.563240 72.372803 -11.321497
v 6.788090 72.372803 -7.286797
v 6.788090 73.080498 -7.286797
v 6.788090 73.080498 -11.321497
v 6.788090 72.372803 10.517303
v 6.788090 72.372803 6.482643
v 7.300450 72.394798 6.382428
v 7.071340 65.081497 -7.713347
v 7.070395 65.556564 -10.795984
v 7.071360 63.636200 -10.393598
v 7.084800 63.636898 -10.393598
v 7.070395 65.556564 -10.795984
v 7.084800 65.081497 -7.713347
v 7.563240 73.080498 -11.321497
v 6.788090 73.080498 -11.321497
v 6.788090 73.080498 -7.286797
v 7.563240 72.372803 -11.321497
v 7.563240 73.080498 -11.321497
v 7.376559 73.104332 -7.311628
v 6.788090 73.080498 -11.321497
v 6.788090 72.372803 -11.321497
v 6.788090 72.372803 -7.286797
v 7.578129 72.286674 -10.909863
v 7.131440 72.375496 -9.946349
v 7.539736 63.227211 -9.957814
v 7.084800 63.636898 -10.393598
v 7.071360 63.636200 -10.393598
v 7.070395 65.556564 -10.795984
v 6.788090 73.080498 -11.321497
v 7.563240 73.080498 -11.321497
v 7.563240 72.372803 -11.321497
v 7.371925 72.713875 -0.577646
v 7.374504 73.101952 6.424827
v 7.300450 72.394798 6.382428
v 6.788090 73.080498 -0.416767
v 6.788090 73.080498 6.482643
v 7.374504 73.101952 6.424827
v 6.788090 72.372803 -0.416768
v 6.788090 72.372803 6.482643
v 6.788090 73.080498 6.482643
v 7.374504 73.101952 6.424827
v 7.371925 72.713875 -0.577646
v 6.788090 73.080498 -0.416767
v 6.788090 73.080498 6.482643
v 6.788090 73.080498 -0.416767
v 6.788090 72.372803 -0.416768
v 6.788090 73.080498 -0.387395
v 6.788090 72.372803 -0.387397
v 7.378501 72.724686 -0.237984
v 7.371925 72.713875 -0.577646
v 6.788090 72.372803 -0.416768
v 6.788090 73.080498 -0.416767
v 7.300450 72.394798 6.382428
v 6.788090 72.372803 6.482643
v 6.788090 72.372803 -0.416768
v 6.788090 72.372803 -0.416768
v 7.371925 72.713875 -0.577646
v 7.300450 72.394798 6.382428
v 6.788090 73.080498 -0.387395
v 7.378501 72.724686 -0.237984
v 7.376559 73.104332 -7.311628
v 6.788090 72.372803 -0.387397
v 6.788090 73.080498 -0.387395
v 6.788090 73.080498 -7.286797
v 7.315634 72.409454 -7.236965
v 7.376559 73.104332 -7.311628
v 7.378501 72.724686 -0.237984
v 7.376559 73.104332 -7.311628
v 6.788090 73.080498 -7.286797
v 6.788090 73.080498 -0.387395
v 6.788090 73.080498 -7.286797
v 6.788090 72.372803 -7.286797
v 6.788090 72.372803 -0.387397
v 7.563240 72.372803 -11.321497
v 6.788090 72.372803 -11.321497
v 6.788090 73.080498 -11.321497
v 6.788090 72.372803 -11.321497
v 7.563240 72.372803 -11.321497
v 7.315634 72.409454 -7.236965
v 7.315634 72.409454 -7.236965
v 6.788090 72.372803 -7.286797
v 6.788090 72.372803 -11.321497
v 7.084800 63.526600 -7.372848
v 7.071360 63.525700 -7.372857
v 7.292550 61.584301 -7.502687
v 7.292550 61.584301 -7.502687
v 7.305930 61.585701 -7.502667
v 7.084800 63.526600 -7.372848
v 7.292550 61.584301 -10.277397
v 7.292550 61.584301 -7.502687
v 7.071360 63.525700 -7.372857
v 7.315634 72.409454 -7.236965
v 7.378501 72.724686 -0.237984
v 6.788090 72.372803 -0.387397
v 7.595034 63.991920 9.753249
v 7.328105 72.210510 -9.793529
v 7.930372 72.151550 -10.192619
v 7.895374 64.285027 9.584768
v 7.930372 72.151550 -10.192619
v 7.328105 72.210510 -9.793529
v 6.788090 72.372803 -0.387397
v 6.788090 72.372803 -7.286797
v 7.315634 72.409454 -7.236965
v 7.300450 72.394798 6.382428
v 7.563240 72.372803 10.517303
v 6.788090 72.372803 10.517303
v 6.788090 73.080498 10.517303
v 6.788090 73.080498 6.482643
v 6.788090 72.372803 6.482643
v 7.563240 72.372803 10.517303
v 7.300450 72.394798 6.382428
v 7.374504 73.101952 6.424827
v 6.788090 72.372803 6.482643
v 6.788090 72.372803 10.517303
v 6.788090 73.080498 10.517303
v 6.788090 73.080498 10.517303
v 6.788090 72.372803 10.517303
v 7.563240 72.372803 10.517303
v 7.084800 65.081497 -7.713347
v 7.084800 63.526600 -7.372848
v 7.084800 63.636898 -10.393598
v 7.071360 63.636200 -10.393598
v 7.071360 63.525700 -7.372857
v 7.071340 65.081497 -7.713347
v 7.071360 63.525700 -7.372857
v 7.084800 63.526600 -7.372848
v 7.084800 65.081497 -7.713347
v 7.084800 65.081497 -7.713347
v 7.071340 65.081497 -7.713347
v 7.071360 63.525700 -7.372857
v 7.309950 63.324898 -10.970397
v 7.539736 63.227211 -9.957814
v 7.131440 72.375496 -9.946349
v 7.071340 65.081497 -7.713347
v 7.084800 65.081497 -7.713347
v 7.070395 65.556564 -10.795984
v 7.572207 63.141563 -10.907842
v 7.132235 63.164314 -9.947172
v 7.539916 54.023952 -9.958602
v 7.132235 63.164314 -9.947172
v 7.572207 63.141563 -10.907842
v 7.309950 54.121704 -10.970398
v 7.422840 54.121704 -11.083198
v 6.416207 54.124237 -10.785957
v 6.472060 63.230553 -11.181575
v 6.416207 54.124237 -10.785957
v 7.309950 54.121704 -10.970398
v 7.572207 63.141563 -10.907842
v 7.539916 54.023952 -9.958602
v 7.422840 54.121704 -11.083198
v 7.572207 63.141563 -10.907842
v 6.472060 63.230553 -11.181575
v 7.572207 63.141563 -10.907842
v 7.422840 54.121704 -11.083198
v 7.572207 63.141563 -10.907842
v 6.472060 63.230553 -11.181575
v 6.416207 54.124237 -10.785957
v 7.309950 54.121704 -10.970398
v 7.539916 54.023952 -9.958602
v 7.132235 63.164314 -9.947172
v 7.084800 63.526600 -7.372848
v 7.305930 61.585701 -7.502667
v 7.305930 61.585701 -10.277397
v 7.115000 69.198898 2.741113
v 7.101690 69.198898 2.741113
v 7.101690 66.509804 2.741113
v 7.101690 66.509804 2.741113
v 7.115000 66.509804 2.741113
v 7.115000 69.198898 2.741113
v 7.930372 72.151550 -10.192619
v 7.895374 64.285027 9.584768
v 7.595034 63.991920 9.753249
v 7.328105 72.210510 -9.793529
v 7.595034 63.991920 9.753249
v 7.895374 64.285027 9.584768
v 7.332906 63.690197 9.452910
v 7.595034 63.991920 9.753249
v 7.328105 72.210510 -9.793529
v 7.595034 63.991920 9.753249
v 7.332906 63.690197 9.452910
v 7.563054 71.685753 -10.292722
v 7.101690 69.198898 2.741113
v 7.115000 69.198898 2.741113
v 7.115000 69.198898 -3.545357
v 7.101690 66.509804 2.741113
v 7.101690 69.198898 2.741113
v 7.101690 69.198898 -3.545357
v 7.115000 69.198898 -3.545357
v 7.115000 69.198898 2.741113
v 7.115000 66.509804 2.741113
v 7.115000 66.509804 2.741113
v 7.101690 66.509804 2.741113
v 7.101690 66.509804 -3.545357
v 7.305930 61.585701 -10.277397
v 7.084800 63.636898 -10.393598
v 7.084800 63.526600 -7.372848
v 7.071360 63.525700 -7.372857
v 7.071360 63.636200 -10.393598
v 7.292550 61.584301 -10.277397
v 7.292550 61.584301 -10.277397
v 7.305930 61.585701 -10.277397
v 7.305930 61.585701 -7.502667
v 7.305930 61.585701 -7.502667
v 7.292550 61.584301 -7.502687
v 7.292550 61.584301 -10.277397
v 7.305930 61.585701 -10.277397
v 7.292550 61.584301 -10.277397
v 7.071360 63.636200 -10.393598
v 7.071360 63.636200 -10.393598
v 7.084800 63.636898 -10.393598
v 7.305930 61.585701 -10.277397
v 7.115000 66.509804 -3.545357
v 7.101690 66.509804 -3.545357
v 7.101690 69.198898 -3.545357
v 7.115000 69.198898 -3.545357
v 7.101690 69.198898 -3.545357
v 7.101690 69.198898 2.741113
v 7.563054 71.685753 -10.292722
v 7.328105 72.210510 -9.793529
v 7.595034 63.991920 9.753249
v 7.328105 72.210510 -9.793529
v 7.563054 71.685753 -10.292722
v 7.332906 63.690197 9.452910
v 7.101690 69.198898 -3.545357
v 7.115000 69.198898 -3.545357
v 7.115000 66.509804 -3.545357
v 7.101690 69.198898 -3.545357
v 7.101690 66.509804 -3.545357
v 7.101690 66.509804 2.741113
v 7.115000 66.509804 2.741113
v 7.115000 66.509804 -3.545357
v 7.115000 69.198898 -3.545357
v 7.101690 66.509804 -3.545357
v 7.115000 66.509804 -3.545357
v 7.115000 66.509804 2.741113
v -0.022667 63.147423 -30.195971
v -6.830740 63.150604 -11.321497
v -7.605900 63.150604 -11.321497
v 6.788090 63.858299 -0.387401
v 7.379570 63.489510 -0.341755
v 7.382471 63.877357 -7.344974
v 6.788090 63.150604 -0.387401
v 6.788090 63.858299 -0.387401
v 6.788090 63.858299 -7.286807
v 7.303430 63.171059 -7.362242
v 7.382471 63.877357 -7.344974
v 7.379570 63.489510 -0.341755
v 7.382471 63.877357 -7.344974
v 6.788090 63.858299 -7.286807
v 6.788090 63.858299 -0.387401
v 6.788090 63.150604 -7.286807
v 6.788090 63.858299 -7.286807
v 6.788090 63.858299 -11.321497
v 7.382471 63.877357 -7.344974
v 7.303430 63.171059 -7.362242
v 7.563250 63.150604 -11.321497
v 6.788090 63.858299 -7.286807
v 7.382471 63.877357 -7.344974
v 7.563250 63.858299 -11.321497
v 0.098413 63.900345 -31.122498
v 7.329796 71.981323 -10.793510
v 7.320678 71.786194 -10.633984
v 6.788090 63.858299 -7.286807
v 6.788090 63.150604 -7.286807
v 6.788090 63.150604 -0.387401
v 6.786452 72.187454 -10.567340
v 7.329796 71.981323 -10.793510
v 0.098413 63.900345 -31.122498
v 7.320678 71.786194 -10.633984
v 6.786452 72.187454 -10.567340
v -0.639851 63.788307 -30.938597
v 6.788090 63.858299 -11.321497
v 7.563250 63.858299 -11.321497
v 0.513093 63.859859 -30.978420
v 7.563250 63.858299 -11.321497
v 7.563250 63.150604 -11.321497
v 0.332977 63.171078 -31.482344
v 6.788090 63.150604 -11.321497
v 6.788090 63.858299 -11.321497
v -0.023182 63.857578 -30.158998
v -0.639851 63.788307 -30.938597
v 0.098413 63.900345 -31.122498
v 7.320678 71.786194 -10.633984
v 0.098413 63.900345 -31.122498
v -0.639851 63.788307 -30.938597
v 6.786452 72.187454 -10.567340
v 6.788090 63.150604 -11.321497
v 7.563250 63.150604 -11.321497
v 7.303430 63.171059 -7.362242
v 6.788090 63.858299 -0.387401
v 6.788090 63.150604 -0.387401
v 7.379570 63.489510 -0.341755
v 7.320678 71.786194 -10.633984
v -0.286865 63.257160 -31.104668
v 0.098413 63.900345 -31.122498
v 7.320678 71.786194 -10.633984
v 0.098413 63.900345 -31.122498
v -0.286865 63.257160 -31.104668
v -7.343258 63.171963 -7.272321
v -7.605900 63.150604 -11.321497
v -6.830740 63.150604 -11.321497
v -6.830740 63.150604 -11.321497
v -6.830740 63.150604 -7.286807
v -7.343258 63.171963 -7.272321
v 7.563250 63.858299 -11.321497
v 6.788090 63.858299 -11.321497
v 6.788090 63.858299 -7.286807
v 7.563250 63.150604 -11.321497
v 6.788090 63.150604 -11.321497
v -0.022667 63.147423 -30.195971
v 6.786452 72.187454 -10.567340
v 7.320678 71.786194 -10.633984
v 7.329796 71.981323 -10.793510
v -0.818740 63.150604 -30.154299
v -7.605900 63.150604 -11.321497
v -7.605900 63.858299 -11.321497
v 7.563250 63.150604 -11.321497
v 7.563250 63.858299 -11.321497
v 7.382471 63.877357 -7.344974
v 6.788090 63.858299 -11.321497
v 6.788090 63.150604 -11.321497
v 6.788090 63.150604 -7.286807
v -0.023182 63.857578 -30.158998
v -6.830750 63.858299 -11.321497
v -6.830740 63.150604 -11.321497
v -0.818738 63.858299 -30.154299
v -7.605900 63.858299 -11.321497
v -6.830750 63.858299 -11.321497
v 0.218788 63.600105 -31.563520
v -7.273282 71.639137 -11.288774
v -7.379259 71.413910 -10.728718
v -7.273282 71.639137 -11.288774
v -7.732954 71.999985 -11.334839
v -0.404709 63.583763 -31.729904
v -7.732954 71.999985 -11.334839
v -7.273282 71.639137 -11.288774
v 0.218788 63.600105 -31.563520
v 0.513093 63.859859 -30.978420
v -0.023182 63.857578 -30.158998
v 6.788090 63.858299 -11.321497
v 0.332977 63.171078 -31.482344
v 0.513093 63.859859 -30.978420
v 7.563250 63.858299 -11.321497
v -6.830750 63.858299 -11.321497
v -6.830740 63.858299 -7.286807
v -6.830740 63.150604 -7.286807
v -0.023182 63.857578 -30.158998
v -0.022667 63.147423 -30.195971
v 6.788090 63.150604 -11.321497
v -7.605900 63.858299 -11.321497
v -7.424195 63.877068 -7.289787
v -6.830740 63.858299 -7.286807
v -7.605900 63.150604 -11.321497
v -7.343258 63.171963 -7.272321
v -7.424195 63.877068 -7.289787
v -0.404709 63.583763 -31.729904
v 0.218788 63.600105 -31.563520
v -7.273282 71.639137 -11.288774
v 0.218788 63.600105 -31.563520
v -0.404709 63.583763 -31.729904
v -7.732954 71.999985 -11.334839
v 7.303430 63.171059 -7.362242
v 7.379570 63.489510 -0.341755
v 6.788090 63.150604 -0.387401
v 6.788090 63.150604 -0.387401
v 6.788090 63.150604 -7.286807
v 7.303430 63.171059 -7.362242
v -7.273282 71.639137 -11.288774
v 0.218788 63.600105 -31.563520
v -0.170670 63.252430 -31.308403
v -7.379259 71.413910 -10.728718
v -0.170670 63.252430 -31.308403
v 0.218788 63.600105 -31.563520
v -6.830740 63.150604 -7.286807
v -6.830740 63.150604 -11.321497
v -6.830750 63.858299 -11.321497
v -6.830750 63.858299 -11.321497
v -0.023182 63.857578 -30.158998
v -0.818738 63.858299 -30.154299
v -6.830740 63.150604 -11.321497
v -0.022667 63.147423 -30.195971
v -0.023182 63.857578 -30.158998
v -6.830740 63.858299 -7.286807
v -6.830750 63.858299 -11.321497
v -7.605900 63.858299 -11.321497
v -7.605900 63.858299 -11.321497
v -0.818738 63.858299 -30.154299
v -0.818740 63.150604 -30.154299
v -0.022667 63.147423 -30.195971
v 0.332977 63.171078 -31.482344
v 7.563250 63.150604 -11.321497
v -7.605900 63.150604 -11.321497
v -0.818740 63.150604 -30.154299
v -0.022667 63.147423 -30.195971
v -7.424195 63.877068 -7.289787
v -7.605900 63.858299 -11.321497
v -7.605900 63.150604 -11.321497
v 7.303430 63.171059 -7.362242
v 6.788090 63.150604 -7.286807
v 6.788090 63.150604 -11.321497
v -0.500608 63.540051 -32.181854
v 0.332977 63.171078 -31.482344
v -0.022667 63.147423 -30.195971
v -0.022667 63.147423 -30.195971
v -0.023182 63.857578 -30.158998
v -0.500608 63.540051 -32.181854
v -0.818740 63.150604 -30.154299
v -0.500608 63.540051 -32.181854
v -0.022667 63.147423 -30.195971
v -0.500608 63.540051 -32.181854
v -0.818740 63.150604 -30.154299
v -0.818738 63.858299 -30.154299
v -0.500608 63.540051 -32.181854
v -0.818738 63.858299 -30.154299
v -0.023182 63.857578 -30.158998
v 0.332977 63.171078 -31.482344
v -0.500608 63.540051 -32.181854
v 0.513093 63.859859 -30.978420
v 0.332977 63.171078 -31.482344
v -0.022667 63.147423 -30.195971
v -0.500608 63.540051 -32.181854
v 0.513093 63.859859 -30.978420
v -0.500608 63.540051 -32.181854
v -0.023182 63.857578 -30.158998
v -6.969460 63.636200 -10.393598
v -6.982900 63.636898 -10.393598
v -6.968747 65.541679 -10.823592
v -6.982900 65.081497 -7.713347
v -6.968747 65.541679 -10.823592
v -6.982900 63.636898 -10.393598
v -6.969460 63.636200 -10.393598
v -6.968747 65.541679 -10.823592
v -6.969440 65.081497 -7.713347
v -7.622646 72.337318 -10.928780
v -7.465500 63.324898 -11.083297
v -7.583157 63.217548 -9.961168
v -7.622646 72.337318 -10.928780
v -7.352600 63.324898 -10.970397
v -6.471571 63.320518 -10.776543
v -6.537059 72.428055 -11.187843
v -6.471571 63.320518 -10.776543
v -7.465500 63.324898 -11.083297
v -6.776160 71.896072 -11.011707
v 7.004598 63.578762 -11.097458
v 7.221085 64.143417 -10.886662
v 7.422850 63.324898 -11.083297
v 6.424325 63.202873 -10.782130
v 6.483949 72.292450 -11.188381
v 7.004598 63.578762 -11.097458
v 7.097692 63.766403 -10.431003
v -6.947750 71.653069 -10.472143
v -6.982900 63.636898 -10.393598
v -6.982900 63.526600 -7.372848
v -6.982900 65.081497 -7.713347
v -6.969440 65.081497 -7.713347
v -6.969470 63.525700 -7.372857
v -6.969460 63.636200 -10.393598
v -6.982900 63.526600 -7.372848
v -6.969470 63.525700 -7.372857
v -6.969440 65.081497 -7.713347
v -6.969440 65.081497 -7.713347
v -6.982900 65.081497 -7.713347
v -6.982900 63.526600 -7.372848
v -7.171467 72.368370 -9.945048
v -7.583157 63.217548 -9.961168
v -7.352600 63.324898 -10.970397
v -6.982900 65.081497 -7.713347
v -6.969440 65.081497 -7.713347
v -6.968747 65.541679 -10.823592
v -0.170670 63.252430 -31.308403
v -7.379259 71.413910 -10.728718
v -7.273282 71.639137 -11.288774
v 6.424325 63.202873 -10.782130
v 7.309950 63.324898 -10.970397
v 7.578129 72.286674 -10.909863
v -7.465500 63.324898 -11.083297
v -7.622646 72.337318 -10.928780
v -6.537059 72.428055 -11.187843
v -7.352600 63.324898 -10.970397
v -7.622646 72.337318 -10.928780
v -7.171467 72.368370 -9.945048
v 7.539736 63.227211 -9.957814
v 7.422850 63.324898 -11.083297
v 7.578129 72.286674 -10.909863
v -6.471571 63.320518 -10.776543
v -6.537059 72.428055 -11.187843
v -7.622646 72.337318 -10.928780
v -7.583157 63.217548 -9.961168
v -7.171467 72.368370 -9.945048
v -7.622646 72.337318 -10.928780
v -6.947750 71.653069 -10.472143
v -6.776160 71.896072 -11.011707
v -6.984824 71.731232 -11.051266
v -7.196954 64.476997 -11.073691
v 7.111490 72.060051 -11.306461
v 6.891625 72.227119 -11.700858
v 7.131440 72.375496 -9.946349
v 7.578129 72.286674 -10.909863
v 7.309950 63.324898 -10.970397
v 6.483949 72.292450 -11.188381
v 7.578129 72.286674 -10.909863
v 7.422850 63.324898 -11.083297
v -6.969470 63.525700 -7.372857
v -6.982900 63.526600 -7.372848
v -7.204030 61.585701 -7.502667
v -7.204030 61.585701 -7.502667
v -7.190660 61.584301 -7.502687
v -6.969470 63.525700 -7.372857
v -6.969470 63.525700 -7.372857
v -7.190660 61.584301 -7.502687
v -7.190660 61.584301 -10.277397
v -7.204030 61.585701 -10.277397
v -7.204030 61.585701 -7.502667
v -6.982900 63.526600 -7.372848
v -7.190660 61.584301 -10.277397
v -6.969460 63.636200 -10.393598
v -6.969470 63.525700 -7.372857
v -6.982900 63.526600 -7.372848
v -6.982900 63.636898 -10.393598
v -7.204030 61.585701 -10.277397
v -6.982900 63.636898 -10.393598
v -6.969460 63.636200 -10.393598
v -7.190660 61.584301 -10.277397
v -7.190660 61.584301 -10.277397
v -7.204030 61.585701 -10.277397
v -6.982900 63.636898 -10.393598
v -7.190660 61.584301 -7.502687
v -7.204030 61.585701 -7.502667
v -7.204030 61.585701 -10.277397
v -7.204030 61.585701 -10.277397
v -7.190660 61.584301 -10.277397
v -7.190660 61.584301 -7.502687
v 7.097692 63.766403 -10.431003
v 7.004598 63.578762 -11.097458
v -6.776160 71.896072 -11.011707
v -7.196954 64.476997 -11.073691
v -7.002603 63.909695 -11.291887
v 7.147256 71.742485 -11.082217
v -6.947750 71.653069 -10.472143
v -6.984824 71.731232 -11.051266
v 7.004598 63.578762 -11.097458
v 7.004598 63.578762 -11.097458
v -6.984824 71.731232 -11.051266
v -6.776160 71.896072 -11.011707
v -6.776160 71.896072 -11.011707
v -6.947750 71.653069 -10.472143
v 7.097692 63.766403 -10.431003
v -6.776160 71.896072 -11.011707
v 7.221085 64.143417 -10.886662
v 7.004598 63.578762 -11.097458
v 7.111490 72.060051 -11.306461
v 7.147256 71.742485 -11.082217
v -7.002603 63.909695 -11.291887
v -7.153107 64.253700 -11.751707
v 6.891625 72.227119 -11.700858
v 7.111490 72.060051 -11.306461
v 7.147256 71.742485 -11.082217
v 7.111490 72.060051 -11.306461
v -7.196954 64.476997 -11.073691
v -7.582033 54.232906 -9.956124
v -7.158833 63.343670 -9.907136
v -7.568696 63.415203 -10.914470
v -6.465314 54.261787 -10.779437
v -6.532098 63.348091 -11.183392
v -7.568696 63.415203 -10.914470
v -7.352610 54.121704 -10.970398
v -7.568696 63.415203 -10.914470
v -7.158833 63.343670 -9.907136
v -7.002603 63.909695 -11.291887
v -7.196954 64.476997 -11.073691
v 7.111490 72.060051 -11.306461
v -7.465500 54.121704 -11.083198
v -7.568696 63.415203 -10.914470
v -6.532098 63.348091 -11.183392
v 7.578129 72.286674 -10.909863
v 6.483949 72.292450 -11.188381
v 6.424325 63.202873 -10.782130
v -7.158833 63.343670 -9.907136
v -7.582033 54.232906 -9.956124
v -7.352610 54.121704 -10.970398
v -7.568696 63.415203 -10.914470
v -7.465500 54.121704 -11.083198
v -7.582033 54.232906 -9.956124
v -7.568696 63.415203 -10.914470
v -7.352610 54.121704 -10.970398
v -6.465314 54.261787 -10.779437
v -6.532098 63.348091 -11.183392
v -6.465314 54.261787 -10.779437
v -7.465500 54.121704 -11.083198
v 7.111490 72.060051 -11.306461
v -7.196954 64.476997 -11.073691
v -7.153107 64.253700 -11.751707
v 6.891625 72.227119 -11.700858
v -7.153107 64.253700 -11.751707
v -7.196954 64.476997 -11.073691
v -6.507118 72.535515 -10.810209
v -6.538293 81.655205 -11.188058
v -7.609063 81.738869 -10.906117
v -7.060161 80.942734 -10.460161
v -6.832504 81.153999 -11.011950
v -7.101270 81.030777 -11.057617
v 0.285410 82.086914 -31.543818
v -7.230419 90.277290 -11.000290
v -7.451035 90.190918 -10.615936
v -7.451035 90.190918 -10.615936
v -7.771625 90.445526 -11.261965
v -0.465139 82.064499 -31.656971
v -7.771625 90.445526 -11.261965
v -7.230419 90.277290 -11.000290
v 0.285410 82.086914 -31.543818
v -6.539761 90.852295 -11.188643
v -6.473368 81.745178 -10.775259
v -7.465510 81.751503 -11.083296
v -7.622620 90.762108 -10.929526
v -7.352610 81.751503 -10.970396
v -6.473368 81.745178 -10.775259
v -7.622620 90.762108 -10.929526
v -7.465510 81.751503 -11.083296
v -7.582888 81.644218 -9.959957
v 6.756078 72.934578 -11.069068
v 7.002278 73.040329 -10.420650
v -7.060161 80.942734 -10.460161
v 7.422840 72.547104 -11.083197
v 6.421404 72.691422 -10.780778
v 6.484449 81.776741 -11.181943
v 6.421404 72.691422 -10.780778
v 7.309950 72.547104 -10.970397
v 7.566084 81.670959 -10.918334
v 7.539434 72.449417 -9.956510
v 7.422840 72.547104 -11.083197
v 7.566084 81.670959 -10.918334
v -7.171654 90.795029 -9.944226
v -7.582888 81.644218 -9.959957
v -7.352610 81.751503 -10.970396
v -7.465510 81.751503 -11.083296
v -7.622620 90.762108 -10.929526
v -6.539761 90.852295 -11.188643
v -7.352610 81.751503 -10.970396
v -7.622620 90.762108 -10.929526
v -7.171654 90.795029 -9.944226
v -6.473368 81.745178 -10.775259
v -6.539761 90.852295 -11.188643
v -7.622620 90.762108 -10.929526
v -7.582888 81.644218 -9.959957
v -7.171654 90.795029 -9.944226
v -7.622620 90.762108 -10.929526
v -7.771625 90.445526 -11.261965
v -7.451035 90.190918 -10.615936
v -7.230419 90.277290 -11.000290
v 7.309950 72.547104 -10.970397
v 7.539434 72.449417 -9.956510
v 7.132534 81.576530 -9.945617
v 6.766262 81.335297 -11.140360
v 6.921480 81.128174 -11.156712
v 6.745338 81.368279 -11.717399
v -7.286247 73.427490 -11.748564
v 6.745338 81.368279 -11.717399
v 6.921480 81.128174 -11.156712
v -7.463757 73.571548 -11.116709
v 6.766262 81.335297 -11.140360
v 6.745338 81.368279 -11.717399
v 7.566084 81.670959 -10.918334
v 7.132534 81.576530 -9.945617
v 7.539434 72.449417 -9.956510
v 7.132534 81.576530 -9.945617
v 7.566084 81.670959 -10.918334
v 7.309950 72.547104 -10.970397
v 6.484449 81.776741 -11.181943
v 7.566084 81.670959 -10.918334
v 7.422840 72.547104 -11.083197
v 7.566084 81.670959 -10.918334
v 6.484449 81.776741 -11.181943
v 6.421404 72.691422 -10.780778
v 6.921480 81.128174 -11.156712
v 6.766262 81.335297 -11.140360
v -7.463757 73.571548 -11.116709
v -6.832504 81.153999 -11.011950
v 7.212224 73.343719 -10.846337
v 6.756078 72.934578 -11.069068
v 7.002278 73.040329 -10.420650
v 6.756078 72.934578 -11.069068
v -6.832504 81.153999 -11.011950
v -6.832504 81.153999 -11.011950
v 6.756078 72.934578 -11.069068
v 7.212224 73.343719 -10.846337
v -6.832504 81.153999 -11.011950
v -7.060161 80.942734 -10.460161
v 7.002278 73.040329 -10.420650
v 6.756078 72.934578 -11.069068
v -7.101270 81.030777 -11.057617
v -6.832504 81.153999 -11.011950
v -7.060161 80.942734 -10.460161
v -7.101270 81.030777 -11.057617
v 6.756078 72.934578 -11.069068
v -7.463757 73.571548 -11.116709
v -7.033680 73.138542 -11.333958
v 6.921480 81.128174 -11.156712
v -7.033680 73.138542 -11.333958
v -7.463757 73.571548 -11.116709
v 6.921480 81.128174 -11.156712
v 6.745338 81.368279 -11.717399
v -7.286247 73.427490 -11.748564
v -7.463757 73.571548 -11.116709
v 6.921480 81.128174 -11.156712
v -7.463757 73.571548 -11.116709
v -7.286247 73.427490 -11.748564
v 0.105370 82.339340 -31.097286
v -0.642686 82.212242 -30.947195
v 6.783457 90.612038 -10.572868
v -0.465139 82.064499 -31.656971
v 0.285410 82.086914 -31.543818
v -7.451035 90.190918 -10.615936
v 0.285410 82.086914 -31.543818
v -0.465139 82.064499 -31.656971
v -7.771625 90.445526 -11.261965
v -7.451035 90.190918 -10.615936
v 0.285410 82.086914 -31.543818
v -0.308432 81.763344 -30.959063
v -7.451035 90.190918 -10.615936
v -0.308432 81.763344 -30.959063
v 0.285410 82.086914 -31.543818
v -0.491073 81.934540 -32.023380
v -0.818748 82.284996 -30.154297
v -0.021335 82.284996 -30.154297
v -0.018158 81.570953 -30.197468
v -0.021335 82.284996 -30.154297
v -0.491073 81.934540 -32.023380
v -0.491073 81.934540 -32.023380
v -0.818749 81.577301 -30.154297
v -0.818748 82.284996 -30.154297
v 0.292488 81.603218 -31.747375
v -0.491073 81.934540 -32.023380
v -0.021335 82.284996 -30.154297
v -0.021335 82.284996 -30.154297
v 0.776074 82.284996 -30.154297
v 0.292488 81.603218 -31.747375
v -7.605910 82.284996 -11.321496
v -0.818748 82.284996 -30.154297
v -0.818749 81.577301 -30.154297
v -6.830750 81.577301 -11.321496
v -0.018158 81.570953 -30.197468
v -0.021335 82.284996 -30.154297
v -6.830750 82.284996 -11.321496
v -0.021335 82.284996 -30.154297
v -0.818748 82.284996 -30.154297
v -0.021335 82.284996 -30.154297
v -0.018158 81.570953 -30.197468
v 6.788090 81.577301 -11.321496
v -0.491073 81.934540 -32.023380
v 0.292488 81.603218 -31.747375
v -0.018158 81.570953 -30.197468
v -0.018158 81.570953 -30.197468
v 0.292488 81.603218 -31.747375
v 7.563240 81.577301 -11.321496
v -7.605900 81.577301 -11.321496
v -0.818749 81.577301 -30.154297
v -0.018158 81.570953 -30.197468
v -0.818749 81.577301 -30.154297
v -0.491073 81.934540 -32.023380
v -0.018158 81.570953 -30.197468
v 0.292488 81.603218 -31.747375
v -0.018158 81.570953 -30.197468
v -0.491073 81.934540 -32.023380
v 0.292488 81.603218 -31.747375
v 0.776074 82.284996 -30.154297
v 7.563240 82.284996 -11.321496
v 0.776074 82.284996 -30.154297
v -0.021335 82.284996 -30.154297
v 6.788090 82.284996 -11.321496
v 7.344529 90.238937 -10.570462
v 0.105370 82.339340 -31.097286
v -0.279807 81.693367 -31.079826
v 7.344529 90.238937 -10.570462
v -0.279807 81.693367 -31.079826
v 0.105370 82.339340 -31.097286
v -0.642686 82.212242 -30.947195
v 0.105370 82.339340 -31.097286
v 7.344529 90.238937 -10.570462
v 7.563240 81.577301 -11.321496
v 6.788090 81.577301 -11.321496
v -0.018158 81.570953 -30.197468
v 7.292550 79.929398 -10.277396
v 7.305930 79.930901 -10.277396
v 7.305930 79.930901 -7.502666
v 7.305930 79.930901 -7.502666
v 7.292550 79.929398 -7.502687
v 7.292550 79.929398 -10.277396
v 7.305930 79.930901 -10.277396
v 7.292550 79.929398 -10.277396
v 7.071360 81.981300 -10.393597
v 7.071360 81.981300 -10.393597
v 7.084800 81.982101 -10.393597
v 7.305930 79.930901 -10.277396
v 6.788090 81.577301 -11.321496
v 7.563240 81.577301 -11.321496
v 7.308816 81.607635 -7.266105
v 7.071360 81.870903 -7.372856
v 7.071360 81.981300 -10.393597
v 7.292550 79.929398 -10.277396
v 7.305930 79.930901 -10.277396
v 7.084800 81.982101 -10.393597
v 7.084800 81.871704 -7.372847
v 7.084800 81.871704 -7.372847
v 7.305930 79.930901 -7.502666
v 7.305930 79.930901 -10.277396
v 7.292550 79.929398 -10.277396
v 7.292550 79.929398 -7.502687
v 7.071360 81.870903 -7.372856
v 7.292550 79.929398 -7.502687
v 7.305930 79.930901 -7.502666
v 7.084800 81.871704 -7.372847
v 7.308816 81.607635 -7.266105
v 6.788090 81.577301 -7.286797
v 6.788090 81.577301 -11.321496
v -6.982910 83.426598 -7.713346
v -6.969440 83.426598 -7.713346
v -6.967618 83.886879 -10.823415
v 7.084800 81.871704 -7.372847
v 7.071360 81.870903 -7.372856
v 7.292550 79.929398 -7.502687
v 6.788090 81.577301 -11.321496
v 6.788090 82.284996 -11.321496
v -0.021335 82.284996 -30.154297
v -6.969440 83.426598 -7.713346
v -6.982910 83.426598 -7.713346
v -6.982910 81.871704 -7.372847
v -6.982910 81.871704 -7.372847
v -6.969470 81.870903 -7.372856
v -6.969440 83.426598 -7.713346
v -6.830750 82.284996 -11.321496
v -6.830750 82.284996 -7.286796
v -6.830750 81.577301 -7.286807
v -6.969440 83.426598 -7.713346
v -6.969470 81.870903 -7.372856
v -6.969460 81.981300 -10.393597
v -6.982910 81.982101 -10.393597
v -6.982910 81.871704 -7.372847
v -6.982910 83.426598 -7.713346
v 7.563240 82.284996 -11.321496
v 7.563240 81.577301 -11.321496
v 0.292488 81.603218 -31.747375
v 6.788090 82.284996 -11.321496
v 7.563240 82.284996 -11.321496
v 0.776074 82.284996 -30.154297
v 7.344529 90.238937 -10.570462
v 6.783457 90.612038 -10.572868
v -0.642686 82.212242 -30.947195
v 6.783457 90.612038 -10.572868
v 7.334485 90.415207 -10.777835
v 0.105370 82.339340 -31.097286
v 0.105370 82.339340 -31.097286
v 7.334485 90.415207 -10.777835
v 7.344529 90.238937 -10.570462
v 6.788090 82.284996 -11.321496
v 6.788090 81.577301 -11.321496
v 6.788090 81.577301 -7.286797
v -7.605910 82.284996 -11.321496
v -7.415106 82.315247 -7.336563
v -6.830750 82.284996 -7.286796
v -7.605900 81.577301 -11.321496
v -7.360485 81.612190 -7.371896
v -7.415106 82.315247 -7.336563
v -6.969460 81.981300 -10.393597
v -6.967618 83.886879 -10.823415
v -6.969440 83.426598 -7.713346
v -6.982910 83.426598 -7.713346
v -6.967618 83.886879 -10.823415
v -6.982910 81.982101 -10.393597
v -6.830750 81.577301 -7.286807
v -6.830750 81.577301 -11.321496
v -6.830750 82.284996 -11.321496
v -6.830750 82.284996 -7.286796
v -6.830750 82.284996 -11.321496
v -7.605910 82.284996 -11.321496
v -6.969460 81.981300 -10.393597
v -6.982910 81.982101 -10.393597
v -6.967618 83.886879 -10.823415
v -7.415106 82.315247 -7.336563
v -7.605910 82.284996 -11.321496
v -7.605900 81.577301 -11.321496
v 7.563240 81.577301 -11.321496
v 7.563240 82.284996 -11.321496
v 7.376964 82.309395 -7.283319
v 7.084800 81.982101 -10.393597
v 7.071360 81.981300 -10.393597
v 7.069541 83.897232 -10.804218
v 7.563240 82.284996 -11.321496
v 6.788090 82.284996 -11.321496
v 6.788090 82.284996 -7.286806
v 7.084800 81.982101 -10.393597
v 7.069541 83.897232 -10.804218
v 7.084800 83.426598 -7.713346
v 7.071340 83.426598 -7.713346
v 7.069541 83.897232 -10.804218
v 7.071360 81.981300 -10.393597
v 6.788090 81.577301 -7.286797
v 6.788090 82.284996 -7.286806
v 6.788090 82.284996 -11.321496
v 7.376964 82.309395 -7.283319
v 7.308816 81.607635 -7.266105
v 7.563240 81.577301 -11.321496
v 6.788090 82.284996 -7.286806
v 7.376964 82.309395 -7.283319
v 7.563240 82.284996 -11.321496
v 7.084800 83.426598 -7.713346
v 7.084800 81.871704 -7.372847
v 7.084800 81.982101 -10.393597
v 7.071360 81.981300 -10.393597
v 7.071360 81.870903 -7.372856
v 7.071340 83.426598 -7.713346
v 7.071360 81.870903 -7.372856
v 7.084800 81.871704 -7.372847
v 7.084800 83.426598 -7.713346
v -0.818748 82.284996 -30.154297
v -7.605910 82.284996 -11.321496
v -6.830750 82.284996 -11.321496
v -0.021335 82.284996 -30.154297
v -6.830750 82.284996 -11.321496
v -6.830750 81.577301 -11.321496
v -0.818749 81.577301 -30.154297
v -7.605900 81.577301 -11.321496
v -7.605910 82.284996 -11.321496
v -6.969470 81.870903 -7.372856
v -6.982910 81.871704 -7.372847
v -7.204040 79.930901 -7.502666
v -6.830750 81.577301 -11.321496
v -6.830750 81.577301 -7.286807
v -7.360485 81.612190 -7.371896
v -7.204040 79.930901 -7.502666
v -7.190660 79.929398 -7.502687
v -6.969470 81.870903 -7.372856
v -6.969470 81.870903 -7.372856
v -7.190660 79.929398 -7.502687
v -7.190660 79.929398 -10.277396
v -7.204040 79.930901 -10.277396
v -7.204040 79.930901 -7.502666
v -6.982910 81.871704 -7.372847
v -7.190660 79.929398 -10.277396
v -6.969460 81.981300 -10.393597
v -6.969470 81.870903 -7.372856
v -6.982910 81.871704 -7.372847
v -6.982910 81.982101 -10.393597
v -7.204040 79.930901 -10.277396
v -7.360485 81.612190 -7.371896
v -7.605900 81.577301 -11.321496
v -6.830750 81.577301 -11.321496
v -6.982910 81.982101 -10.393597
v -6.969460 81.981300 -10.393597
v -7.190660 79.929398 -10.277396
v -7.190660 79.929398 -10.277396
v -7.204040 79.930901 -10.277396
v -6.982910 81.982101 -10.393597
v -7.190660 79.929398 -7.502687
v -7.204040 79.930901 -7.502666
v -7.204040 79.930901 -10.277396
v -7.204040 79.930901 -10.277396
v -7.190660 79.929398 -10.277396
v -7.190660 79.929398 -7.502687
v 7.084800 83.426598 -7.713346
v 7.071340 83.426598 -7.713346
v 7.071360 81.870903 -7.372856
v 7.071340 83.426598 -7.713346
v 7.084800 83.426598 -7.713346
v 7.069541 83.897232 -10.804218
v 6.783457 90.612038 -10.572868
v 7.344529 90.238937 -10.570462
v 7.334485 90.415207 -10.777835
v -0.018158 81.570953 -30.197468
v -6.830750 81.577301 -11.321496
v -7.605900 81.577301 -11.321496
v 6.964954 72.303383 10.956227
v 6.896655 72.182281 10.229819
v -7.260452 64.373558 10.783654
v -6.992692 71.726135 10.127793
v -6.781846 71.899025 10.127894
v -7.123745 71.720909 9.401067
v 6.964954 72.303383 10.956227
v 6.936629 71.915222 10.244878
v 6.896655 72.182281 10.229819
v -7.615744 72.344025 10.105936
v -6.518884 72.425362 10.378905
v -6.460787 63.322731 9.980340
v -6.518884 72.425362 10.378905
v -7.615744 72.344025 10.105936
v -7.465500 63.324898 10.279102
v -7.174229 72.368195 9.143830
v -7.615744 72.344025 10.105936
v -7.352600 63.324898 10.166203
v -7.615744 72.344025 10.105936
v -7.174229 72.368195 9.143830
v -7.582753 63.226837 9.155291
v -7.465500 63.324898 10.279102
v -6.460787 63.322731 9.980340
v -6.518884 72.425362 10.378905
v -6.460787 63.322731 9.980340
v -7.352600 63.324898 10.166203
v -7.615744 72.344025 10.105936
v -7.582753 63.226837 9.155291
v -7.465500 63.324898 10.279102
v -7.615744 72.344025 10.105936
v -7.352600 63.324898 10.166203
v -7.582753 63.226837 9.155291
v -7.174229 72.368195 9.143830
v -7.465500 72.547104 -11.083297
v -7.609063 81.738869 -10.906117
v -6.538293 81.655205 -11.188058
v -7.352610 72.547104 -10.970397
v -7.609063 81.738869 -10.906117
v -7.158358 81.768143 -9.908014
v -7.244251 64.371414 10.094875
v -7.218770 64.319801 10.784904
v -7.260452 64.373558 10.783654
v -7.582176 72.657272 -9.956790
v -7.158358 81.768143 -9.908014
v -7.609063 81.738869 -10.906117
v 6.823040 71.711647 9.657191
v 6.855605 63.833981 -10.122741
v 7.472280 63.800137 -9.753119
v 7.201498 64.315163 -10.225439
v 7.472280 63.800137 -9.753119
v 7.112838 72.002998 9.761199
v 7.472280 63.800137 -9.753119
v 7.201498 64.315163 -10.225439
v 7.349471 72.332039 9.501460
v 7.112838 72.002998 9.761199
v 7.472280 63.800137 -9.753119
v 6.855605 63.833981 -10.122741
v 7.472280 63.800137 -9.753119
v 7.112838 72.002998 9.761199
v 6.823040 71.711647 9.657191
v 7.112838 72.002998 9.761199
v 7.349471 72.332039 9.501460
v 7.201498 64.315163 -10.225439
v 7.349471 72.332039 9.501460
v 7.112838 72.002998 9.761199
v 7.472280 63.800137 -9.753119
v 6.855605 63.833981 -10.122741
v 6.823040 71.711647 9.657191
v 7.112838 72.002998 9.761199
v -7.158358 81.768143 -9.908014
v -7.582176 72.657272 -9.956790
v -7.352610 72.547104 -10.970397
v -7.609063 81.738869 -10.906117
v -7.465500 72.547104 -11.083297
v -7.582176 72.657272 -9.956790
v -7.609063 81.738869 -10.906117
v -7.352610 72.547104 -10.970397
v -6.507118 72.535515 -10.810209
v -6.538293 81.655205 -11.188058
v -6.507118 72.535515 -10.810209
v -7.465500 72.547104 -11.083297
v 6.936629 71.915222 10.244878
v -7.001532 63.903015 10.388950
v -7.244251 64.371414 10.094875
v -7.244251 64.371414 10.094875
v -7.260452 64.373558 10.783654
v 6.896655 72.182281 10.229819
v 6.936629 71.915222 10.244878
v -7.244251 64.371414 10.094875
v -7.001532 63.903015 10.388950
v -7.218770 64.319801 10.784904
v -7.244251 64.371414 10.094875
v 6.936629 71.915222 10.244878
v 6.964954 72.303383 10.956227
v -7.260452 64.373558 10.783654
v -7.218770 64.319801 10.784904
v 6.888319 63.719070 9.573142
v -6.992692 71.726135 10.127793
v -7.123745 71.720909 9.401067
v 6.910930 63.784401 9.575203
v -7.123745 71.720909 9.401067
v -6.781846 71.899025 10.127894
v 7.422850 63.324898 10.279102
v 7.571149 72.452911 10.123478
v 6.485453 72.548225 10.378349
v 7.541125 63.225933 9.159750
v 7.129755 72.358093 9.143890
v 7.571149 72.452911 10.123478
v 7.309950 63.324898 10.166203
v 7.571149 72.452911 10.123478
v 7.129755 72.358093 9.143890
v 6.420082 63.463951 9.977039
v 6.485453 72.548225 10.378349
v 7.571149 72.452911 10.123478
v 6.936629 71.915222 10.244878
v 6.964954 72.303383 10.956227
v -7.218770 64.319801 10.784904
v -7.244251 64.371414 10.094875
v 6.896655 72.182281 10.229819
v 6.936629 71.915222 10.244878
v 7.027338 63.650482 10.260693
v 7.213383 64.154106 9.970486
v -6.781846 71.899025 10.127894
v -6.781846 71.899025 10.127894
v -6.992692 71.726135 10.127793
v 7.027338 63.650482 10.260693
v 6.910930 63.784401 9.575203
v 6.888319 63.719070 9.573142
v -7.123745 71.720909 9.401067
v -6.992692 71.726135 10.127793
v 6.888319 63.719070 9.573142
v 7.027338 63.650482 10.260693
v 6.888319 63.719070 9.573142
v 6.910930 63.784401 9.575203
v 7.027338 63.650482 10.260693
v 6.485453 72.548225 10.378349
v 6.420082 63.463951 9.977039
v 7.422850 63.324898 10.279102
v 7.129755 72.358093 9.143890
v 7.541125 63.225933 9.159750
v 7.309950 63.324898 10.166203
v 7.571149 72.452911 10.123478
v 7.309950 63.324898 10.166203
v 6.420082 63.463951 9.977039
v 7.571149 72.452911 10.123478
v 7.422850 63.324898 10.279102
v 7.541125 63.225933 9.159750
v -6.781846 71.899025 10.127894
v 7.027338 63.650482 10.260693
v 6.910930 63.784401 9.575203
v 7.213383 64.154106 9.970486
v 7.027338 63.650482 10.260693
v -6.781846 71.899025 10.127894
v -7.678920 63.836235 9.601021
v -7.418060 72.085487 -9.996186
v -7.631346 71.528397 -10.426085
v -7.407695 63.540466 9.308841
v -7.631346 71.528397 -10.426085
v -7.418060 72.085487 -9.996186
v -7.282180 69.198898 -3.545357
v -7.268860 69.198898 -3.545357
v -7.268860 66.509804 -3.545357
v -7.268860 66.509804 2.741113
v -7.268860 66.509804 -3.545357
v -7.268860 69.198898 -3.545357
v -7.282180 69.198898 -3.545357
v -7.282180 66.509804 -3.545357
v -7.282180 66.509804 2.741113
v -7.282180 66.509804 -3.545357
v -7.268860 66.509804 -3.545357
v -7.268860 66.509804 2.741113
v -7.268860 66.509804 -3.545357
v -7.282180 66.509804 -3.545357
v -7.282180 69.198898 -3.545357
v -7.412132 71.792587 9.578646
v -7.321583 63.518604 -10.092455
v -7.069207 64.107231 -10.404351
v -7.661812 72.103279 9.288387
v -7.069207 64.107231 -10.404351
v -7.321583 63.518604 -10.092455
v -8.016413 71.961624 -10.269327
v -7.418060 72.085487 -9.996186
v -7.678920 63.836235 9.601021
v -7.418060 72.085487 -9.996186
v -8.016413 71.961624 -10.269327
v -7.986701 64.094574 9.511115
v -6.714270 63.693020 -10.152584
v -7.321583 63.518604 -10.092455
v -7.412132 71.792587 9.578646
v -7.321583 63.518604 -10.092455
v -6.714270 63.693020 -10.152584
v -7.120742 71.564491 9.608533
v -6.830740 63.858299 -7.286807
v -6.830740 63.858299 -0.387395
v -6.830740 63.150604 -0.387395
v -7.424195 63.877068 -7.289787
v -7.413284 63.489445 -0.231976
v -6.830740 63.858299 -0.387395
v -6.830740 63.150604 -0.387395
v -6.830740 63.150604 -7.286807
v -6.830740 63.858299 -7.286807
v -6.830740 63.858299 -0.387395
v -6.830740 63.858299 -7.286807
v -7.424195 63.877068 -7.289787
v -7.413284 63.489445 -0.231976
v -7.424195 63.877068 -7.289787
v -7.343258 63.171963 -7.272321
v -6.830740 63.150604 6.482643
v -6.830740 63.858299 6.482643
v -6.830740 63.858299 10.517303
v -6.830740 63.150604 10.517303
v -7.605900 63.150604 10.517303
v -7.352836 63.183350 6.439445
v -6.969460 63.636200 9.517813
v -6.982900 63.636898 9.517803
v -7.204030 61.585701 9.401592
v -7.268860 69.198898 -3.545357
v -7.282180 69.198898 -3.545357
v -7.282180 69.198898 2.741113
v -6.969470 63.525700 6.497103
v -6.969460 63.636200 9.517813
v -7.190660 61.584301 9.401612
v -7.204030 61.585701 9.401592
v -6.982900 63.636898 9.517803
v -6.982900 63.526600 6.497093
v -7.204030 61.585701 9.401592
v -7.190660 61.584301 9.401612
v -6.969460 63.636200 9.517813
v -6.830740 63.858299 -0.416767
v -6.830740 63.150604 -0.416769
v -7.418697 63.501106 -0.569965
v -7.413284 63.489445 -0.231976
v -6.830740 63.150604 -0.387395
v -6.830740 63.858299 -0.387395
v -7.190660 61.584301 9.401612
v -7.204030 61.585701 9.401592
v -7.204030 61.585701 6.626913
v -7.352836 63.183350 6.439445
v -6.830740 63.150604 6.482643
v -6.830740 63.150604 10.517303
v -6.982900 63.526600 6.497093
v -6.969470 63.525700 6.497103
v -7.190660 61.584301 6.626923
v -7.190660 61.584301 9.401612
v -7.190660 61.584301 6.626923
v -6.969470 63.525700 6.497103
v -6.982900 63.526600 6.497093
v -7.204030 61.585701 6.626913
v -7.204030 61.585701 9.401592
v -7.190660 61.584301 6.626923
v -7.204030 61.585701 6.626913
v -6.982900 63.526600 6.497093
v -7.204030 61.585701 6.626913
v -7.190660 61.584301 6.626923
v -7.190660 61.584301 9.401612
v -7.611235 63.141754 10.096301
v -7.183800 63.271194 9.134522
v -7.579140 54.127071 9.139573
v -7.352610 54.121704 10.166203
v -7.579140 54.127071 9.139573
v -7.183800 63.271194 9.134522
v -6.830740 63.858299 -0.416767
v -7.418697 63.501106 -0.569965
v -7.417316 63.883755 6.436398
v -6.969460 63.636200 9.517813
v -6.969470 63.525700 6.497103
v -6.969440 65.081497 6.837583
v -6.830740 63.150604 -0.416769
v -6.830740 63.858299 -0.416767
v -6.830740 63.858299 6.482643
v -7.352836 63.183350 6.439445
v -7.417316 63.883755 6.436398
v -7.418697 63.501106 -0.569965
v -7.417316 63.883755 6.436398
v -6.830740 63.858299 6.482643
v -6.830740 63.858299 -0.416767
v -6.982900 65.081497 6.837583
v -6.969440 65.081497 6.837583
v -6.969470 63.525700 6.497103
v -6.830740 63.858299 6.482643
v -6.830740 63.150604 6.482643
v -6.830740 63.150604 -0.416769
v -7.631346 71.528397 -10.426085
v -7.407695 63.540466 9.308841
v -7.678920 63.836235 9.601021
v -6.969440 65.081497 6.837583
v -6.982900 65.081497 6.837583
v -6.968569 65.544708 9.942299
v -7.343258 63.171963 -7.272321
v -6.830740 63.150604 -7.286807
v -6.830740 63.150604 -0.387395
v -6.830740 63.150604 -0.387395
v -7.413284 63.489445 -0.231976
v -7.343258 63.171963 -7.272321
v -7.352836 63.183350 6.439445
v -7.418697 63.501106 -0.569965
v -6.830740 63.150604 -0.416769
v -6.830740 63.150604 -0.416769
v -6.830740 63.150604 6.482643
v -7.352836 63.183350 6.439445
v -6.982900 65.081497 6.837583
v -6.982900 63.526600 6.497093
v -6.982900 63.636898 9.517803
v -6.830740 63.858299 6.482643
v -7.417316 63.883755 6.436398
v -7.605900 63.858299 10.517303
v -7.417316 63.883755 6.436398
v -7.352836 63.183350 6.439445
v -7.605900 63.150604 10.517303
v -6.969470 63.525700 6.497103
v -6.982900 63.526600 6.497093
v -6.982900 65.081497 6.837583
v -7.268860 66.509804 2.741113
v -7.282180 66.509804 2.741113
v -7.282180 66.509804 -3.545357
v -7.282180 66.509804 2.741113
v -7.282180 69.198898 2.741113
v -7.282180 69.198898 -3.545357
v -7.268860 69.198898 -3.545357
v -7.268860 69.198898 2.741113
v -7.268860 66.509804 2.741113
v -7.069207 64.107231 -10.404351
v -7.661812 72.103279 9.288387
v -7.412132 71.792587 9.578646
v -7.321583 63.518604 -10.092455
v -7.412132 71.792587 9.578646
v -7.661812 72.103279 9.288387
v -7.120742 71.564491 9.608533
v -7.412132 71.792587 9.578646
v -7.321583 63.518604 -10.092455
v -7.412132 71.792587 9.578646
v -7.120742 71.564491 9.608533
v -6.714270 63.693020 -10.152584
v -7.268860 69.198898 2.741113
v -7.282180 69.198898 2.741113
v -7.282180 66.509804 2.741113
v -7.282180 66.509804 2.741113
v -7.268860 66.509804 2.741113
v -7.268860 69.198898 2.741113
v -7.418060 72.085487 -9.996186
v -7.678920 63.836235 9.601021
v -7.407695 63.540466 9.308841
v -7.986701 64.094574 9.511115
v -7.678920 63.836235 9.601021
v -7.418060 72.085487 -9.996186
v -7.605900 63.150604 10.517303
v -7.605900 63.858299 10.517303
v -7.417316 63.883755 6.436398
v -7.605900 63.858299 10.517303
v -6.830740 63.858299 10.517303
v -6.830740 63.858299 6.482643
v -7.678920 63.836235 9.601021
v -7.986701 64.094574 9.511115
v -8.016413 71.961624 -10.269327
v -6.982900 63.636898 9.517803
v -6.969460 63.636200 9.517813
v -6.968569 65.544708 9.942299
v -6.830740 63.858299 10.517303
v -6.830740 63.150604 10.517303
v -6.830740 63.150604 6.482643
v -6.982900 63.636898 9.517803
v -6.968569 65.544708 9.942299
v -6.982900 65.081497 6.837583
v -6.969440 65.081497 6.837583
v -6.968569 65.544708 9.942299
v -6.969460 63.636200 9.517813
v -7.282180 69.198898 2.741113
v -7.268860 69.198898 2.741113
v -7.268860 69.198898 -3.545357
v 0.651622 63.629311 31.378340
v 0.776087 63.858299 29.350101
v -0.021323 63.858299 29.350101
v 0.651622 63.629311 31.378340
v 0.776088 63.150604 29.350101
v 0.776087 63.858299 29.350101
v -0.021323 63.858299 29.350101
v -0.818733 63.858299 29.350101
v -0.543700 63.370911 31.378887
v -0.543700 63.370911 31.378887
v -0.021323 63.858299 29.350101
v -0.021323 63.150604 29.350101
v -0.818733 63.858299 29.350101
v -0.818733 63.150604 29.350101
v -0.543700 63.370911 31.378887
v -0.350311 63.787811 30.117775
v 0.251085 63.585678 30.674772
v 7.571397 71.999092 10.213164
v 0.251085 63.585678 30.674772
v -0.350311 63.787811 30.117775
v 7.096037 71.571884 9.990279
v 7.096037 71.571884 9.990279
v -0.350311 63.787811 30.117775
v -0.021796 63.164520 30.287376
v 7.096037 71.571884 9.990279
v -0.021796 63.164520 30.287376
v -0.350311 63.787811 30.117775
v -0.173618 63.499523 30.975382
v 0.510366 63.472252 30.614071
v -6.915471 71.866058 10.264112
v 0.510366 63.472252 30.614071
v -0.173618 63.499523 30.975382
v -7.484752 71.522453 10.183809
v -7.484752 71.522453 10.183809
v -0.173618 63.499523 30.975382
v -0.048278 63.162781 30.273993
v -7.484752 71.522453 10.183809
v -0.048278 63.162781 30.273993
v -0.173618 63.499523 30.975382
v 6.788090 63.858299 10.517303
v -0.021323 63.858299 29.350101
v 0.776087 63.858299 29.350101
v 7.563250 63.858299 10.517303
v 0.776087 63.858299 29.350101
v 0.776088 63.150604 29.350101
v 7.370826 63.487698 -0.566673
v 7.380471 63.875927 6.432671
v 7.299538 63.171646 6.449296
v 6.788090 63.858299 -0.416771
v 6.788090 63.858299 6.482643
v 7.380471 63.875927 6.432671
v 6.788090 63.150604 -0.416774
v 6.788090 63.150604 6.482633
v 6.788090 63.858299 6.482643
v 7.380471 63.875927 6.432671
v 7.370826 63.487698 -0.566673
v 6.788090 63.858299 -0.416771
v 6.788090 63.858299 6.482643
v 6.788090 63.858299 -0.416771
v 6.788090 63.150604 -0.416774
v 6.788100 63.150604 10.517303
v -0.021323 63.150604 29.350101
v -0.021323 63.858299 29.350101
v -0.818733 63.858299 29.350101
v -0.021323 63.858299 29.350101
v -6.830740 63.858299 10.517303
v -0.021323 63.858299 29.350101
v -0.021323 63.150604 29.350101
v -6.830740 63.150604 10.517303
v -0.818733 63.150604 29.350101
v -0.818733 63.858299 29.350101
v -7.605900 63.858299 10.517303
v 0.776088 63.150604 29.350101
v 0.651622 63.629311 31.378340
v -0.543700 63.370911 31.378887
v -0.543700 63.370911 31.378887
v -0.021323 63.150604 29.350101
v 0.776088 63.150604 29.350101
v 7.370826 63.487698 -0.566673
v 6.788090 63.150604 -0.416774
v 6.788090 63.858299 -0.416771
v -0.818733 63.150604 29.350101
v -0.021323 63.150604 29.350101
v -0.543700 63.370911 31.378887
v 7.563250 63.150604 10.517303
v 0.776088 63.150604 29.350101
v -0.021323 63.150604 29.350101
v -0.021323 63.150604 29.350101
v -0.818733 63.150604 29.350101
v -7.605900 63.150604 10.517303
v 7.096037 71.571884 9.990279
v 7.571397 71.999092 10.213164
v 0.251085 63.585678 30.674772
v 7.571397 71.999092 10.213164
v 7.085073 71.882545 9.811421
v -0.350311 63.787811 30.117775
v -0.021323 63.858299 29.350101
v -0.543700 63.370911 31.378887
v 0.651622 63.629311 31.378340
v -0.350311 63.787811 30.117775
v 7.085073 71.882545 9.811421
v 7.096037 71.571884 9.990279
v 0.776087 63.858299 29.350101
v 7.563250 63.858299 10.517303
v 6.788090 63.858299 10.517303
v 0.776088 63.150604 29.350101
v 7.563250 63.150604 10.517303
v 7.563250 63.858299 10.517303
v -0.021323 63.858299 29.350101
v 6.788090 63.858299 10.517303
v 6.788100 63.150604 10.517303
v 6.788090 63.858299 10.517303
v 6.788090 63.858299 6.482643
v 6.788090 63.150604 6.482633
v 7.563250 63.150604 10.517303
v 7.299538 63.171646 6.449296
v 7.380471 63.875927 6.432671
v 7.563250 63.858299 10.517303
v 7.380471 63.875927 6.432671
v 6.788090 63.858299 6.482643
v -7.605900 63.858299 10.517303
v -7.605900 63.150604 10.517303
v -0.818733 63.150604 29.350101
v -0.021323 63.150604 29.350101
v 6.788100 63.150604 10.517303
v 7.563250 63.150604 10.517303
v -6.830740 63.150604 10.517303
v -6.830740 63.858299 10.517303
v -0.021323 63.858299 29.350101
v -6.830740 63.858299 10.517303
v -7.605900 63.858299 10.517303
v -0.818733 63.858299 29.350101
v -7.484752 71.522453 10.183809
v -6.915471 71.866058 10.264112
v 0.510366 63.472252 30.614071
v -0.173618 63.499523 30.975382
v -7.571384 71.722450 10.266943
v -7.484752 71.522453 10.183809
v -6.915471 71.866058 10.264112
v -7.571384 71.722450 10.266943
v -0.173618 63.499523 30.975382
v 6.788090 63.150604 6.482633
v 6.788100 63.150604 10.517303
v 6.788090 63.858299 10.517303
v 7.380471 63.875927 6.432671
v 7.563250 63.858299 10.517303
v 7.563250 63.150604 10.517303
v 6.788090 63.858299 6.482643
v 6.788090 63.858299 10.517303
v 7.563250 63.858299 10.517303
v 7.299538 63.171646 6.449296
v 7.563250 63.150604 10.517303
v 6.788100 63.150604 10.517303
v -6.915471 71.866058 10.264112
v -7.484752 71.522453 10.183809
v -7.571384 71.722450 10.266943
v 7.571397 71.999092 10.213164
v 7.096037 71.571884 9.990279
v 7.085073 71.882545 9.811421
v 6.788100 63.150604 10.517303
v 6.788090 63.150604 6.482633
v 7.299538 63.171646 6.449296
v -7.605900 63.150604 10.517303
v -6.830740 63.150604 10.517303
v -0.021323 63.150604 29.350101
v 6.788090 63.150604 -0.416774
v 7.370826 63.487698 -0.566673
v 7.299538 63.171646 6.449296
v 7.299538 63.171646 6.449296
v 6.788090 63.150604 6.482633
v 6.788090 63.150604 -0.416774
v -6.830750 82.284996 -0.416761
v -6.830750 81.577301 -0.416765
v -7.423502 81.914146 -0.463197
v -6.830750 82.284996 -0.416761
v -7.423502 81.914146 -0.463197
v -7.419394 82.307014 6.480256
v -6.830750 81.577301 -0.416765
v -6.830750 82.284996 -0.416761
v -6.830750 82.284996 6.482644
v -7.347595 81.599403 6.535903
v -7.419394 82.307014 6.480256
v -7.423502 81.914146 -0.463197
v -7.419394 82.307014 6.480256
v -6.830750 82.284996 6.482644
v -6.830750 82.284996 -0.416761
v -6.830750 82.284996 6.482644
v -6.830750 81.577301 6.482643
v -6.830750 81.577301 -0.416765
v -7.632846 89.920364 -10.343139
v -7.407710 81.931061 9.397869
v -7.675332 82.230873 9.680739
v -7.415468 90.456474 -9.864628
v -7.675332 82.230873 9.680739
v -7.407710 81.931061 9.397869
v -0.021328 81.577301 29.350103
v -0.818738 81.577301 29.350103
v -7.605900 81.577301 10.517303
v 7.563240 81.577301 10.517303
v 0.714537 81.580032 29.527531
v -0.021328 81.577301 29.350103
v -0.818738 81.577301 29.350103
v -0.818737 82.284996 29.350103
v -7.605900 82.284996 10.517303
v -0.021327 82.284996 29.350103
v -0.021328 81.577301 29.350103
v -6.830750 81.577301 10.517303
v -0.818737 82.284996 29.350103
v -0.021327 82.284996 29.350103
v -6.830750 82.284996 10.517303
v 6.788090 81.577301 10.517303
v -0.021328 81.577301 29.350103
v -0.021327 82.284996 29.350103
v 7.563240 82.284996 10.517303
v 0.776083 82.284996 29.350103
v 0.714537 81.580032 29.527531
v 6.788090 82.284996 10.517303
v -0.021327 82.284996 29.350103
v 0.776083 82.284996 29.350103
v 0.776083 82.284996 29.350103
v 7.563240 82.284996 10.517303
v 6.788090 82.284996 10.517303
v 0.714537 81.580032 29.527531
v 7.563240 81.577301 10.517303
v 7.563240 82.284996 10.517303
v -7.204030 79.930901 6.626904
v -7.190660 79.929398 6.626923
v -7.190660 79.929398 9.401604
v -7.190660 79.929398 6.626923
v -7.204030 79.930901 6.626904
v -6.982900 81.871704 6.497084
v -6.982900 81.871704 6.497084
v -7.204030 79.930901 6.626904
v -7.204030 79.930901 9.401593
v -7.190660 79.929398 9.401604
v -7.190660 79.929398 6.626923
v -6.969470 81.870903 6.497094
v -6.982900 81.871704 6.497084
v -6.969470 81.870903 6.497094
v -7.190660 79.929398 6.626923
v -6.830750 81.577301 -0.416765
v -6.830750 81.577301 6.482643
v -7.347595 81.599403 6.535903
v -7.347595 81.599403 6.535903
v -7.423502 81.914146 -0.463197
v -6.830750 81.577301 -0.416765
v -7.347595 81.599403 6.535903
v -6.830750 81.577301 6.482643
v -6.830750 81.577301 10.517303
v -7.190660 79.929398 9.401604
v -7.204030 79.930901 9.401593
v -7.204030 79.930901 6.626904
v -0.021327 82.284996 29.350103
v -0.564338 81.764992 31.307621
v 0.652254 82.037605 31.378551
v 0.652254 82.037605 31.378551
v 0.776083 82.284996 29.350103
v -0.021327 82.284996 29.350103
v 0.776083 82.284996 29.350103
v 0.652254 82.037605 31.378551
v 0.714537 81.580032 29.527531
v -6.915750 90.305939 10.236940
v -7.479985 89.946434 10.198645
v -7.511670 90.151398 10.339908
v -0.021328 81.577301 29.350103
v 6.788090 81.577301 10.517303
v 7.563240 81.577301 10.517303
v -6.915750 90.305939 10.236940
v -7.511670 90.151398 10.339908
v -0.150326 81.935074 31.003830
v -0.021327 82.284996 29.350103
v -0.818737 82.284996 29.350103
v -0.564338 81.764992 31.307621
v -0.564338 81.764992 31.307621
v -0.021327 82.284996 29.350103
v -0.021328 81.577301 29.350103
v -0.818737 82.284996 29.350103
v -0.818738 81.577301 29.350103
v -0.564338 81.764992 31.307621
v 0.714537 81.580032 29.527531
v 0.652254 82.037605 31.378551
v -0.564338 81.764992 31.307621
v -0.564338 81.764992 31.307621
v -0.021328 81.577301 29.350103
v 0.714537 81.580032 29.527531
v -0.150326 81.935074 31.003830
v -7.511670 90.151398 10.339908
v -7.479985 89.946434 10.198645
v -7.479985 89.946434 10.198645
v -6.915750 90.305939 10.236940
v 0.493809 81.922874 30.592403
v -6.830750 82.284996 10.517303
v -7.605900 82.284996 10.517303
v -0.818737 82.284996 29.350103
v -6.830750 81.577301 10.517303
v -6.830750 82.284996 10.517303
v -0.021327 82.284996 29.350103
v -7.605900 82.284996 10.517303
v -7.605900 81.577301 10.517303
v -0.818738 81.577301 29.350103
v -6.969440 83.426598 6.837584
v -6.967697 83.898033 9.926907
v -6.969460 81.981300 9.517814
v -6.982900 81.982101 9.517804
v -6.967697 83.898033 9.926907
v -6.982900 83.426598 6.837584
v -6.830750 82.284996 10.517303
v -6.830750 81.577301 10.517303
v -6.830750 81.577301 6.482643
v -6.982900 81.982101 9.517804
v -6.969460 81.981300 9.517814
v -6.967697 83.898033 9.926907
v -0.818738 81.577301 29.350103
v -0.021328 81.577301 29.350103
v -0.564338 81.764992 31.307621
v -7.605900 82.284996 10.517303
v -6.830750 82.284996 10.517303
v -6.830750 82.284996 6.482644
v -7.605900 81.577301 10.517303
v -7.605900 82.284996 10.517303
v -7.419394 82.307014 6.480256
v -6.969440 83.426598 6.837584
v -6.982900 83.426598 6.837584
v -6.967697 83.898033 9.926907
v -6.982900 83.426598 6.837584
v -6.969440 83.426598 6.837584
v -6.969470 81.870903 6.497094
v -6.830750 81.577301 6.482643
v -6.830750 82.284996 6.482644
v -6.830750 82.284996 10.517303
v -6.969460 81.981300 9.517814
v -6.969470 81.870903 6.497094
v -6.969440 83.426598 6.837584
v -6.982900 83.426598 6.837584
v -6.982900 81.871704 6.497084
v -6.982900 81.982101 9.517804
v -6.830750 82.284996 6.482644
v -7.419394 82.307014 6.480256
v -7.605900 82.284996 10.517303
v -0.150326 81.935074 31.003830
v 0.493809 81.922874 30.592403
v -6.915750 90.305939 10.236940
v 0.493809 81.922874 30.592403
v -0.150326 81.935074 31.003830
v -7.479985 89.946434 10.198645
v -7.479985 89.946434 10.198645
v -0.150326 81.935074 31.003830
v -0.027983 81.576317 30.283270
v -7.479985 89.946434 10.198645
v -0.027983 81.576317 30.283270
v -0.150326 81.935074 31.003830
v -7.204030 79.930901 9.401593
v -7.190660 79.929398 9.401604
v -6.969460 81.981300 9.517814
v -7.204030 79.930901 9.401593
v -6.982900 81.982101 9.517804
v -6.982900 81.871704 6.497084
v -6.969470 81.870903 6.497094
v -6.969460 81.981300 9.517814
v -7.190660 79.929398 9.401604
v -7.419394 82.307014 6.480256
v -7.347595 81.599403 6.535903
v -7.605900 81.577301 10.517303
v -6.969470 81.870903 6.497094
v -6.982900 81.871704 6.497084
v -6.982900 83.426598 6.837584
v -7.605900 81.577301 10.517303
v -6.830750 81.577301 10.517303
v -0.021328 81.577301 29.350103
v -6.969460 81.981300 9.517814
v -6.982900 81.982101 9.517804
v -7.204030 79.930901 9.401593
v -6.830750 81.577301 10.517303
v -7.605900 81.577301 10.517303
v -7.347595 81.599403 6.535903
v -6.830750 72.372803 -0.387391
v -7.426647 72.722588 -0.345205
v -7.352323 72.401527 -7.323654
v -7.352323 72.401527 -7.323654
v -6.830750 72.372803 -7.286797
v -6.830750 72.372803 -0.387391
v -7.418327 81.267021 -9.894663
v -8.017478 81.202332 -10.313260
v -7.988128 73.331482 9.474980
v -8.017478 81.202332 -10.313260
v -7.418327 81.267021 -9.894663
v -7.678378 73.043617 9.643721
v -7.611338 81.670715 10.119099
v -6.527946 81.783417 10.377983
v -6.464591 72.695129 9.975997
v -6.527946 81.783417 10.377983
v -7.611338 81.670715 10.119099
v -7.465500 72.547104 10.279102
v -7.428905 81.928078 -0.336005
v -7.415106 82.315247 -7.336563
v -7.360485 81.612190 -7.371896
v -6.830750 82.284996 -0.387390
v -6.830750 82.284996 -7.286796
v -7.415106 82.315247 -7.336563
v -7.173287 81.578087 9.144073
v -7.611338 81.670715 10.119099
v -7.352610 72.547104 10.166203
v -7.611338 81.670715 10.119099
v -7.173287 81.578087 9.144073
v -7.583081 72.447479 9.156717
v -7.662282 81.340195 9.314005
v -7.076203 73.336624 -10.381374
v -7.329689 72.737022 -10.115491
v -7.422315 81.016899 9.564746
v -7.329689 72.737022 -10.115491
v -7.076203 73.336624 -10.381374
v -7.426647 72.722588 -0.345205
v -7.417126 73.109177 -7.327644
v -7.352323 72.401527 -7.323654
v -6.830750 73.080498 -0.387389
v -6.830750 73.080498 -7.286797
v -7.417126 73.109177 -7.327644
v -6.830750 72.372803 -0.387391
v -6.830750 72.372803 -7.286797
v -6.830750 73.080498 -7.286797
v -7.417126 73.109177 -7.327644
v -7.426647 72.722588 -0.345205
v -6.830750 73.080498 -0.387389
v -6.830750 73.080498 -7.286797
v -6.830750 73.080498 -0.387389
v -6.830750 72.372803 -0.387391
v -7.329689 72.737022 -10.115491
v -6.710437 72.911034 -10.175273
v -7.125223 80.776917 9.587532
v -6.710437 72.911034 -10.175273
v -7.329689 72.737022 -10.115491
v -7.422315 81.016899 9.564746
v -7.363396 72.415695 6.386125
v -7.424082 72.726051 -0.579864
v -6.830750 72.372803 -0.416763
v -6.830750 72.372803 -0.416763
v -6.830750 72.372803 6.482643
v -7.363396 72.415695 6.386125
v -6.830750 73.080498 -0.416761
v -6.830750 72.372803 -0.416763
v -7.424082 72.726051 -0.579864
v -7.426647 72.722588 -0.345205
v -6.830750 72.372803 -0.387391
v -6.830750 73.080498 -0.387389
v -6.830750 73.080498 -0.416761
v -7.424082 72.726051 -0.579864
v -7.403659 73.116196 6.390337
v -6.830750 72.372803 -0.416763
v -6.830750 73.080498 -0.416761
v -6.830750 73.080498 6.482643
v -7.363396 72.415695 6.386125
v -7.403659 73.116196 6.390337
v -7.424082 72.726051 -0.579864
v -7.403659 73.116196 6.390337
v -6.830750 73.080498 6.482643
v -6.830750 73.080498 -0.416761
v -6.830750 73.080498 6.482643
v -6.830750 72.372803 6.482643
v -6.830750 72.372803 -0.416763
v -7.633182 80.721855 -10.358194
v -7.407726 72.733566 9.381356
v -7.678378 73.043617 9.643721
v -7.407726 72.733566 9.381356
v -7.633182 80.721855 -10.358194
v -7.418327 81.267021 -9.894663
v -7.678378 73.043617 9.643721
v -7.418327 81.267021 -9.894663
v -7.633182 80.721855 -10.358194
v -7.360485 81.612190 -7.371896
v -6.830750 81.577301 -7.286807
v -6.830750 81.577301 -0.387391
v -6.830750 81.577301 -0.387391
v -7.428905 81.928078 -0.336005
v -7.360485 81.612190 -7.371896
v -7.352323 72.401527 -7.323654
v -7.605900 72.372803 -11.321497
v -6.830750 72.372803 -11.321497
v -6.830750 72.372803 -11.321497
v -6.830750 72.372803 -7.286797
v -7.352323 72.401527 -7.323654
v -7.605900 72.372803 -11.321497
v -7.605910 73.080498 -11.321497
v -6.830750 73.080498 -11.321497
v -6.830750 73.080498 -11.321497
v -6.830750 72.372803 -11.321497
v -7.605900 72.372803 -11.321497
v -7.417126 73.109177 -7.327644
v -7.605910 73.080498 -11.321497
v -7.605900 72.372803 -11.321497
v -6.830750 73.080498 -7.286797
v -6.830750 73.080498 -11.321497
v -7.605910 73.080498 -11.321497
v -6.830750 72.372803 -7.286797
v -6.830750 72.372803 -11.321497
v -6.830750 73.080498 -11.321497
v -7.605900 72.372803 -11.321497
v -7.352323 72.401527 -7.323654
v -7.417126 73.109177 -7.327644
v -7.605910 73.080498 -11.321497
v -7.417126 73.109177 -7.327644
v -6.830750 73.080498 -7.286797
v -6.830750 73.080498 -11.321497
v -6.830750 73.080498 -7.286797
v -6.830750 72.372803 -7.286797
v -7.363396 72.415695 6.386125
v -6.830750 72.372803 6.482643
v -6.830750 72.372803 10.517303
v -6.830750 72.372803 10.517303
v -7.605900 72.372803 10.517303
v -7.363396 72.415695 6.386125
v -7.403659 73.116196 6.390337
v -7.363396 72.415695 6.386125
v -7.605900 72.372803 10.517303
v -6.830750 73.080498 6.482643
v -7.403659 73.116196 6.390337
v -7.605900 73.080498 10.517303
v -6.830750 72.372803 6.482643
v -6.830750 73.080498 6.482643
v -6.830750 73.080498 10.517303
v -7.605900 72.372803 10.517303
v -7.605900 73.080498 10.517303
v -7.403659 73.116196 6.390337
v -7.605900 73.080498 10.517303
v -6.830750 73.080498 10.517303
v -6.830750 73.080498 6.482643
v -6.830750 73.080498 10.517303
v -6.830750 72.372803 10.517303
v -6.830750 72.372803 6.482643
v -6.830750 73.080498 10.517303
v -7.605900 73.080498 10.517303
v -7.605900 72.372803 10.517303
v -7.605900 72.372803 10.517303
v -6.830750 72.372803 10.517303
v -6.830750 73.080498 10.517303
v -7.678378 73.043617 9.643721
v -7.988128 73.331482 9.474980
v -8.017478 81.202332 -10.313260
v -7.988128 73.331482 9.474980
v -7.678378 73.043617 9.643721
v -7.418327 81.267021 -9.894663
v -7.418327 81.267021 -9.894663
v -7.678378 73.043617 9.643721
v -7.407726 72.733566 9.381356
v -7.352610 72.547104 10.166203
v -7.583081 72.447479 9.156717
v -7.173287 81.578087 9.144073
v -7.583081 72.447479 9.156717
v -7.465500 72.547104 10.279102
v -7.611338 81.670715 10.119099
v -6.464591 72.695129 9.975997
v -7.352610 72.547104 10.166203
v -7.611338 81.670715 10.119099
v -7.465500 72.547104 10.279102
v -6.464591 72.695129 9.975997
v -6.527946 81.783417 10.377983
v -7.422315 81.016899 9.564746
v -7.125223 80.776917 9.587532
v -6.710437 72.911034 -10.175273
v -7.125223 80.776917 9.587532
v -7.422315 81.016899 9.564746
v -7.329689 72.737022 -10.115491
v -7.329689 72.737022 -10.115491
v -7.422315 81.016899 9.564746
v -7.662282 81.340195 9.314005
v -7.428905 81.928078 -0.336005
v -6.830750 81.577301 -0.387391
v -6.830750 82.284996 -0.387390
v -7.076203 73.336624 -10.381374
v -7.662282 81.340195 9.314005
v -7.422315 81.016899 9.564746
v -6.830750 82.284996 -7.286796
v -6.830750 82.284996 -0.387390
v -6.830750 81.577301 -0.387391
v -7.415106 82.315247 -7.336563
v -7.428905 81.928078 -0.336005
v -6.830750 82.284996 -0.387390
v -6.830750 81.577301 -0.387391
v -6.830750 81.577301 -7.286807
v -6.830750 82.284996 -7.286796
v 7.100500 82.186325 -10.429794
v 6.989891 81.976723 -11.008162
v -6.799222 90.056465 -10.761011
v -6.799222 90.056465 -10.761011
v 6.989891 81.976723 -11.008162
v 7.131020 82.528999 -10.946296
v -6.973352 90.150200 -11.048605
v 7.126098 82.532227 -11.045196
v 6.989891 81.976723 -11.008162
v 7.131020 82.528999 -10.946296
v 7.126098 82.532227 -11.045196
v -6.827326 90.795250 -11.053251
v 7.309950 81.751503 -10.970396
v 7.539338 81.653778 -9.956131
v 7.131454 90.789391 -9.944762
v 6.998493 90.434662 -11.324615
v 7.138226 90.169746 -11.080948
v -6.991824 82.341171 -11.294172
v 7.140011 90.601448 -9.951488
v 7.539271 99.724319 -9.955811
v 7.309940 99.825699 -10.970395
v 7.570468 90.701996 -10.913198
v 7.422840 99.825699 -11.083295
v 7.539271 99.724319 -9.955811
v 7.570468 90.701996 -10.913198
v 7.309940 99.825699 -10.970395
v 6.425624 99.945801 -10.781954
v 6.481122 90.857307 -11.187582
v 6.425624 99.945801 -10.781954
v 7.422840 99.825699 -11.083295
v -6.973352 90.150200 -11.048605
v -6.799222 90.056465 -10.761011
v -6.827326 90.795250 -11.053251
v 7.632209 82.670967 9.500681
v 7.328196 90.871315 -10.377531
v 7.927079 90.583939 -10.201847
v 7.539338 81.653778 -9.956131
v 7.422840 81.751503 -11.083296
v 7.572373 90.814827 -10.921595
v 6.429567 81.773766 -10.776510
v 7.309950 81.751503 -10.970396
v 7.572373 90.814827 -10.921595
v 7.422840 81.751503 -11.083296
v 6.429567 81.773766 -10.776510
v 6.496234 90.848808 -11.188497
v 7.126098 82.532227 -11.045196
v 7.131020 82.528999 -10.946296
v 6.989891 81.976723 -11.008162
v 6.989891 81.976723 -11.008162
v 7.100500 82.186325 -10.429794
v -6.799222 90.056465 -10.761011
v 7.131020 82.528999 -10.946296
v -6.827326 90.795250 -11.053251
v -6.799222 90.056465 -10.761011
v 7.126098 82.532227 -11.045196
v -6.973352 90.150200 -11.048605
v -6.827326 90.795250 -11.053251
v -6.799222 90.056465 -10.761011
v -6.973352 90.150200 -11.048605
v 6.989891 81.976723 -11.008162
v -7.443493 82.783821 -11.091581
v -6.991824 82.341171 -11.294172
v 7.138226 90.169746 -11.080948
v 6.783812 90.592674 -11.714293
v -7.243893 82.646309 -11.753474
v -7.443493 82.783821 -11.091581
v 6.998493 90.434662 -11.324615
v -7.443493 82.783821 -11.091581
v -7.243893 82.646309 -11.753474
v -6.991824 82.341171 -11.294172
v -7.443493 82.783821 -11.091581
v 6.998493 90.434662 -11.324615
v 7.632209 82.670967 9.500681
v 7.927079 90.583939 -10.201847
v 7.328196 90.871315 -10.377531
v 7.138226 90.169746 -11.080948
v 6.998493 90.434662 -11.324615
v -7.443493 82.783821 -11.091581
v 7.572373 90.814827 -10.921595
v 6.496234 90.848808 -11.188497
v 6.429567 81.773766 -10.776510
v 6.496234 90.848808 -11.188497
v 7.572373 90.814827 -10.921595
v 7.422840 81.751503 -11.083296
v 7.131454 90.789391 -9.944762
v 7.572373 90.814827 -10.921595
v 7.309950 81.751503 -10.970396
v 7.572373 90.814827 -10.921595
v 7.131454 90.789391 -9.944762
v 7.539338 81.653778 -9.956131
v 7.328196 90.871315 -10.377531
v 7.400427 82.750809 9.403781
v 7.632209 82.670967 9.500681
v 7.539271 99.724319 -9.955811
v 7.140011 90.601448 -9.951488
v 7.570468 90.701996 -10.913198
v 7.047394 91.396309 -7.534588
v 7.073378 92.429077 -10.731192
v 7.035880 91.046196 -10.449828
v 7.035880 91.046196 -10.449828
v 7.073378 92.429077 -10.731192
v 7.047394 91.396309 -7.534588
v -7.443493 82.783821 -11.091581
v 6.998493 90.434662 -11.324615
v 6.783812 90.592674 -11.714293
v 7.309940 99.825699 -10.970395
v 7.570468 90.701996 -10.913198
v 7.140011 90.601448 -9.951488
v -7.243893 82.646309 -11.753474
v 6.783812 90.592674 -11.714293
v 6.998493 90.434662 -11.324615
v 7.422840 99.825699 -11.083295
v 7.570468 90.701996 -10.913198
v 6.481122 90.857307 -11.187582
v 6.425624 99.945801 -10.781954
v 6.481122 90.857307 -11.187582
v 7.570468 90.701996 -10.913198
v 7.377716 89.567924 -10.358206
v 7.341328 89.568886 -7.519863
v 7.047394 91.396309 -7.534588
v 7.047394 91.396309 -7.534588
v 7.341328 89.568886 -7.519863
v 7.377716 89.567924 -10.358206
v 7.047394 91.396309 -7.534588
v 7.035880 91.046196 -10.449828
v 7.377716 89.567924 -10.358206
v 7.377716 89.567924 -10.358206
v 7.035880 91.046196 -10.449828
v 7.047394 91.396309 -7.534588
v 7.097443 90.008606 9.959144
v -0.111326 81.493713 30.527191
v -0.347466 82.219421 30.111578
v 7.097443 90.008606 9.959144
v -0.347466 82.219421 30.111578
v -0.111326 81.493713 30.527191
v 0.342519 82.112473 30.417650
v -0.347466 82.219421 30.111578
v 7.097443 90.008606 9.959144
v -0.347466 82.219421 30.111578
v 0.342519 82.112473 30.417650
v 7.644272 90.507637 10.005054
v -0.021327 82.284996 29.350103
v 6.788090 82.284996 10.517303
v 6.788090 81.577301 10.517303
v -0.347466 82.219421 30.111578
v 7.074507 90.298401 9.845979
v 7.097443 90.008606 9.959144
v 7.563240 72.372803 10.517303
v 7.563240 73.080498 10.517303
v 6.788090 73.080498 10.517303
v 7.071360 81.981300 9.517814
v 7.069319 83.889679 9.942389
v 7.071340 83.426598 6.837584
v 7.084800 83.426598 6.837584
v 7.069319 83.889679 9.942389
v 7.084800 81.982101 9.517804
v 7.333630 82.224785 9.181272
v 7.632209 82.670967 9.500681
v 7.400427 82.750809 9.403781
v 7.071360 81.981300 9.517814
v 7.084800 81.982101 9.517804
v 7.069319 83.889679 9.942389
v 6.788090 82.284996 6.482644
v 6.788090 82.284996 10.517303
v 7.563240 82.284996 10.517303
v 7.371954 82.312881 6.481994
v 7.563240 82.284996 10.517303
v 7.563240 81.577301 10.517303
v 6.788090 81.577301 6.482643
v 6.788090 81.577301 10.517303
v 6.788090 82.284996 10.517303
v 7.084800 83.426598 6.837584
v 7.071340 83.426598 6.837584
v 7.069319 83.889679 9.942389
v 7.071340 83.426598 6.837584
v 7.084800 83.426598 6.837584
v 7.084800 81.871704 6.497084
v 7.071340 83.426598 6.837584
v 7.071360 81.870903 6.497094
v 7.071360 81.981300 9.517814
v 7.084800 81.982101 9.517804
v 7.084800 81.871704 6.497084
v 7.084800 83.426598 6.837584
v 7.563240 82.284996 10.517303
v 7.371954 82.312881 6.481994
v 6.788090 82.284996 6.482644
v 7.563240 81.577301 10.517303
v 7.315219 81.610420 6.526997
v 7.371954 82.312881 6.481994
v 6.788090 73.080498 6.482643
v 6.788090 73.080498 10.517303
v 7.563240 73.080498 10.517303
v 7.374504 73.101952 6.424827
v 7.563240 73.080498 10.517303
v 7.563240 72.372803 10.517303
v 7.097443 90.008606 9.959144
v 7.644272 90.507637 10.005054
v 0.342519 82.112473 30.417650
v 7.644272 90.507637 10.005054
v 7.074507 90.298401 9.845979
v -0.347466 82.219421 30.111578
v 6.788090 82.284996 10.517303
v 6.788090 82.284996 6.482644
v 6.788090 81.577301 6.482643
v 7.084800 81.871704 6.497084
v 7.071360 81.870903 6.497094
v 7.071340 83.426598 6.837584
v 7.563240 73.080498 10.517303
v 7.374504 73.101952 6.424827
v 6.788090 73.080498 6.482643
v 6.788090 81.577301 -0.387397
v 6.788090 81.577301 -7.286797
v 7.308816 81.607635 -7.266105
v 7.308816 81.607635 -7.266105
v 7.374228 81.926239 -0.224404
v 6.788090 81.577301 -0.387397
v 6.788090 81.577301 -0.416771
v 7.385014 81.926605 -0.476182
v 7.315219 81.610420 6.526997
v 7.315219 81.610420 6.526997
v 6.788090 81.577301 6.482643
v 6.788090 81.577301 -0.416771
v 7.352120 90.629356 9.202769
v 7.079614 90.208374 9.603826
v 7.314415 90.132866 9.500069
v 6.788090 82.284996 -7.286806
v 6.788090 81.577301 -7.286797
v 6.788090 81.577301 -0.387397
v 7.376964 82.309395 -7.283319
v 6.788090 82.284996 -7.286806
v 6.788090 82.284996 -0.387397
v 7.644272 90.507637 10.005054
v 7.097443 90.008606 9.959144
v 7.074507 90.298401 9.845979
v 7.315219 81.610420 6.526997
v 7.563240 81.577301 10.517303
v 6.788090 81.577301 10.517303
v 7.308816 81.607635 -7.266105
v 7.376964 82.309395 -7.283319
v 7.374228 81.926239 -0.224404
v 7.084800 81.982101 9.517804
v 7.071360 81.981300 9.517814
v 7.292550 79.929398 9.401604
v 7.084800 81.871704 6.497084
v 7.084800 81.982101 9.517804
v 7.305930 79.930901 9.401593
v 7.292550 79.929398 9.401604
v 7.071360 81.981300 9.517814
v 7.071360 81.870903 6.497094
v 7.292550 79.929398 9.401604
v 7.305930 79.930901 9.401593
v 7.084800 81.982101 9.517804
v 7.305930 79.930901 9.401593
v 7.292550 79.929398 9.401604
v 7.292550 79.929398 6.626923
v 6.788090 81.577301 -0.387397
v 6.788090 82.284996 -0.387397
v 6.788090 82.284996 -7.286806
v 6.788090 82.284996 -0.387397
v 7.374228 81.926239 -0.224404
v 7.376964 82.309395 -7.283319
v 7.079614 90.208374 9.603826
v 6.859150 82.284515 -10.053496
v 7.465063 81.993042 -10.306523
v 7.203690 82.631004 -10.475499
v 7.465063 81.993042 -10.306523
v 7.079614 90.208374 9.603826
v 6.788090 81.577301 10.517303
v 6.788090 81.577301 6.482643
v 7.315219 81.610420 6.526997
v 7.071360 81.870903 6.497094
v 7.084800 81.871704 6.497084
v 7.305930 79.930901 6.626904
v 7.071360 81.870903 6.497094
v 7.292550 79.929398 6.626923
v 7.292550 79.929398 9.401604
v 7.305930 79.930901 9.401593
v 7.305930 79.930901 6.626904
v 7.084800 81.871704 6.497084
v 7.305930 79.930901 6.626904
v 7.292550 79.929398 6.626923
v 7.071360 81.870903 6.497094
v 7.292550 79.929398 6.626923
v 7.305930 79.930901 6.626904
v 7.305930 79.930901 9.401593
v 7.465063 81.993042 -10.306523
v 7.203690 82.631004 -10.475499
v 7.352120 90.629356 9.202769
v 7.079614 90.208374 9.603826
v 7.465063 81.993042 -10.306523
v 6.859150 82.284515 -10.053496
v 7.328196 90.871315 -10.377531
v 7.555468 90.206841 -10.508699
v 7.333630 82.224785 9.181272
v 7.555468 90.206841 -10.508699
v 7.328196 90.871315 -10.377531
v 7.632209 82.670967 9.500681
v 7.385014 81.926605 -0.476182
v 6.788090 81.577301 -0.416771
v 6.788090 82.284996 -0.416769
v 6.788090 82.284996 -0.387397
v 6.788090 81.577301 -0.387397
v 7.374228 81.926239 -0.224404
v 6.788090 82.284996 6.482644
v 6.788090 82.284996 -0.416769
v 6.788090 81.577301 -0.416771
v 7.371954 82.312881 6.481994
v 7.385014 81.926605 -0.476182
v 6.788090 82.284996 -0.416769
v 6.788090 81.577301 -0.416771
v 6.788090 81.577301 6.482643
v 6.788090 82.284996 6.482644
v 6.788090 82.284996 -0.416769
v 6.788090 82.284996 6.482644
v 7.371954 82.312881 6.481994
v 7.385014 81.926605 -0.476182
v 7.371954 82.312881 6.481994
v 7.315219 81.610420 6.526997
v 7.632209 82.670967 9.500681
v 7.333630 82.224785 9.181272
v 7.555468 90.206841 -10.508699
v 7.333630 82.224785 9.181272
v 7.400427 82.750809 9.403781
v 7.328196 90.871315 -10.377531
v 7.465063 81.993042 -10.306523
v 7.314415 90.132866 9.500069
v 7.079614 90.208374 9.603826
v 7.079614 90.208374 9.603826
v 7.352120 90.629356 9.202769
v 7.203690 82.631004 -10.475499
v 7.352120 90.629356 9.202769
v 7.314415 90.132866 9.500069
v 7.465063 81.993042 -10.306523
v -7.005840 73.220100 10.324002
v -7.013312 73.215500 10.225211
v 7.305377 80.896233 10.209620
v 6.899422 81.408218 10.228906
v -7.013312 73.215500 10.225211
v -7.263372 73.712341 10.277851
v 6.911822 81.395683 10.509188
v -7.263372 73.712341 10.277851
v -7.005840 73.220100 10.324002
v -7.166334 73.490982 10.842672
v -7.263372 73.712341 10.277851
v 6.911822 81.395683 10.509188
v -7.263372 73.712341 10.277851
v -7.166334 73.490982 10.842672
v 6.911822 81.395683 10.509188
v 7.030790 72.771683 10.153739
v -6.986278 80.942947 10.128857
v -6.945081 80.873787 9.554269
v 7.097508 72.977173 9.523933
v -6.945081 80.873787 9.554269
v -6.755249 81.106934 10.118318
v -6.755249 81.106934 10.118318
v -6.986278 80.942947 10.128857
v 7.030790 72.771683 10.153739
v -6.755249 81.106934 10.118318
v 7.030790 72.771683 10.153739
v 7.097508 72.977173 9.523933
v 7.214952 73.342705 9.936533
v 7.030790 72.771683 10.153739
v -6.755249 81.106934 10.118318
v 7.030790 72.771683 10.153739
v 7.214952 73.342705 9.936533
v -6.755249 81.106934 10.118318
v -7.013312 73.215500 10.225211
v 6.899422 81.408218 10.228906
v 7.305377 80.896233 10.209620
v -7.005840 73.220100 10.324002
v 7.305377 80.896233 10.209620
v 6.911822 81.395683 10.509188
v 6.421422 72.685226 9.976104
v 6.487352 81.770485 10.378877
v 7.569035 81.672287 10.120440
v 7.309950 72.547104 10.166203
v 7.569035 81.672287 10.120440
v 7.131510 81.579193 9.140444
v 7.540051 72.449142 9.155076
v 7.131510 81.579193 9.140444
v 7.569035 81.672287 10.120440
v 7.422840 72.547104 10.279102
v 7.569035 81.672287 10.120440
v 6.487352 81.770485 10.378877
v 6.911822 81.395683 10.509188
v 6.899422 81.408218 10.228906
v -7.263372 73.712341 10.277851
v 6.899422 81.408218 10.228906
v 6.911822 81.395683 10.509188
v 7.305377 80.896233 10.209620
v 6.855859 73.058685 -10.116986
v 6.823385 80.936066 9.662817
v 7.112953 81.225853 9.761617
v 7.349436 81.554886 9.503320
v 7.112953 81.225853 9.761617
v 7.472526 73.020882 -9.757185
v 7.112953 81.225853 9.761617
v 7.349436 81.554886 9.503320
v 7.201527 73.536858 -10.226823
v 7.472526 73.020882 -9.757185
v 7.112953 81.225853 9.761617
v 6.823385 80.936066 9.662817
v 7.930135 81.390411 -10.229638
v 7.897190 73.522636 9.545606
v 7.600762 73.214676 9.731422
v 7.336842 81.449478 -9.812101
v 7.600762 73.214676 9.731422
v 7.897190 73.522636 9.545606
v 7.333207 72.904671 9.472980
v 7.600762 73.214676 9.731422
v 7.336842 81.449478 -9.812101
v 7.600762 73.214676 9.731422
v 7.333207 72.904671 9.472980
v 7.574752 80.940491 -10.282777
v 7.600762 73.214676 9.731422
v 7.336842 81.449478 -9.812101
v 7.930135 81.390411 -10.229638
v 7.897190 73.522636 9.545606
v 7.930135 81.390411 -10.229638
v 7.336842 81.449478 -9.812101
v 7.574752 80.940491 -10.282777
v 7.336842 81.449478 -9.812101
v 7.600762 73.214676 9.731422
v 7.336842 81.449478 -9.812101
v 7.574752 80.940491 -10.282777
v 7.333207 72.904671 9.472980
v 7.112953 81.225853 9.761617
v 7.472526 73.020882 -9.757185
v 6.855859 73.058685 -10.116986
v 6.823385 80.936066 9.662817
v 6.855859 73.058685 -10.116986
v 7.472526 73.020882 -9.757185
v 7.472526 73.020882 -9.757185
v 7.201527 73.536858 -10.226823
v 7.349436 81.554886 9.503320
v 7.201527 73.536858 -10.226823
v 7.472526 73.020882 -9.757185
v 7.112953 81.225853 9.761617
v -6.945081 80.873787 9.554269
v 7.097508 72.977173 9.523933
v 7.030790 72.771683 10.153739
v -7.013312 73.215500 10.225211
v -7.005840 73.220100 10.324002
v -7.263372 73.712341 10.277851
v -6.986278 80.942947 10.128857
v -6.755249 81.106934 10.118318
v -6.945081 80.873787 9.554269
v 6.487352 81.770485 10.378877
v 6.421422 72.685226 9.976104
v 7.422840 72.547104 10.279102
v 7.131510 81.579193 9.140444
v 7.540051 72.449142 9.155076
v 7.309950 72.547104 10.166203
v 7.569035 81.672287 10.120440
v 7.309950 72.547104 10.166203
v 6.421422 72.685226 9.976104
v 7.569035 81.672287 10.120440
v 7.422840 72.547104 10.279102
v 7.540051 72.449142 9.155076
v -7.410997 90.202522 9.531267
v -7.322100 81.922699 -10.154261
v -7.070361 82.538513 -10.391463
v 7.377796 89.538948 9.417176
v 7.344607 89.554070 6.617253
v 7.058036 91.329056 6.449946
v 7.058036 91.329056 6.449946
v 7.344607 89.554070 6.617253
v 7.377796 89.538948 9.417176
v 7.377796 89.538948 9.417176
v 7.026017 90.996956 9.524434
v 7.058036 91.329056 6.449946
v 7.058036 91.329056 6.449946
v 7.026017 90.996956 9.524434
v 7.377796 89.538948 9.417176
v -7.661821 90.535759 9.301926
v -7.070361 82.538513 -10.391463
v -7.322100 81.922699 -10.154261
v -8.016782 90.401077 -10.303275
v -7.415468 90.456474 -9.864628
v -7.675332 82.230873 9.680739
v -7.415468 90.456474 -9.864628
v -8.016782 90.401077 -10.303275
v -7.985273 82.536972 9.475629
v -6.714339 82.098885 -10.204533
v -7.322100 81.922699 -10.154261
v -7.410997 90.202522 9.531267
v -7.322100 81.922699 -10.154261
v -6.714339 82.098885 -10.204533
v -7.121548 89.964455 9.544928
v -7.407710 81.931061 9.397869
v -7.632846 89.920364 -10.343139
v -7.415468 90.456474 -9.864628
v -7.675332 82.230873 9.680739
v -7.415468 90.456474 -9.864628
v -7.632846 89.920364 -10.343139
v -7.675332 82.230873 9.680739
v -7.985273 82.536972 9.475629
v -8.016782 90.401077 -10.303275
v -7.985273 82.536972 9.475629
v -7.675332 82.230873 9.680739
v -7.415468 90.456474 -9.864628
v -7.410997 90.202522 9.531267
v -7.121548 89.964455 9.544928
v -6.714339 82.098885 -10.204533
v -7.121548 89.964455 9.544928
v -7.410997 90.202522 9.531267
v -7.322100 81.922699 -10.154261
v -7.322100 81.922699 -10.154261
v -7.410997 90.202522 9.531267
v -7.661821 90.535759 9.301926
v -7.070361 82.538513 -10.391463
v -7.661821 90.535759 9.301926
v -7.410997 90.202522 9.531267
v 7.422840 81.751503 10.279103
v 7.569095 90.878159 10.120090
v 6.485256 90.977837 10.378227
v 7.540234 81.653648 9.155827
v 7.131368 90.783752 9.141081
v 7.569095 90.878159 10.120090
v 7.309950 81.751503 10.166204
v 7.569095 90.878159 10.120090
v 7.131368 90.783752 9.141081
v 6.420319 81.892189 9.976901
v 6.485256 90.977837 10.378227
v 7.569095 90.878159 10.120090
v 7.569095 90.878159 10.120090
v 7.422840 81.751503 10.279103
v 7.540234 81.653648 9.155827
v 7.569095 90.878159 10.120090
v 7.309950 81.751503 10.166204
v 6.420319 81.892189 9.976901
v 7.131368 90.783752 9.141081
v 7.540234 81.653648 9.155827
v 7.309950 81.751503 10.166204
v 6.485256 90.977837 10.378227
v 6.420319 81.892189 9.976901
v 7.422840 81.751503 10.279103
v -7.147897 99.388962 9.519691
v 6.903409 91.497734 9.559576
v 6.874843 91.226105 9.948672
v 6.874843 91.226105 9.948672
v 6.769267 90.944679 10.188488
v -7.224456 98.983955 9.976434
v 6.769267 90.944679 10.188488
v 6.874843 91.226105 9.948672
v -7.009807 99.556641 10.182709
v 7.058036 91.329056 6.449946
v 7.073195 92.433731 9.843226
v 7.026017 90.996956 9.524434
v 7.026017 90.996956 9.524434
v 7.073195 92.433731 9.843226
v 7.058036 91.329056 6.449946
v 7.576108 90.702026 10.120201
v 6.487095 90.848045 10.384976
v 6.426526 99.942833 9.976226
v 7.137406 90.592239 9.149721
v 7.576108 90.702026 10.120201
v 7.309940 99.825699 10.166205
v 7.576108 90.702026 10.120201
v 7.137406 90.592239 9.149721
v 7.540959 99.715927 9.159026
v 6.487095 90.848045 10.384976
v 7.576108 90.702026 10.120201
v 7.422830 99.825699 10.279104
v 6.874843 91.226105 9.948672
v -7.009807 99.556641 10.182709
v -7.147897 99.388962 9.519691
v -7.009807 99.556641 10.182709
v -7.224456 98.983955 9.976434
v 6.769267 90.944679 10.188488
v -7.224456 98.983955 9.976434
v -7.009807 99.556641 10.182709
v 6.874843 91.226105 9.948672
v 6.903409 91.497734 9.559576
v -7.147897 99.388962 9.519691
v -7.009807 99.556641 10.182709
v -7.009807 99.556641 10.182709
v 6.874843 91.226105 9.948672
v 6.903409 91.497734 9.559576
v 7.422830 99.825699 10.279104
v 6.426526 99.942833 9.976226
v 6.487095 90.848045 10.384976
v 7.309940 99.825699 10.166205
v 7.540959 99.715927 9.159026
v 7.137406 90.592239 9.149721
v 6.426526 99.942833 9.976226
v 7.309940 99.825699 10.166205
v 7.576108 90.702026 10.120201
v 7.540959 99.715927 9.159026
v 7.422830 99.825699 10.279104
v 7.576108 90.702026 10.120201
v 6.788080 99.292198 6.482644
v 6.788080 100.000000 6.482644
v 6.788080 100.000000 -0.416766
v 7.571651 91.496101 9.864032
v -0.023554 100.008492 30.304008
v 0.160056 99.589584 30.868717
v 7.571651 91.496101 9.864032
v 0.160056 99.589584 30.868717
v -0.023554 100.008492 30.304008
v -0.460759 99.574966 30.384214
v 0.160056 99.589584 30.868717
v 7.571651 91.496101 9.864032
v 0.160056 99.589584 30.868717
v -0.460759 99.574966 30.384214
v 6.944234 91.197395 10.051416
v -7.243392 91.728851 9.657094
v -0.062187 99.913979 30.222069
v 0.429406 99.504570 30.481474
v -7.148030 91.414398 10.022504
v 0.429406 99.504570 30.481474
v -0.062187 99.913979 30.222069
v -0.304280 99.544800 30.625505
v 0.429406 99.504570 30.481474
v -7.148030 91.414398 10.022504
v 0.429406 99.504570 30.481474
v -0.304280 99.544800 30.625505
v -7.599468 91.166977 10.247014
v -0.021337 100.000000 29.350103
v 0.776074 100.000000 29.350103
v 7.563240 100.000000 10.517304
v -0.021337 100.000000 29.350103
v -0.021336 99.292198 29.350103
v -0.594205 99.297050 29.864367
v -0.594205 99.297050 29.864367
v -0.529986 99.948067 30.262737
v -0.021337 100.000000 29.350103
v 0.776074 100.000000 29.350103
v 0.711016 99.295891 29.562763
v 7.563240 99.292198 10.517304
v -0.021336 99.292198 29.350103
v -0.021337 100.000000 29.350103
v 6.788080 100.000000 10.517304
v 0.711016 99.295891 29.562763
v -0.021336 99.292198 29.350103
v 6.788080 99.292198 10.517304
v -7.605910 100.000000 10.517304
v -0.529986 99.948067 30.262737
v -0.021337 100.000000 29.350103
v -6.830760 100.000000 10.517304
v -0.021337 100.000000 29.350103
v -0.021336 99.292198 29.350103
v -6.830760 99.292198 10.517304
v -0.021336 99.292198 29.350103
v -0.594205 99.297050 29.864367
v -7.605910 99.292198 10.517304
v -0.594205 99.297050 29.864367
v -0.529986 99.948067 30.262737
v 7.563240 100.000000 10.517304
v 6.788080 100.000000 10.517304
v -0.021337 100.000000 29.350103
v 7.563240 99.292198 10.517304
v 7.563240 100.000000 10.517304
v 0.776074 100.000000 29.350103
v 6.788080 99.292198 10.517304
v 7.563240 99.292198 10.517304
v 0.711016 99.295891 29.562763
v 6.788080 100.000000 10.517304
v 6.788080 99.292198 10.517304
v -0.021336 99.292198 29.350103
v 6.788080 100.000000 -0.416766
v 6.788080 100.000000 6.482644
v 7.309965 99.967323 6.436102
v 7.571651 91.496101 9.864032
v 6.944234 91.197395 10.051416
v -0.460759 99.574966 30.384214
v 6.788080 100.000000 10.517304
v 7.563240 100.000000 10.517304
v 7.309965 99.967323 6.436102
v 7.563240 100.000000 10.517304
v 7.563240 99.292198 10.517304
v 7.373735 99.265938 6.429428
v 6.788080 99.292198 10.517304
v 6.788080 100.000000 10.517304
v 6.788080 100.000000 6.482644
v 7.563240 99.292198 10.517304
v 6.788080 99.292198 10.517304
v 6.788080 99.292198 6.482644
v 7.309965 99.967323 6.436102
v 6.788080 100.000000 6.482644
v 6.788080 100.000000 10.517304
v 7.373735 99.265938 6.429428
v 7.309965 99.967323 6.436102
v 7.563240 100.000000 10.517304
v 6.788080 100.000000 6.482644
v 6.788080 99.292198 6.482644
v 6.788080 99.292198 10.517304
v 6.788080 99.292198 6.482644
v 7.373735 99.265938 6.429428
v 7.563240 99.292198 10.517304
v -7.414454 99.660339 -0.570313
v -6.830760 100.000000 -0.416772
v -6.830760 99.292198 -0.416772
v -7.421405 99.271919 6.438134
v -7.414454 99.660339 -0.570313
v -6.830760 99.292198 -0.416772
v -6.830760 100.000000 -0.416772
v -7.414454 99.660339 -0.570313
v -7.344408 99.976234 6.440650
v -6.830760 99.292198 6.482635
v -6.830760 99.292198 -0.416772
v -6.830760 100.000000 -0.416772
v -7.599468 91.166977 10.247014
v -7.148030 91.414398 10.022504
v -7.011766 91.391525 10.130011
v -6.830760 99.292198 -0.416772
v -6.830760 99.292198 6.482635
v -7.421405 99.271919 6.438134
v -7.414454 99.660339 -0.570313
v -7.421405 99.271919 6.438134
v -7.344408 99.976234 6.440650
v -7.344408 99.976234 6.440650
v -6.830750 100.000000 6.482635
v -6.830760 100.000000 -0.416772
v -6.830760 100.000000 -0.416772
v -6.830750 100.000000 6.482635
v -6.830760 99.292198 6.482635
v -0.021337 100.000000 29.350103
v -6.830760 100.000000 10.517304
v -7.605910 100.000000 10.517304
v -0.021336 99.292198 29.350103
v -6.830760 99.292198 10.517304
v -6.830760 100.000000 10.517304
v -0.529986 99.948067 30.262737
v -7.605910 100.000000 10.517304
v -7.605910 99.292198 10.517304
v -0.594205 99.297050 29.864367
v -7.605910 99.292198 10.517304
v -6.830760 99.292198 10.517304
v 6.944234 91.197395 10.051416
v 7.475828 91.416832 10.318818
v 0.160056 99.589584 30.868717
v -7.148030 91.414398 10.022504
v -7.599468 91.166977 10.247014
v -0.304280 99.544800 30.625505
v 0.429406 99.504570 30.481474
v -7.011766 91.391525 10.130011
v -7.243392 91.728851 9.657094
v -0.062187 99.913979 30.222069
v -7.243392 91.728851 9.657094
v -7.148030 91.414398 10.022504
v -6.830750 100.000000 6.482635
v -6.830760 100.000000 10.517304
v -6.830760 99.292198 10.517304
v -7.344408 99.976234 6.440650
v -7.605910 100.000000 10.517304
v -6.830760 100.000000 10.517304
v -7.011766 91.391525 10.130011
v -7.148030 91.414398 10.022504
v -7.243392 91.728851 9.657094
v -7.421405 99.271919 6.438134
v -7.605910 99.292198 10.517304
v -7.605910 100.000000 10.517304
v -6.830760 99.292198 6.482635
v -6.830760 99.292198 10.517304
v -7.605910 99.292198 10.517304
v 6.944234 91.197395 10.051416
v 7.571651 91.496101 9.864032
v 7.475828 91.416832 10.318818
v -6.830760 99.292198 10.517304
v -6.830760 99.292198 6.482635
v -6.830750 100.000000 6.482635
v -6.830760 100.000000 10.517304
v -6.830750 100.000000 6.482635
v -7.344408 99.976234 6.440650
v -7.605910 100.000000 10.517304
v -7.344408 99.976234 6.440650
v -7.421405 99.271919 6.438134
v -7.605910 99.292198 10.517304
v -7.421405 99.271919 6.438134
v -6.830760 99.292198 6.482635
v -0.529986 99.948067 30.262737
v 0.637482 99.528275 31.432762
v 0.776074 100.000000 29.350103
v 0.776074 100.000000 29.350103
v -0.021337 100.000000 29.350103
v -0.529986 99.948067 30.262737
v 0.711016 99.295891 29.562763
v 0.776074 100.000000 29.350103
v 0.637482 99.528275 31.432762
v 0.637482 99.528275 31.432762
v -0.529986 99.948067 30.262737
v -0.594205 99.297050 29.864367
v -7.599468 91.166977 10.247014
v -7.011766 91.391525 10.130011
v 0.429406 99.504570 30.481474
v -0.594205 99.297050 29.864367
v 0.711016 99.295891 29.562763
v 0.637482 99.528275 31.432762
v 0.711016 99.295891 29.562763
v -0.594205 99.297050 29.864367
v -0.021336 99.292198 29.350103
v 6.961509 90.349754 10.249226
v -7.013719 82.357368 10.421248
v -7.407389 82.787735 10.188690
v 6.961509 90.349754 10.249226
v -7.407389 82.787735 10.188690
v -7.013719 82.357368 10.421248
v -7.280096 82.622299 10.836856
v -7.407389 82.787735 10.188690
v 6.961509 90.349754 10.249226
v -7.407389 82.787735 10.188690
v -7.280096 82.622299 10.836856
v 6.751904 90.577881 10.795237
v 6.881883 82.032562 10.078335
v -6.985378 90.150017 10.134113
v -7.041762 90.201607 9.851213
v -6.838558 90.802834 10.150053
v -6.985378 90.150017 10.134113
v 7.126829 82.531822 10.134997
v -7.041762 90.201607 9.851213
v -6.838558 90.802834 10.150053
v 7.131030 82.528999 10.036204
v -6.469353 99.948669 9.977023
v -6.525574 90.859528 10.384115
v -7.614722 90.769714 10.106853
v -7.465510 99.825699 10.279104
v -7.614722 90.769714 10.106853
v -6.525574 90.859528 10.384115
v -7.352620 99.825699 10.166205
v -7.614722 90.769714 10.106853
v -7.180459 90.703438 9.138273
v -7.580660 99.825386 9.146136
v -7.180459 90.703438 9.138273
v -7.614722 90.769714 10.106853
v -7.605224 90.829018 10.094419
v -6.518904 90.853607 10.378873
v -6.460814 81.748581 9.980273
v -6.518904 90.853607 10.378873
v -7.605224 90.829018 10.094419
v -7.465500 81.751503 10.279103
v -7.184592 90.893196 9.135221
v -7.605224 90.829018 10.094419
v -7.352610 81.751503 10.166204
v -7.605224 90.829018 10.094419
v -7.184592 90.893196 9.135221
v -7.579123 81.756660 9.139497
v -7.041762 90.201607 9.851213
v 6.938961 82.272957 9.515232
v 6.881883 82.032562 10.078335
v -7.465500 81.751503 10.279103
v -6.460814 81.748581 9.980273
v -6.518904 90.853607 10.378873
v -6.460814 81.748581 9.980273
v -7.352610 81.751503 10.166204
v -7.605224 90.829018 10.094419
v -7.579123 81.756660 9.139497
v -7.465500 81.751503 10.279103
v -7.605224 90.829018 10.094419
v -7.352610 81.751503 10.166204
v -7.579123 81.756660 9.139497
v -7.184592 90.893196 9.135221
v 6.881883 82.032562 10.078335
v 7.131030 82.528999 10.036204
v 7.126829 82.531822 10.134997
v 6.751904 90.577881 10.795237
v 6.961509 90.349754 10.249226
v 6.787927 90.543152 10.220932
v -7.180459 90.703438 9.138273
v -7.580660 99.825386 9.146136
v -7.352620 99.825699 10.166205
v -7.041762 90.201607 9.851213
v 6.881883 82.032562 10.078335
v 6.938961 82.272957 9.515232
v 7.131030 82.528999 10.036204
v 6.881883 82.032562 10.078335
v -7.041762 90.201607 9.851213
v 6.881883 82.032562 10.078335
v 7.126829 82.531822 10.134997
v -6.985378 90.150017 10.134113
v -6.838558 90.802834 10.150053
v 7.126829 82.531822 10.134997
v 7.131030 82.528999 10.036204
v -7.407389 82.787735 10.188690
v 6.787927 90.543152 10.220932
v 6.961509 90.349754 10.249226
v -7.614722 90.769714 10.106853
v -7.465510 99.825699 10.279104
v -7.580660 99.825386 9.146136
v -7.614722 90.769714 10.106853
v -7.352620 99.825699 10.166205
v -6.469353 99.948669 9.977023
v -6.525574 90.859528 10.384115
v -6.469353 99.948669 9.977023
v -7.465510 99.825699 10.279104
v -6.921957 90.931923 10.803527
v -6.945855 91.258186 10.250261
v -6.927294 90.993706 10.211052
v -6.838558 90.802834 10.150053
v -7.041762 90.201607 9.851213
v -6.985378 90.150017 10.134113
v -6.945855 91.258186 10.250261
v 7.179050 98.678665 10.195303
v 7.024492 99.250008 10.422022
v 7.120630 98.891022 10.846227
v 7.179050 98.678665 10.195303
v -6.945855 91.258186 10.250261
v 7.179050 98.678665 10.195303
v 7.120630 98.891022 10.846227
v -6.921957 90.931923 10.803527
v -6.945855 91.258186 10.250261
v 7.024492 99.250008 10.422022
v 7.179050 98.678665 10.195303
v 0.160056 99.589584 30.868717
v 7.475828 91.416832 10.318818
v 7.571651 91.496101 9.864032
v 6.961509 90.349754 10.249226
v 6.751904 90.577881 10.795237
v -7.280096 82.622299 10.836856
v 6.751904 90.577881 10.795237
v 6.787927 90.543152 10.220932
v -7.407389 82.787735 10.188690
v -6.945855 91.258186 10.250261
v -6.921957 90.931923 10.803527
v 7.120630 98.891022 10.846227
v -6.921957 90.931923 10.803527
v -6.927294 90.993706 10.211052
v 7.179050 98.678665 10.195303
v 7.179050 98.678665 10.195303
v -6.927294 90.993706 10.211052
v -6.945855 91.258186 10.250261
v 6.788080 100.000000 -11.321495
v 6.788080 100.000000 -7.286806
v 7.313219 99.968040 -7.336297
v 7.563230 100.000000 -11.321495
v 7.313219 99.968040 -7.336297
v 7.374431 99.263161 -7.337357
v 6.788080 99.292198 -11.321495
v 6.788080 99.292198 -7.286806
v 6.788080 100.000000 -7.286806
v 7.563230 99.292198 -11.321495
v 7.374431 99.263161 -7.337357
v 6.788080 99.292198 -7.286806
v 7.313219 99.968040 -7.336297
v 7.563230 100.000000 -11.321495
v 6.788080 100.000000 -11.321495
v 7.383895 99.648109 -0.326936
v 6.788080 100.000000 -0.387394
v 6.788080 99.292198 -0.387392
v -6.681727 91.115555 -10.947036
v -7.298523 91.246071 -10.996196
v 0.035820 99.427391 -31.582460
v 7.374431 99.263161 -7.337357
v 7.563230 99.292198 -11.321495
v 7.563230 100.000000 -11.321495
v 6.788080 100.000000 -7.286806
v 6.788080 100.000000 -11.321495
v 6.788080 99.292198 -11.321495
v 6.788080 99.292198 -7.286806
v 6.788080 99.292198 -11.321495
v 7.563230 99.292198 -11.321495
v -0.019921 99.999908 -30.165167
v 6.788080 100.000000 -11.321495
v 7.563230 100.000000 -11.321495
v 0.670702 99.989563 -30.470881
v 7.563230 100.000000 -11.321495
v 7.563230 99.292198 -11.321495
v 0.642764 99.293968 -30.562149
v 7.563230 99.292198 -11.321495
v 6.788080 99.292198 -11.321495
v -0.021339 99.292198 -30.154297
v 6.788080 99.292198 -11.321495
v 6.788080 100.000000 -11.321495
v 0.152020 99.910416 -31.323088
v 7.341071 91.720955 -10.735165
v 7.358670 91.285599 -10.800596
v -0.152976 99.306503 -31.090240
v 7.325505 91.152672 -10.625138
v 7.341071 91.720955 -10.735165
v 7.325505 91.152672 -10.625138
v 7.358670 91.285599 -10.800596
v 7.341071 91.720955 -10.735165
v 7.793866 91.056953 -11.077621
v 7.358670 91.285599 -10.800596
v 7.325505 91.152672 -10.625138
v 6.788080 100.000000 -0.387394
v 7.383895 99.648109 -0.326936
v 7.313219 99.968040 -7.336297
v 6.788080 99.292198 -7.286806
v 6.788080 99.292198 -0.387392
v 6.788080 100.000000 -0.387394
v 7.374431 99.263161 -7.337357
v 7.383895 99.648109 -0.326936
v 6.788080 99.292198 -0.387392
v 7.383895 99.648109 -0.326936
v 7.374431 99.263161 -7.337357
v 7.313219 99.968040 -7.336297
v 7.313219 99.968040 -7.336297
v 6.788080 100.000000 -7.286806
v 6.788080 100.000000 -0.387394
v 6.788080 100.000000 -0.387394
v 6.788080 100.000000 -7.286806
v 6.788080 99.292198 -7.286806
v 6.788080 99.292198 -0.387392
v 6.788080 99.292198 -7.286806
v 7.374431 99.263161 -7.337357
v 7.793866 91.056953 -11.077621
v 7.325505 91.152672 -10.625138
v -0.152976 99.306503 -31.090240
v 7.358670 91.285599 -10.800596
v 7.793866 91.056953 -11.077621
v 0.476781 99.463768 -31.525511
v -7.241751 91.485863 -10.940356
v -6.681727 91.115555 -10.947036
v 0.728683 99.499794 -31.311361
v 7.563230 100.000000 -11.321495
v 0.670702 99.989563 -30.470881
v -0.019921 99.999908 -30.165167
v 7.563230 99.292198 -11.321495
v 0.642764 99.293968 -30.562149
v 0.670702 99.989563 -30.470881
v 6.788080 100.000000 -11.321495
v -0.019921 99.999908 -30.165167
v -0.021339 99.292198 -30.154297
v 6.788080 99.292198 -11.321495
v -0.021339 99.292198 -30.154297
v 0.642764 99.293968 -30.562149
v 7.341071 91.720955 -10.735165
v 0.152020 99.910416 -31.323088
v -0.152976 99.306503 -31.090240
v 7.358670 91.285599 -10.800596
v -0.152976 99.306503 -31.090240
v 0.152020 99.910416 -31.323088
v -0.021339 99.292198 -30.154297
v -0.818749 99.292198 -30.154297
v -0.584014 99.601532 -31.849426
v 0.476781 99.463768 -31.525511
v -0.152976 99.306503 -31.090240
v 7.358670 91.285599 -10.800596
v -0.152976 99.306503 -31.090240
v 0.476781 99.463768 -31.525511
v 7.793866 91.056953 -11.077621
v -0.019921 99.999908 -30.165167
v -0.818746 100.000000 -30.154297
v -7.605910 100.000000 -11.321495
v -0.021339 99.292198 -30.154297
v -0.019921 99.999908 -30.165167
v -6.830760 100.000000 -11.321495
v -0.818749 99.292198 -30.154297
v -0.021339 99.292198 -30.154297
v -6.830760 99.292198 -11.321495
v -0.818746 100.000000 -30.154297
v -0.818749 99.292198 -30.154297
v -7.605910 99.292198 -11.321495
v 0.035820 99.427391 -31.582460
v 0.728683 99.499794 -31.311361
v -6.681727 91.115555 -10.947036
v 0.728683 99.499794 -31.311361
v 0.035820 99.427391 -31.582460
v -7.241751 91.485863 -10.940356
v -7.241751 91.485863 -10.940356
v 0.229697 99.874825 -31.061319
v 0.035820 99.427391 -31.582460
v -7.241751 91.485863 -10.940356
v 0.035820 99.427391 -31.582460
v 0.229697 99.874825 -31.061319
v 0.267194 100.098770 -32.323837
v -0.019921 99.999908 -30.165167
v 0.670702 99.989563 -30.470881
v 0.267194 100.098770 -32.323837
v 0.670702 99.989563 -30.470881
v 0.642764 99.293968 -30.562149
v -6.681727 91.115555 -10.947036
v -7.241751 91.485863 -10.940356
v -7.298523 91.246071 -10.996196
v -6.830760 100.000000 -11.321495
v -7.605910 100.000000 -11.321495
v -7.346591 99.977493 -7.327172
v 0.035820 99.427391 -31.582460
v -7.298523 91.246071 -10.996196
v -7.241751 91.485863 -10.940356
v -6.830760 99.292198 -11.321495
v -7.605910 99.292198 -11.321495
v -0.818749 99.292198 -30.154297
v -7.605910 99.292198 -11.321495
v -7.605910 100.000000 -11.321495
v -0.818746 100.000000 -30.154297
v -0.021339 99.292198 -30.154297
v -0.584014 99.601532 -31.849426
v 0.642764 99.293968 -30.562149
v 0.267194 100.098770 -32.323837
v 0.642764 99.293968 -30.562149
v -0.584014 99.601532 -31.849426
v -0.019921 99.999908 -30.165167
v -0.584014 99.601532 -31.849426
v -0.818746 100.000000 -30.154297
v -0.584014 99.601532 -31.849426
v -0.021339 99.292198 -30.154297
v -0.019921 99.999908 -30.165167
v -7.605910 100.000000 -11.321495
v -6.830760 100.000000 -11.321495
v -0.019921 99.999908 -30.165167
v -6.830760 100.000000 -11.321495
v -6.830760 99.292198 -11.321495
v -0.021339 99.292198 -30.154297
v -0.019921 99.999908 -30.165167
v 0.267194 100.098770 -32.323837
v -0.584014 99.601532 -31.849426
v -0.584014 99.601532 -31.849426
v -0.019921 99.999908 -30.165167
v 0.267194 100.098770 -32.323837
v -0.818749 99.292198 -30.154297
v -0.818746 100.000000 -30.154297
v -0.584014 99.601532 -31.849426
v 6.788080 99.292198 -0.416764
v 7.376171 99.651001 -0.567973
v 7.373735 99.265938 6.429428
v 6.788080 100.000000 -0.416766
v 6.788080 99.292198 -0.416764
v 6.788080 99.292198 6.482644
v 7.309965 99.967323 6.436102
v 7.376171 99.651001 -0.567973
v 6.788080 100.000000 -0.416766
v 7.373735 99.265938 6.429428
v 6.788080 99.292198 6.482644
v 6.788080 99.292198 -0.416764
v 7.309965 99.967323 6.436102
v 7.373735 99.265938 6.429428
v 7.376171 99.651001 -0.567973
v 7.380432 90.876839 -10.454919
v 7.970613 91.168808 -10.312004
v 7.680237 99.052391 9.338429
v 7.362732 98.770668 -11.115349
v 6.952215 99.213760 -11.334621
v -7.039612 91.203308 -11.157222
v 6.952215 99.213760 -11.334621
v 7.362732 98.770668 -11.115349
v -7.039612 91.203308 -11.157222
v -7.605910 99.292198 -11.321495
v -6.830760 99.292198 -11.321495
v -6.830760 99.292198 -7.286806
v -6.793725 91.001404 -11.717210
v 7.237486 98.942657 -11.749141
v 7.362732 98.770668 -11.115349
v 7.448998 99.005318 9.336048
v 7.680237 99.052391 9.338429
v 7.364433 99.517067 9.090961
v -7.039612 91.203308 -11.157222
v 7.362732 98.770668 -11.115349
v 7.237486 98.942657 -11.749141
v -6.830760 99.292198 -11.321495
v -6.830760 100.000000 -11.321495
v -6.830750 100.000000 -7.286806
v 6.895837 91.502029 -10.473636
v 6.856091 91.232056 -10.861001
v -7.047633 99.569695 -11.101478
v -6.832020 91.026573 -11.137619
v -7.039612 91.203308 -11.157222
v -6.793725 91.001404 -11.717210
v -7.047633 99.569695 -11.101478
v -7.150219 99.385506 -10.429302
v 6.895837 91.502029 -10.473636
v -7.150219 99.385506 -10.429302
v -7.047633 99.569695 -11.101478
v 6.856091 91.232056 -10.861001
v 6.856091 91.232056 -10.861001
v -7.047633 99.569695 -11.101478
v -7.239037 98.995781 -10.889470
v 6.749290 90.953461 -11.097458
v -7.239037 98.995781 -10.889470
v -7.047633 99.569695 -11.101478
v -7.346591 99.977493 -7.327172
v -6.830750 100.000000 -7.286806
v -6.830760 100.000000 -11.321495
v -6.830750 100.000000 -7.286806
v -6.830760 99.292198 -7.286806
v -6.830760 99.292198 -11.321495
v 7.570996 91.561455 9.546653
v 7.334091 91.534508 9.530159
v 7.619995 91.032516 9.328843
v 6.788080 99.292198 -0.416764
v 6.788080 100.000000 -0.416766
v 7.376171 99.651001 -0.567973
v 7.586689 91.540382 -10.608079
v 7.364433 99.517067 9.090961
v 7.680237 99.052391 9.338429
v 7.380432 90.876839 -10.454919
v 7.448998 99.005318 9.336048
v 7.364433 99.517067 9.090961
v 7.680237 99.052391 9.338429
v 7.448998 99.005318 9.336048
v 7.380432 90.876839 -10.454919
v 7.334091 91.534508 9.530159
v 7.570996 91.561455 9.546653
v 7.272017 99.632591 -10.077267
v 7.970613 91.168808 -10.312004
v 7.380432 90.876839 -10.454919
v 7.680237 99.052391 9.338429
v 7.680237 99.052391 9.338429
v 7.380432 90.876839 -10.454919
v 7.586689 91.540382 -10.608079
v 7.016029 99.060722 -10.363194
v 7.619995 91.032516 9.328843
v 7.334091 91.534508 9.530159
v 7.272017 99.632591 -10.077267
v 7.570996 91.561455 9.546653
v 7.619995 91.032516 9.328843
v 7.364433 99.517067 9.090961
v 7.586689 91.540382 -10.608079
v 7.380432 90.876839 -10.454919
v 7.619995 91.032516 9.328843
v 7.016029 99.060722 -10.363194
v 7.272017 99.632591 -10.077267
v 7.334091 91.534508 9.530159
v 7.272017 99.632591 -10.077267
v 7.016029 99.060722 -10.363194
v 7.272017 99.632591 -10.077267
v 6.671800 99.469612 -10.182229
v 7.334091 91.534508 9.530159
v 6.671800 99.469612 -10.182229
v 7.272017 99.632591 -10.077267
v 7.334091 91.534508 9.530159
v 7.237486 98.942657 -11.749141
v -6.793725 91.001404 -11.717210
v -7.039612 91.203308 -11.157222
v 7.362732 98.770668 -11.115349
v -6.832020 91.026573 -11.137619
v -6.793725 91.001404 -11.717210
v -7.039612 91.203308 -11.157222
v -6.832020 91.026573 -11.137619
v 7.362732 98.770668 -11.115349
v -7.239037 98.995781 -10.889470
v 6.749290 90.953461 -11.097458
v 6.856091 91.232056 -10.861001
v -7.047633 99.569695 -11.101478
v 6.856091 91.232056 -10.861001
v 6.749290 90.953461 -11.097458
v 6.856091 91.232056 -10.861001
v 6.895837 91.502029 -10.473636
v -7.150219 99.385506 -10.429302
v -7.935915 98.862030 9.574805
v -7.970290 91.001930 -10.184342
v -7.368428 90.745499 -10.286490
v -7.641503 99.050446 9.452202
v -7.368428 90.745499 -10.286490
v -7.970290 91.001930 -10.184342
v -7.597329 91.368385 -10.517722
v -7.368428 90.745499 -10.286490
v -7.641503 99.050446 9.452202
v -7.368428 90.745499 -10.286490
v -7.597329 91.368385 -10.517722
v -7.376253 99.353798 9.178962
v -7.392980 90.890511 9.323159
v -7.155995 91.217537 9.567441
v -7.519850 99.550148 -10.244000
v -7.155995 91.217537 9.567441
v -7.392980 90.890511 9.323159
v -7.253757 98.899002 -10.358842
v -6.897040 99.298676 -10.082440
v -6.869491 91.433823 9.667099
v -7.155995 91.217537 9.567441
v -7.519850 99.550148 -10.244000
v -7.253757 98.899002 -10.358842
v -7.392980 90.890511 9.323159
v -7.253757 98.899002 -10.358842
v -7.519850 99.550148 -10.244000
v -7.155995 91.217537 9.567441
v -6.948406 91.387154 -7.194592
v -6.921630 91.046059 -10.344454
v -7.282199 89.568695 -10.236432
v -7.282199 89.568695 -10.236432
v -6.921630 91.046059 -10.344454
v -6.948406 91.387154 -7.194592
v -7.282199 89.568695 -10.236432
v -7.240973 89.572006 -7.461735
v -6.948406 91.387154 -7.194592
v -6.948406 91.387154 -7.194592
v -7.240973 89.572006 -7.461735
v -7.282199 89.568695 -10.236432
v -7.423146 99.271233 -7.322935
v -7.346591 99.977493 -7.327172
v -7.605910 100.000000 -11.321495
v -6.830760 99.292198 -7.286806
v -7.423146 99.271233 -7.322935
v -7.605910 99.292198 -11.321495
v -7.605910 100.000000 -11.321495
v -7.605910 99.292198 -11.321495
v -7.423146 99.271233 -7.322935
v -6.527462 90.595230 -11.182005
v -7.598398 90.632050 -10.891470
v -7.465510 99.825699 -11.083295
v -7.160508 90.701767 -9.895586
v -7.598398 90.632050 -10.891470
v -7.352620 99.825699 -10.970395
v -7.598398 90.632050 -10.891470
v -6.527462 90.595230 -11.182005
v -6.493922 99.687714 -10.816566
v -6.948406 91.387154 -7.194592
v -6.971289 92.444733 -10.690398
v -6.921630 91.046059 -10.344454
v -6.921630 91.046059 -10.344454
v -6.971289 92.444733 -10.690398
v -6.948406 91.387154 -7.194592
v -7.598398 90.632050 -10.891470
v -7.160508 90.701767 -9.895586
v -7.579556 99.828102 -9.945455
v -6.869491 91.433823 9.667099
v -6.897040 99.298676 -10.082440
v -7.519850 99.550148 -10.244000
v -7.155995 91.217537 9.567441
v -7.519850 99.550148 -10.244000
v -6.897040 99.298676 -10.082440
v -7.423146 99.271233 -7.322935
v -6.830760 99.292198 -7.286806
v -6.830760 99.292198 -0.387398
v -7.346591 99.977493 -7.327172
v -7.423146 99.271233 -7.322935
v -7.421480 99.660423 -0.322702
v -6.830760 100.000000 -0.387400
v -6.830750 100.000000 -7.286806
v -7.346591 99.977493 -7.327172
v -6.830760 99.292198 -7.286806
v -6.830750 100.000000 -7.286806
v -6.830760 100.000000 -0.387400
v -6.830760 99.292198 -0.387398
v -7.421480 99.660423 -0.322702
v -7.423146 99.271233 -7.322935
v -7.346591 99.977493 -7.327172
v -7.421480 99.660423 -0.322702
v -6.830760 100.000000 -0.387400
v -6.830760 100.000000 -0.387400
v -6.830760 99.292198 -0.387398
v -6.830760 99.292198 -7.286806
v -7.368428 90.745499 -10.286490
v -7.641503 99.050446 9.452202
v -7.935915 98.862030 9.574805
v -7.970290 91.001930 -10.184342
v -7.935915 98.862030 9.574805
v -7.641503 99.050446 9.452202
v -7.519850 99.550148 -10.244000
v -7.155995 91.217537 9.567441
v -6.869491 91.433823 9.667099
v -7.376253 99.353798 9.178962
v -7.641503 99.050446 9.452202
v -7.368428 90.745499 -10.286490
v -7.641503 99.050446 9.452202
v -7.376253 99.353798 9.178962
v -7.597329 91.368385 -10.517722
v -6.830760 99.292198 -0.387398
v -6.830760 100.000000 -0.387400
v -7.421480 99.660423 -0.322702
v -6.950834 91.532928 6.651947
v -7.240054 89.119743 6.194977
v -7.288393 89.602783 9.448503
v -7.288393 89.602783 9.448503
v -7.240054 89.119743 6.194977
v -6.950834 91.532928 6.651947
v -7.288393 89.602783 9.448503
v -6.937476 91.095688 9.532061
v -6.950834 91.532928 6.651947
v -6.950834 91.532928 6.651947
v -6.937476 91.095688 9.532061
v -7.288393 89.602783 9.448503
v -7.352620 99.825699 -10.970395
v -7.579556 99.828102 -9.945455
v -7.160508 90.701767 -9.895586
v -7.579556 99.828102 -9.945455
v -7.465510 99.825699 -11.083295
v -7.598398 90.632050 -10.891470
v -6.493922 99.687714 -10.816566
v -7.352620 99.825699 -10.970395
v -7.598398 90.632050 -10.891470
v -7.465510 99.825699 -11.083295
v -6.493922 99.687714 -10.816566
v -6.527462 90.595230 -11.182005
v -6.950834 91.532928 6.651947
v -6.971501 92.439972 9.826979
v -6.937476 91.095688 9.532061
v -6.937476 91.095688 9.532061
v -6.971501 92.439972 9.826979
v -6.950834 91.532928 6.651947
v -7.075822 54.909985 -10.385135
v -7.662440 62.914307 9.311883
v -7.424054 62.602200 9.592004
v -7.331484 54.339649 -10.047779
v -7.424054 62.602200 9.592004
v -7.662440 62.914307 9.311883
v -7.125696 62.352634 9.591311
v -7.424054 62.602200 9.592004
v -7.331484 54.339649 -10.047779
v -7.424054 62.602200 9.592004
v -7.125696 62.352634 9.591311
v -6.709841 54.488411 -10.169582
v -7.422213 63.045860 -10.395222
v -7.688130 54.730755 9.349226
v -7.407354 54.417282 9.119390
v -7.985906 54.921021 9.437397
v -7.688130 54.730755 9.349226
v -7.422213 63.045860 -10.395222
v -7.688130 54.730755 9.349226
v -7.985906 54.921021 9.437397
v -8.013302 62.782333 -10.321708
v -7.688130 54.730755 9.349226
v -7.422213 63.045860 -10.395222
v -7.629342 62.391838 -10.574710
v -7.407354 54.417282 9.119390
v -7.629342 62.391838 -10.574710
v -7.422213 63.045860 -10.395222
v -7.424054 62.602200 9.592004
v -7.331484 54.339649 -10.047779
v -7.075822 54.909985 -10.385135
v -7.662440 62.914307 9.311883
v -7.075822 54.909985 -10.385135
v -7.331484 54.339649 -10.047779
v -8.013302 62.782333 -10.321708
v -7.422213 63.045860 -10.395222
v -7.688130 54.730755 9.349226
v -7.422213 63.045860 -10.395222
v -8.013302 62.782333 -10.321708
v -7.985906 54.921021 9.437397
v -7.629342 62.391838 -10.574710
v -7.407354 54.417282 9.119390
v -7.688130 54.730755 9.349226
v 7.022482 44.126637 -11.115408
v 6.763131 44.411160 -11.324282
v 0.140844 34.775871 -11.771247
v -6.897329 44.391773 -11.150166
v -6.444648 44.435226 -11.684241
v -0.251300 34.621807 -12.483247
v -7.426417 54.300098 -0.331963
v -6.830750 53.947403 -0.387391
v -6.830750 54.655201 -0.387387
v -0.183971 34.794735 -11.777190
v -6.588241 44.454659 -11.112193
v -6.897329 44.391773 -11.150166
v -6.444648 44.435226 -11.684241
v -6.897329 44.391773 -11.150166
v -6.588241 44.454659 -11.112193
v -6.709841 54.488411 -10.169582
v -7.331484 54.339649 -10.047779
v -7.424054 62.602200 9.592004
v -7.331484 54.339649 -10.047779
v -6.709841 54.488411 -10.169582
v -7.125696 62.352634 9.591311
v -6.830750 54.655201 -7.286798
v -6.830750 54.655201 -0.387387
v -6.830750 53.947403 -0.387391
v -7.413886 54.689709 -7.361277
v -7.426417 54.300098 -0.331963
v -6.830750 54.655201 -0.387387
v -6.830750 53.947403 -0.387391
v -6.830750 53.947403 -7.286798
v -6.830750 54.655201 -7.286798
v -6.830750 54.655201 -0.387387
v -6.830750 54.655201 -7.286798
v -7.413886 54.689709 -7.361277
v -7.426417 54.300098 -0.331963
v -7.413886 54.689709 -7.361277
v -7.353032 53.977528 -7.309002
v -6.830750 53.947403 -0.387391
v -7.426417 54.300098 -0.331963
v -7.353032 53.977528 -7.309002
v -7.353032 53.977528 -7.309002
v -6.830750 53.947403 -7.286798
v -6.830750 53.947403 -0.387391
v -6.444648 44.435226 -11.684241
v -6.588241 44.454659 -11.112193
v -0.183971 34.794735 -11.777190
v 0.293311 34.734989 -12.471940
v 6.495401 44.577911 -11.662152
v 6.763131 44.411160 -11.324282
v 0.140844 34.775871 -11.771247
v 6.763131 44.411160 -11.324282
v 6.495401 44.577911 -11.662152
v 0.693667 34.440643 -12.087037
v 0.140844 34.775871 -11.771247
v 6.763131 44.411160 -11.324282
v 6.763131 44.411160 -11.324282
v 0.140844 34.775871 -11.771247
v 0.293311 34.734989 -12.471940
v 0.140844 34.775871 -11.771247
v 0.693667 34.440643 -12.087037
v 7.022482 44.126637 -11.115408
v 6.495401 44.577911 -11.662152
v 0.293311 34.734989 -12.471940
v 0.140844 34.775871 -11.771247
v 6.763131 44.411160 -11.324282
v 7.022482 44.126637 -11.115408
v 0.693667 34.440643 -12.087037
v -6.897329 44.391773 -11.150166
v -0.183971 34.794735 -11.777190
v -0.833722 34.583435 -12.081656
v -0.251300 34.621807 -12.483247
v -0.183971 34.794735 -11.777190
v -6.897329 44.391773 -11.150166
v -6.897329 44.391773 -11.150166
v -0.833722 34.583435 -12.081656
v -0.183971 34.794735 -11.777190
v -0.183971 34.794735 -11.777190
v -0.251300 34.621807 -12.483247
v -6.444648 44.435226 -11.684241
v -6.830750 54.655201 -11.321497
v -6.830750 54.655201 -7.286798
v -6.830750 53.947403 -7.286798
v -7.425217 45.093319 -0.324863
v -6.830750 44.743500 -0.387386
v -6.830750 45.451302 -0.387386
v -0.534277 45.451298 -30.826815
v -7.605910 45.451199 -11.321498
v -6.830750 45.451302 -11.321498
v 6.782699 53.776512 -10.577528
v 7.305830 53.360554 -10.680352
v 7.338816 53.585354 -10.766715
v -7.419373 45.476906 -7.331634
v -7.605910 45.451199 -11.321498
v -7.605900 44.743500 -11.321498
v -6.830750 45.451199 -7.286788
v -6.830750 45.451302 -0.387386
v -6.830750 44.743500 -0.387386
v -7.419373 45.476906 -7.331634
v -7.425217 45.093319 -0.324863
v -6.830750 45.451302 -0.387386
v -6.830750 44.743500 -0.387386
v -6.830750 44.743500 -7.286798
v -6.830750 45.451199 -7.286788
v -6.830750 45.451302 -0.387386
v -6.830750 45.451199 -7.286788
v -7.419373 45.476906 -7.331634
v -7.425217 45.093319 -0.324863
v -7.419373 45.476906 -7.331634
v -7.354107 44.772835 -7.353223
v -6.969501 44.753399 -10.393599
v -6.982910 44.754601 -10.393599
v -6.982910 46.987198 -10.355498
v -6.830750 45.451199 -7.286788
v -6.830750 45.451302 -11.321498
v -7.605910 45.451199 -11.321498
v -6.830750 44.743500 -0.387386
v -7.425217 45.093319 -0.324863
v -7.354107 44.772835 -7.353223
v -7.354107 44.772835 -7.353223
v -6.830750 44.743500 -7.286798
v -6.830750 44.743500 -0.387386
v -6.830750 44.743500 -7.286798
v -6.830750 44.743500 -11.321498
v -6.830750 45.451302 -11.321498
v -6.982910 46.987198 -10.355498
v -6.969440 46.987198 -10.355498
v -6.969501 44.753399 -10.393599
v -0.021335 45.451199 -30.154299
v -6.830750 45.451302 -11.321498
v -6.830750 44.743500 -11.321498
v -0.482796 44.788006 -31.173349
v -7.605900 44.743500 -11.321498
v -7.605910 45.451199 -11.321498
v -6.830750 44.743500 -11.321498
v -6.830750 44.743500 -7.286798
v -7.354107 44.772835 -7.353223
v -6.969470 44.801102 -7.215249
v -6.982910 44.801899 -7.215258
v -7.381661 42.305759 -8.897102
v -7.354107 44.772835 -7.353223
v -7.605900 44.743500 -11.321498
v -6.830750 44.743500 -11.321498
v -7.324220 42.701199 -10.829698
v -6.969501 44.753399 -10.393599
v -6.969470 44.801102 -7.215249
v -6.982910 44.801899 -7.215258
v -6.982910 44.754601 -10.393599
v -7.337490 42.703499 -10.829698
v -6.969470 44.801102 -7.215249
v -7.381661 42.305759 -8.897102
v -7.324220 42.701199 -10.829698
v -7.337490 42.703499 -10.829698
v -7.381661 42.305759 -8.897102
v -6.982910 44.801899 -7.215258
v -7.337490 42.703499 -10.829698
v -7.324220 42.701199 -10.829698
v -7.381661 42.305759 -8.897102
v -6.982900 46.987198 -7.713338
v -6.982910 46.987198 -10.355498
v -6.982910 44.754601 -10.393599
v -6.969501 44.753399 -10.393599
v -6.969440 46.987198 -10.355498
v -6.969440 46.987198 -7.713338
v -7.605900 44.743500 -11.321498
v -7.354107 44.772835 -7.353223
v -7.419373 45.476906 -7.331634
v 7.563240 44.743500 -11.321498
v 6.788090 44.743500 -11.321498
v -0.021335 44.743500 -30.154299
v -0.021335 44.743500 -30.154299
v 0.776075 44.743500 -30.154299
v 7.563240 44.743500 -11.321498
v -7.605900 44.743500 -11.321498
v -0.482796 44.788006 -31.173349
v -0.021335 44.743500 -30.154299
v -0.482796 44.788006 -31.173349
v 0.668445 45.168018 -32.171928
v 0.776075 44.743500 -30.154299
v 6.788090 44.743500 -11.321498
v 7.563240 44.743500 -11.321498
v 7.308967 44.774086 -7.264083
v -0.643515 45.376942 -30.949312
v 0.105648 45.505127 -31.096581
v 7.305830 53.360554 -10.680352
v 7.308967 44.774086 -7.264083
v 6.788090 44.743500 -7.286798
v 6.788090 44.743500 -11.321498
v 6.788090 44.743500 -11.321498
v 6.788080 45.451302 -11.321498
v -0.021335 45.451199 -30.154299
v 7.563240 45.451199 -11.321498
v 7.563240 44.743500 -11.321498
v 0.776075 44.743500 -30.154299
v 6.788080 45.451302 -11.321498
v 7.563240 45.451199 -11.321498
v 0.657978 45.447929 -30.513193
v 7.305830 53.360554 -10.680352
v 6.782699 53.776512 -10.577528
v -0.643515 45.376942 -30.949312
v 6.782699 53.776512 -10.577528
v 7.338816 53.585354 -10.766715
v 0.105648 45.505127 -31.096581
v 0.105648 45.505127 -31.096581
v 7.338816 53.585354 -10.766715
v 7.305830 53.360554 -10.680352
v 0.105648 45.505127 -31.096581
v -0.643515 45.376942 -30.949312
v 6.782699 53.776512 -10.577528
v 7.305830 53.360554 -10.680352
v -0.296053 44.841381 -31.126415
v 0.105648 45.505127 -31.096581
v 7.305830 53.360554 -10.680352
v 0.105648 45.505127 -31.096581
v -0.296053 44.841381 -31.126415
v 0.657978 45.447929 -30.513193
v -0.021335 45.451199 -30.154299
v 6.788080 45.451302 -11.321498
v 0.776075 44.743500 -30.154299
v 0.657978 45.447929 -30.513193
v 7.563240 45.451199 -11.321498
v -0.021335 45.451199 -30.154299
v -0.021335 44.743500 -30.154299
v 6.788090 44.743500 -11.321498
v -6.830750 45.451302 -11.321498
v -0.021335 45.451199 -30.154299
v -0.534277 45.451298 -30.826815
v -6.830750 44.743500 -11.321498
v -0.021335 44.743500 -30.154299
v -0.021335 45.451199 -30.154299
v 0.776075 44.743500 -30.154299
v -0.021335 44.743500 -30.154299
v -0.482796 44.788006 -31.173349
v -7.605910 45.451199 -11.321498
v -0.534277 45.451298 -30.826815
v -0.482796 44.788006 -31.173349
v 0.657978 45.447929 -30.513193
v -0.534277 45.451298 -30.826815
v -0.021335 45.451199 -30.154299
v -7.605910 45.451199 -11.321498
v -7.419373 45.476906 -7.331634
v -6.830750 45.451199 -7.286788
v 0.657978 45.447929 -30.513193
v 0.776075 44.743500 -30.154299
v 0.668445 45.168018 -32.171928
v -0.534277 45.451298 -30.826815
v 0.657978 45.447929 -30.513193
v 0.668445 45.168018 -32.171928
v 0.668445 45.168018 -32.171928
v -0.482796 44.788006 -31.173349
v -0.534277 45.451298 -30.826815
v 6.788080 45.451302 -11.321498
v 6.788090 44.743500 -11.321498
v 6.788090 44.743500 -7.286798
v 7.563240 44.743500 -11.321498
v 7.563240 45.451199 -11.321498
v 7.375197 45.477081 -7.269466
v 7.563240 45.451199 -11.321498
v 6.788080 45.451302 -11.321498
v 6.788090 45.451199 -7.286798
v -6.982910 44.754601 -10.393599
v -6.982910 44.801899 -7.215258
v -6.982900 46.987198 -7.713338
v -6.969440 46.987198 -7.713338
v -6.969470 44.801102 -7.215249
v -6.969501 44.753399 -10.393599
v -0.021335 44.743500 -30.154299
v -0.021335 45.451199 -30.154299
v -0.534277 45.451298 -30.826815
v -6.830750 45.451302 -11.321498
v -6.830750 45.451199 -7.286788
v -6.830750 44.743500 -7.286798
v -6.982910 44.754601 -10.393599
v -6.969501 44.753399 -10.393599
v -7.324220 42.701199 -10.829698
v -6.982910 44.801899 -7.215258
v -6.969470 44.801102 -7.215249
v -6.969440 46.987198 -7.713338
v 6.788090 44.743500 -7.286798
v 6.788090 45.451199 -7.286798
v 6.788080 45.451302 -11.321498
v 7.375197 45.477081 -7.269466
v 7.308967 44.774086 -7.264083
v 7.563240 44.743500 -11.321498
v 6.788090 45.451199 -7.286798
v 7.375197 45.477081 -7.269466
v 7.563240 45.451199 -11.321498
v -6.969440 46.987198 -7.713338
v -6.982900 46.987198 -7.713338
v -6.982910 44.801899 -7.215258
v -0.534277 45.451298 -30.826815
v -0.482796 44.788006 -31.173349
v -0.021335 44.743500 -30.154299
v -6.969440 46.987198 -10.355498
v -6.982910 46.987198 -10.355498
v -6.982900 46.987198 -7.713338
v -7.324220 42.701199 -10.829698
v -7.337490 42.703499 -10.829698
v -6.982910 44.754601 -10.393599
v -0.021335 44.743500 -30.154299
v -6.830750 44.743500 -11.321498
v -7.605900 44.743500 -11.321498
v -6.982900 46.987198 -7.713338
v -6.969440 46.987198 -7.713338
v -6.969440 46.987198 -10.355498
v -29.085201 -95.820305 25.959497
v -24.707500 -67.515999 -0.280042
v -24.723000 -67.616806 -0.413080
v -27.852499 -95.396797 26.713198
v -28.054699 -95.370796 26.713097
v -28.142399 -95.941505 25.959896
v -23.764700 -67.637199 -0.279603
v -24.707500 -67.515999 -0.280042
v -29.085201 -95.820305 25.959497
v -24.723000 -67.616806 -0.413080
v -23.584738 -67.814285 -0.366296
v -27.962034 -96.111282 25.867588
v -28.142399 -95.941505 25.959896
v -27.962034 -96.111282 25.867588
v -27.852499 -95.396797 26.713198
v -29.100700 -95.921097 25.826397
v -27.962034 -96.111282 25.867588
v -28.142399 -95.941505 25.959896
v -28.142399 -95.941505 25.959896
v -29.085201 -95.820305 25.959497
v -29.100700 -95.921097 25.826397
v -28.054699 -95.370796 26.713097
v -27.852499 -95.396797 26.713198
v -23.474800 -67.092499 0.473644
v -23.474800 -67.092499 0.473644
v -27.852499 -95.396797 26.713198
v -27.962034 -96.111282 25.867588
v -23.764700 -67.637199 -0.279603
v -28.142399 -95.941505 25.959896
v -28.054699 -95.370796 26.713097
v -29.085201 -95.820305 25.959497
v -28.142399 -95.941505 25.959896
v -23.764700 -67.637199 -0.279603
v -27.962034 -96.111282 25.867588
v -29.100700 -95.921097 25.826397
v -24.723000 -67.616806 -0.413080
v -24.723000 -67.616806 -0.413080
v -29.100700 -95.921097 25.826397
v -29.085201 -95.820305 25.959497
v -27.962034 -96.111282 25.867588
v -23.584738 -67.814285 -0.366296
v -23.474800 -67.092499 0.473644
v -22.847900 -67.532303 -0.019899
v -22.847900 -67.439201 -0.019899
v -23.531157 -67.442863 0.048803
v -28.054699 -95.370796 26.713097
v -23.677000 -67.066505 0.473548
v -23.764700 -67.637199 -0.279603
v -23.677000 -67.066505 0.473548
v -23.474800 -67.092499 0.473644
v -23.584738 -67.814285 -0.366296
v -23.531157 -67.442863 0.048803
v -23.407598 -67.532303 -0.019899
v -22.847900 -67.532303 -0.019899
v -23.584738 -67.814285 -0.366296
v -23.764700 -67.637199 -0.279603
v -23.677000 -67.066505 0.473548
v -23.474800 -67.092499 0.473644
v -23.677000 -67.066505 0.473548
v -28.054699 -95.370796 26.713097
v -21.494801 -53.273304 -1.860682
v -21.366499 -53.304897 -1.849682
v -21.115480 -52.476017 -2.106331
v -23.600775 -68.108490 -0.070133
v -23.407598 -67.532303 -0.019899
v -23.531157 -67.442863 0.048803
v -24.707500 -67.515999 -0.280042
v -23.764700 -67.637199 -0.279603
v -23.584738 -67.814285 -0.366296
v -21.115480 -52.476017 -2.106331
v -21.307100 -52.762699 -2.292992
v -21.494801 -53.273304 -1.860682
v -22.019199 -52.285625 -2.355959
v -21.307100 -52.762699 -2.292992
v -21.115480 -52.476017 -2.106331
v -22.019199 -52.285625 -2.355959
v -21.115480 -52.476017 -2.106331
v -23.504988 -66.576927 -23.131252
v -23.732510 -67.456726 -22.927992
v -21.115480 -52.476017 -2.106331
v -21.366499 -53.304897 -1.849682
v -23.584738 -67.814285 -0.366296
v -24.723000 -67.616806 -0.413080
v -24.707500 -67.515999 -0.280042
v -23.856201 -67.400497 -22.903503
v -21.494801 -53.273304 -1.860682
v -21.307100 -52.762699 -2.292992
v -21.366499 -53.304897 -1.849682
v -21.494801 -53.273304 -1.860682
v -23.856201 -67.400497 -22.903503
v -21.307100 -52.762699 -2.292992
v -22.019199 -52.285625 -2.355959
v -24.394899 -66.711197 -23.398104
v -22.847900 -67.439201 -0.019899
v -22.847900 -67.532303 -0.019899
v -22.847900 -67.532303 -24.032404
v -22.849129 -67.437119 -23.986946
v -23.531157 -67.442863 0.048803
v -22.847900 -67.439201 -0.019899
v -22.847900 -67.532303 -24.032404
v -22.847900 -67.532303 -0.019899
v -23.407598 -67.532303 -0.019899
v -23.600775 -68.108490 -0.070133
v -23.531157 -67.442863 0.048803
v -23.527773 -67.439896 -23.995453
v -1.493010 -52.623703 -23.373501
v -1.352829 -52.345432 -22.423624
v -1.409930 -52.734798 -23.229801
v -1.409930 -52.734798 -23.229801
v -0.953556 -53.317566 -23.394035
v -1.493010 -52.623703 -23.373501
v -21.013569 -58.998444 -23.195469
v -20.898165 -58.720375 -23.671085
v -9.657035 -52.722828 -23.145267
v -20.898165 -58.720375 -23.671085
v -21.013569 -58.998444 -23.195469
v -9.657035 -52.722828 -23.145267
v -23.407598 -67.532303 -0.019899
v -23.600775 -68.108490 -0.070133
v -23.320049 -68.160782 -24.147030
v -23.504988 -66.576927 -23.131252
v -24.354700 -66.601700 -23.490805
v -22.019199 -52.285625 -2.355959
v -21.115480 -52.476017 -2.106331
v -23.732510 -67.456726 -22.927992
v -23.504988 -66.576927 -23.131252
v -23.856201 -67.400497 -22.903503
v -23.732510 -67.456726 -22.927992
v -21.366499 -53.304897 -1.849682
v -24.394899 -66.711197 -23.398104
v -23.668499 -66.889801 -23.335804
v -21.307100 -52.762699 -2.292992
v -21.307100 -52.762699 -2.292992
v -23.668499 -66.889801 -23.335804
v -23.856201 -67.400497 -22.903503
v -22.019199 -52.285625 -2.355959
v -24.354700 -66.601700 -23.490805
v -24.394899 -66.711197 -23.398104
v -22.847900 -67.532303 -24.032404
v -22.849129 -67.437119 -23.986946
v -22.847900 -67.439201 -0.019899
v -23.531157 -67.442863 0.048803
v -22.849129 -67.437119 -23.986946
v -23.527773 -67.439896 -23.995453
v -23.407598 -67.532303 -0.019899
v -23.407598 -67.532303 -24.032404
v -22.847900 -67.532303 -24.032404
v -23.320049 -68.160782 -24.147030
v -23.407598 -67.532303 -24.032404
v -23.407598 -67.532303 -0.019899
v -10.494036 -59.487968 -24.259695
v -10.726187 -59.110245 -23.839001
v -20.814215 -59.028500 -23.562668
v -10.726187 -59.110245 -23.839001
v -10.494036 -59.487968 -24.259695
v -20.814215 -59.028500 -23.562668
v -1.352829 -52.345432 -22.423624
v -22.607901 -66.847900 -23.533005
v -22.515100 -66.962898 -23.522104
v -22.247068 -66.665276 -24.399088
v -22.607901 -66.847900 -23.533005
v -1.352829 -52.345432 -22.423624
v -22.515100 -66.962898 -23.522104
v -22.459801 -66.984901 -24.274603
v -1.409930 -52.734798 -23.229801
v -0.953556 -53.317566 -23.394035
v -21.996241 -67.509697 -24.356075
v -22.247068 -66.665276 -24.399088
v -1.409930 -52.734798 -23.229801
v -22.459801 -66.984901 -24.274603
v -22.026899 -67.521103 -24.223904
v -22.026899 -67.521103 -24.223904
v -21.996241 -67.509697 -24.356075
v -0.953556 -53.317566 -23.394035
v -10.454702 -59.524982 -23.840200
v -10.767311 -59.426964 -24.283218
v -9.649227 -52.654617 -23.632133
v -10.767311 -59.426964 -24.283218
v -10.454702 -59.524982 -23.840200
v -9.649227 -52.654617 -23.632133
v -23.732510 -67.456726 -22.927992
v -23.668499 -66.889801 -23.335804
v -23.504988 -66.576927 -23.131252
v -23.732510 -67.456726 -22.927992
v -23.856201 -67.400497 -22.903503
v -23.668499 -66.889801 -23.335804
v -22.459801 -66.984901 -24.274603
v -22.515100 -66.962898 -23.522104
v -22.607901 -66.847900 -23.533005
v -22.607901 -66.847900 -23.533005
v -22.247068 -66.665276 -24.399088
v -22.459801 -66.984901 -24.274603
v -21.996241 -67.509697 -24.356075
v -22.459801 -66.984901 -24.274603
v -22.247068 -66.665276 -24.399088
v -21.996241 -67.509697 -24.356075
v -22.026899 -67.521103 -24.223904
v -22.459801 -66.984901 -24.274603
v -22.849129 -67.437119 -23.986946
v -22.847900 -67.532303 -24.032404
v -23.407598 -67.532303 -24.032404
v -24.354700 -66.601700 -23.490805
v -23.504988 -66.576927 -23.131252
v -23.668499 -66.889801 -23.335804
v -23.668499 -66.889801 -23.335804
v -24.394899 -66.711197 -23.398104
v -24.354700 -66.601700 -23.490805
v -22.849129 -67.437119 -23.986946
v -23.407598 -67.532303 -24.032404
v -23.527773 -67.439896 -23.995453
v -23.320049 -68.160782 -24.147030
v -23.527773 -67.439896 -23.995453
v -23.407598 -67.532303 -24.032404
v -23.527773 -67.439896 -23.995453
v -23.320049 -68.160782 -24.147030
v -23.600775 -68.108490 -0.070133
v -25.011257 -73.728867 -24.124113
v -24.553612 -73.712791 -23.949478
v -23.612804 -67.564568 -11.302783
v -24.553612 -73.712791 -23.949478
v -25.011257 -73.728867 -24.124113
v -23.612804 -67.564568 -11.302783
v -25.207066 -74.221413 -7.325465
v -24.868416 -74.656143 -7.022266
v -24.559370 -73.957687 -24.210985
v -24.868416 -74.656143 -7.022266
v -25.207066 -74.221413 -7.325465
v -25.095419 -74.069946 -24.244864
v -24.559370 -73.957687 -24.210985
v -25.095419 -74.069946 -24.244864
v -25.207066 -74.221413 -7.325465
v -25.095419 -74.069946 -24.244864
v -24.559370 -73.957687 -24.210985
v -24.868416 -74.656143 -7.022266
v -24.868416 -74.656143 -7.022266
v -24.559370 -73.957687 -24.210985
v -24.778624 -74.392944 -24.243208
v -24.868416 -74.656143 -7.022266
v -24.778624 -74.392944 -24.243208
v -24.559370 -73.957687 -24.210985
v -22.026899 -67.521103 -24.223904
v -0.953556 -53.317566 -23.394035
v -1.409930 -52.734798 -23.229801
v -22.247068 -66.665276 -24.399088
v -1.493010 -52.623703 -23.373501
v -0.953556 -53.317566 -23.394035
v -1.352829 -52.345432 -22.423624
v -1.493010 -52.623703 -23.373501
v -22.247068 -66.665276 -24.399088
v -1.409930 -52.734798 -23.229801
v -1.352829 -52.345432 -22.423624
v -22.515100 -66.962898 -23.522104
v 1.783390 36.651100 -11.581698
v 1.783390 36.647800 -11.560999
v 1.783390 32.025101 -12.304899
v 1.783390 32.025101 -12.304899
v 1.783390 36.647800 -11.560999
v -1.942640 36.647800 -11.560999
v -1.942640 36.651100 -11.581698
v 1.783390 36.651100 -11.581698
v 1.783390 32.028400 -12.325700
v 1.783390 32.025101 -12.304899
v 1.783390 32.028400 -12.325700
v 1.783390 36.651100 -11.581698
v -1.942640 36.647800 -11.560999
v -1.942640 32.025101 -12.304899
v 1.783390 32.025101 -12.304899
v 1.783390 32.028400 -12.325700
v -1.942640 32.028400 -12.325700
v -1.942640 36.651100 -11.581698
v 1.783390 32.028400 -12.325700
v 1.783390 32.025101 -12.304899
v -1.942640 32.025101 -12.304899
v -1.942640 32.025101 -12.304899
v -1.942640 32.028400 -12.325700
v 1.783390 32.028400 -12.325700
v -12.915010 4.777312 -16.837254
v -12.565701 4.735371 -16.216600
v -12.687036 4.791721 -16.088341
v -12.687036 4.791721 -16.088341
v -12.565701 4.735371 -16.216600
v -11.879926 4.392273 -16.174900
v -23.548599 -69.162598 2.067717
v -23.548599 -69.162598 -2.987033
v -23.375299 -69.162598 -2.987033
v -23.375299 -67.113098 -2.987033
v -23.375299 -69.162598 -2.987033
v -23.548599 -69.162598 -2.987033
v -23.548599 -67.113098 -2.987033
v -23.548599 -69.162598 -2.987033
v -23.548599 -69.162598 2.067717
v -1.942640 36.647800 -11.560999
v -1.942640 36.651100 -11.581698
v -1.942640 32.028400 -12.325700
v -23.375299 -69.162598 2.067717
v -23.375299 -69.162598 -2.987033
v -23.375299 -67.113098 -2.987033
v -23.407598 -68.059700 -0.784314
v -23.527599 -68.059700 -0.784314
v -23.527002 -67.439041 -0.814460
v -23.375299 -69.162598 -2.987033
v -23.375299 -69.162598 2.067717
v -23.548599 -69.162598 2.067717
v -23.548599 -67.113098 2.067717
v -23.548599 -69.162598 2.067717
v -23.375299 -69.162598 2.067717
v -23.548599 -69.162598 -2.987033
v -23.548599 -67.113098 -2.987033
v -23.375299 -67.113098 -2.987033
v -23.527002 -67.439041 -0.814460
v -23.407598 -67.532303 -0.784314
v -23.407598 -68.059700 -0.784314
v -23.486834 -67.300270 23.148653
v -22.768757 -67.630295 23.058199
v -22.825485 -67.380501 -1.009610
v -22.768757 -67.630295 23.058199
v -23.486834 -67.300270 23.148653
v -23.407598 -67.532303 -0.784314
v -23.407598 -67.532303 -0.784314
v -23.486834 -67.300270 23.148653
v -23.407598 -68.059700 23.228195
v -23.527002 -67.439041 -0.814460
v -23.527599 -68.059036 23.267689
v -23.486834 -67.300270 23.148653
v -23.407598 -67.532303 -0.784314
v -22.825485 -67.380501 -1.009610
v -22.768757 -67.630295 23.058199
v -22.825485 -67.380501 -1.009610
v -23.527002 -67.439041 -0.814460
v -23.486834 -67.300270 23.148653
v -23.527599 -68.059036 23.267689
v -23.407598 -68.059700 23.228195
v -23.486834 -67.300270 23.148653
v -23.636061 -67.698792 10.789227
v -24.565077 -73.737076 23.211561
v -25.004980 -73.722031 23.319626
v -23.636061 -67.698792 10.789227
v -25.004980 -73.722031 23.319626
v -24.565077 -73.737076 23.211561
v -24.866161 -74.653564 6.372906
v -24.556725 -73.961754 23.393080
v -25.095434 -74.071548 23.460901
v -25.205099 -74.221008 6.535032
v -25.095434 -74.071548 23.460901
v -24.556725 -73.961754 23.393080
v -22.825485 -67.380501 -1.009610
v -23.407598 -67.532303 -0.784314
v -23.527002 -67.439041 -0.814460
v -23.375299 -67.113098 2.067717
v -23.375299 -67.113098 -2.987033
v -23.548599 -67.113098 -2.987033
v -1.942640 32.028400 -12.325700
v -1.942640 32.025101 -12.304899
v -1.942640 36.647800 -11.560999
v -1.942640 36.651100 -11.581698
v -1.942640 36.647800 -11.560999
v 1.783390 36.647800 -11.560999
v 1.783390 36.647800 -11.560999
v 1.783390 36.651100 -11.581698
v -1.942640 36.651100 -11.581698
v -24.777124 -74.392334 23.464891
v -24.556725 -73.961754 23.393080
v -24.866161 -74.653564 6.372906
v -24.556725 -73.961754 23.393080
v -24.777124 -74.392334 23.464891
v -24.866161 -74.653564 6.372906
v -23.407598 -68.059700 23.228195
v -23.527599 -68.059036 23.267689
v -23.527599 -68.059700 -0.784314
v -23.548599 -69.162598 2.067717
v -23.548599 -67.113098 2.067717
v -23.548599 -67.113098 -2.987033
v -0.855878 34.356232 -12.076904
v -12.687036 4.791721 -16.088341
v -11.879926 4.392273 -16.174900
v -0.855878 34.356232 -12.076904
v -0.728852 34.299290 -12.805897
v -12.915010 4.777312 -16.837254
v -11.879926 4.392273 -16.174900
v -0.140732 34.210651 -12.430200
v -0.855878 34.356232 -12.076904
v -12.565701 4.735371 -16.216600
v -0.855878 34.356232 -12.076904
v -0.140732 34.210651 -12.430200
v -0.728852 34.299290 -12.805897
v -0.855878 34.356232 -12.076904
v -12.565701 4.735371 -16.216600
v -23.407598 -68.059700 23.228195
v -23.407598 -68.059700 -0.784314
v -23.407598 -67.532303 -0.784314
v -23.527599 -68.059700 -0.784314
v -23.407598 -68.059700 -0.784314
v -23.407598 -68.059700 23.228195
v -23.527599 -68.059036 23.267689
v -23.527002 -67.439041 -0.814460
v -23.527599 -68.059700 -0.784314
v -23.169300 -67.915421 10.793800
v -24.212334 -74.618309 7.020759
v -24.723995 -74.503784 6.739577
v -23.169300 -67.915421 10.793800
v -24.723995 -74.503784 6.739577
v -24.212334 -74.618309 7.020759
v -24.556725 -73.961754 23.393080
v -24.866161 -74.653564 6.372906
v -25.205099 -74.221008 6.535032
v -25.095434 -74.071548 23.460901
v -25.205099 -74.221008 6.535032
v -24.866161 -74.653564 6.372906
v 5.894906 20.441946 -14.375704
v 6.432083 19.818205 -14.212944
v -6.389591 20.181913 -14.391376
v 6.432083 19.818205 -14.212944
v 5.894906 20.441946 -14.375704
v -6.389591 20.181913 -14.391376
v -23.375299 -67.113098 -2.987033
v -23.375299 -67.113098 2.067717
v -23.375299 -69.162598 2.067717
v -23.548599 -67.113098 -2.987033
v -23.548599 -67.113098 2.067717
v -23.375299 -67.113098 2.067717
v -23.375299 -69.162598 2.067717
v -23.375299 -67.113098 2.067717
v -23.548599 -67.113098 2.067717
v -12.565701 4.735371 -16.216600
v -12.915010 4.777312 -16.837254
v -0.728852 34.299290 -12.805897
v -12.915010 4.777312 -16.837254
v -12.687036 4.791721 -16.088341
v -0.855878 34.356232 -12.076904
v -0.140732 34.210651 -12.430200
v -11.879926 4.392273 -16.174900
v -12.565701 4.735371 -16.216600
v -14.348561 -4.330686 -16.615570
v -14.303906 -4.057010 -7.835472
v -14.503094 -4.564389 -7.926149
v -14.348561 -4.330686 -16.615570
v -14.503094 -4.564389 -7.926149
v -14.303906 -4.057010 -7.835472
v -15.903003 -13.004181 -0.378558
v -15.709377 -12.883374 -0.482763
v -12.705627 4.808621 -15.140035
v -12.706338 4.508443 14.071837
v -15.709377 -12.883374 -0.482763
v -15.903003 -13.004181 -0.378558
v -11.903934 4.446365 14.025837
v -15.058605 -13.320878 -0.409152
v -15.709377 -12.883374 -0.482763
v -15.903003 -13.004181 -0.378558
v -15.669410 -13.429730 0.289557
v -12.879265 4.193027 14.890800
v -15.669410 -13.429730 0.289557
v -15.903003 -13.004181 -0.378558
v -12.673326 4.409242 14.298265
v -12.673326 4.409242 14.298265
v -15.903003 -13.004181 -0.378558
v -15.058605 -13.320878 -0.409152
v -15.709377 -12.883374 -0.482763
v -15.051444 -13.245505 -0.505475
v -11.926640 4.574785 -14.872028
v -15.051444 -13.245505 -0.505475
v -15.709377 -12.883374 -0.482763
v -12.642000 4.502621 -15.073800
v -12.642000 4.502621 -15.073800
v -15.709377 -12.883374 -0.482763
v -15.712622 -13.475142 -1.074672
v -12.874681 4.153046 -15.673109
v -15.712622 -13.475142 -1.074672
v -15.903003 -13.004181 -0.378558
v -15.729563 -13.568444 -17.516319
v -14.346966 -4.168489 -8.090327
v -14.421584 -4.508376 -7.734569
v -15.729563 -13.568444 -17.516319
v -14.421584 -4.508376 -7.734569
v -14.346966 -4.168489 -8.090327
v -15.903003 -13.004181 -0.378558
v -15.709377 -12.883374 -0.482763
v -15.058605 -13.320878 -0.409152
v -15.709377 -12.883374 -0.482763
v -15.903003 -13.004181 -0.378558
v -15.712622 -13.475142 -1.074672
v -13.895548 -4.114928 -17.046015
v -13.708572 -4.445398 -16.839228
v -6.593874 -4.287064 -17.224642
v -13.708572 -4.445398 -16.839228
v -13.895548 -4.114928 -17.046015
v -6.593874 -4.287064 -17.224642
v -12.705627 4.808621 -15.140035
v -12.642000 4.502621 -15.073800
v -12.874681 4.153046 -15.673109
v -12.731738 4.673479 -15.913799
v -12.597301 4.900321 -15.609200
v -12.697095 4.403188 -14.975228
v -8.687328 34.638924 -0.849171
v -8.139830 34.716900 -0.729364
v -8.149130 34.802601 -0.832497
v -11.926640 4.574785 -14.872028
v -12.642000 4.502621 -15.073800
v -12.705627 4.808621 -15.140035
v -12.092800 4.889171 -15.665901
v -12.597301 4.900321 -15.609200
v -12.731738 4.673479 -15.913799
v -12.731738 4.673479 -15.913799
v -12.104300 4.994811 -15.793000
v -12.092800 4.889171 -15.665901
v -12.597301 4.900321 -15.609200
v -8.687328 34.638924 -0.849171
v -8.417696 34.353210 -0.171481
v -12.697095 4.403188 -14.975228
v -8.417696 34.353210 -0.171481
v -8.687328 34.638924 -0.849171
v -12.104300 4.994811 -15.793000
v -8.149130 34.802601 -0.832497
v -8.139830 34.716900 -0.729364
v -8.687328 34.638924 -0.849171
v -8.149130 34.802601 -0.832497
v -12.104300 4.994811 -15.793000
v -8.139830 34.716900 -0.729364
v -8.687328 34.638924 -0.849171
v -12.597301 4.900321 -15.609200
v -12.565787 4.740165 15.177718
v -12.476501 4.620999 15.198700
v -11.851240 4.738081 15.222654
v -12.711813 4.103945 15.109932
v -12.476501 4.620999 15.198700
v -12.565787 4.740165 15.177718
v -12.706338 4.508443 14.071837
v -12.673326 4.409242 14.298265
v -11.903934 4.446365 14.025837
v -15.903003 -13.004181 -0.378558
v -12.705627 4.808621 -15.140035
v -12.874681 4.153046 -15.673109
v -15.712622 -13.475142 -1.074672
v -12.874681 4.153046 -15.673109
v -12.642000 4.502621 -15.073800
v -12.642000 4.502621 -15.073800
v -11.926640 4.574785 -14.872028
v -15.051444 -13.245505 -0.505475
v -11.926640 4.574785 -14.872028
v -12.705627 4.808621 -15.140035
v -15.709377 -12.883374 -0.482763
v -12.778860 4.006592 0.081564
v -12.708997 4.103704 -15.386523
v -12.338182 4.475904 -15.481147
v -12.932192 4.845261 0.066020
v -12.338182 4.475904 -15.481147
v -12.708997 4.103704 -15.386523
v -12.338182 4.475904 -15.481147
v -11.825809 4.729585 -15.452252
v -12.145031 4.478461 0.050077
v -11.825809 4.729585 -15.452252
v -12.338182 4.475904 -15.481147
v -12.932192 4.845261 0.066020
v -12.708997 4.103704 -15.386523
v -12.778860 4.006592 0.081564
v -12.932192 4.845261 0.066020
v -12.951172 4.828005 -0.322665
v -12.565787 4.740165 15.177718
v -11.851240 4.738081 15.222654
v -12.150623 4.461419 -0.293038
v -11.851240 4.738081 15.222654
v -12.476501 4.620999 15.198700
v -12.711813 4.103945 15.109932
v -12.565787 4.740165 15.177718
v -12.951172 4.828005 -0.322665
v -12.476501 4.620999 15.198700
v -12.711813 4.103945 15.109932
v -12.788109 4.020030 -0.367837
v -15.709377 -12.883374 -0.482763
v -12.706338 4.508443 14.071837
v -11.903934 4.446365 14.025837
v -15.058605 -13.320878 -0.409152
v -11.903934 4.446365 14.025837
v -12.673326 4.409242 14.298265
v -12.673326 4.409242 14.298265
v -12.879265 4.193027 14.890800
v -15.669410 -13.429730 0.289557
v -12.879265 4.193027 14.890800
v -12.673326 4.409242 14.298265
v -15.903003 -13.004181 -0.378558
v -12.673326 4.409242 14.298265
v -12.706338 4.508443 14.071837
v -15.903003 -13.004181 -0.378558
v -8.139830 34.716900 -0.729364
v -12.092800 4.889171 -15.665901
v -12.104300 4.994811 -15.793000
v -12.597301 4.900321 -15.609200
v -12.092800 4.889171 -15.665901
v -8.139830 34.716900 -0.729364
v -12.104300 4.994811 -15.793000
v -12.731738 4.673479 -15.913799
v -8.687328 34.638924 -0.849171
v -8.417696 34.353210 -0.171481
v -12.697095 4.403188 -14.975228
v -12.597301 4.900321 -15.609200
v -8.687328 34.638924 -0.849171
v -12.731738 4.673479 -15.913799
v -12.697095 4.403188 -14.975228
v -12.338182 4.475904 -15.481147
v -12.932192 4.845261 0.066020
v -12.778860 4.006592 0.081564
v -12.145031 4.478461 0.050077
v -12.932192 4.845261 0.066020
v -12.338182 4.475904 -15.481147
v -12.932192 4.845261 0.066020
v -12.145031 4.478461 0.050077
v -11.825809 4.729585 -15.452252
v -12.951172 4.828005 -0.322665
v -12.788109 4.020030 -0.367837
v -12.711813 4.103945 15.109932
v -12.788109 4.020030 -0.367837
v -12.951172 4.828005 -0.322665
v -12.476501 4.620999 15.198700
v -12.476501 4.620999 15.198700
v -12.951172 4.828005 -0.322665
v -12.150623 4.461419 -0.293038
v -11.851240 4.738081 15.222654
v -12.150623 4.461419 -0.293038
v -12.951172 4.828005 -0.322665
v 12.996501 4.420720 15.451699
v 11.912001 4.420720 15.451699
v 25.480700 -95.729294 27.414595
v 11.912001 4.420720 15.451699
v 11.912001 4.420690 15.254800
v 25.390562 -95.545731 27.186487
v 11.912001 4.420690 15.254800
v 6.543030 44.917801 10.119402
v 7.309960 44.917801 10.166203
v 11.912001 4.420720 15.451699
v 6.543030 44.917801 10.279101
v 6.543030 44.917801 10.119402
v 25.390562 -95.545731 27.186487
v 25.480700 -95.729294 27.414595
v 11.912001 4.420720 15.451699
v -7.414906 54.680889 6.450571
v -6.830750 54.655201 6.482642
v -6.830750 54.655201 -0.416759
v -7.359068 53.984638 6.429308
v -7.414906 54.680889 6.450571
v -7.421477 54.298321 -0.571347
v -6.830750 54.655201 6.482642
v -6.830750 53.947403 6.482642
v -6.830750 53.947403 -0.416761
v -6.830750 53.947403 -0.416761
v -6.830750 53.947403 6.482642
v -7.359068 53.984638 6.429308
v -7.008403 53.582771 9.961462
v -7.483805 53.114594 10.198093
v -7.661973 53.492653 9.903830
v -6.830750 54.655201 6.482642
v -7.414906 54.680889 6.450571
v -7.605900 54.655201 10.517303
v -6.830750 53.947403 6.482642
v -6.830750 54.655201 6.482642
v -6.830750 54.655201 10.517303
v -7.100328 53.391060 10.145127
v -6.806823 53.512390 10.122134
v -7.184857 53.326298 9.416451
v -7.359068 53.984638 6.429308
v -6.830750 53.947403 6.482642
v -6.830750 53.947403 10.517302
v -6.830750 53.947403 10.517302
v -7.605900 53.947403 10.517302
v -7.359068 53.984638 6.429308
v -6.830750 54.655201 10.517303
v -6.830750 53.947403 10.517302
v -6.830750 53.947403 6.482642
v -7.605900 53.947403 10.517302
v -7.605900 54.655201 10.517303
v -7.414906 54.680889 6.450571
v -7.605900 54.655201 10.517303
v -6.830750 54.655201 10.517303
v -6.830750 54.655201 6.482642
v -6.830750 54.655201 -0.416759
v -7.421477 54.298321 -0.571347
v -7.414906 54.680889 6.450571
v -6.830750 53.947403 -0.416761
v -6.830750 54.655201 -0.416759
v -6.830750 54.655201 6.482642
v 12.996501 4.420720 15.451699
v 7.422840 44.917801 10.279101
v 6.543030 44.917801 10.279101
v -7.359068 53.984638 6.429308
v -7.421477 54.298321 -0.571347
v -6.830750 53.947403 -0.416761
v 12.857300 4.420720 15.312500
v 7.309960 44.917801 10.166203
v 7.263190 44.917801 9.207332
v -6.830750 54.655201 -0.416759
v -6.830750 53.947403 -0.416761
v -7.421477 54.298321 -0.571347
v 12.799700 4.420720 14.130500
v 7.263190 44.917801 9.207332
v 7.422850 44.917801 9.207332
v 6.543030 44.917801 10.279101
v 11.912001 4.420720 15.451699
v 12.996501 4.420720 15.451699
v -7.605900 53.947403 10.517302
v -6.830750 53.947403 10.517302
v -6.830750 54.655201 10.517303
v -6.830750 54.655201 10.517303
v -7.605900 54.655201 10.517303
v -7.605900 53.947403 10.517302
v 6.854738 45.330826 9.577237
v -7.100328 53.391060 10.145127
v -7.184857 53.326298 9.416451
v 6.910920 45.377300 9.575212
v -7.184857 53.326298 9.416451
v -6.806823 53.512390 10.122134
v -6.806823 53.512390 10.122134
v -7.100328 53.391060 10.145127
v 6.894139 45.332462 10.266733
v 6.910920 45.377300 9.575212
v 6.854738 45.330826 9.577237
v -7.184857 53.326298 9.416451
v -7.100328 53.391060 10.145127
v 6.854738 45.330826 9.577237
v 6.894139 45.332462 10.266733
v -6.806823 53.512390 10.122134
v 6.894139 45.332462 10.266733
v 6.910920 45.377300 9.575212
v 7.203106 45.749447 9.972795
v 6.894139 45.332462 10.266733
v -6.806823 53.512390 10.122134
v 6.894139 45.332462 10.266733
v 7.203106 45.749447 9.972795
v -6.806823 53.512390 10.122134
v 7.309960 44.917801 10.166203
v 12.857300 4.420720 15.312500
v 11.912001 4.420690 15.254800
v 6.854738 45.330826 9.577237
v 6.910920 45.377300 9.575212
v 6.894139 45.332462 10.266733
v 6.543030 44.917801 10.119402
v 11.912001 4.420690 15.254800
v 11.912001 4.420720 15.451699
v 7.263190 44.917801 9.207332
v 12.799700 4.420720 14.130500
v 12.857300 4.420720 15.312500
v -0.021327 45.451302 29.350101
v -0.487119 44.788498 30.363899
v 0.716904 45.445675 29.555740
v -0.021327 45.451302 29.350101
v -0.818737 45.451302 29.350101
v -0.487119 44.788498 30.363899
v 0.627314 45.241138 31.426479
v 0.713921 44.745903 29.530018
v 0.716904 45.445675 29.555740
v -7.414906 54.680889 6.450571
v -7.359068 53.984638 6.429308
v -7.605900 53.947403 10.517302
v 7.563240 45.451302 10.517302
v 0.716904 45.445675 29.555740
v 0.713921 44.745903 29.530018
v 0.713921 44.745903 29.530018
v 0.627314 45.241138 31.426479
v -0.487119 44.788498 30.363899
v 7.125788 54.065800 9.166348
v 7.422850 44.917801 9.207332
v 7.263190 44.917801 9.207332
v 7.125788 54.065800 9.166348
v 7.263190 44.917801 9.207332
v 7.309960 44.917801 10.166203
v 6.483685 53.985226 10.381783
v 6.543030 44.917801 10.119402
v 6.543030 44.917801 10.279101
v 6.483685 53.985226 10.381783
v 6.543030 44.917801 10.279101
v 7.422840 44.917801 10.279101
v 7.584808 54.075966 10.088934
v 7.422840 44.917801 10.279101
v 7.422850 44.917801 9.207332
v 7.584808 54.075966 10.088934
v 7.309960 44.917801 10.166203
v 6.543030 44.917801 10.119402
v 7.422850 44.917801 9.207332
v 7.125788 54.065800 9.166348
v 7.584808 54.075966 10.088934
v 6.543030 44.917801 10.119402
v 6.483685 53.985226 10.381783
v 7.584808 54.075966 10.088934
v 7.309960 44.917801 10.166203
v 7.584808 54.075966 10.088934
v 7.125788 54.065800 9.166348
v 7.422840 44.917801 10.279101
v 7.584808 54.075966 10.088934
v 6.483685 53.985226 10.381783
v 0.627314 45.241138 31.426479
v 0.716904 45.445675 29.555740
v -0.487119 44.788498 30.363899
v 7.539963 53.556767 10.301554
v 6.997955 53.053310 10.266888
v 7.061763 53.450714 9.875251
v -7.483805 53.114594 10.198093
v 0.008559 44.704327 30.362589
v -0.390589 45.382114 30.322220
v -7.483805 53.114594 10.198093
v -0.390589 45.382114 30.322220
v 0.008559 44.704327 30.362589
v 0.423960 45.175808 30.372032
v -0.390589 45.382114 30.322220
v -7.483805 53.114594 10.198093
v -0.390589 45.382114 30.322220
v 0.423960 45.175808 30.372032
v -7.008403 53.582771 9.961462
v -0.390589 45.382114 30.322220
v -7.661973 53.492653 9.903830
v -7.483805 53.114594 10.198093
v -7.483805 53.114594 10.198093
v -7.008403 53.582771 9.961462
v 0.423960 45.175808 30.372032
v -7.008403 53.582771 9.961462
v -7.661973 53.492653 9.903830
v -0.390589 45.382114 30.322220
v 0.716904 45.445675 29.555740
v 7.563240 45.451302 10.517302
v 6.788090 45.451199 10.517302
v 6.788090 45.451199 10.517302
v -0.021327 45.451302 29.350101
v 0.716904 45.445675 29.555740
v 6.997955 53.053310 10.266888
v -0.095633 44.679623 30.480808
v -0.419959 45.300449 30.313906
v 6.997955 53.053310 10.266888
v -0.419959 45.300449 30.313906
v -0.095633 44.679623 30.480808
v 0.223820 45.151623 30.745316
v -0.419959 45.300449 30.313906
v 6.997955 53.053310 10.266888
v -0.419959 45.300449 30.313906
v 0.223820 45.151623 30.745316
v 7.539963 53.556767 10.301554
v -0.419959 45.300449 30.313906
v 7.061763 53.450714 9.875251
v 6.997955 53.053310 10.266888
v 7.539963 53.556767 10.301554
v 7.061763 53.450714 9.875251
v -0.419959 45.300449 30.313906
v 6.997955 53.053310 10.266888
v 7.539963 53.556767 10.301554
v 0.223820 45.151623 30.745316
v -0.487119 44.788498 30.363899
v -0.021327 44.743500 29.350101
v 0.713921 44.745903 29.530018
v -0.487119 44.788498 30.363899
v -0.021327 45.451302 29.350101
v -0.021327 44.743500 29.350101
v 7.263180 44.917801 -10.011498
v 7.309960 44.917801 -10.970398
v 12.857300 4.420721 -16.116699
v 7.422840 44.917801 -11.083198
v 7.422840 44.917801 -10.011498
v 12.996501 4.420721 -14.934701
v 7.422840 44.917801 -10.011498
v 7.263180 44.917801 -10.011498
v 12.799700 4.420721 -14.934701
v 8.799882 34.780937 -0.508414
v 8.682701 34.338882 10.792568
v 8.686599 34.356541 -11.660433
v 8.682701 34.338882 10.792568
v 8.799882 34.780937 -0.508414
v 8.686599 34.356541 -11.660433
v 8.782280 32.019199 -2.265139
v 8.797350 32.021400 -2.265139
v 8.797350 32.021400 1.460901
v 8.797350 32.021400 1.460901
v 8.782280 32.019199 1.460901
v 8.782280 32.019199 -2.265139
v 25.390562 -95.545731 27.186487
v 11.912001 4.420690 15.254800
v 12.857300 4.420720 15.312500
v 12.996501 4.420720 14.130500
v 12.996501 4.420720 15.451699
v 27.768045 -95.511185 27.387352
v 27.659500 -95.729294 27.275496
v 12.857300 4.420720 15.312500
v 12.799700 4.420720 14.130500
v 12.799700 4.420720 14.130500
v 12.996501 4.420720 14.130500
v 27.798700 -95.729294 25.096497
v 8.682701 34.338882 10.792568
v 8.224603 34.727833 10.745246
v 8.109407 34.440361 -11.631003
v 8.224603 34.727833 10.745246
v 8.682701 34.338882 10.792568
v 8.799882 34.780937 -0.508414
v 12.799700 4.420721 -14.934701
v 12.857300 4.420721 -16.116699
v 27.662651 -95.751068 -28.082569
v 12.857300 4.420721 -16.116699
v 11.912001 4.420691 -16.059101
v 25.430513 -95.835289 -28.025740
v 0.021516 34.732525 -12.218498
v -0.300402 33.956440 -12.185087
v 8.488978 34.384617 -12.149706
v -0.300402 33.956440 -12.185087
v 0.021516 34.732525 -12.218498
v 8.488978 34.384617 -12.149706
v 27.768045 -95.511185 27.387352
v 27.798700 -95.729294 25.096497
v 12.996501 4.420720 14.130500
v 25.480700 -95.729294 27.414595
v 27.768045 -95.511185 27.387352
v 12.996501 4.420720 15.451699
v 12.857300 4.420720 15.312500
v 27.659500 -95.729294 27.275496
v 25.390562 -95.545731 27.186487
v 12.799700 4.420720 14.130500
v 27.599892 -95.760574 25.037018
v 27.659500 -95.729294 27.275496
v 27.798700 -95.729294 25.096497
v 27.599892 -95.760574 25.037018
v 12.799700 4.420720 14.130500
v 27.599892 -95.760574 25.037018
v 27.768045 -95.511185 27.387352
v 27.659500 -95.729294 27.275496
v 27.599892 -95.760574 25.037018
v 27.798700 -95.729294 25.096497
v 27.768045 -95.511185 27.387352
v 25.390562 -95.545731 27.186487
v 27.659500 -95.729294 27.275496
v 27.768045 -95.511185 27.387352
v 25.480700 -95.729294 27.414595
v 25.390562 -95.545731 27.186487
v 27.768045 -95.511185 27.387352
v 12.799700 4.420721 -14.934701
v 12.996501 4.420721 -14.934701
v 7.422840 44.917801 -10.011498
v 12.857300 4.420721 -16.116699
v 12.799700 4.420721 -14.934701
v 7.263180 44.917801 -10.011498
v 11.912001 4.420691 -16.059101
v 12.857300 4.420721 -16.116699
v 7.309960 44.917801 -10.970398
v 7.335612 53.833225 -9.849767
v 7.600094 45.588013 9.720671
v 7.895339 45.880318 9.578926
v 7.929901 53.748165 -10.200487
v 7.895339 45.880318 9.578926
v 7.600094 45.588013 9.720671
v 7.333013 45.288845 9.439234
v 7.600094 45.588013 9.720671
v 7.335612 53.833225 -9.849767
v 7.600094 45.588013 9.720671
v 7.333013 45.288845 9.439234
v 7.573408 53.328434 -10.325351
v 8.799882 34.780937 -0.508414
v 8.686599 34.356541 -11.660433
v 8.109407 34.440361 -11.631003
v 8.686599 34.356541 -11.660433
v 8.799882 34.780937 -0.508414
v 8.109407 34.440361 -11.631003
v 8.797350 32.021400 -2.265139
v 8.782280 32.019199 -2.265139
v 8.119830 36.654301 -2.265138
v 8.797350 32.021400 1.460901
v 8.797350 32.021400 -2.265139
v 8.134900 36.656498 -2.265138
v 8.119830 36.654301 -2.265138
v 8.782280 32.019199 -2.265139
v 8.782280 32.019199 1.460901
v 8.782280 32.019199 1.460901
v 8.797350 32.021400 1.460901
v 8.134900 36.656498 1.460892
v 8.119830 36.654301 -2.265138
v 8.134900 36.656498 -2.265138
v 8.797350 32.021400 -2.265139
v 12.996501 4.420720 14.130500
v 7.422850 44.917801 9.207332
v 7.422840 44.917801 10.279101
v 7.895339 45.880318 9.578926
v 7.929901 53.748165 -10.200487
v 7.335612 53.833225 -9.849767
v 7.600094 45.588013 9.720671
v 7.335612 53.833225 -9.849767
v 7.929901 53.748165 -10.200487
v 7.573408 53.328434 -10.325351
v 7.335612 53.833225 -9.849767
v 7.600094 45.588013 9.720671
v 7.335612 53.833225 -9.849767
v 7.573408 53.328434 -10.325351
v 7.333013 45.288845 9.439234
v 6.720317 53.705856 -11.171340
v 6.963844 53.529018 -11.158446
v 6.771608 53.752148 -11.727315
v 8.134900 36.656498 -2.265138
v 8.134900 36.656498 1.460892
v 8.797350 32.021400 1.460901
v 8.782280 32.019199 1.460901
v 8.119830 36.654301 1.460892
v 8.119830 36.654301 -2.265138
v 8.134900 36.656498 1.460892
v 8.119830 36.654301 1.460892
v 8.782280 32.019199 1.460901
v 8.109407 34.440361 -11.631003
v 8.799882 34.780937 -0.508414
v 8.682701 34.338882 10.792568
v 8.799882 34.780937 -0.508414
v 8.109407 34.440361 -11.631003
v 8.224603 34.727833 10.745246
v 8.134900 36.656498 -2.265138
v 8.119830 36.654301 -2.265138
v 8.119830 36.654301 1.460892
v 8.119830 36.654301 1.460892
v 8.134900 36.656498 1.460892
v 8.134900 36.656498 -2.265138
v 7.309960 44.917801 -10.970398
v 6.543030 44.917698 -10.923598
v 11.912001 4.420691 -16.059101
v 6.771608 53.752148 -11.727315
v -7.265976 45.822586 -11.746454
v -7.487396 45.951981 -11.130875
v 6.963844 53.529018 -11.158446
v -7.487396 45.951981 -11.130875
v -7.265976 45.822586 -11.746454
v -7.487396 45.951981 -11.130875
v -7.015069 45.514431 -11.340514
v 6.963844 53.529018 -11.158446
v -7.015069 45.514431 -11.340514
v -7.487396 45.951981 -11.130875
v 6.963844 53.529018 -11.158446
v 7.422840 44.917801 10.279101
v 12.996501 4.420720 15.451699
v 12.996501 4.420720 14.130500
v 7.422850 44.917801 9.207332
v 12.996501 4.420720 14.130500
v 12.799700 4.420720 14.130500
v 25.430513 -95.835289 -28.025740
v 27.662651 -95.751068 -28.082569
v 12.857300 4.420721 -16.116699
v 6.543030 44.917698 -10.923598
v 7.309960 44.917801 -10.970398
v 7.590162 53.956131 -10.890774
v 7.422840 44.917801 -10.011498
v 7.422840 44.917801 -11.083198
v 7.590162 53.956131 -10.890774
v 7.309960 44.917801 -10.970398
v 7.263180 44.917801 -10.011498
v 7.123395 54.041355 -9.969000
v 7.590162 53.956131 -10.890774
v 7.123395 54.041355 -9.969000
v 7.422840 44.917801 -10.011498
v 7.123395 54.041355 -9.969000
v 7.590162 53.956131 -10.890774
v 7.309960 44.917801 -10.970398
v 6.483891 54.019627 -11.185001
v 7.590162 53.956131 -10.890774
v 7.422840 44.917801 -11.083198
v 7.263180 44.917801 -10.011498
v 7.422840 44.917801 -10.011498
v 7.123395 54.041355 -9.969000
v -7.265976 45.822586 -11.746454
v 6.771608 53.752148 -11.727315
v 6.963844 53.529018 -11.158446
v -7.487396 45.951981 -11.130875
v 6.720317 53.705856 -11.171340
v 6.771608 53.752148 -11.727315
v 6.963844 53.529018 -11.158446
v 6.720317 53.705856 -11.171340
v -7.487396 45.951981 -11.130875
v 12.241657 4.422176 -15.945202
v 12.076310 4.734949 -15.202951
v -0.552682 4.480493 -15.525076
v -0.414065 4.846820 -16.293741
v 12.209279 4.762125 -15.899161
v 12.241657 4.422176 -15.945202
v 12.076310 4.734949 -15.202951
v 12.209279 4.762125 -15.899161
v -0.414065 4.846820 -16.293741
v 6.543030 44.917801 -11.083198
v 7.422840 44.917801 -11.083198
v 12.996501 4.420721 -16.255899
v 12.996501 4.420721 -14.934701
v 12.996501 4.420721 -16.255899
v 7.422840 44.917801 -11.083198
v -24.702034 -67.483932 -0.268506
v -24.707500 -67.515999 -0.524172
v -29.085201 -95.820305 -26.763706
v -29.085201 -95.820305 -26.763706
v -24.707500 -67.515999 -0.524172
v -23.764700 -67.637199 -0.524610
v 12.996501 4.420721 -16.255899
v 11.912001 4.420721 -16.255899
v 6.543030 44.917801 -11.083198
v 12.076310 4.734949 -15.202951
v 12.241657 4.422176 -15.945202
v 12.209279 4.762125 -15.899161
v -0.414065 4.846820 -16.293741
v -0.552682 4.480493 -15.525076
v 12.076310 4.734949 -15.202951
v -0.552682 4.480493 -15.525076
v -0.414065 4.846820 -16.293741
v 12.241657 4.422176 -15.945202
v 6.731841 45.290874 -11.051136
v 6.998043 45.393494 -10.428704
v -7.060517 53.313377 -10.450170
v -6.855104 53.529419 -11.014885
v 7.213162 45.723194 -10.838698
v 6.731841 45.290874 -11.051136
v -6.855104 53.529419 -11.014885
v 6.731841 45.290874 -11.051136
v 7.213162 45.723194 -10.838698
v -6.855104 53.529419 -11.014885
v -7.060517 53.313377 -10.450170
v 6.998043 45.393494 -10.428704
v 6.731841 45.290874 -11.051136
v -7.141970 53.382095 -11.008475
v -6.855104 53.529419 -11.014885
v -7.060517 53.313377 -10.450170
v -7.141970 53.382095 -11.008475
v 6.731841 45.290874 -11.051136
v -7.060517 53.313377 -10.450170
v -6.855104 53.529419 -11.014885
v -7.141970 53.382095 -11.008475
v 6.543030 44.917698 -10.923598
v 6.543030 44.917801 -11.083198
v 11.912001 4.420721 -16.255899
v 12.499391 -29.134312 -20.206488
v 17.179743 -29.295462 -20.325941
v 16.957586 -28.903034 -20.526489
v 12.499391 -29.134312 -20.206488
v 16.957586 -28.903034 -20.526489
v 17.179743 -29.295462 -20.325941
v 25.480700 -95.729294 -28.218803
v 11.912001 4.420721 -16.255899
v 12.996501 4.420721 -16.255899
v 25.430513 -95.835289 -28.025740
v 11.912001 4.420691 -16.059101
v 11.912001 4.420721 -16.255899
v 12.241657 4.422176 -15.945202
v -0.414065 4.846820 -16.293741
v -0.316098 4.005709 -16.133936
v -7.234566 55.295544 -11.160888
v -7.005850 54.794701 -11.234097
v -7.004086 54.795261 -11.135328
v 27.798700 -95.729294 -28.218803
v 12.996501 4.420721 -16.255899
v 12.996501 4.420721 -14.934701
v 27.798700 -95.729294 -25.900705
v 12.996501 4.420721 -14.934701
v 12.799700 4.420721 -14.934701
v -23.764700 -67.637199 -0.524610
v -23.677000 -67.066505 -1.277763
v -28.054699 -95.370796 -27.517305
v -27.859793 -95.452919 -26.056175
v -23.577999 -67.764000 -0.391666
v -24.702034 -67.483932 -0.268506
v 7.590162 53.956131 -10.890774
v 6.483891 54.019627 -11.185001
v 6.543030 44.917698 -10.923598
v -23.449999 -66.925652 -1.122418
v -23.577999 -67.764000 -0.391666
v -27.859793 -95.452919 -26.056175
v -28.054699 -95.370796 -27.517305
v -23.677000 -67.066505 -1.277763
v -23.449999 -66.925652 -1.122418
v -27.859793 -95.452919 -26.056175
v -27.852499 -95.396797 -27.517403
v -23.449999 -66.925652 -1.122418
v -28.054699 -95.370796 -27.517305
v -28.142399 -95.941505 -26.764105
v -23.764700 -67.637199 -0.524610
v -23.449999 -66.925652 -1.122418
v -27.852499 -95.396797 -27.517403
v -28.054699 -95.370796 -27.517305
v -24.702034 -67.483932 -0.268506
v -29.087641 -95.838089 -26.552839
v -27.859793 -95.452919 -26.056175
v -29.085201 -95.820305 -26.763706
v -29.087641 -95.838089 -26.552839
v -24.702034 -67.483932 -0.268506
v -23.764700 -67.637199 -0.524610
v -28.142399 -95.941505 -26.764105
v -29.085201 -95.820305 -26.763706
v -27.175753 -88.983978 -25.842386
v -26.806503 -89.005440 -25.655771
v -27.143904 -89.056931 -20.964867
v -26.806503 -89.005440 -25.655771
v -27.175753 -88.983978 -25.842386
v -27.143904 -89.056931 -20.964867
v -29.087641 -95.838089 -26.552839
v -28.142399 -95.941505 -26.764105
v -27.859793 -95.452919 -26.056175
v -29.087641 -95.838089 -26.552839
v -29.085201 -95.820305 -26.763706
v -28.142399 -95.941505 -26.764105
v -24.209494 -74.609314 -7.829865
v -24.715775 -74.472069 -7.560124
v -23.152908 -67.845955 -11.638960
v 7.422840 44.917801 -11.083198
v 6.543030 44.917801 -11.083198
v 6.483891 54.019627 -11.185001
v 6.543030 44.917801 -11.083198
v 6.543030 44.917698 -10.923598
v 6.483891 54.019627 -11.185001
v -27.852499 -95.396797 -27.517403
v -27.859793 -95.452919 -26.056175
v -28.142399 -95.941505 -26.764105
v -28.142399 -95.941505 -26.764105
v -28.054699 -95.370796 -27.517305
v -27.852499 -95.396797 -27.517403
v -24.715775 -74.472069 -7.560124
v -24.209494 -74.609314 -7.829865
v -23.152908 -67.845955 -11.638960
v -12.581260 4.732814 -15.203977
v 0.045976 4.484406 -15.532159
v 0.261838 4.849337 -16.294754
v -12.474283 4.424757 -15.962541
v 0.261838 4.849337 -16.294754
v 0.045976 4.484406 -15.532159
v -0.075092 4.013704 -16.138540
v 0.261838 4.849337 -16.294754
v -12.474283 4.424757 -15.962541
v 0.261838 4.849337 -16.294754
v -0.075092 4.013704 -16.138540
v -12.474283 4.424757 -15.962541
v 0.261838 4.849337 -16.294754
v -12.533092 4.767612 -15.901361
v -12.581260 4.732814 -15.203977
v -12.474283 4.424757 -15.962541
v -12.533092 4.767612 -15.901361
v 0.261838 4.849337 -16.294754
v 0.045976 4.484406 -15.532159
v -12.581260 4.732814 -15.203977
v -12.474283 4.424757 -15.962541
v 6.998043 45.393494 -10.428704
v 6.731841 45.290874 -11.051136
v -6.855104 53.529419 -11.014885
v -12.533092 4.767612 -15.901361
v -12.474283 4.424757 -15.962541
v -12.581260 4.732814 -15.203977
v 12.996501 4.420721 -14.934701
v 27.798700 -95.729294 -25.900705
v 27.798700 -95.729294 -28.218803
v 12.799700 4.420721 -14.934701
v 27.576275 -95.603317 -25.823580
v 27.798700 -95.729294 -25.900705
v 12.996501 4.420721 -16.255899
v 27.798700 -95.729294 -28.218803
v 25.480700 -95.729294 -28.218803
v 11.912001 4.420721 -16.255899
v 25.480700 -95.729294 -28.218803
v 25.430513 -95.835289 -28.025740
v 27.798700 -95.729294 -28.218803
v 27.798700 -95.729294 -25.900705
v 27.576275 -95.603317 -25.823580
v 27.576275 -95.603317 -25.823580
v 27.662651 -95.751068 -28.082569
v 27.798700 -95.729294 -28.218803
v 25.480700 -95.729294 -28.218803
v 27.798700 -95.729294 -28.218803
v 27.662651 -95.751068 -28.082569
v 27.662651 -95.751068 -28.082569
v 25.430513 -95.835289 -28.025740
v 25.480700 -95.729294 -28.218803
v -24.702034 -67.483932 -0.268506
v -23.764700 -67.637199 -0.524610
v -24.707500 -67.515999 -0.524172
v -23.577999 -67.764000 -0.391666
v -23.449999 -66.925652 -1.122418
v -23.764700 -67.637199 -0.524610
v -23.677000 -67.066505 -1.277763
v -23.764700 -67.637199 -0.524610
v -23.449999 -66.925652 -1.122418
v -23.764700 -67.637199 -0.524610
v -24.702034 -67.483932 -0.268506
v -23.577999 -67.764000 -0.391666
v 10.982689 20.201855 7.457191
v 10.493475 20.470886 -0.431832
v 10.514950 20.081697 -7.990598
v 10.493475 20.470886 -0.431832
v 10.982689 20.201855 7.457191
v 11.050018 20.445375 -7.957743
v -0.242809 4.855191 15.774248
v 12.488235 4.767754 15.383086
v 12.708808 4.726239 14.674559
v 12.626788 4.424923 15.427025
v 12.488235 4.767754 15.383086
v -0.242809 4.855191 15.774248
v 0.122391 4.484888 14.998477
v 12.708808 4.726239 14.674559
v 12.626788 4.424923 15.427025
v 12.708808 4.726239 14.674559
v 0.122391 4.484888 14.998477
v -0.242809 4.855191 15.774248
v -0.005238 4.014608 15.622692
v -0.242809 4.855191 15.774248
v 12.626788 4.424923 15.427025
v 12.626788 4.424923 15.427025
v -0.242809 4.855191 15.774248
v 0.122391 4.484888 14.998477
v 10.633759 19.791431 6.877168
v 10.493475 20.470886 -0.431832
v 10.982689 20.201855 7.457191
v 10.633759 19.791431 6.877168
v 10.982689 20.201855 7.457191
v 10.493475 20.470886 -0.431832
v -0.242809 4.855191 15.774248
v -0.005238 4.014608 15.622692
v 12.626788 4.424923 15.427025
v 0.577501 4.888321 15.683568
v 0.304904 4.475063 15.007112
v -12.298784 4.735593 14.694109
v 12.697930 4.755076 15.049036
v 12.561400 4.900320 14.804999
v 12.643259 4.521443 14.104925
v -12.265100 4.620999 15.325600
v 0.577501 4.888321 15.683568
v 0.278059 4.118610 15.711201
v 0.304904 4.475063 15.007112
v 0.577501 4.888321 15.683568
v -12.265100 4.620999 15.325600
v 12.488235 4.767754 15.383086
v 12.626788 4.424923 15.427025
v 12.708808 4.726239 14.674559
v 12.056900 4.889170 14.861600
v 12.561400 4.900320 14.804999
v 12.697930 4.755076 15.049036
v 8.719008 34.404457 0.177241
v 8.106490 34.802601 0.028342
v 12.068399 4.994810 14.988799
v -12.265100 4.620999 15.325600
v -12.298784 4.735593 14.694109
v 0.304904 4.475063 15.007112
v 12.068399 4.994810 14.988799
v 8.106490 34.802601 0.028342
v 8.097190 34.716900 -0.074793
v 8.097190 34.716900 -0.074793
v 8.719008 34.404457 0.177241
v 12.561400 4.900320 14.804999
v 12.643259 4.521443 14.104925
v 8.352198 34.519371 -0.724954
v 8.719008 34.404457 0.177241
v 12.561400 4.900320 14.804999
v 8.719008 34.404457 0.177241
v 8.352198 34.519371 -0.724954
v 10.514950 20.081697 -7.990598
v 10.493475 20.470886 -0.431832
v 10.633759 19.791431 6.877168
v 10.514950 20.081697 -7.990598
v 10.633759 19.791431 6.877168
v 10.493475 20.470886 -0.431832
v 12.697930 4.755076 15.049036
v 12.068399 4.994810 14.988799
v 12.056900 4.889170 14.861600
v 8.106490 34.802601 -0.832497
v 8.097190 34.716900 -0.729364
v 8.617202 34.857182 -0.746121
v 8.719008 34.404457 0.177241
v 8.097190 34.716900 -0.074793
v 8.106490 34.802601 0.028342
v 12.679776 4.307167 -15.037211
v 12.617349 5.274935 -15.618382
v 8.617202 34.857182 -0.746121
v 8.617202 34.857182 -0.746121
v 12.617349 5.274935 -15.618382
v 12.068399 4.994811 -15.793000
v 8.097190 34.716900 -0.729364
v 12.056900 4.889171 -15.665901
v 12.561400 4.900321 -15.609200
v 12.068399 4.994811 -15.793000
v 12.056900 4.889171 -15.665901
v 8.097190 34.716900 -0.729364
v 12.561400 4.900321 -15.609200
v 12.679776 4.307167 -15.037211
v 8.525203 34.129192 -0.295916
v 12.679776 4.307167 -15.037211
v 12.561400 4.900321 -15.609200
v 12.617349 5.274935 -15.618382
v 12.617349 5.274935 -15.618382
v 12.561400 4.900321 -15.609200
v 12.056900 4.889171 -15.665901
v 12.056900 4.889171 -15.665901
v 12.068399 4.994811 -15.793000
v 12.617349 5.274935 -15.618382
v 11.912001 4.420721 -16.255899
v 11.912001 4.420691 -16.059101
v 6.543030 44.917698 -10.923598
v 11.050018 20.445375 -7.957743
v 10.514950 20.081697 -7.990598
v 10.493475 20.470886 -0.431832
v 10.514950 20.081697 -7.990598
v 11.050018 20.445375 -7.957743
v 10.982689 20.201855 7.457191
v 12.068399 4.994811 -15.793000
v 8.106490 34.802601 -0.832497
v 8.617202 34.857182 -0.746121
v 8.097190 34.716900 -0.729364
v 8.106490 34.802601 -0.832497
v 12.068399 4.994811 -15.793000
v 12.561400 4.900321 -15.609200
v 8.617202 34.857182 -0.746121
v 8.097190 34.716900 -0.729364
v 8.525203 34.129192 -0.295916
v 8.617202 34.857182 -0.746121
v 12.561400 4.900321 -15.609200
v 8.617202 34.857182 -0.746121
v 8.525203 34.129192 -0.295916
v 12.679776 4.307167 -15.037211
v 12.561400 4.900320 14.804999
v 12.056900 4.889170 14.861600
v 8.097190 34.716900 -0.074793
v 8.097190 34.716900 -0.074793
v 12.056900 4.889170 14.861600
v 12.068399 4.994810 14.988799
v 8.352198 34.519371 -0.724954
v 12.643259 4.521443 14.104925
v 12.561400 4.900320 14.804999
v 12.068399 4.994810 14.988799
v 12.697930 4.755076 15.049036
v 8.719008 34.404457 0.177241
v 8.719008 34.404457 0.177241
v 12.697930 4.755076 15.049036
v 12.643259 4.521443 14.104925
v 6.531686 20.167992 14.062919
v -6.306833 20.444454 13.959314
v -6.261302 20.059021 13.497997
v 0.161428 20.499798 13.383781
v -6.261302 20.059021 13.497997
v -6.306833 20.444454 13.959314
v -6.261302 20.059021 13.497997
v 0.161428 20.499798 13.383781
v 6.531686 20.167992 14.062919
v -6.306833 20.444454 13.959314
v 6.531686 20.167992 14.062919
v 0.161428 20.499798 13.383781
v -11.953900 4.335109 15.445500
v -0.189814 34.126266 11.462897
v -0.233750 34.042801 11.557702
v -0.842870 34.344307 11.352435
v -0.189814 34.126266 11.462897
v -12.722503 4.704313 15.297050
v -0.233750 34.042801 11.557702
v -0.720809 34.355900 11.449102
v -12.565701 4.735370 15.412299
v -12.870378 4.867107 16.030165
v -0.655349 34.517620 11.996474
v -0.842870 34.344307 11.352435
v -12.565701 4.735370 15.412299
v -0.720809 34.355900 11.449102
v -0.655349 34.517620 11.996474
v 6.525557 20.074957 13.497774
v 0.161428 20.499798 13.383781
v -6.261302 20.059021 13.497997
v 6.525557 20.074957 13.497774
v -6.261302 20.059021 13.497997
v 0.161428 20.499798 13.383781
v 6.531686 20.167992 14.062919
v 0.161428 20.499798 13.383781
v 6.525557 20.074957 13.497774
v 6.531686 20.167992 14.062919
v 6.525557 20.074957 13.497774
v 0.161428 20.499798 13.383781
v 11.845513 4.390391 15.371443
v 0.099382 34.210083 11.625244
v 0.698982 34.641384 11.236894
v 12.529699 4.735370 15.412299
v 0.698982 34.641384 11.236894
v 0.099382 34.210083 11.625244
v 0.614012 34.486759 11.973291
v 0.698982 34.641384 11.236894
v 12.529699 4.735370 15.412299
v 0.698982 34.641384 11.236894
v 0.614012 34.486759 11.973291
v 12.793371 4.992982 16.004057
v -1.951940 32.014900 11.537001
v -1.951940 32.018200 11.557801
v -1.951940 36.644798 10.838702
v -0.720809 34.355900 11.449102
v -0.842870 34.344307 11.352435
v -0.655349 34.517620 11.996474
v -1.951940 36.644798 10.838702
v -1.951940 36.641602 10.817903
v -1.951940 32.014900 11.537001
v -1.951940 32.018200 11.557801
v -1.951940 32.014900 11.537001
v 1.774090 32.014900 11.537001
v 1.774090 32.014900 11.537001
v 1.774090 32.018200 11.557801
v -1.951940 32.018200 11.557801
v 1.774090 32.014900 11.537001
v -1.951940 32.014900 11.537001
v -1.951940 36.641602 10.817903
v -1.951940 36.644798 10.838702
v -1.951940 32.018200 11.557801
v 1.774090 32.018200 11.557801
v 1.774090 32.018200 11.557801
v 1.774090 32.014900 11.537001
v 1.774090 36.641602 10.817903
v -0.720809 34.355900 11.449102
v -0.233750 34.042801 11.557702
v -0.189814 34.126266 11.462897
v -0.842870 34.344307 11.352435
v -0.720809 34.355900 11.449102
v -0.189814 34.126266 11.462897
v -1.951940 36.641602 10.817903
v 1.774090 36.641602 10.817903
v 1.774090 32.014900 11.537001
v 1.774090 32.018200 11.557801
v 1.774090 36.644798 10.838702
v -1.951940 36.644798 10.838702
v 12.793371 4.992982 16.004057
v 12.614341 4.888712 15.271278
v 0.698982 34.641384 11.236894
v -0.088902 34.633434 11.783128
v 0.117044 34.557793 11.276355
v 8.402006 34.603699 11.381545
v 0.117044 34.557793 11.276355
v -0.088902 34.633434 11.783128
v 8.402006 34.603699 11.381545
v 1.774090 36.641602 10.817903
v 1.774090 36.644798 10.838702
v 1.774090 32.018200 11.557801
v -0.033121 34.463089 11.079955
v -0.695844 34.495491 11.143525
v -6.627346 44.115196 10.353902
v -0.695844 34.495491 11.143525
v -0.033121 34.463089 11.079955
v -6.627346 44.115196 10.353902
v -6.627346 44.115196 10.353902
v -0.033121 34.463089 11.079955
v -0.242522 34.571182 11.643775
v -6.429290 44.409855 10.879913
v -0.242522 34.571182 11.643775
v -0.033121 34.463089 11.079955
v -6.481981 44.307476 10.320002
v -6.627346 44.115196 10.353902
v -6.429290 44.409855 10.879913
v -6.627346 44.115196 10.353902
v -6.481981 44.307476 10.320002
v -0.033121 34.463089 11.079955
v -0.242522 34.571182 11.643775
v -6.429290 44.409855 10.879913
v -6.627346 44.115196 10.353902
v -0.033121 34.463089 11.079955
v -6.481981 44.307476 10.320002
v -6.429290 44.409855 10.879913
v -1.951940 36.641602 10.817903
v -1.951940 36.644798 10.838702
v 1.774090 36.644798 10.838702
v 1.774090 36.644798 10.838702
v 1.774090 36.641602 10.817903
v -1.951940 36.641602 10.817903
v 6.828485 44.349812 10.348717
v 0.775638 34.560410 11.278541
v 0.154798 34.808903 10.969632
v 6.828485 44.349812 10.348717
v 0.154798 34.808903 10.969632
v 0.775638 34.560410 11.278541
v 0.201380 34.607910 11.679968
v 0.154798 34.808903 10.969632
v 6.828485 44.349812 10.348717
v 0.154798 34.808903 10.969632
v 0.201380 34.607910 11.679968
v 6.395833 44.427567 10.877947
v 6.395833 44.427567 10.877947
v 6.555263 44.466255 10.305830
v 0.154798 34.808903 10.969632
v 6.828485 44.349812 10.348717
v 6.395833 44.427567 10.877947
v 0.201380 34.607910 11.679968
v 0.154798 34.808903 10.969632
v 6.555263 44.466255 10.305830
v 6.828485 44.349812 10.348717
v 6.395833 44.427567 10.877947
v 6.828485 44.349812 10.348717
v 6.555263 44.466255 10.305830
v -12.722503 4.704313 15.297050
v -12.565701 4.735370 15.412299
v -12.870378 4.867107 16.030165
v -11.965301 4.349450 15.546200
v -12.565701 4.735370 15.412299
v -12.722503 4.704313 15.297050
v 12.793371 4.992982 16.004057
v 12.529699 4.735370 15.412299
v 12.614341 4.888712 15.271278
v -12.053092 4.755795 15.410852
v -12.265100 4.620999 15.325600
v -12.418523 3.929901 15.587621
v -12.298784 4.735593 14.694109
v -12.265100 4.620999 15.325600
v -12.053092 4.755795 15.410852
v -12.722503 4.704313 15.297050
v -11.953900 4.335109 15.445500
v -11.965301 4.349450 15.546200
v 0.278059 4.118610 15.711201
v -12.418523 3.929901 15.587621
v -12.265100 4.620999 15.325600
v 0.309190 4.126961 15.813256
v -12.053092 4.755795 15.410852
v -12.418523 3.929901 15.587621
v -12.298784 4.735593 14.694109
v -12.053092 4.755795 15.410852
v 0.577501 4.888321 15.683568
v 12.614341 4.888712 15.271278
v 12.529699 4.735370 15.412299
v 11.845513 4.390391 15.371443
v 0.278059 4.118610 15.711201
v 0.309190 4.126961 15.813256
v -12.418523 3.929901 15.587621
v -12.053092 4.755795 15.410852
v 0.309190 4.126961 15.813256
v 0.577501 4.888321 15.683568
v 12.529699 4.735370 15.412299
v 12.793371 4.992982 16.004057
v 0.614012 34.486759 11.973291
v 0.698982 34.641384 11.236894
v 12.614341 4.888712 15.271278
v 11.845513 4.390391 15.371443
v 0.099382 34.210083 11.625244
v 11.845513 4.390391 15.371443
v 12.529699 4.735370 15.412299
v 0.309190 4.126961 15.813256
v 0.278059 4.118610 15.711201
v 0.577501 4.888321 15.683568
v -0.233750 34.042801 11.557702
v -11.965301 4.349450 15.546200
v -11.953900 4.335109 15.445500
v -12.565701 4.735370 15.412299
v -11.965301 4.349450 15.546200
v -0.233750 34.042801 11.557702
v -11.953900 4.335109 15.445500
v -12.722503 4.704313 15.297050
v -0.189814 34.126266 11.462897
v -0.655349 34.517620 11.996474
v -12.870378 4.867107 16.030165
v -12.565701 4.735370 15.412299
v -0.842870 34.344307 11.352435
v -12.722503 4.704313 15.297050
v -12.870378 4.867107 16.030165
v -7.296975 53.261608 -11.215896
v 0.213407 45.198460 -31.549469
v -0.151917 44.826149 -31.359047
v -0.444059 45.218197 -31.626905
v 0.213407 45.198460 -31.549469
v -7.296975 53.261608 -11.215896
v 0.213407 45.198460 -31.549469
v -0.444059 45.218197 -31.626905
v -7.764070 53.627155 -11.248444
v -7.491635 45.745304 9.319214
v -7.722838 45.683208 9.351731
v -7.407473 45.219398 9.106002
v -0.151917 44.826149 -31.359047
v -7.363412 52.990131 -10.770634
v -7.296975 53.261608 -11.215896
v 0.213407 45.198460 -31.549469
v -7.296975 53.261608 -11.215896
v -7.363412 52.990131 -10.770634
v -7.296975 53.261608 -11.215896
v -7.764070 53.627155 -11.248444
v -0.444059 45.218197 -31.626905
v -7.764070 53.627155 -11.248444
v -7.296975 53.261608 -11.215896
v 0.213407 45.198460 -31.549469
v -7.363412 52.990131 -10.770634
v -0.151917 44.826149 -31.359047
v 0.213407 45.198460 -31.549469
v -7.352610 44.917801 -10.970398
v -12.893300 4.420721 -16.116699
v -11.947900 4.420691 -16.059101
v -6.585690 44.917801 -11.083198
v -11.947900 4.420721 -16.255899
v -13.032400 4.420721 -16.255899
v -7.465500 44.917801 -11.083198
v -13.032400 4.420721 -16.255899
v -13.032400 4.420721 -14.934701
v -8.012982 53.582436 -10.329790
v -7.422356 53.869644 -10.462581
v -7.722838 45.683208 9.351731
v -7.422356 53.869644 -10.462581
v -8.012982 53.582436 -10.329790
v -7.722838 45.683208 9.351731
v -7.722838 45.683208 9.351731
v -7.422356 53.869644 -10.462581
v -7.628834 53.189293 -10.576622
v -7.407473 45.219398 9.106002
v -7.628834 53.189293 -10.576622
v -7.422356 53.869644 -10.462581
v -7.305840 44.917801 -10.011498
v -12.835600 4.420721 -14.934701
v -12.893300 4.420721 -16.116699
v -13.032400 4.420721 -14.934701
v -7.465510 44.917801 -10.011498
v -7.465500 44.917801 -11.083198
v -12.835600 4.420721 -14.934701
v -7.305840 44.917801 -10.011498
v -7.465510 44.917801 -10.011498
v -7.465510 44.917801 -10.011498
v -13.032400 4.420721 -14.934701
v -12.835600 4.420721 -14.934701
v -6.585690 44.917801 -10.923598
v -11.947900 4.420691 -16.059101
v -11.947900 4.420721 -16.255899
v -7.605900 54.655201 -11.321497
v -7.413886 54.689709 -7.361277
v -6.830750 54.655201 -7.286798
v -6.830750 53.947403 -11.321498
v -6.830750 53.947403 -7.286798
v -7.353032 53.977528 -7.309002
v -7.605900 53.947403 -11.321498
v -7.353032 53.977528 -7.309002
v -7.413886 54.689709 -7.361277
v -6.830750 54.655201 -7.286798
v -6.830750 54.655201 -11.321497
v -7.605900 54.655201 -11.321497
v -7.413886 54.689709 -7.361277
v -7.605900 54.655201 -11.321497
v -7.605900 53.947403 -11.321498
v -6.830750 53.947403 -7.286798
v -6.830750 53.947403 -11.321498
v -6.830750 54.655201 -11.321497
v -7.353032 53.977528 -7.309002
v -7.605900 53.947403 -11.321498
v -6.830750 53.947403 -11.321498
v -7.605900 53.947403 -11.321498
v -7.605900 54.655201 -11.321497
v -6.830750 54.655201 -11.321497
v -7.628834 53.189293 -10.576622
v -7.407473 45.219398 9.106002
v -7.722838 45.683208 9.351731
v -7.422356 53.869644 -10.462581
v -7.491635 45.745304 9.319214
v -7.407473 45.219398 9.106002
v -7.722838 45.683208 9.351731
v -7.491635 45.745304 9.319214
v -7.422356 53.869644 -10.462581
v -6.830750 54.655201 -11.321497
v -6.830750 53.947403 -11.321498
v -7.605900 53.947403 -11.321498
v -7.384741 53.213394 9.546344
v -7.635460 53.191837 9.510307
v -7.332178 45.110931 -10.136169
v -7.332178 45.110931 -10.136169
v -7.635460 53.191837 9.510307
v -7.661824 53.708996 9.300676
v -7.080820 45.696362 -10.395590
v -7.661824 53.708996 9.300676
v -7.384741 53.213394 9.546344
v -7.465510 44.917801 -10.011498
v -7.166018 54.025475 -9.969419
v -7.630370 54.016773 -10.891897
v -7.352610 44.917801 -10.970398
v -7.630370 54.016773 -10.891897
v -7.166018 54.025475 -9.969419
v -6.585690 44.917801 -10.923598
v -6.526453 53.983875 -11.185868
v -7.630370 54.016773 -10.891897
v -7.465500 44.917801 -11.083198
v -7.630370 54.016773 -10.891897
v -6.526453 53.983875 -11.185868
v -6.709526 45.297432 -10.153907
v -7.332178 45.110931 -10.136169
v -7.384741 53.213394 9.546344
v -13.032400 4.420721 -14.934701
v -13.032400 4.420721 -16.255899
v -27.834600 -95.729294 -28.218803
v -27.709520 -95.816788 -28.088827
v -12.893300 4.420721 -16.116699
v -12.835600 4.420721 -14.934701
v -13.032400 4.420721 -16.255899
v -11.947900 4.420721 -16.255899
v -25.516600 -95.729294 -28.218803
v -25.439774 -95.643013 -28.002644
v -11.947900 4.420691 -16.059101
v -12.893300 4.420721 -16.116699
v -11.947900 4.420721 -16.255899
v -11.947900 4.420691 -16.059101
v -25.439774 -95.643013 -28.002644
v -12.473499 -29.105946 -20.221283
v -16.984694 -29.335329 -20.278122
v -17.137733 -28.964668 -20.526033
v -7.332178 45.110931 -10.136169
v -6.709526 45.297432 -10.153907
v -7.384741 53.213394 9.546344
v -12.473499 -29.105946 -20.221283
v -17.137733 -28.964668 -20.526033
v -16.984694 -29.335329 -20.278122
v -12.835600 4.420721 -14.934701
v -13.032400 4.420721 -14.934701
v -27.834600 -95.729294 -25.900705
v -7.384741 53.213394 9.546344
v -7.332178 45.110931 -10.136169
v -7.080820 45.696362 -10.395590
v -7.661824 53.708996 9.300676
v -7.080820 45.696362 -10.395590
v -7.332178 45.110931 -10.136169
v -25.439774 -95.643013 -28.002644
v -25.516600 -95.729294 -28.218803
v -11.947900 4.420721 -16.255899
v -7.166018 54.025475 -9.969419
v -7.465510 44.917801 -10.011498
v -7.305840 44.917801 -10.011498
v -6.526453 53.983875 -11.185868
v -6.585690 44.917801 -10.923598
v -6.585690 44.917801 -11.083198
v -7.166018 54.025475 -9.969419
v -7.305840 44.917801 -10.011498
v -7.352610 44.917801 -10.970398
v -7.630370 54.016773 -10.891897
v -7.465500 44.917801 -11.083198
v -7.465510 44.917801 -10.011498
v -6.526453 53.983875 -11.185868
v -6.585690 44.917801 -11.083198
v -7.465500 44.917801 -11.083198
v -7.630370 54.016773 -10.891897
v -7.352610 44.917801 -10.970398
v -6.585690 44.917801 -10.923598
v 6.727620 53.655933 10.278555
v -7.012706 45.590443 10.274954
v -7.469477 45.978115 10.274366
v 6.727620 53.655933 10.278555
v -7.469477 45.978115 10.274366
v -7.012706 45.590443 10.274954
v -7.635460 53.191837 9.510307
v -7.384741 53.213394 9.546344
v -7.661824 53.708996 9.300676
v -13.032400 4.420721 -16.255899
v -7.465500 44.917801 -11.083198
v -6.585690 44.917801 -11.083198
v -11.947900 4.420691 -16.059101
v -6.585690 44.917801 -10.923598
v -7.352610 44.917801 -10.970398
v -11.947900 4.420721 -16.255899
v -6.585690 44.917801 -11.083198
v -6.585690 44.917801 -10.923598
v -7.012706 45.590443 10.274954
v 7.067157 53.351452 10.274801
v 6.727620 53.655933 10.278555
v -12.893300 4.420721 -16.116699
v -7.352610 44.917801 -10.970398
v -7.305840 44.917801 -10.011498
v -7.012706 45.590443 10.274954
v 6.727620 53.655933 10.278555
v 7.067157 53.351452 10.274801
v -27.834600 -95.729294 -25.900705
v -27.646626 -95.831993 -25.849232
v -12.835600 4.420721 -14.934701
v -27.834600 -95.729294 -28.218803
v -27.834600 -95.729294 -25.900705
v -13.032400 4.420721 -14.934701
v -12.835600 4.420721 -14.934701
v -27.646626 -95.831993 -25.849232
v -27.709520 -95.816788 -28.088827
v -25.516600 -95.729294 -28.218803
v -27.834600 -95.729294 -28.218803
v -13.032400 4.420721 -16.255899
v -12.893300 4.420721 -16.116699
v -27.709520 -95.816788 -28.088827
v -25.439774 -95.643013 -28.002644
v -27.646626 -95.831993 -25.849232
v -27.834600 -95.729294 -25.900705
v -27.834600 -95.729294 -28.218803
v -25.516600 -95.729294 -28.218803
v -25.439774 -95.643013 -28.002644
v -27.709520 -95.816788 -28.088827
v -27.834600 -95.729294 -28.218803
v -27.709520 -95.816788 -28.088827
v -27.646626 -95.831993 -25.849232
v -27.709520 -95.816788 -28.088827
v -27.834600 -95.729294 -28.218803
v -25.516600 -95.729294 -28.218803
v -13.032400 4.420720 15.451699
v -11.947900 4.420720 15.451699
v -6.585690 44.917801 10.279101
v -8.874200 32.008999 -2.265139
v -8.859090 32.007103 -2.265139
v -8.859090 32.007103 1.460901
v -8.859090 32.007103 -2.265139
v -8.874200 32.008999 -2.265139
v -8.310830 36.657200 -2.265138
v -8.310830 36.657200 -2.265138
v -8.874200 32.008999 -2.265139
v -8.874200 32.008999 1.460901
v 6.744461 53.740864 10.805600
v 6.727620 53.655933 10.278555
v -7.469477 45.978115 10.274366
v -6.774603 44.716923 -10.058530
v -7.151429 44.449978 -10.187877
v -8.712535 34.675804 -0.349942
v -7.151429 44.449978 -10.187877
v -6.774603 44.716923 -10.058530
v -8.003160 34.349236 -0.404804
v -8.712535 34.675804 -0.349942
v -7.151429 44.449978 -10.187877
v -7.429457 44.119259 -10.420121
v -8.497477 33.914200 -0.664493
v -7.429457 44.119259 -10.420121
v -7.151429 44.449978 -10.187877
v -8.859090 32.007103 1.460901
v -8.859090 32.007103 -2.265139
v -8.295710 36.655300 -2.265138
v -8.859090 32.007103 1.460901
v -8.874200 32.008999 1.460901
v -8.874200 32.008999 -2.265139
v -8.874200 32.008999 1.460901
v -8.859090 32.007103 1.460901
v -8.295710 36.655300 1.460892
v -8.295710 36.655300 -2.265138
v -8.310830 36.657200 -2.265138
v -8.310830 36.657200 1.460892
v -8.310830 36.657200 1.460892
v -8.295710 36.655300 1.460892
v -8.295710 36.655300 -2.265138
v -7.133228 44.748444 9.664440
v -8.712535 34.675804 -0.349942
v -8.013421 34.286602 -0.425036
v -8.470904 34.237827 0.150706
v -8.712535 34.675804 -0.349942
v -7.133228 44.748444 9.664440
v -8.712535 34.675804 -0.349942
v -8.470904 34.237827 0.150706
v -7.389143 44.450031 9.941978
v -6.790061 44.684120 9.207558
v -8.013421 34.286602 -0.425036
v -8.712535 34.675804 -0.349942
v -6.830750 45.451302 -0.416757
v -6.830750 44.743500 -0.416757
v -7.422957 45.081821 -0.477079
v -8.013421 34.286602 -0.425036
v -6.790061 44.684120 9.207558
v -7.133228 44.748444 9.664440
v -8.712535 34.675804 -0.349942
v -7.133228 44.748444 9.664440
v -6.790061 44.684120 9.207558
v -7.348550 44.766747 6.529974
v -7.422957 45.081821 -0.477079
v -6.830750 44.743500 -0.416757
v -6.830750 44.743500 -0.416757
v -6.830750 45.451302 -0.416757
v -6.830750 45.451302 6.482652
v -6.830750 44.743500 -0.416757
v -6.830750 44.743500 6.482652
v -7.348550 44.766747 6.529974
v -7.348550 44.766747 6.529974
v -7.418942 45.473511 6.474165
v -7.422957 45.081821 -0.477079
v -6.830750 45.451302 6.482652
v -6.830750 44.743500 6.482652
v -6.830750 44.743500 -0.416757
v -8.310830 36.657200 -2.265138
v -8.295710 36.655300 -2.265138
v -8.859090 32.007103 -2.265139
v -6.585690 44.917801 10.279101
v -7.465500 44.917801 10.279101
v -13.032400 4.420720 15.451699
v -8.712535 34.675804 -0.349942
v -8.003160 34.349236 -0.404804
v -6.774603 44.716923 -10.058530
v -6.585690 44.917698 10.119402
v -6.585690 44.917801 10.279101
v -11.947900 4.420720 15.451699
v -7.632971 53.964058 10.087002
v -6.526637 53.987385 10.381811
v -6.585690 44.917698 10.119402
v -6.526637 53.987385 10.381811
v -7.632971 53.964058 10.087002
v -7.465500 44.917801 10.279101
v -7.166963 54.058655 9.164471
v -7.632971 53.964058 10.087002
v -7.352600 44.917801 10.166203
v -7.632971 53.964058 10.087002
v -7.166963 54.058655 9.164471
v -7.465500 44.917801 9.207332
v -7.469477 45.978115 10.274366
v -7.280970 45.803875 10.815769
v 6.744461 53.740864 10.805600
v -7.280970 45.803875 10.815769
v -7.469477 45.978115 10.274366
v 6.727620 53.655933 10.278555
v -6.585690 44.917801 10.279101
v -6.585690 44.917698 10.119402
v -6.526637 53.987385 10.381811
v -7.465500 44.917801 10.279101
v -6.585690 44.917801 10.279101
v -6.526637 53.987385 10.381811
v -6.585690 44.917698 10.119402
v -7.352600 44.917801 10.166203
v -7.632971 53.964058 10.087002
v -7.465500 44.917801 9.207332
v -7.465500 44.917801 10.279101
v -7.632971 53.964058 10.087002
v -0.072293 34.732300 11.413439
v 0.236431 33.955128 11.382507
v -8.604668 34.384735 11.345130
v 0.236431 33.955128 11.382507
v -0.072293 34.732300 11.413439
v -8.604668 34.384735 11.345130
v -7.352600 44.917801 10.166203
v -7.305840 44.917801 9.207332
v -7.166963 54.058655 9.164471
v -7.305840 44.917801 9.207332
v -7.465500 44.917801 9.207332
v -7.166963 54.058655 9.164471
v -0.818737 45.451302 29.350101
v -0.021327 45.451302 29.350101
v -6.830750 45.451199 10.517302
v -7.133228 44.748444 9.664440
v -7.389143 44.450031 9.941978
v -8.470904 34.237827 0.150706
v -7.389143 44.450031 9.941978
v -7.133228 44.748444 9.664440
v -8.712535 34.675804 -0.349942
v -7.324220 42.701199 9.953901
v -7.337480 42.703499 9.953912
v -7.384709 42.289967 8.047339
v -6.982900 44.801899 6.339502
v -6.969470 44.801102 6.339491
v -7.384709 42.289967 8.047339
v -7.324220 42.701199 9.953901
v -7.384709 42.289967 8.047339
v -6.969470 44.801102 6.339491
v -6.982900 44.801899 6.339502
v -7.384709 42.289967 8.047339
v -7.337480 42.703499 9.953912
v -6.969470 44.801102 6.339491
v -6.969501 44.753399 9.517802
v -7.324220 42.701199 9.953901
v -6.969440 46.987198 9.479792
v -6.982900 46.987198 9.479792
v -6.982900 44.754601 9.517812
v -7.337480 42.703499 9.953912
v -6.982900 44.754601 9.517812
v -6.982900 44.801899 6.339502
v -7.348550 44.766747 6.529974
v -6.830750 44.743500 6.482652
v -6.830750 44.743500 10.517302
v -7.418942 45.473511 6.474165
v -7.348550 44.766747 6.529974
v -7.605900 44.743500 10.517302
v -6.830750 44.743500 6.482652
v -6.830750 45.451302 6.482652
v -6.830750 45.451199 10.517302
v -7.337480 42.703499 9.953912
v -7.324220 42.701199 9.953901
v -6.969501 44.753399 9.517802
v -6.982900 44.754601 9.517812
v -6.969501 44.753399 9.517802
v -6.969440 46.987198 9.479792
v -6.969501 44.753399 9.517802
v -6.982900 44.754601 9.517812
v -7.337480 42.703499 9.953912
v -7.418942 45.473511 6.474165
v -6.830750 45.451302 6.482652
v -6.830750 45.451302 -0.416757
v -6.830750 45.451302 -0.416757
v -7.422957 45.081821 -0.477079
v -7.418942 45.473511 6.474165
v -6.830750 44.743500 10.517302
v -7.605900 44.743500 10.517302
v -7.348550 44.766747 6.529974
v -8.874200 32.008999 1.460901
v -8.310830 36.657200 1.460892
v -8.310830 36.657200 -2.265138
v -8.295710 36.655300 -2.265138
v -8.295710 36.655300 1.460892
v -8.859090 32.007103 1.460901
v -8.295710 36.655300 1.460892
v -8.310830 36.657200 1.460892
v -8.874200 32.008999 1.460901
v -7.605900 44.743500 10.517302
v -7.605900 45.451302 10.517302
v -7.418942 45.473511 6.474165
v -6.830750 45.451199 10.517302
v -6.830750 44.743500 10.517302
v -6.830750 44.743500 6.482652
v -6.830750 45.451199 10.517302
v -7.605900 45.451302 10.517302
v -0.818737 45.451302 29.350101
v 6.727620 53.655933 10.278555
v 6.744461 53.740864 10.805600
v -7.280970 45.803875 10.815769
v -7.605900 44.743500 10.517302
v -6.830750 44.743500 10.517302
v -0.021327 44.743500 29.350101
v -7.605900 45.451302 10.517302
v -7.605900 44.743500 10.517302
v -0.487119 44.788498 30.363899
v -6.830750 44.743500 10.517302
v -6.830750 45.451199 10.517302
v -0.021327 45.451302 29.350101
v -0.021327 44.743500 29.350101
v -0.487119 44.788498 30.363899
v -7.605900 44.743500 10.517302
v -0.487119 44.788498 30.363899
v -0.818737 45.451302 29.350101
v -7.605900 45.451302 10.517302
v -0.021327 45.451302 29.350101
v -0.021327 44.743500 29.350101
v -6.830750 44.743500 10.517302
v -6.969470 44.801102 6.339491
v -6.982900 44.801899 6.339502
v -6.982900 46.987198 6.837592
v -6.982900 46.987198 6.837592
v -6.969440 46.987198 6.837592
v -6.969470 44.801102 6.339491
v -6.982900 46.987198 6.837592
v -6.982900 44.801899 6.339502
v -6.982900 44.754601 9.517812
v -6.969501 44.753399 9.517802
v -6.969470 44.801102 6.339491
v -6.969440 46.987198 6.837592
v -8.003160 34.349236 -0.404804
v -8.712535 34.675804 -0.349942
v -7.151429 44.449978 -10.187877
v -7.151429 44.449978 -10.187877
v -8.712535 34.675804 -0.349942
v -8.497477 33.914200 -0.664493
v -7.429457 44.119259 -10.420121
v -8.497477 33.914200 -0.664493
v -8.712535 34.675804 -0.349942
v -6.830750 45.451302 6.482652
v -7.418942 45.473511 6.474165
v -7.605900 45.451302 10.517302
v -6.969440 46.987198 6.837592
v -6.969440 46.987198 9.479792
v -6.969501 44.753399 9.517802
v -6.982900 44.754601 9.517812
v -6.982900 46.987198 9.479792
v -6.982900 46.987198 6.837592
v -6.969440 46.987198 6.837592
v -6.982900 46.987198 6.837592
v -6.982900 46.987198 9.479792
v -6.982900 46.987198 9.479792
v -6.969440 46.987198 9.479792
v -6.969440 46.987198 6.837592
v -7.605900 45.451302 10.517302
v -6.830750 45.451199 10.517302
v -6.830750 45.451302 6.482652
v -12.835600 4.420720 14.130500
v -13.032400 4.420720 14.130500
v -7.465500 44.917801 9.207332
v -12.893300 4.420720 15.312500
v -12.835600 4.420720 14.130500
v -7.305840 44.917801 9.207332
v -13.032400 4.420720 14.130500
v -13.032400 4.420720 15.451699
v -7.465500 44.917801 10.279101
v -11.947900 4.420690 15.254800
v -12.893300 4.420720 15.312500
v -7.352600 44.917801 10.166203
v -11.947900 4.420720 15.451699
v -11.947900 4.420690 15.254800
v -6.585690 44.917698 10.119402
v -7.465500 44.917801 9.207332
v -7.305840 44.917801 9.207332
v -12.835600 4.420720 14.130500
v -8.550505 34.654743 -0.431126
v -8.121989 34.718834 10.873259
v -8.776727 34.552238 10.688089
v -8.550505 34.654743 -0.431126
v -8.776727 34.552238 10.688089
v -8.121989 34.718834 10.873259
v -7.465500 44.917801 10.279101
v -7.465500 44.917801 9.207332
v -13.032400 4.420720 14.130500
v -7.305840 44.917801 9.207332
v -7.352600 44.917801 10.166203
v -12.893300 4.420720 15.312500
v -7.352600 44.917801 10.166203
v -6.585690 44.917698 10.119402
v -11.947900 4.420690 15.254800
v -25.462852 -95.808380 27.218361
v -11.947900 4.420690 15.254800
v -11.947900 4.420720 15.451699
v -25.516600 -95.729294 27.414595
v -11.947900 4.420720 15.451699
v -13.032400 4.420720 15.451699
v -12.893300 4.420720 15.312500
v -11.947900 4.420690 15.254800
v -25.462852 -95.808380 27.218361
v -12.835600 4.420720 14.130500
v -12.893300 4.420720 15.312500
v -27.695400 -95.729294 27.275496
v -27.830801 -95.698975 27.410070
v -13.032400 4.420720 15.451699
v -13.032400 4.420720 14.130500
v -27.834600 -95.729294 25.096497
v -13.032400 4.420720 14.130500
v -12.835600 4.420720 14.130500
v -8.149130 34.802601 0.028342
v -8.139830 34.716900 -0.074793
v -8.645001 34.985767 -0.120941
v -8.550505 34.654743 -0.431126
v -8.654249 34.181404 -0.306387
v -8.776727 34.552238 10.688089
v -8.654249 34.181404 -0.306387
v -8.550505 34.654743 -0.431126
v -8.776727 34.552238 10.688089
v -8.777082 34.551708 -11.528487
v -8.550505 34.654743 -0.431126
v -8.654249 34.181404 -0.306387
v -8.777082 34.551708 -11.528487
v -8.654249 34.181404 -0.306387
v -8.550505 34.654743 -0.431126
v -8.121657 34.718330 -11.695325
v -8.777082 34.551708 -11.528487
v -8.550505 34.654743 -0.431126
v -8.777082 34.551708 -11.528487
v -8.121657 34.718330 -11.695325
v -8.550505 34.654743 -0.431126
v -11.947900 4.420720 15.451699
v -25.516600 -95.729294 27.414595
v -25.462852 -95.808380 27.218361
v 0.020087 34.632675 -12.587404
v 0.058526 34.663197 -11.914942
v -8.464687 34.570221 -12.333973
v 0.058526 34.663197 -11.914942
v 0.020087 34.632675 -12.587404
v -8.464687 34.570221 -12.333973
v -13.032400 4.420720 15.451699
v -27.830801 -95.698975 27.410070
v -25.516600 -95.729294 27.414595
v -25.462852 -95.808380 27.218361
v -27.695400 -95.729294 27.275496
v -12.893300 4.420720 15.312500
v -13.032400 4.420720 14.130500
v -27.834600 -95.729294 25.096497
v -27.830801 -95.698975 27.410070
v -27.695400 -95.729294 27.275496
v -27.608364 -95.577980 25.016144
v -12.835600 4.420720 14.130500
v -12.835600 4.420720 14.130500
v -27.608364 -95.577980 25.016144
v -27.834600 -95.729294 25.096497
v -12.701735 4.415095 14.180501
v -12.597301 4.900320 14.804999
v -12.640084 5.380534 14.761039
v -12.640084 5.380534 14.761039
v -12.597301 4.900320 14.804999
v -12.092800 4.889170 14.861600
v -12.092800 4.889170 14.861600
v -12.104300 4.994810 14.988799
v -12.640084 5.380534 14.761039
v -12.597301 4.900320 14.804999
v -12.701735 4.415095 14.180501
v -8.550014 34.262791 -0.572588
v -12.114410 14.278765 13.440491
v -11.978814 14.433991 9.500770
v -11.519223 13.992229 9.976797
v -12.114410 14.278765 13.440491
v -11.519223 13.992229 9.976797
v -11.978814 14.433991 9.500770
v -12.701735 4.415095 14.180501
v -12.640084 5.380534 14.761039
v -8.645001 34.985767 -0.120941
v -8.139830 34.716900 -0.074793
v -12.092800 4.889170 14.861600
v -12.597301 4.900320 14.804999
v -8.645001 34.985767 -0.120941
v -12.640084 5.380534 14.761039
v -12.104300 4.994810 14.988799
v -12.104300 4.994810 14.988799
v -12.092800 4.889170 14.861600
v -8.139830 34.716900 -0.074793
v -27.830801 -95.698975 27.410070
v -25.462852 -95.808380 27.218361
v -25.516600 -95.729294 27.414595
v -11.162032 20.262972 6.963542
v -11.144382 20.448315 -7.960596
v -10.621620 20.012363 -7.912828
v -10.625531 20.476692 -0.373191
v -10.621620 20.012363 -7.912828
v -11.144382 20.448315 -7.960596
v -10.621620 20.012363 -7.912828
v -10.625531 20.476692 -0.373191
v -11.162032 20.262972 6.963542
v -11.144382 20.448315 -7.960596
v -11.162032 20.262972 6.963542
v -10.625531 20.476692 -0.373191
v -11.162032 20.262972 6.963542
v -10.625531 20.476692 -0.373191
v -10.681011 20.120550 7.180648
v -8.139830 34.716900 -0.074793
v -8.149130 34.802601 0.028342
v -12.104300 4.994810 14.988799
v -12.104300 4.994810 14.988799
v -8.149130 34.802601 0.028342
v -8.645001 34.985767 -0.120941
v -12.597301 4.900320 14.804999
v -8.645001 34.985767 -0.120941
v -8.139830 34.716900 -0.074793
v -8.550014 34.262791 -0.572588
v -8.645001 34.985767 -0.120941
v -12.597301 4.900320 14.804999
v -8.645001 34.985767 -0.120941
v -8.550014 34.262791 -0.572588
v -12.701735 4.415095 14.180501
v -10.681011 20.120550 7.180648
v -10.621620 20.012363 -7.912828
v -10.625531 20.476692 -0.373191
v -10.681011 20.120550 7.180648
v -10.625531 20.476692 -0.373191
v -10.621620 20.012363 -7.912828
v -27.830801 -95.698975 27.410070
v -27.834600 -95.729294 25.096497
v -27.608364 -95.577980 25.016144
v -27.695400 -95.729294 27.275496
v -27.830801 -95.698975 27.410070
v -27.608364 -95.577980 25.016144
v -27.830801 -95.698975 27.410070
v -27.695400 -95.729294 27.275496
v -25.462852 -95.808380 27.218361
v -11.162032 20.262972 6.963542
v -10.681011 20.120550 7.180648
v -10.625531 20.476692 -0.373191
v 7.351045 53.831001 9.261257
v 7.082891 53.370495 9.590571
v 7.338756 53.300030 9.413852
v 6.788090 44.743500 10.517302
v -0.021327 44.743500 29.350101
v -0.021327 45.451302 29.350101
v 7.084800 46.987198 9.479792
v 7.071340 46.987198 9.479792
v 7.071400 44.753399 9.517802
v 7.563240 44.743500 10.517302
v 0.713921 44.745903 29.530018
v -0.021327 44.743500 29.350101
v 7.071400 44.753399 9.517802
v 7.084800 44.754601 9.517812
v 7.084800 46.987198 9.479792
v 6.788090 45.451199 6.482652
v 6.788090 45.451199 10.517302
v 7.563240 45.451302 10.517302
v 7.071340 46.987198 9.479792
v 7.084800 46.987198 9.479792
v 7.084800 46.987198 6.837582
v 7.084800 46.987198 6.837582
v 7.071340 46.987198 6.837582
v 7.071340 46.987198 9.479792
v 7.084800 46.987198 6.837582
v 7.084800 46.987198 9.479792
v 7.084800 44.754601 9.517812
v 7.071400 44.753399 9.517802
v 7.071340 46.987198 9.479792
v 7.071340 46.987198 6.837582
v 7.563240 45.451302 10.517302
v 7.381455 45.466671 6.411558
v 6.788090 45.451199 6.482652
v 0.713921 44.745903 29.530018
v 7.563240 44.743500 10.517302
v 7.563240 45.451302 10.517302
v -0.021327 45.451302 29.350101
v 6.788090 45.451199 10.517302
v 6.788090 44.743500 10.517302
v 7.084800 44.754601 9.517812
v 7.084800 44.801899 6.339502
v 7.084800 46.987198 6.837582
v -0.021327 44.743500 29.350101
v 6.788090 44.743500 10.517302
v 7.563240 44.743500 10.517302
v 7.071340 46.987198 6.837582
v 7.071370 44.801102 6.339491
v 7.071400 44.753399 9.517802
v 7.381455 45.466671 6.411558
v 7.563240 45.451302 10.517302
v 7.563240 44.743500 10.517302
v 7.071340 46.987198 6.837582
v 7.084800 46.987198 6.837582
v 7.084800 44.801899 6.339502
v 6.788090 44.743500 6.482642
v 6.788090 44.743500 10.517302
v 6.788090 45.451199 10.517302
v 7.369876 45.079929 -0.573914
v 7.381455 45.466671 6.411558
v 7.298891 44.764160 6.442889
v 6.788090 44.743500 -0.416765
v 6.788090 44.743500 6.482642
v 6.788090 45.451199 6.482652
v 7.298891 44.764160 6.442889
v 6.788090 44.743500 6.482642
v 6.788090 44.743500 -0.416765
v 6.788090 45.451199 6.482652
v 6.788090 45.451302 -0.416765
v 6.788090 44.743500 -0.416765
v 6.788090 44.743500 -0.416765
v 7.369876 45.079929 -0.573914
v 7.298891 44.764160 6.442889
v 6.718299 44.692020 9.229036
v 7.095527 44.422432 9.333325
v 8.649143 34.701015 -0.377640
v 8.649143 34.701015 -0.377640
v 7.095527 44.422432 9.333325
v 7.391352 44.125401 9.618327
v 7.095527 44.422432 9.333325
v 6.718299 44.692020 9.229036
v 7.964502 34.312553 -0.430320
v 6.788090 45.451199 -0.387391
v 6.788090 44.743500 -0.387393
v 7.373790 45.092697 -0.215305
v 7.369876 45.079929 -0.573914
v 6.788090 44.743500 -0.416765
v 6.788090 45.451302 -0.416765
v 6.788090 44.743500 -0.387393
v 6.788090 45.451199 -0.387391
v 6.788090 45.451199 -7.286798
v 7.308967 44.774086 -7.264083
v 7.373790 45.092697 -0.215305
v 6.788090 44.743500 -0.387393
v 7.095527 44.422432 9.333325
v 8.649143 34.701015 -0.377640
v 8.460537 33.930172 -0.147097
v 8.649143 34.701015 -0.377640
v 7.964502 34.312553 -0.430320
v 6.718299 44.692020 9.229036
v 7.964502 34.312553 -0.430320
v 8.649143 34.701015 -0.377640
v 7.095527 44.422432 9.333325
v 7.391352 44.125401 9.618327
v 8.460537 33.930172 -0.147097
v 8.649143 34.701015 -0.377640
v 7.084800 44.801899 6.339502
v 7.071370 44.801102 6.339491
v 7.071340 46.987198 6.837582
v 7.298891 44.764160 6.442889
v 7.563240 44.743500 10.517302
v 6.788090 44.743500 10.517302
v 7.084800 44.754601 9.517812
v 7.071400 44.753399 9.517802
v 7.426110 42.701199 9.953901
v 7.426110 42.701199 9.953901
v 7.439380 42.703499 9.953912
v 7.084800 44.754601 9.517812
v 7.308967 44.774086 -7.264083
v 7.375197 45.477081 -7.269466
v 7.373790 45.092697 -0.215305
v 6.788090 45.451199 -7.286798
v 6.788090 44.743500 -7.286798
v 6.788090 44.743500 -0.387393
v 6.788090 44.743500 -0.387393
v 6.788090 44.743500 -7.286798
v 7.308967 44.774086 -7.264083
v 7.084800 44.801899 -7.215258
v 7.071370 44.801102 -7.215249
v 7.481843 42.317802 -8.875431
v 8.649143 34.701015 -0.377640
v 7.102533 44.428070 -10.156670
v 6.730012 44.699532 -10.040347
v 7.388383 44.126202 -10.414949
v 7.102533 44.428070 -10.156670
v 8.649143 34.701015 -0.377640
v 7.102533 44.428070 -10.156670
v 7.388383 44.126202 -10.414949
v 8.445804 33.911037 -0.660044
v 7.973020 34.309704 -0.359186
v 6.730012 44.699532 -10.040347
v 7.102533 44.428070 -10.156670
v 7.439380 42.703499 -10.829698
v 7.084800 44.754601 -10.393599
v 7.084800 44.801899 -7.215258
v 7.071370 44.801102 -7.215249
v 7.071400 44.753399 -10.393599
v 7.426110 42.701199 -10.829698
v 7.084800 44.801899 -7.215258
v 7.481843 42.317802 -8.875431
v 7.439380 42.703499 -10.829698
v 7.426110 42.701199 -10.829698
v 7.481843 42.317802 -8.875431
v 7.071370 44.801102 -7.215249
v 7.084800 44.754601 -10.393599
v 7.071400 44.753399 -10.393599
v 7.071340 46.987198 -10.355498
v 7.071400 44.753399 -10.393599
v 7.084800 44.754601 -10.393599
v 7.439380 42.703499 -10.829698
v 7.439380 42.703499 -10.829698
v 7.426110 42.701199 -10.829698
v 7.071400 44.753399 -10.393599
v 7.426110 42.701199 -10.829698
v 7.439380 42.703499 -10.829698
v 7.481843 42.317802 -8.875431
v 6.730012 44.699532 -10.040347
v 7.973020 34.309704 -0.359186
v 8.649143 34.701015 -0.377640
v 7.102533 44.428070 -10.156670
v 8.649143 34.701015 -0.377640
v 7.973020 34.309704 -0.359186
v 8.445804 33.911037 -0.660044
v 8.649143 34.701015 -0.377640
v 7.102533 44.428070 -10.156670
v 8.649143 34.701015 -0.377640
v 8.445804 33.911037 -0.660044
v 7.388383 44.126202 -10.414949
v 7.563240 44.743500 10.517302
v 7.298891 44.764160 6.442889
v 7.381455 45.466671 6.411558
v 6.788090 45.451199 10.517302
v 6.788090 45.451199 6.482652
v 6.788090 44.743500 6.482642
v 6.788090 44.743500 10.517302
v 6.788090 44.743500 6.482642
v 7.298891 44.764160 6.442889
v 7.084800 44.801899 6.339502
v 7.084800 44.754601 9.517812
v 7.439380 42.703499 9.953912
v 7.426110 42.701199 9.953901
v 7.071400 44.753399 9.517802
v 7.071370 44.801102 6.339491
v 7.439380 42.703499 9.953912
v 7.481850 42.318310 7.999487
v 7.084800 44.801899 6.339502
v 7.071340 46.987198 -10.355498
v 7.084800 46.987198 -10.355498
v 7.084800 44.754601 -10.393599
v 7.071370 44.801102 6.339491
v 7.481850 42.318310 7.999487
v 7.426110 42.701199 9.953901
v 7.071370 44.801102 6.339491
v 7.084800 44.801899 6.339502
v 7.481850 42.318310 7.999487
v 7.071340 46.987198 -7.713338
v 7.071340 46.987198 -10.355498
v 7.071400 44.753399 -10.393599
v 7.084800 44.754601 -10.393599
v 7.084800 46.987198 -10.355498
v 7.084800 46.987198 -7.713338
v 7.071400 44.753399 -10.393599
v 7.071370 44.801102 -7.215249
v 7.071340 46.987198 -7.713338
v 7.084800 46.987198 -7.713338
v 7.084800 44.801899 -7.215258
v 7.084800 44.754601 -10.393599
v 7.084800 46.987198 -10.355498
v 7.071340 46.987198 -10.355498
v 7.071340 46.987198 -7.713338
v 7.071340 46.987198 -7.713338
v 7.084800 46.987198 -7.713338
v 7.084800 46.987198 -10.355498
v 7.071370 44.801102 -7.215249
v 7.084800 44.801899 -7.215258
v 7.084800 46.987198 -7.713338
v 7.084800 46.987198 -7.713338
v 7.071340 46.987198 -7.713338
v 7.071370 44.801102 -7.215249
v 7.375197 45.477081 -7.269466
v 6.788090 45.451199 -7.286798
v 6.788090 45.451199 -0.387391
v 6.788090 45.451199 -0.387391
v 7.373790 45.092697 -0.215305
v 7.375197 45.477081 -7.269466
v 7.381455 45.466671 6.411558
v 7.369876 45.079929 -0.573914
v 6.788090 45.451302 -0.416765
v 6.788090 45.451302 -0.416765
v 6.788090 45.451199 6.482652
v 7.381455 45.466671 6.411558
v 7.481220 45.159748 -10.341119
v 7.338756 53.300030 9.413852
v 7.082891 53.370495 9.590571
v 7.351045 53.831001 9.261257
v 7.338756 53.300030 9.413852
v 7.481220 45.159748 -10.341119
v 7.082891 53.370495 9.590571
v 7.351045 53.831001 9.261257
v 7.217945 45.814911 -10.416950
v 7.439380 42.703499 9.953912
v 7.426110 42.701199 9.953901
v 7.481850 42.318310 7.999487
v 8.460537 33.930172 -0.147097
v 7.391352 44.125401 9.618327
v 7.095527 44.422432 9.333325
v 7.082891 53.370495 9.590571
v 6.850741 45.455788 -10.070777
v 7.481220 45.159748 -10.341119
v 7.082891 53.370495 9.590571
v 7.481220 45.159748 -10.341119
v 6.850741 45.455788 -10.070777
v 7.481220 45.159748 -10.341119
v 7.217945 45.814911 -10.416950
v 7.351045 53.831001 9.261257
v 7.217945 45.814911 -10.416950
v 7.481220 45.159748 -10.341119
v 7.082891 53.370495 9.590571
v 19.162800 -38.403400 18.669899
v 21.164101 -52.192497 0.784925
v 21.104923 -52.722076 1.321735
v 21.164101 -52.192497 0.784925
v 21.241909 -52.025761 0.734475
v 21.104923 -52.722076 1.321735
v 20.379257 -52.267715 0.950532
v 21.164101 -52.192497 0.784925
v 19.162800 -38.403400 18.669899
v 19.929811 -45.797497 10.301180
v 20.624546 -53.105839 20.924265
v 20.586992 -52.629547 21.063908
v 19.929811 -45.797497 10.301180
v 20.586992 -52.629547 21.063908
v 20.624546 -53.105839 20.924265
v 19.398960 -38.794693 19.203003
v 21.104923 -52.722076 1.321735
v 21.241909 -52.025761 0.734475
v 18.036606 -38.480450 21.423780
v 18.339100 -38.580399 20.706398
v 18.250916 -38.458145 20.610065
v 18.250916 -38.458145 20.610065
v 18.339100 -38.580399 20.706398
v 18.797916 -39.038097 20.569826
v 19.232847 -38.246498 18.606342
v 19.162800 -38.403400 18.669899
v 19.398960 -38.794693 19.203003
v 18.394114 -38.164501 18.720394
v 19.162800 -38.403400 18.669899
v 19.232847 -38.246498 18.606342
v 19.384724 -45.744049 20.784595
v 19.493645 -45.498817 21.345402
v 9.550777 -45.676113 21.263969
v 19.493645 -45.498817 21.345402
v 19.384724 -45.744049 20.784595
v 9.550777 -45.676113 21.263969
v 1.325078 -52.610886 22.444174
v 18.797916 -39.038097 20.569826
v 18.339100 -38.580399 20.706398
v 18.339100 -38.580399 20.706398
v 18.036606 -38.480450 21.423780
v 0.697374 -52.249073 23.040234
v 18.036606 -38.480450 21.423780
v 18.250916 -38.458145 20.610065
v 0.690276 -51.932533 22.057442
v 0.690276 -51.932533 22.057442
v 18.250916 -38.458145 20.610065
v 18.797916 -39.038097 20.569826
v 21.241909 -52.025761 0.734475
v 19.232847 -38.246498 18.606342
v 19.398960 -38.794693 19.203003
v 21.104923 -52.722076 1.321735
v 19.398960 -38.794693 19.203003
v 19.162800 -38.403400 18.669899
v 18.394114 -38.164501 18.720394
v 19.232847 -38.246498 18.606342
v 21.241909 -52.025761 0.734475
v 19.162800 -38.403400 18.669899
v 18.394114 -38.164501 18.720394
v 20.379257 -52.267715 0.950532
v 20.162270 -45.437840 9.784794
v 19.794470 -45.851353 9.694603
v 20.022406 -45.660576 19.855619
v 19.794470 -45.851353 9.694603
v 20.162270 -45.437840 9.784794
v 20.022406 -45.660576 19.855619
v -0.923728 -66.650101 -25.756502
v -0.184046 -67.328491 -25.755114
v 0.004058 -67.167068 -26.015085
v -0.184046 -67.328491 -25.755114
v -0.923728 -66.650101 -25.756502
v -26.677200 -95.513603 -28.223503
v -0.028675 -67.379700 -24.859903
v -0.163414 -67.279999 -24.852003
v -25.916901 -96.143600 -27.319002
v -25.916901 -96.143600 -27.319002
v -0.163414 -67.279999 -24.852003
v -0.184046 -67.328491 -25.755114
v -25.417717 -95.638306 -28.452816
v 0.004058 -67.167068 -26.015085
v -0.184046 -67.328491 -25.755114
v -0.923195 -66.635902 -25.960005
v 0.004058 -67.167068 -26.015085
v -25.417717 -95.638306 -28.452816
v -25.779701 -96.177399 -28.276403
v -0.184046 -67.328491 -25.755114
v -0.028675 -67.379700 -24.859903
v -26.677200 -95.513603 -28.223503
v -0.923728 -66.650101 -25.756502
v -0.923195 -66.635902 -25.960005
v 0.697374 -52.249073 23.040234
v 0.690276 -51.932533 22.057442
v 18.339100 -38.580399 20.706398
v 0.690276 -51.932533 22.057442
v 0.697374 -52.249073 23.040234
v 18.036606 -38.480450 21.423780
v -9.805029 -67.722008 -24.791613
v -22.911617 -73.698288 -25.441170
v -22.604753 -74.078529 -25.326462
v -23.133980 -74.159721 -25.436657
v -23.212034 -74.203400 -24.978189
v -7.517544 -74.096565 -26.304871
v -23.212034 -74.203400 -24.978189
v -23.133980 -74.159721 -25.436657
v -7.517544 -74.096565 -26.304871
v -0.028675 -67.379700 -24.859903
v -25.782099 -96.243202 -27.327005
v -25.779701 -96.177399 -28.276403
v -0.184046 -67.328491 -25.755114
v -25.779701 -96.177399 -28.276403
v -25.417717 -95.638306 -28.452816
v -25.916901 -96.143600 -27.319002
v -25.782099 -96.243202 -27.327005
v -0.028675 -67.379700 -24.859903
v -0.923195 -66.635902 -25.960005
v -26.676699 -95.499496 -28.427105
v -26.677200 -95.513603 -28.223503
v -26.677200 -95.513603 -28.223503
v -25.914400 -96.077797 -28.268404
v -0.184046 -67.328491 -25.755114
v -25.417717 -95.638306 -28.452816
v -26.676699 -95.499496 -28.427105
v -0.923195 -66.635902 -25.960005
v -0.184046 -67.328491 -25.755114
v -25.914400 -96.077797 -28.268404
v -25.916901 -96.143600 -27.319002
v -25.075319 -89.028252 -27.271709
v -25.216433 -88.928932 -26.546171
v -19.994223 -88.942230 -27.438467
v -25.216433 -88.928932 -26.546171
v -25.075319 -89.028252 -27.271709
v -19.994223 -88.942230 -27.438467
v -25.782099 -96.243202 -27.327005
v -25.916901 -96.143600 -27.319002
v -25.914400 -96.077797 -28.268404
v -25.914400 -96.077797 -28.268404
v -25.779701 -96.177399 -28.276403
v -25.782099 -96.243202 -27.327005
v -25.779701 -96.177399 -28.276403
v -25.914400 -96.077797 -28.268404
v -25.417717 -95.638306 -28.452816
v -25.914400 -96.077797 -28.268404
v -26.677200 -95.513603 -28.223503
v -26.676699 -95.499496 -28.427105
v -26.676699 -95.499496 -28.427105
v -25.417717 -95.638306 -28.452816
v -25.914400 -96.077797 -28.268404
v 0.004058 -67.167068 -26.015085
v -0.923195 -66.635902 -25.960005
v -0.923728 -66.650101 -25.756502
v -0.163414 -67.279999 -24.852003
v -0.028675 -67.379700 -24.859903
v -0.184046 -67.328491 -25.755114
v -9.805029 -67.722008 -24.791613
v -22.604753 -74.078529 -25.326462
v -22.911617 -73.698288 -25.441170
v -22.830912 -73.896935 -24.948162
v -22.911617 -73.698288 -25.441170
v -9.805029 -67.722008 -24.791613
v -22.911617 -73.698288 -25.441170
v -22.830912 -73.896935 -24.948162
v -10.148878 -67.496323 -24.369329
v -7.035530 -74.441826 -26.681030
v -7.423944 -74.425743 -27.120720
v -10.623134 -67.669411 -25.112362
v -7.423944 -74.425743 -27.120720
v -7.035530 -74.441826 -26.681030
v -10.623134 -67.669411 -25.112362
v 25.878502 -96.137901 -27.310303
v 25.878502 -96.077797 -28.268404
v 0.125001 -67.214203 -25.801403
v 25.935093 -96.424797 -28.481050
v 25.746199 -96.243202 -27.327005
v -0.007254 -67.379700 -24.859903
v -0.007254 -67.379700 -24.859903
v 25.746199 -96.243202 -27.327005
v 25.878502 -96.137901 -27.310303
v 24.854307 -89.011162 -27.116632
v 20.011017 -89.207924 -27.672014
v 20.103945 -88.893456 -27.307404
v 24.854307 -89.011162 -27.116632
v 20.103945 -88.893456 -27.307404
v 20.011017 -89.207924 -27.672014
v 0.125001 -67.214203 -25.801403
v 25.878502 -96.077797 -28.268404
v 26.641300 -95.513603 -28.223503
v 0.887267 -66.635902 -25.960005
v 26.640701 -95.499496 -28.427105
v 25.935093 -96.424797 -28.481050
v 26.641300 -95.513603 -28.223503
v 26.640701 -95.499496 -28.427105
v 0.887267 -66.635902 -25.960005
v -0.007254 -67.379700 -24.859903
v -0.184046 -67.328491 -25.755114
v 25.935093 -96.424797 -28.481050
v -0.184046 -67.328491 -25.755114
v 0.004058 -67.167068 -26.015085
v 25.935093 -96.424797 -28.481050
v 25.935093 -96.424797 -28.481050
v 0.004058 -67.167068 -26.015085
v 0.887267 -66.635902 -25.960005
v 0.125001 -67.214203 -25.801403
v 0.127485 -67.279999 -24.852003
v 25.878502 -96.137901 -27.310303
v 25.878502 -96.137901 -27.310303
v 0.127485 -67.279999 -24.852003
v -0.007254 -67.379700 -24.859903
v 26.641300 -95.513603 -28.223503
v 0.887799 -66.650101 -25.756502
v 0.125001 -67.214203 -25.801403
v 0.887267 -66.635902 -25.960005
v 0.887799 -66.650101 -25.756502
v 26.641300 -95.513603 -28.223503
v 10.574081 -67.689011 -25.105490
v 7.384365 -74.433243 -27.120424
v 7.010404 -74.445572 -26.683926
v 10.574081 -67.689011 -25.105490
v 7.010404 -74.445572 -26.683926
v 7.384365 -74.433243 -27.120424
v 7.186982 -74.085945 -26.321594
v 23.032764 -74.185379 -25.398897
v 23.115345 -74.203651 -25.003235
v 7.186982 -74.085945 -26.321594
v 23.115345 -74.203651 -25.003235
v 23.032764 -74.185379 -25.398897
v 22.901243 -73.709366 -25.441149
v 22.574078 -74.080284 -25.326014
v 9.733871 -67.705086 -24.791351
v 22.574078 -74.080284 -25.326014
v 22.901243 -73.709366 -25.441149
v 9.733871 -67.705086 -24.791351
v 9.733871 -67.705086 -24.791351
v 22.901243 -73.709366 -25.441149
v 22.785503 -73.891731 -24.948912
v 10.118695 -67.499176 -24.369940
v 22.785503 -73.891731 -24.948912
v 22.901243 -73.709366 -25.441149
v -23.004299 -67.489204 -24.922302
v -23.196815 -68.032364 -24.757708
v -23.004299 -67.379601 -24.820303
v -23.004299 -67.379601 -24.820303
v -23.208178 -67.402870 -25.504133
v -23.004299 -67.489204 -24.922302
v -10.148878 -67.496323 -24.369329
v -9.805029 -67.722008 -24.791613
v -22.911617 -73.698288 -25.441170
v -9.805029 -67.722008 -24.791613
v -10.148878 -67.496323 -24.369329
v -22.830912 -73.896935 -24.948162
v -0.017964 -68.000198 -24.922302
v -23.196815 -68.032364 -24.757708
v -23.004299 -67.489204 -24.922302
v 25.878502 -96.077797 -28.268404
v 25.878502 -96.137901 -27.310303
v 25.746199 -96.243202 -27.327005
v 26.640701 -95.499496 -28.427105
v 26.641300 -95.513603 -28.223503
v 25.878502 -96.077797 -28.268404
v 25.878502 -96.077797 -28.268404
v 25.935093 -96.424797 -28.481050
v 26.640701 -95.499496 -28.427105
v 25.746199 -96.243202 -27.327005
v 25.935093 -96.424797 -28.481050
v 25.878502 -96.077797 -28.268404
v -1.950511 -67.417679 -24.856863
v -23.004299 -67.379601 -24.820303
v -23.196815 -68.032364 -24.757708
v -23.004299 -67.489204 -24.922302
v -23.208178 -67.402870 -25.504133
v -0.017964 -67.489204 -25.500004
v -23.208178 -67.402870 -25.504133
v -23.004299 -67.379601 -24.820303
v -1.950511 -67.417679 -24.856863
v -2.463380 -66.779602 -25.677803
v -2.463380 -68.829102 -25.677803
v -2.463380 -68.829102 -25.492504
v -0.017964 -68.000198 -24.922302
v -0.017964 -68.000198 -24.820303
v -23.196815 -68.032364 -24.757708
v -23.208178 -67.402870 -25.504133
v -0.017964 -67.379601 -25.500004
v -0.017964 -67.489204 -25.500004
v -2.463380 -68.829102 -25.492504
v -2.463380 -66.779602 -25.492504
v -2.463380 -66.779602 -25.677803
v -23.196815 -68.032364 -24.757708
v -0.017964 -68.000198 -24.820303
v -1.950511 -67.417679 -24.856863
v -23.004299 -67.489204 -24.922302
v -1.950511 -67.417679 -24.856863
v -0.017964 -68.000198 -24.922302
v -1.950511 -67.417679 -24.856863
v -0.017964 -67.379601 -25.500004
v -23.208178 -67.402870 -25.504133
v -0.017964 -67.489204 -25.500004
v -1.950511 -67.417679 -24.856863
v -23.004299 -67.489204 -24.922302
v 2.591370 -68.829102 -25.492504
v -2.463380 -68.829102 -25.492504
v -2.463380 -68.829102 -25.677803
v -2.463380 -68.829102 -25.677803
v 2.591370 -68.829102 -25.677803
v 2.591370 -68.829102 -25.492504
v 2.591370 -66.779602 -25.677803
v 2.591370 -68.829102 -25.677803
v -2.463380 -68.829102 -25.677803
v -2.463380 -68.829102 -25.492504
v 2.591370 -68.829102 -25.492504
v 2.591370 -66.779602 -25.492504
v 2.591370 -66.779602 -25.492504
v 2.591370 -68.829102 -25.492504
v 2.591370 -68.829102 -25.677803
v -2.463380 -68.829102 -25.677803
v -2.463380 -66.779602 -25.677803
v 2.591370 -66.779602 -25.677803
v 2.591370 -66.779602 -25.492504
v -2.463380 -66.779602 -25.492504
v -2.463380 -68.829102 -25.492504
v 0.004058 -67.167068 -26.015085
v -0.184046 -67.328491 -25.755114
v 0.125001 -67.214203 -25.801403
v 0.127485 -67.279999 -24.852003
v 0.125001 -67.214203 -25.801403
v -0.184046 -67.328491 -25.755114
v 2.591370 -66.779602 -25.677803
v -2.463380 -66.779602 -25.677803
v -2.463380 -66.779602 -25.492504
v 0.004058 -67.167068 -26.015085
v 0.125001 -67.214203 -25.801403
v 0.887799 -66.650101 -25.756502
v 0.887799 -66.650101 -25.756502
v 0.887267 -66.635902 -25.960005
v 0.004058 -67.167068 -26.015085
v -2.463380 -66.779602 -25.492504
v 2.591370 -66.779602 -25.492504
v 2.591370 -66.779602 -25.677803
v 2.591370 -68.829102 -25.677803
v 2.591370 -66.779602 -25.677803
v 2.591370 -66.779602 -25.492504
v -1.950511 -67.417679 -24.856863
v -0.017964 -68.000198 -24.922302
v -0.017964 -68.000198 -24.820303
v -0.017964 -67.379601 -25.500004
v -0.017964 -67.489204 -25.500004
v -1.950511 -67.417679 -24.856863
v -0.184046 -67.328491 -25.755114
v -0.007254 -67.379700 -24.859903
v 0.127485 -67.279999 -24.852003
v 22.860910 -68.023193 -24.743641
v -0.017964 -68.000198 -24.820303
v -0.017964 -68.000198 -24.922302
v 22.968399 -67.489204 -24.922302
v 22.688774 -67.402023 -25.501705
v 22.787970 -67.378227 -24.811026
v 22.860910 -68.023193 -24.743641
v 22.968399 -67.489204 -24.922302
v 22.787970 -67.378227 -24.811026
v -1.950511 -67.417679 -24.856863
v 22.787970 -67.378227 -24.811026
v 22.688774 -67.402023 -25.501705
v -0.017964 -67.489204 -25.500004
v 22.688774 -67.402023 -25.501705
v 22.968399 -67.489204 -24.922302
v 22.860910 -68.023193 -24.743641
v 22.787970 -67.378227 -24.811026
v -1.950511 -67.417679 -24.856863
v 22.968399 -67.489204 -24.922302
v 22.860910 -68.023193 -24.743641
v -0.017964 -68.000198 -24.922302
v 22.785503 -73.891731 -24.948912
v 10.118695 -67.499176 -24.369940
v 9.733871 -67.705086 -24.791351
v 22.901243 -73.709366 -25.441149
v 9.733871 -67.705086 -24.791351
v 10.118695 -67.499176 -24.369940
v -0.017964 -67.489204 -25.500004
v -0.017964 -67.379601 -25.500004
v 22.688774 -67.402023 -25.501705
v -1.950511 -67.417679 -24.856863
v -0.017964 -68.000198 -24.820303
v 22.860910 -68.023193 -24.743641
v -0.017964 -68.000198 -24.922302
v -1.950511 -67.417679 -24.856863
v 22.968399 -67.489204 -24.922302
v 22.968399 -67.489204 -24.922302
v -1.950511 -67.417679 -24.856863
v -0.017964 -67.489204 -25.500004
v 22.688774 -67.402023 -25.501705
v -0.017964 -67.379601 -25.500004
v -1.950511 -67.417679 -24.856863
v 20.928167 -52.418694 10.049647
v 20.508984 -52.671951 9.778222
v 22.522377 -58.662205 21.251013
v 20.508984 -52.671951 9.778222
v 20.928167 -52.418694 10.049647
v 22.522377 -58.662205 21.251013
v 21.282301 -53.121101 21.116299
v 21.182400 -53.140003 21.117098
v 20.970001 -53.005199 -0.402108
v 21.069300 -52.639503 21.121998
v 20.417311 -52.577320 21.127127
v 20.235046 -52.707737 -0.549565
v 23.371700 -67.532303 -24.032404
v 23.491676 -67.440361 -24.078489
v 23.282463 -68.161545 -24.020201
v 23.371700 -67.532303 -24.032404
v 22.812000 -67.532303 -24.032404
v 22.814205 -67.438904 -24.088413
v 23.491676 -67.440361 -24.078489
v 23.371700 -67.532303 -24.032404
v 22.814205 -67.438904 -24.088413
v 20.970001 -53.005199 -0.402108
v 21.182400 -53.140003 21.117098
v 21.069300 -52.639503 21.121998
v 20.417311 -52.577320 21.127127
v 21.126423 -52.496105 21.327467
v 20.888008 -52.366173 -0.203283
v 21.071188 -52.988613 0.010725
v 21.126423 -52.496105 21.327467
v 21.282301 -53.121101 21.116299
v 23.691900 -67.431999 -22.892504
v 23.446402 -66.709290 -23.265961
v 23.632599 -66.889801 -23.335804
v 22.812000 -67.439201 -0.019899
v 22.814205 -67.438904 -24.088413
v 22.812000 -67.532303 -24.032404
v 22.812000 -67.532303 -24.032404
v 23.371700 -67.532303 -24.032404
v 23.371700 -67.532303 -0.019899
v 23.561417 -68.107704 0.180580
v 23.282463 -68.161545 -24.020201
v 23.491676 -67.440361 -24.078489
v 23.371700 -67.532303 -0.019899
v 23.371700 -67.532303 -24.032404
v 23.282463 -68.161545 -24.020201
v 23.491676 -67.440361 -24.078489
v 22.814205 -67.438904 -24.088413
v 23.493460 -67.439072 -0.070189
v 20.417311 -52.577320 21.127127
v 21.069300 -52.639503 21.121998
v 21.126423 -52.496105 21.327467
v 21.096941 -52.567852 -21.786821
v 21.282301 -53.121101 -21.920502
v 21.182400 -53.140003 -21.921301
v 20.801094 -52.757633 -10.753972
v 22.345779 -59.514168 -11.669096
v 21.864241 -59.532417 -11.921775
v 20.801094 -52.757633 -10.753972
v 21.864241 -59.532417 -11.921775
v 22.345779 -59.514168 -11.669096
v 22.549866 -58.749500 -22.217007
v 20.514471 -52.687935 -10.608340
v 20.937208 -52.445240 -10.902210
v 22.549866 -58.749500 -22.217007
v 20.937208 -52.445240 -10.902210
v 20.514471 -52.687935 -10.608340
v 20.970001 -53.005199 -0.402108
v 21.182400 -53.140003 -21.921301
v 21.282301 -53.121101 -21.920502
v 20.235046 -52.707737 -0.549565
v 20.421164 -52.580036 -21.987152
v 21.096941 -52.567852 -21.786821
v 21.096941 -52.567852 -21.786821
v 21.182400 -53.140003 -21.921301
v 20.970001 -53.005199 -0.402108
v 21.282301 -53.121101 -21.920502
v 21.096941 -52.567852 -21.786821
v 21.071188 -52.988613 0.010725
v 20.888008 -52.366173 -0.203283
v 21.096941 -52.567852 -21.786821
v 20.421164 -52.580036 -21.987152
v 21.246469 -53.225834 -1.609476
v 21.096951 -52.630482 -2.297811
v 23.446402 -66.709290 -23.265961
v 21.271101 -52.762699 -2.292992
v 21.246469 -53.225834 -1.609476
v 23.820200 -67.400497 -22.903503
v 24.358999 -66.711197 -23.398104
v 21.987545 -52.370125 -2.478633
v 21.271101 -52.762699 -2.292992
v 23.446402 -66.709290 -23.265961
v 21.096951 -52.630482 -2.297811
v 21.987545 -52.370125 -2.478633
v 20.421164 -52.580036 -21.987152
v 20.235046 -52.707737 -0.549565
v 20.888008 -52.366173 -0.203283
v 21.282301 -53.121101 -21.920502
v 21.071188 -52.988613 0.010725
v 20.970001 -53.005199 -0.402108
v 21.096941 -52.567852 -21.786821
v 20.856800 -52.504803 -0.402108
v 20.235046 -52.707737 -0.549565
v 20.970001 -53.005199 -0.402108
v 20.856800 -52.504803 -0.402108
v 21.096941 -52.567852 -21.786821
v 20.888008 -52.366173 -0.203283
v 21.071188 -52.988613 0.010725
v 21.096941 -52.567852 -21.786821
v 24.318699 -66.601700 -23.490805
v 24.358999 -66.711197 -23.398104
v 23.632599 -66.889801 -23.335804
v 23.632599 -66.889801 -23.335804
v 23.446402 -66.709290 -23.265961
v 24.318699 -66.601700 -23.490805
v 21.246469 -53.225834 -1.609476
v 23.691900 -67.431999 -22.892504
v 23.820200 -67.400497 -22.903503
v 23.491676 -67.440361 -24.078489
v 23.493460 -67.439072 -0.070189
v 23.561417 -68.107704 0.180580
v 22.812000 -67.439201 -0.019899
v 23.493460 -67.439072 -0.070189
v 22.814205 -67.438904 -24.088413
v 23.632599 -66.889801 -23.335804
v 23.820200 -67.400497 -22.903503
v 23.691900 -67.431999 -22.892504
v 23.371700 -67.532303 -0.019899
v 22.812000 -67.532303 -0.019899
v 22.812000 -67.532303 -24.032404
v 22.812000 -67.532303 -24.032404
v 22.812000 -67.532303 -0.019899
v 22.812000 -67.439201 -0.019899
v 24.358999 -66.711197 -23.398104
v 24.318699 -66.601700 -23.490805
v 21.987545 -52.370125 -2.478633
v 21.987545 -52.370125 -2.478633
v 24.318699 -66.601700 -23.490805
v 23.446402 -66.709290 -23.265961
v 21.271101 -52.762699 -2.292992
v 23.632599 -66.889801 -23.335804
v 24.358999 -66.711197 -23.398104
v 23.820200 -67.400497 -22.903503
v 23.632599 -66.889801 -23.335804
v 21.271101 -52.762699 -2.292992
v 21.868029 -59.553768 11.120638
v 22.347670 -59.541851 10.870092
v 20.808563 -52.796555 9.955828
v 22.347670 -59.541851 10.870092
v 21.868029 -59.553768 11.120638
v 20.808563 -52.796555 9.955828
v 18.339100 -38.580399 20.706398
v 0.690276 -51.932533 22.057442
v 1.325078 -52.610886 22.444174
v 18.797916 -39.038097 20.569826
v 1.325078 -52.610886 22.444174
v 0.690276 -51.932533 22.057442
v 23.446402 -66.709290 -23.265961
v 23.691900 -67.431999 -22.892504
v 21.246469 -53.225834 -1.609476
v 21.182400 -53.140003 21.117098
v 21.282301 -53.121101 21.116299
v 21.126423 -52.496105 21.327467
v 21.126423 -52.496105 21.327467
v 21.069300 -52.639503 21.121998
v 21.182400 -53.140003 21.117098
v 20.235046 -52.707737 -0.549565
v 20.888008 -52.366173 -0.203283
v 20.856800 -52.504803 -0.402108
v 23.371700 -67.532303 -0.019899
v 23.561417 -68.107704 0.180580
v 23.493460 -67.439072 -0.070189
v 23.493460 -67.439072 -0.070189
v 22.812000 -67.439201 -0.019899
v 22.812000 -67.532303 -0.019899
v 22.812000 -67.532303 -0.019899
v 23.371700 -67.532303 -0.019899
v 23.493460 -67.439072 -0.070189
v 21.126423 -52.496105 21.327467
v 21.071188 -52.988613 0.010725
v 20.888008 -52.366173 -0.203283
v 21.069300 -52.639503 21.121998
v 20.856800 -52.504803 -0.402108
v 20.970001 -53.005199 -0.402108
v 20.235046 -52.707737 -0.549565
v 20.856800 -52.504803 -0.402108
v 21.069300 -52.639503 21.121998
v 20.970001 -53.005199 -0.402108
v 21.071188 -52.988613 0.010725
v 21.282301 -53.121101 21.116299
v 20.888008 -52.366173 -0.203283
v 20.235046 -52.707737 -0.549565
v 20.417311 -52.577320 21.127127
v 21.246469 -53.225834 -1.609476
v 21.271101 -52.762699 -2.292992
v 21.096951 -52.630482 -2.297811
v 21.096951 -52.630482 -2.297811
v 21.271101 -52.762699 -2.292992
v 21.987545 -52.370125 -2.478633
v 21.071188 -52.988613 0.010725
v 20.970001 -53.005199 -0.402108
v 20.856800 -52.504803 -0.402108
v -20.573717 -52.373398 -23.354610
v -20.664101 -52.482498 -23.458601
v -20.966221 -53.218254 -23.305752
v -20.574163 -52.302181 -24.072166
v -20.664101 -52.482498 -23.458601
v -20.573717 -52.373398 -23.354610
v -9.155668 -45.547440 -21.788681
v -20.445362 -52.704769 -22.905098
v -20.173962 -53.230625 -22.784477
v -9.201833 -46.040382 -22.303961
v -20.173962 -53.230625 -22.784477
v -20.445362 -52.704769 -22.905098
v -20.369717 -52.938229 -22.399170
v -20.445362 -52.704769 -22.905098
v -9.155668 -45.547440 -21.788681
v -20.445362 -52.704769 -22.905098
v -20.369717 -52.938229 -22.399170
v -9.155668 -45.547440 -21.788681
v -20.664101 -52.482498 -23.458601
v -20.574163 -52.302181 -24.072166
v -0.017964 -52.482498 -24.036201
v -0.017964 -52.993500 -23.458601
v -20.966221 -53.218254 -23.305752
v -20.664101 -52.482498 -23.458601
v -0.500817 -52.993748 -23.357939
v -20.573717 -52.373398 -23.354610
v -20.966221 -53.218254 -23.305752
v -20.574163 -52.302181 -24.072166
v -20.573717 -52.373398 -23.354610
v 0.094663 -52.372864 -23.356594
v -20.574163 -52.302181 -24.072166
v -0.017964 -52.372997 -24.036201
v -0.017964 -52.482498 -24.036201
v -19.439098 -45.515301 -21.997444
v -19.408699 -45.744446 -21.590218
v -9.621372 -45.589226 -21.781443
v -19.408699 -45.744446 -21.590218
v -19.439098 -45.515301 -21.997444
v -9.614577 -45.855167 -22.203016
v 0.094663 -52.372864 -23.356594
v -0.017964 -52.372997 -24.036201
v -20.574163 -52.302181 -24.072166
v -0.017964 -52.993500 -23.458601
v -0.500817 -52.993748 -23.357939
v -20.966221 -53.218254 -23.305752
v -9.614577 -45.855167 -22.203016
v -19.439098 -45.515301 -21.997444
v -19.403761 -45.973022 -22.172289
v -9.640333 -45.589626 -22.212458
v -19.403761 -45.973022 -22.172289
v -19.439098 -45.515301 -21.997444
v -20.664101 -52.482498 -23.458601
v -0.017964 -52.482498 -23.458601
v -0.017964 -52.993500 -23.458601
v 20.758560 -52.302853 -24.072397
v -0.017964 -52.372997 -24.036201
v 0.094663 -52.372864 -23.356594
v -20.573717 -52.373398 -23.354610
v -0.500817 -52.993748 -23.357939
v 0.094663 -52.372864 -23.356594
v -0.017964 -52.482498 -24.036201
v -0.017964 -52.482498 -23.458601
v -20.664101 -52.482498 -23.458601
v -2.505720 -54.010498 -23.326403
v -2.505720 -54.034298 -23.162201
v -2.505720 -51.032001 -22.727800
v -20.173962 -53.230625 -22.784477
v -9.201833 -46.040382 -22.303961
v -9.155668 -45.547440 -21.788681
v -20.445362 -52.704769 -22.905098
v -9.155668 -45.547440 -21.788681
v -9.201833 -46.040382 -22.303961
v -2.505720 -51.032001 -22.727800
v -2.505720 -51.008301 -22.892002
v -2.505720 -54.010498 -23.326403
v -1.352410 -52.489002 -23.108801
v -1.369229 -52.488331 -22.991667
v -18.788601 -39.033100 -21.445602
v -0.770384 -52.221558 -23.834042
v -0.938805 -52.047497 -23.058102
v -18.375000 -38.580399 -21.510702
v -18.375000 -38.580399 -21.510702
v -0.938805 -52.047497 -23.058102
v -1.352410 -52.489002 -23.108801
v -18.317381 -38.447151 -21.389740
v -1.369229 -52.488331 -22.991667
v -0.827873 -51.952335 -22.971821
v -0.827873 -51.952335 -22.971821
v -0.770384 -52.221558 -23.834042
v -18.088558 -38.465946 -22.219288
v 20.709562 -53.204891 -23.287951
v -0.500817 -52.993748 -23.357939
v -0.017964 -52.993500 -23.458601
v -0.017964 -52.993500 -23.458601
v -0.017964 -52.482498 -23.458601
v 20.628101 -52.482498 -23.458601
v 0.094663 -52.372864 -23.356594
v -0.500817 -52.993748 -23.357939
v 20.675001 -52.374165 -23.356039
v 20.628101 -52.482498 -23.458601
v -0.017964 -52.482498 -23.458601
v -0.017964 -52.482498 -24.036201
v -0.770384 -52.221558 -23.834042
v -0.827873 -51.952335 -22.971821
v -0.938805 -52.047497 -23.058102
v -2.505720 -51.008301 -22.892002
v -2.505720 -51.032001 -22.727800
v 2.549020 -51.032001 -22.727800
v -2.505720 -51.008301 -22.892002
v 2.549020 -51.008301 -22.892002
v 2.549020 -54.010498 -23.326403
v 2.549020 -54.034298 -23.162201
v 2.549020 -51.032001 -22.727800
v -2.505720 -51.032001 -22.727800
v 2.549020 -51.032001 -22.727800
v 2.549020 -51.008301 -22.892002
v -2.505720 -51.008301 -22.892002
v 2.549020 -51.008301 -22.892002
v 2.549020 -51.032001 -22.727800
v 2.549020 -54.034298 -23.162201
v -0.017964 -52.482498 -24.036201
v -0.017964 -52.372997 -24.036201
v 20.758560 -52.302853 -24.072397
v 22.272575 -59.613350 -23.466816
v 9.998734 -52.787720 -22.950287
v 10.207443 -53.137711 -23.395138
v 22.272575 -59.613350 -23.466816
v 10.207443 -53.137711 -23.395138
v 9.998734 -52.787720 -22.950287
v -0.017964 -52.482498 -24.036201
v 20.758560 -52.302853 -24.072397
v 20.628101 -52.482498 -23.458601
v 20.628101 -52.482498 -23.458601
v 20.709562 -53.204891 -23.287951
v -0.017964 -52.993500 -23.458601
v 20.709562 -53.204891 -23.287951
v 20.675001 -52.374165 -23.356039
v -0.500817 -52.993748 -23.357939
v 0.094663 -52.372864 -23.356594
v 20.675001 -52.374165 -23.356039
v 20.758560 -52.302853 -24.072397
v 20.709562 -53.204891 -23.287951
v 20.628101 -52.482498 -23.458601
v 20.675001 -52.374165 -23.356039
v 20.675001 -52.374165 -23.356039
v 20.628101 -52.482498 -23.458601
v 20.758560 -52.302853 -24.072397
v -18.788601 -39.021999 -21.561403
v -18.788601 -39.033100 -21.445602
v -18.317381 -38.447151 -21.389740
v -18.317381 -38.447151 -21.389740
v -18.375000 -38.580399 -21.510702
v -18.788601 -39.021999 -21.561403
v -18.088558 -38.465946 -22.219288
v -18.375000 -38.580399 -21.510702
v -18.317381 -38.447151 -21.389740
v 1.374000 -52.734798 -23.229801
v 0.809896 -53.244976 -23.384949
v 21.990999 -67.521103 -24.223904
v 2.549020 -54.034298 -23.162201
v 2.549020 -54.010498 -23.326403
v 2.549020 -51.008301 -22.892002
v 20.471647 -52.775772 -22.931669
v 20.168159 -53.241383 -22.802763
v 9.035307 -45.924419 -22.219263
v 20.168159 -53.241383 -22.802763
v 20.471647 -52.775772 -22.931669
v 9.035307 -45.924419 -22.219263
v 9.035307 -45.924419 -22.219263
v 20.471647 -52.775772 -22.931669
v 20.361160 -52.995197 -22.422892
v 9.435174 -45.645462 -21.772942
v 20.361160 -52.995197 -22.422892
v 20.471647 -52.775772 -22.931669
v 20.471647 -52.775772 -22.931669
v 9.035307 -45.924419 -22.219263
v 9.435174 -45.645462 -21.772942
v 20.361160 -52.995197 -22.422892
v 9.435174 -45.645462 -21.772942
v 9.035307 -45.924419 -22.219263
v 0.809896 -53.244976 -23.384949
v 1.374000 -52.734798 -23.229801
v 1.574154 -52.700886 -23.380461
v -0.017964 -52.482498 -23.458601
v 0.094663 -52.372864 -23.356594
v -0.017964 -52.372997 -24.036201
v 0.094663 -52.372864 -23.356594
v -0.017964 -52.482498 -23.458601
v -0.500817 -52.993748 -23.357939
v -18.375000 -38.580399 -21.510702
v -18.088558 -38.465946 -22.219288
v -0.770384 -52.221558 -23.834042
v -19.403761 -45.973022 -22.172289
v -9.640333 -45.589626 -22.212458
v -9.614577 -45.855167 -22.203016
v -9.614577 -45.855167 -22.203016
v -9.621372 -45.589226 -21.781443
v -19.408699 -45.744446 -21.590218
v -9.621372 -45.589226 -21.781443
v -9.640333 -45.589626 -22.212458
v -19.439098 -45.515301 -21.997444
v -18.788601 -39.033100 -21.445602
v -18.788601 -39.021999 -21.561403
v -1.352410 -52.489002 -23.108801
v -1.352410 -52.489002 -23.108801
v -18.788601 -39.021999 -21.561403
v -18.375000 -38.580399 -21.510702
v -1.369229 -52.488331 -22.991667
v -18.317381 -38.447151 -21.389740
v -18.788601 -39.033100 -21.445602
v -18.088558 -38.465946 -22.219288
v -18.317381 -38.447151 -21.389740
v -0.827873 -51.952335 -22.971821
v -9.621372 -45.589226 -21.781443
v -9.614577 -45.855167 -22.203016
v -9.640333 -45.589626 -22.212458
v -0.017964 -52.482498 -23.458601
v -0.017964 -52.993500 -23.458601
v -0.500817 -52.993748 -23.357939
v -1.369229 -52.488331 -22.991667
v -0.938805 -52.047497 -23.058102
v -0.827873 -51.952335 -22.971821
v -1.369229 -52.488331 -22.991667
v -1.352410 -52.489002 -23.108801
v -0.938805 -52.047497 -23.058102
v -2.505720 -51.032001 -22.727800
v -2.505720 -54.034298 -23.162201
v 2.549020 -54.034298 -23.162201
v 2.549020 -54.010498 -23.326403
v -2.505720 -54.010498 -23.326403
v -2.505720 -51.008301 -22.892002
v -0.017964 -52.372997 -24.036201
v -0.017964 -52.482498 -24.036201
v -0.017964 -52.482498 -23.458601
v 2.549020 -54.010498 -23.326403
v 2.549020 -54.034298 -23.162201
v -2.505720 -54.034298 -23.162201
v -2.505720 -54.034298 -23.162201
v -2.505720 -54.010498 -23.326403
v 2.549020 -54.010498 -23.326403
v 23.122650 -67.864899 -11.627054
v 24.172869 -74.600357 -7.835308
v 24.682421 -74.481476 -7.554945
v 23.122650 -67.864899 -11.627054
v 24.682421 -74.481476 -7.554945
v 24.172869 -74.600357 -7.835308
v 23.423534 -66.992851 -1.173239
v 23.728701 -67.637199 -0.524610
v 23.641001 -67.066505 -1.277763
v 23.728701 -67.637199 -0.524610
v 23.423534 -66.992851 -1.173239
v 23.500233 -67.496414 -0.145886
v 23.461000 -67.113098 -2.987033
v 23.634199 -67.113098 -2.987033
v 23.634199 -69.162598 -2.987033
v 23.282463 -68.161545 -24.020201
v 23.561417 -68.107704 0.180580
v 23.371700 -67.532303 -0.019899
v 24.671499 -67.515999 -0.524172
v 23.728701 -67.637199 -0.524610
v 23.500233 -67.496414 -0.145886
v 23.500233 -67.496414 -0.145886
v 24.687000 -67.616806 -0.391134
v 24.671499 -67.515999 -0.524172
v 23.461000 -69.162598 2.067717
v 23.634199 -69.162598 2.067717
v 23.634199 -67.113098 2.067717
v 23.634199 -69.162598 2.067717
v 23.461000 -69.162598 2.067717
v 23.461000 -69.162598 -2.987033
v 23.634199 -69.162598 2.067717
v 23.634199 -69.162598 -2.987033
v 23.634199 -67.113098 -2.987033
v 23.461000 -67.113098 -2.987033
v 23.461000 -69.162598 -2.987033
v 23.461000 -69.162598 2.067717
v 23.461000 -69.162598 -2.987033
v 23.634199 -69.162598 -2.987033
v 23.634199 -69.162598 2.067717
v 23.634199 -69.162598 -2.987033
v 23.461000 -69.162598 -2.987033
v 23.461000 -67.113098 -2.987033
v 22.139841 -59.298420 -22.207121
v 22.326700 -59.470490 -11.724196
v 21.869879 -59.138020 -11.481119
v 22.139841 -59.298420 -22.207121
v 21.869879 -59.138020 -11.481119
v 22.326700 -59.470490 -11.724196
v 29.049301 -95.820305 -26.763706
v 24.671499 -67.515999 -0.524172
v 24.687000 -67.616806 -0.391134
v 24.687000 -67.616806 -0.391134
v 23.500233 -67.496414 -0.145886
v 29.038111 -95.751106 -26.471399
v 23.728701 -67.637199 -0.524610
v 24.671499 -67.515999 -0.524172
v 29.049301 -95.820305 -26.763706
v 27.851898 -95.636185 -26.225870
v 23.500233 -67.496414 -0.145886
v 23.423534 -66.992851 -1.173239
v 25.060619 -74.071808 -24.273239
v 25.168600 -74.220741 -7.344635
v 24.831577 -74.653542 -7.079961
v 24.521162 -73.962662 -24.152689
v 24.831577 -74.653542 -7.079961
v 25.168600 -74.220741 -7.344635
v 23.423534 -66.992851 -1.173239
v 23.641001 -67.066505 -1.277763
v 28.018799 -95.370796 -27.517305
v 28.018799 -95.370796 -27.517305
v 23.641001 -67.066505 -1.277763
v 23.728701 -67.637199 -0.524610
v 25.168600 -74.220741 -7.344635
v 25.060619 -74.071808 -24.273239
v 24.521162 -73.962662 -24.152689
v 24.831577 -74.653542 -7.079961
v 24.521162 -73.962662 -24.152689
v 25.060619 -74.071808 -24.273239
v 23.564465 -67.459160 -11.096774
v 24.968554 -73.704788 -24.087257
v 24.516153 -73.658836 -23.851490
v 23.564465 -67.459160 -11.096774
v 24.516153 -73.658836 -23.851490
v 24.968554 -73.704788 -24.087257
v 24.741905 -74.393501 -24.224327
v 24.521162 -73.962662 -24.152689
v 24.831577 -74.653542 -7.079961
v 24.521162 -73.962662 -24.152689
v 24.741905 -74.393501 -24.224327
v 24.831577 -74.653542 -7.079961
v 24.687000 -67.616806 -0.391134
v 29.038111 -95.751106 -26.471399
v 29.049301 -95.820305 -26.763706
v 29.049301 -95.820305 -26.763706
v 28.106499 -95.941505 -26.764105
v 23.728701 -67.637199 -0.524610
v 1.374000 -52.734798 -23.229801
v 1.743509 -52.633053 -22.444992
v 1.574154 -52.700886 -23.380461
v 28.018799 -95.370796 -27.517305
v 27.816599 -95.396797 -27.517403
v 23.423534 -66.992851 -1.173239
v 27.851898 -95.636185 -26.225870
v 29.038111 -95.751106 -26.471399
v 23.500233 -67.496414 -0.145886
v 23.728701 -67.637199 -0.524610
v 28.106499 -95.941505 -26.764105
v 28.018799 -95.370796 -27.517305
v 23.423534 -66.992851 -1.173239
v 27.816599 -95.396797 -27.517403
v 27.851898 -95.636185 -26.225870
v 27.108404 -89.058342 -20.945852
v 27.141636 -88.985458 -25.818197
v 26.769608 -89.006157 -25.654253
v 27.108404 -89.058342 -20.945852
v 26.769608 -89.006157 -25.654253
v 27.141636 -88.985458 -25.818197
v 9.622282 -52.719223 -23.633879
v 10.732591 -59.433384 -24.282499
v 10.431326 -59.594063 -23.846722
v 9.622282 -52.719223 -23.633879
v 10.431326 -59.594063 -23.846722
v 10.732591 -59.433384 -24.282499
v 28.106499 -95.941505 -26.764105
v 29.049301 -95.820305 -26.763706
v 29.038111 -95.751106 -26.471399
v 27.851898 -95.636185 -26.225870
v 28.106499 -95.941505 -26.764105
v 29.038111 -95.751106 -26.471399
v 27.816599 -95.396797 -27.517403
v 28.018799 -95.370796 -27.517305
v 28.106499 -95.941505 -26.764105
v 28.106499 -95.941505 -26.764105
v 27.851898 -95.636185 -26.225870
v 27.816599 -95.396797 -27.517403
v 27.662651 -95.751068 -28.082569
v 27.576275 -95.603317 -25.823580
v 12.799700 4.420721 -14.934701
v 20.816471 -59.027969 -23.557173
v 10.686892 -59.110851 -23.836599
v 10.498775 -59.488216 -24.255501
v 0.809896 -53.244976 -23.384949
v 1.574154 -52.700886 -23.380461
v 22.763111 -67.040085 -24.423956
v 22.763111 -67.040085 -24.423956
v 1.574154 -52.700886 -23.380461
v 1.743509 -52.633053 -22.444992
v 22.479200 -66.962898 -23.522104
v 1.743509 -52.633053 -22.444992
v 1.374000 -52.734798 -23.229801
v 20.816471 -59.027969 -23.557173
v 10.498775 -59.488216 -24.255501
v 10.686892 -59.110851 -23.836599
v 22.479200 -66.962898 -23.522104
v 22.682713 -66.923897 -23.536583
v 1.743509 -52.633053 -22.444992
v 1.743509 -52.633053 -22.444992
v 22.682713 -66.923897 -23.536583
v 22.763111 -67.040085 -24.423956
v 1.374000 -52.734798 -23.229801
v 22.423901 -66.984901 -24.274603
v 22.479200 -66.962898 -23.522104
v 21.990999 -67.521103 -24.223904
v 22.423901 -66.984901 -24.274603
v 1.374000 -52.734798 -23.229801
v 22.763111 -67.040085 -24.423956
v 21.981201 -67.525002 -24.356903
v 0.809896 -53.244976 -23.384949
v 0.809896 -53.244976 -23.384949
v 21.981201 -67.525002 -24.356903
v 21.990999 -67.521103 -24.223904
v 22.682713 -66.923897 -23.536583
v 22.479200 -66.962898 -23.522104
v 22.423901 -66.984901 -24.274603
v 22.682713 -66.923897 -23.536583
v 22.423901 -66.984901 -24.274603
v 22.763111 -67.040085 -24.423956
v 21.981201 -67.525002 -24.356903
v 22.763111 -67.040085 -24.423956
v 22.423901 -66.984901 -24.274603
v 22.423901 -66.984901 -24.274603
v 21.990999 -67.521103 -24.223904
v 21.981201 -67.525002 -24.356903
v 23.634199 -67.113098 -2.987033
v 23.461000 -67.113098 -2.987033
v 23.461000 -67.113098 2.067717
v 23.461000 -69.162598 2.067717
v 23.461000 -67.113098 2.067717
v 23.461000 -67.113098 -2.987033
v 23.634199 -67.113098 -2.987033
v 23.634199 -67.113098 2.067717
v 23.634199 -69.162598 2.067717
v 23.461000 -67.113098 2.067717
v 23.634199 -67.113098 2.067717
v 23.634199 -67.113098 -2.987033
v 23.634199 -67.113098 2.067717
v 23.461000 -67.113098 2.067717
v 23.461000 -69.162598 2.067717
v 2.549030 -54.040199 22.418297
v 2.549030 -51.013500 22.215298
v 2.549030 -51.002399 22.380798
v -2.505720 -51.002399 22.380798
v 2.549030 -51.002399 22.380798
v 2.549030 -51.013500 22.215298
v -2.505720 -51.013500 22.215298
v 2.549030 -51.013500 22.215298
v 2.549030 -54.040199 22.418297
v 2.549030 -51.013500 22.215298
v -2.505720 -51.013500 22.215298
v -2.505720 -51.002399 22.380798
v -0.938805 -52.047497 22.253897
v -0.894783 -51.901855 22.159290
v -1.116475 -51.962254 23.005249
v -0.894783 -51.901855 22.159290
v -0.938805 -52.047497 22.253897
v -1.343584 -52.508354 22.189928
v 21.071188 -52.988613 0.010725
v 20.856800 -52.504803 -0.402108
v 20.888008 -52.366173 -0.203283
v 20.404024 -52.385551 -1.593982
v 18.405794 -38.257381 -19.399815
v 19.162800 -38.403400 -19.474102
v 19.333599 -38.843800 -19.900501
v 19.237183 -38.174652 -19.497496
v 21.338013 -52.653709 -1.984672
v 21.200397 -51.894043 -1.713469
v 21.164101 -52.192497 -1.589142
v 21.338013 -52.653709 -1.984672
v 21.164101 -52.192497 -1.589142
v 21.216301 -52.645500 -2.013912
v 21.338013 -52.653709 -1.984672
v 19.162800 -38.403400 -19.474102
v 19.215000 -38.856400 -19.898903
v 21.216301 -52.645500 -2.013912
v 21.216301 -52.645500 -2.013912
v 19.215000 -38.856400 -19.898903
v 19.333599 -38.843800 -19.900501
v 21.200397 -51.894043 -1.713469
v 19.237183 -38.174652 -19.497496
v 18.405794 -38.257381 -19.399815
v 20.020201 -45.659969 -20.440245
v 20.163387 -45.436600 -10.600135
v 19.792189 -45.847137 -10.405301
v -0.894783 -51.901855 22.159290
v -18.246134 -38.503353 20.590519
v -18.439631 -38.199890 21.381023
v -0.938805 -52.047497 22.253897
v -1.352410 -52.489002 22.304598
v -1.343584 -52.508354 22.189928
v -1.116475 -51.962254 23.005249
v -18.439631 -38.199890 21.381023
v -18.375000 -38.580399 20.706398
v 20.020201 -45.659969 -20.440245
v 19.792189 -45.847137 -10.405301
v 20.163387 -45.436600 -10.600135
v 19.215000 -38.856400 -19.898903
v 19.162800 -38.403400 -19.474102
v 19.237183 -38.174652 -19.497496
v 19.237183 -38.174652 -19.497496
v 19.333599 -38.843800 -19.900501
v 19.215000 -38.856400 -19.898903
v 19.237183 -38.174652 -19.497496
v 19.162800 -38.403400 -19.474102
v 18.405794 -38.257381 -19.399815
v 20.580820 -52.566772 -21.769707
v 20.622362 -53.076904 -21.679361
v 19.912264 -45.605247 -10.803662
v 20.622362 -53.076904 -21.679361
v 20.580820 -52.566772 -21.769707
v 19.912264 -45.605247 -10.803662
v -19.181850 -38.292301 18.722179
v -19.483780 -38.863659 19.043463
v -21.307882 -52.621357 1.213862
v -21.349586 -52.134624 0.518205
v -19.181850 -38.292301 18.722179
v -18.473730 -38.350021 18.450417
v -19.483780 -38.863659 19.043463
v -19.181850 -38.292301 18.722179
v -21.349586 -52.134624 0.518205
v 21.164101 -52.192497 -1.589142
v 21.200397 -51.894043 -1.713469
v 20.404024 -52.385551 -1.593982
v -20.494728 -52.455654 0.757102
v -18.473730 -38.350021 18.450417
v -19.181850 -38.292301 18.722179
v -19.893833 -45.583019 10.046784
v -19.955538 -45.649857 19.935909
v -20.410183 -45.642956 20.033443
v -19.893833 -45.583019 10.046784
v -20.410183 -45.642956 20.033443
v -19.955538 -45.649857 19.935909
v -18.375000 -38.580399 20.706398
v -18.788601 -39.021999 20.757198
v -1.352410 -52.489002 22.304598
v -18.439631 -38.199890 21.381023
v -1.116475 -51.962254 23.005249
v -0.894783 -51.901855 22.159290
v -18.375000 -38.580399 20.706398
v -0.938805 -52.047497 22.253897
v -1.116475 -51.962254 23.005249
v -18.788601 -39.032997 20.641397
v -18.246134 -38.503353 20.590519
v -1.343584 -52.508354 22.189928
v -1.352410 -52.489002 22.304598
v -18.788601 -39.021999 20.757198
v -18.788601 -39.032997 20.641397
v -9.697506 -45.685837 21.306154
v -19.428288 -45.745876 20.784267
v -19.288702 -45.701927 21.223375
v -9.697506 -45.685837 21.306154
v -19.288702 -45.701927 21.223375
v -19.428288 -45.745876 20.784267
v 21.216301 -52.645500 -2.013912
v 21.164101 -52.192497 -1.589142
v 19.162800 -38.403400 -19.474102
v 18.405794 -38.257381 -19.399815
v 20.404024 -52.385551 -1.593982
v 21.200397 -51.894043 -1.713469
v 19.162800 -38.403400 -19.474102
v 21.164101 -52.192497 -1.589142
v 20.404024 -52.385551 -1.593982
v 19.333599 -38.843800 -19.900501
v 21.338013 -52.653709 -1.984672
v 21.216301 -52.645500 -2.013912
v 21.200397 -51.894043 -1.713469
v 21.338013 -52.653709 -1.984672
v 19.237183 -38.174652 -19.497496
v -18.246134 -38.503353 20.590519
v -18.788601 -39.032997 20.641397
v -18.788601 -39.021999 20.757198
v -18.788601 -39.021999 20.757198
v -18.375000 -38.580399 20.706398
v -18.246134 -38.503353 20.590519
v -18.246134 -38.503353 20.590519
v -18.375000 -38.580399 20.706398
v -18.439631 -38.199890 21.381023
v -1.352410 -52.489002 22.304598
v -0.938805 -52.047497 22.253897
v -18.375000 -38.580399 20.706398
v -0.894783 -51.901855 22.159290
v -1.343584 -52.508354 22.189928
v -18.246134 -38.503353 20.590519
v -18.788601 -39.032997 20.641397
v -1.343584 -52.508354 22.189928
v -1.352410 -52.489002 22.304598
v -20.659920 -53.105545 20.924032
v -20.625799 -52.659199 21.108158
v -19.968929 -45.834877 10.357610
v -20.625799 -52.659199 21.108158
v -20.659920 -53.105545 20.924032
v -19.968929 -45.834877 10.357610
v -20.857738 -52.831821 9.959135
v -22.392502 -59.584209 10.878676
v -21.906055 -59.546345 11.120403
v -20.857738 -52.831821 9.959135
v -21.906055 -59.546345 11.120403
v -22.392502 -59.584209 10.878676
v -19.181850 -38.292301 18.722179
v -21.349586 -52.134624 0.518205
v -20.494728 -52.455654 0.757102
v -18.473730 -38.350021 18.450417
v -20.494728 -52.455654 0.757102
v -21.349586 -52.134624 0.518205
v -21.349586 -52.134624 0.518205
v -21.307882 -52.621357 1.213862
v -19.483780 -38.863659 19.043463
v -21.307882 -52.621357 1.213862
v -21.349586 -52.134624 0.518205
v -19.181850 -38.292301 18.722179
v -21.307100 -52.762699 1.488768
v -21.337040 -53.582279 1.337622
v -23.856201 -67.400398 22.099297
v -21.337040 -53.582279 1.337622
v -21.143354 -52.728378 1.632921
v -23.504320 -66.853897 22.668665
v -24.394899 -66.711197 22.593897
v -21.986309 -52.172672 1.371650
v -21.307100 -52.762699 1.488768
v -23.504320 -66.853897 22.668665
v -21.143354 -52.728378 1.632921
v -21.986309 -52.172672 1.371650
v -21.318300 -53.121101 21.116299
v -21.104551 -52.981403 -0.664926
v -21.005899 -53.005199 -0.402108
v -20.923489 -52.367901 -0.976458
v -21.104551 -52.981403 -0.664926
v -21.130932 -52.564045 20.872084
v -21.005899 -53.005199 -0.402108
v -20.892801 -52.504803 -0.402108
v -21.130932 -52.564045 20.872084
v -21.130932 -52.564045 20.872084
v -20.892801 -52.504803 -0.402108
v -20.274570 -52.705894 -0.589985
v -20.457634 -52.577599 21.014204
v -20.274570 -52.705894 -0.589985
v -20.923489 -52.367901 -0.976458
v -20.612501 -54.038002 -2.844132
v -20.612501 -51.004498 -2.844132
v -20.460901 -51.004498 -2.844132
v -20.408546 -52.238567 -1.793014
v -21.267128 -51.958542 -1.623609
v -21.200100 -52.192497 -1.589142
v -20.460901 -51.004498 2.210608
v -20.460901 -51.004498 -2.844132
v -20.612501 -51.004498 -2.844132
v -20.612501 -54.038002 2.210618
v -20.612501 -51.004498 2.210608
v -20.612501 -51.004498 -2.844132
v -20.460901 -51.004498 -2.844132
v -20.460901 -51.004498 2.210608
v -20.460901 -54.038002 2.210618
v -21.143354 -52.728378 1.632921
v -21.307100 -52.762699 1.488768
v -21.986309 -52.172672 1.371650
v -20.612501 -51.004498 -2.844132
v -20.612501 -51.004498 2.210608
v -20.460901 -51.004498 2.210608
v -20.460901 -54.038002 2.210618
v -20.460901 -51.004498 2.210608
v -20.612501 -51.004498 2.210608
v -20.612501 -51.004498 2.210608
v -20.612501 -54.038002 2.210618
v -20.460901 -54.038002 2.210618
v -21.337040 -53.582279 1.337622
v -21.307100 -52.762699 1.488768
v -21.143354 -52.728378 1.632921
v -20.460901 -54.038002 -2.844132
v -20.460901 -54.038002 2.210618
v -20.612501 -54.038002 2.210618
v -20.892801 -52.504803 -0.402108
v -20.923489 -52.367901 -0.976458
v -20.274570 -52.705894 -0.589985
v -20.923489 -52.367901 -0.976458
v -20.892801 -52.504803 -0.402108
v -21.104551 -52.981403 -0.664926
v -20.892801 -52.504803 -0.402108
v -21.005899 -53.005199 -0.402108
v -21.104551 -52.981403 -0.664926
v -20.460901 -54.038002 2.210618
v -20.460901 -54.038002 -2.844132
v -20.460901 -51.004498 -2.844132
v -22.602308 -58.791626 21.491817
v -20.972675 -52.438728 10.084940
v -20.573418 -52.769547 9.949325
v -22.602308 -58.791626 21.491817
v -20.573418 -52.769547 9.949325
v -20.972675 -52.438728 10.084940
v -21.005899 -53.005199 -0.402108
v -21.218300 -53.140003 21.117098
v -21.318300 -53.121101 21.116299
v -21.318300 -53.121101 21.116299
v -21.130932 -52.564045 20.872084
v -21.104551 -52.981403 -0.664926
v -21.130932 -52.564045 20.872084
v -21.218300 -53.140003 21.117098
v -21.005899 -53.005199 -0.402108
v -20.274570 -52.705894 -0.589985
v -20.457634 -52.577599 21.014204
v -21.130932 -52.564045 20.872084
v -20.923489 -52.367901 -0.976458
v -21.130932 -52.564045 20.872084
v -20.457634 -52.577599 21.014204
v -21.130932 -52.564045 20.872084
v -21.318300 -53.121101 21.116299
v -21.218300 -53.140003 21.117098
v -20.612501 -51.004498 -2.844132
v -20.612501 -54.038002 -2.844132
v -20.612501 -54.038002 2.210618
v -21.200100 -52.192497 -1.589142
v -21.267128 -51.958542 -1.623609
v -21.165184 -52.899284 -1.887886
v -20.460901 -51.004498 -2.844132
v -20.460901 -54.038002 -2.844132
v -20.612501 -54.038002 -2.844132
v -20.612501 -54.038002 2.210618
v -20.612501 -54.038002 -2.844132
v -20.460901 -54.038002 -2.844132
v -21.986309 -52.172672 1.371650
v -24.354700 -66.601700 22.686596
v -23.504320 -66.853897 22.668665
v -24.394899 -66.711197 22.593897
v -24.354700 -66.601700 22.686596
v -21.986309 -52.172672 1.371650
v -22.176674 -59.299866 21.568316
v -21.901918 -59.139198 10.829884
v -22.362587 -59.470425 10.942318
v -22.176674 -59.299866 21.568316
v -22.362587 -59.470425 10.942318
v -21.901918 -59.139198 10.829884
v -21.307100 -52.762699 1.488768
v -23.668499 -66.889801 22.531597
v -24.394899 -66.711197 22.593897
v -23.856201 -67.400398 22.099297
v -23.668499 -66.889801 22.531597
v -21.307100 -52.762699 1.488768
v -23.504320 -66.853897 22.668665
v -23.727900 -67.431999 22.088295
v -21.337040 -53.582279 1.337622
v -21.337040 -53.582279 1.337622
v -23.727900 -67.431999 22.088295
v -23.856201 -67.400398 22.099297
v -23.668499 -66.889801 22.531597
v -23.856201 -67.400398 22.099297
v -23.727900 -67.431999 22.088295
v -24.354700 -66.601700 22.686596
v -24.394899 -66.711197 22.593897
v -23.668499 -66.889801 22.531597
v -23.727900 -67.431999 22.088295
v -23.504320 -66.853897 22.668665
v -23.668499 -66.889801 22.531597
v -23.668499 -66.889801 22.531597
v -23.504320 -66.853897 22.668665
v -24.354700 -66.601700 22.686596
v -20.923489 -52.367901 -0.976458
v -20.274570 -52.705894 -0.589985
v -20.454350 -52.578178 -22.097881
v -20.274570 -52.705894 -0.589985
v -20.892801 -52.504803 -0.402108
v -21.105200 -52.639503 -21.926203
v -21.105200 -52.639503 -21.926203
v -20.892801 -52.504803 -0.402108
v -21.005899 -53.005199 -0.402108
v -21.161648 -52.496700 -22.252745
v -21.104551 -52.981403 -0.664926
v -20.923489 -52.367901 -0.976458
v -21.005899 -53.005199 -0.402108
v -21.104551 -52.981403 -0.664926
v -21.318300 -53.121101 -21.920502
v -20.454350 -52.578178 -22.097881
v -21.161648 -52.496700 -22.252745
v -20.923489 -52.367901 -0.976458
v -21.105200 -52.639503 -21.926203
v -20.454350 -52.578178 -22.097881
v -20.274570 -52.705894 -0.589985
v -21.005899 -53.005199 -0.402108
v -21.218300 -53.140003 -21.921301
v -21.105200 -52.639503 -21.926203
v -21.104551 -52.981403 -0.664926
v -21.161648 -52.496700 -22.252745
v -21.318300 -53.121101 -21.920502
v -21.318300 -53.121101 -21.920502
v -21.218300 -53.140003 -21.921301
v -21.005899 -53.005199 -0.402108
v -20.963984 -52.417622 -10.852320
v -20.543465 -52.669601 -10.578613
v -22.552572 -58.641613 -22.018597
v -20.543465 -52.669601 -10.578613
v -20.963984 -52.417622 -10.852320
v -22.552572 -58.641613 -22.018597
v -21.910114 -59.567272 -11.927683
v -22.400723 -59.617554 -11.689201
v -20.864491 -52.866203 -10.769527
v -22.400723 -59.617554 -11.689201
v -21.910114 -59.567272 -11.927683
v -20.864491 -52.866203 -10.769527
v -20.454350 -52.578178 -22.097881
v -21.105200 -52.639503 -21.926203
v -21.161648 -52.496700 -22.252745
v -21.161648 -52.496700 -22.252745
v -21.105200 -52.639503 -21.926203
v -21.218300 -53.140003 -21.921301
v -21.218300 -53.140003 -21.921301
v -21.318300 -53.121101 -21.920502
v -21.161648 -52.496700 -22.252745
v -22.362907 -59.469124 -11.743976
v -21.902267 -59.139202 -11.663679
v -22.177166 -59.299232 -22.417746
v -21.902267 -59.139202 -11.663679
v -22.362907 -59.469124 -11.743976
v -22.177166 -59.299232 -22.417746
v -19.260597 -38.201084 -19.469522
v -19.198700 -38.403400 -19.474102
v -19.461267 -38.951923 -19.794355
v -14.584446 -13.636089 -18.564119
v -5.503188 -20.383230 -19.180349
v -5.734829 -20.697006 -19.252449
v -14.584446 -13.636089 -18.564119
v -5.734829 -20.697006 -19.252449
v -5.503188 -20.383230 -19.180349
v -18.423731 -38.131283 -19.568449
v -19.198700 -38.403400 -19.474102
v -19.260597 -38.201084 -19.469522
v -16.173326 -20.263533 -18.302065
v -16.471390 -20.602634 -18.438101
v -16.732191 -20.650013 -7.097131
v -16.471390 -20.602634 -18.438101
v -16.173326 -20.263533 -18.302065
v -16.732191 -20.650013 -7.097131
v -19.830360 -45.850048 -10.421603
v -20.198593 -45.437607 -10.627835
v -20.056757 -45.661621 -20.606516
v -5.668223 -20.542778 -19.169262
v -5.596563 -20.401964 -19.470030
v -15.694983 -20.505342 -19.300703
v -5.596563 -20.401964 -19.470030
v -5.668223 -20.542778 -19.169262
v -15.694983 -20.505342 -19.300703
v -19.973463 -45.889328 -11.252885
v -20.658482 -53.087803 -21.703131
v -20.625448 -52.674065 -21.936272
v -19.973463 -45.889328 -11.252885
v -20.625448 -52.674065 -21.936272
v -20.658482 -53.087803 -21.703131
v -14.709912 -13.078781 -17.576271
v -15.359500 -13.187999 -17.557501
v -15.412156 -13.048223 -17.597036
v -15.412156 -13.048223 -17.597036
v -15.359500 -13.187999 -17.557501
v -15.592506 -13.701942 -17.488855
v -20.198593 -45.437607 -10.627835
v -19.830360 -45.850048 -10.421603
v -20.056757 -45.661621 -20.606516
v -21.165184 -52.899284 -1.887886
v -19.461267 -38.951923 -19.794355
v -19.198700 -38.403400 -19.474102
v -21.267128 -51.958542 -1.623609
v -19.260597 -38.201084 -19.469522
v -19.461267 -38.951923 -19.794355
v -18.423731 -38.131283 -19.568449
v -19.260597 -38.201084 -19.469522
v -21.267128 -51.958542 -1.623609
v -19.198700 -38.403400 -19.474102
v -18.423731 -38.131283 -19.568449
v -20.408546 -52.238567 -1.793014
v -16.638748 -20.053007 -7.647519
v -15.444275 -13.575155 -17.464668
v -14.926686 -12.497939 -18.320034
v -16.638748 -20.053007 -7.647519
v -14.926686 -12.497939 -18.320034
v -15.444275 -13.575155 -17.464668
v -15.489738 -20.615391 -19.400013
v -12.466701 -29.407736 -20.207663
v -12.140690 -29.199316 -20.110765
v -15.489738 -20.615391 -19.400013
v -12.140690 -29.199316 -20.110765
v -12.466701 -29.407736 -20.207663
v -19.461267 -38.951923 -19.794355
v -21.165184 -52.899284 -1.887886
v -21.267128 -51.958542 -1.623609
v -19.198700 -38.403400 -19.474102
v -21.200100 -52.192497 -1.589142
v -21.165184 -52.899284 -1.887886
v -20.408546 -52.238567 -1.793014
v -21.200100 -52.192497 -1.589142
v -19.198700 -38.403400 -19.474102
v -21.267128 -51.958542 -1.623609
v -20.408546 -52.238567 -1.793014
v -18.423731 -38.131283 -19.568449
v -19.011400 -38.132797 -20.133202
v -0.915939 -14.103700 -17.495100
v -1.070770 -14.007199 -17.487400
v -15.660252 -13.801500 -0.167793
v -15.592506 -13.701942 -17.488855
v -15.359500 -13.187999 -17.557501
v -15.813807 -12.962868 -0.225847
v -15.412156 -13.048223 -17.597036
v -15.592506 -13.701942 -17.488855
v -15.359500 -13.187999 -17.557501
v -14.709912 -13.078781 -17.576271
v -15.028145 -13.331414 -0.230739
v -14.709912 -13.078781 -17.576271
v -15.412156 -13.048223 -17.597036
v -15.813807 -12.962868 -0.225847
v -15.592506 -13.701942 -17.488855
v -15.660252 -13.801500 -0.167793
v -15.813807 -12.962868 -0.225847
v -15.359500 -13.187999 -17.557501
v -15.813807 -12.962868 -0.225847
v -15.660252 -13.801500 -0.167793
v -15.028145 -13.331414 -0.230739
v -15.813807 -12.962868 -0.225847
v -15.359500 -13.187999 -17.557501
v -15.813807 -12.962868 -0.225847
v -15.028145 -13.331414 -0.230739
v -14.709912 -13.078781 -17.576271
v -16.218100 -20.205065 -18.052244
v -17.914721 -29.235210 -14.024138
v -17.963091 -28.960680 -13.730318
v -16.218100 -20.205065 -18.052244
v -17.963091 -28.960680 -13.730318
v -17.914721 -29.235210 -14.024138
v -6.554602 -4.287176 16.421249
v -13.863643 -4.113794 16.241619
v -13.685611 -4.445475 16.034653
v -6.554602 -4.287176 16.421249
v -13.685611 -4.445475 16.034653
v -13.863643 -4.113794 16.241619
v -14.433994 -4.412436 7.422581
v -14.645844 -4.511488 15.684590
v -14.344323 -4.251700 15.961110
v -14.433994 -4.412436 7.422581
v -14.344323 -4.251700 15.961110
v -14.645844 -4.511488 15.684590
v -14.297408 -4.536037 6.935537
v -14.408239 -4.185547 7.326359
v -15.778695 -13.643363 16.782673
v -14.408239 -4.185547 7.326359
v -14.297408 -4.536037 6.935537
v -15.778695 -13.643363 16.782673
v -14.924346 -12.822699 17.271900
v -14.562334 -13.095537 17.188171
v -6.379991 -4.525029 16.496643
v -14.562334 -13.095537 17.188171
v -14.924346 -12.822699 17.271900
v -6.379991 -4.525029 16.496643
v -15.826180 -12.960797 -0.069452
v -15.279686 -13.344030 17.198332
v -14.715543 -13.074501 16.940659
v -15.588816 -13.698906 16.902287
v -15.279686 -13.344030 17.198332
v -15.826180 -12.960797 -0.069452
v -15.020617 -13.344483 -0.421861
v -14.715543 -13.074501 16.940659
v -15.279686 -13.344030 17.198332
v -15.279686 -13.344030 17.198332
v -15.588816 -13.698906 16.902287
v -15.793347 -13.691048 -0.288786
v -16.730745 -20.539127 5.712127
v -16.971958 -21.205622 6.184737
v -15.365203 -13.251160 16.872837
v -16.971958 -21.205622 6.184737
v -16.730745 -20.539127 5.712127
v -15.365203 -13.251160 16.872837
v -14.715543 -13.074501 16.940659
v -15.020617 -13.344483 -0.421861
v -15.826180 -12.960797 -0.069452
v -15.279686 -13.344030 17.198332
v -15.826180 -12.960797 -0.069452
v -15.020617 -13.344483 -0.421861
v -15.793347 -13.691048 -0.288786
v -15.826180 -12.960797 -0.069452
v -15.279686 -13.344030 17.198332
v -15.826180 -12.960797 -0.069452
v -15.793347 -13.691048 -0.288786
v -15.588816 -13.698906 16.902287
v -15.131100 -10.876100 2.067710
v -15.018500 -10.895000 2.067710
v -15.018500 -10.895000 -2.987041
v -15.018500 -10.895000 -2.987041
v -15.131100 -10.876100 -2.987041
v -15.131100 -10.876100 2.067710
v -15.018500 -10.895000 2.067710
v -15.131100 -10.876100 2.067710
v -15.860300 -15.236100 2.067709
v -15.018500 -10.895000 -2.987041
v -15.018500 -10.895000 2.067710
v -15.747701 -15.255000 2.067709
v -15.860300 -15.236100 2.067709
v -15.131100 -10.876100 2.067710
v -15.131100 -10.876100 -2.987041
v -15.860300 -15.236100 2.067709
v -15.747701 -15.255000 2.067709
v -15.018500 -10.895000 2.067710
v -15.131100 -10.876100 -2.987041
v -15.018500 -10.895000 -2.987041
v -15.747701 -15.255000 -2.987041
v -19.107962 -36.620426 -20.469189
v -15.847123 -13.440937 -1.359880
v -15.843843 -13.926294 -0.343437
v -19.346399 -37.240101 -19.636602
v -15.843843 -13.926294 -0.343437
v -15.971001 -13.515300 -1.164791
v -15.131100 -10.876100 -2.987041
v -15.860300 -15.236100 -2.987041
v -15.860300 -15.236100 2.067709
v -15.747701 -15.255000 2.067709
v -15.747701 -15.255000 -2.987041
v -15.018500 -10.895000 -2.987041
v -15.971001 -13.515300 -1.164791
v -16.718000 -13.412499 -1.186611
v -19.995501 -36.667297 -20.359102
v -15.847123 -13.440937 -1.359880
v -16.697001 -13.311701 -1.336851
v -16.718000 -13.412499 -1.186611
v -16.718000 -13.412499 -1.186611
v -15.971001 -13.515300 -1.164791
v -15.847123 -13.440937 -1.359880
v -15.847123 -13.440937 -1.359880
v -15.971001 -13.515300 -1.164791
v -15.843843 -13.926294 -0.343437
v -15.747701 -15.255000 -2.987041
v -15.860300 -15.236100 -2.987041
v -15.131100 -10.876100 -2.987041
v -15.747701 -15.255000 2.067709
v -15.860300 -15.236100 2.067709
v -15.860300 -15.236100 -2.987041
v -15.860300 -15.236100 -2.987041
v -15.747701 -15.255000 -2.987041
v -15.747701 -15.255000 2.067709
v -1.094897 -13.986291 -18.383009
v -1.070770 -14.007199 -17.487400
v -0.915939 -14.103700 -17.495100
v -0.915939 -14.103700 -17.495100
v -0.906268 -14.040898 -18.247700
v -1.094897 -13.986291 -18.383009
v -1.094897 -13.986291 -18.383009
v -0.906268 -14.040898 -18.247700
v -0.175483 -14.523348 -18.507111
v -16.697001 -13.311701 -1.336851
v -15.847123 -13.440937 -1.359880
v -19.107962 -36.620426 -20.469189
v -19.995501 -36.667297 -20.359102
v -16.718000 -13.412499 -1.186611
v -16.697001 -13.311701 -1.336851
v -15.843843 -13.926294 -0.343437
v -19.214500 -37.258301 -19.632801
v -19.107962 -36.620426 -20.469189
v -19.107962 -36.620426 -20.469189
v -19.974501 -36.566498 -20.509401
v -16.697001 -13.311701 -1.336851
v -15.971001 -13.515300 -1.164791
v -19.248400 -36.770100 -20.337301
v -19.346399 -37.240101 -19.636602
v -19.995501 -36.667297 -20.359102
v -19.248400 -36.770100 -20.337301
v -15.971001 -13.515300 -1.164791
v -19.346399 -37.240101 -19.636602
v -19.214500 -37.258301 -19.632801
v -15.843843 -13.926294 -0.343437
v -16.697001 -13.311701 -1.336851
v -19.974501 -36.566498 -20.509401
v -19.995501 -36.667297 -20.359102
v -17.741524 -29.171213 -19.117624
v -17.855427 -28.940016 -13.851045
v -17.988117 -29.486794 -13.693222
v -17.741524 -29.171213 -19.117624
v -17.988117 -29.486794 -13.693222
v -17.855427 -28.940016 -13.851045
v -0.906268 -14.040898 -18.247700
v -0.915939 -14.103700 -17.495100
v -19.011400 -38.132797 -20.133202
v -1.070770 -14.007199 -17.487400
v -1.094897 -13.986291 -18.383009
v -19.179373 -38.005253 -21.021065
v -19.179373 -38.005253 -21.021065
v -1.094897 -13.986291 -18.383009
v -0.175483 -14.523348 -18.507111
v -18.279699 -38.520000 -20.921602
v -0.175483 -14.523348 -18.507111
v -0.906268 -14.040898 -18.247700
v -1.070770 -14.007199 -17.487400
v -19.166201 -38.036301 -20.125502
v -19.011400 -38.132797 -20.133202
v -19.179373 -38.005253 -21.021065
v -19.166201 -38.036301 -20.125502
v -1.070770 -14.007199 -17.487400
v -19.011400 -38.132797 -20.133202
v -19.001699 -38.070000 -20.885902
v -0.906268 -14.040898 -18.247700
v -18.279699 -38.520000 -20.921602
v -18.278000 -38.508900 -21.054602
v -0.175483 -14.523348 -18.507111
v -0.906268 -14.040898 -18.247700
v -19.001699 -38.070000 -20.885902
v -18.279699 -38.520000 -20.921602
v -0.175483 -14.523348 -18.507111
v -18.278000 -38.508900 -21.054602
v -19.179373 -38.005253 -21.021065
v -19.974501 -36.566498 -20.509401
v -19.107962 -36.620426 -20.469189
v -19.248400 -36.770100 -20.337301
v -19.248400 -36.770100 -20.337301
v -19.107962 -36.620426 -20.469189
v -19.214500 -37.258301 -19.632801
v -19.214500 -37.258301 -19.632801
v -19.346399 -37.240101 -19.636602
v -19.248400 -36.770100 -20.337301
v -19.248400 -36.770100 -20.337301
v -19.995501 -36.667297 -20.359102
v -19.974501 -36.566498 -20.509401
v -19.001699 -38.070000 -20.885902
v -19.011400 -38.132797 -20.133202
v -19.166201 -38.036301 -20.125502
v -18.278000 -38.508900 -21.054602
v -18.279699 -38.520000 -20.921602
v -19.001699 -38.070000 -20.885902
v -19.001699 -38.070000 -20.885902
v -19.179373 -38.005253 -21.021065
v -18.278000 -38.508900 -21.054602
v -19.166201 -38.036301 -20.125502
v -19.179373 -38.005253 -21.021065
v -19.001699 -38.070000 -20.885902
v 20.546501 -54.038002 2.210618
v 20.698200 -54.038002 2.210618
v 20.698200 -51.004498 2.210608
v 21.098486 -52.587101 1.478449
v 21.271101 -52.762699 1.488768
v 21.458799 -53.273304 1.056468
v 21.458799 -53.273304 1.056468
v 21.330500 -53.304897 1.045458
v 21.098486 -52.587101 1.478449
v 20.698200 -54.038002 2.210618
v 20.546501 -54.038002 2.210618
v 20.546501 -54.038002 -2.844132
v 22.012083 -52.460129 1.814311
v 21.271101 -52.762699 1.488768
v 21.098486 -52.587101 1.478449
v 23.690140 -67.423615 22.077608
v 21.098486 -52.587101 1.478449
v 21.330500 -53.304897 1.045458
v 20.698200 -54.038002 2.210618
v 20.698200 -54.038002 -2.844132
v 20.698200 -51.004498 -2.844132
v 21.330500 -53.304897 1.045458
v 21.458799 -53.273304 1.056468
v 23.820200 -67.400398 22.099297
v 23.820200 -67.400398 22.099297
v 21.458799 -53.273304 1.056468
v 21.271101 -52.762699 1.488768
v 21.271101 -52.762699 1.488768
v 22.012083 -52.460129 1.814311
v 24.358999 -66.711197 22.593897
v 22.012083 -52.460129 1.814311
v 21.098486 -52.587101 1.478449
v 23.501621 -66.756287 22.593948
v 20.698200 -54.038002 -2.844132
v 20.546501 -54.038002 -2.844132
v 20.546501 -51.004498 -2.844132
v 20.546501 -54.038002 -2.844132
v 20.698200 -54.038002 -2.844132
v 20.698200 -54.038002 2.210618
v 20.546501 -51.004498 -2.844132
v 20.546501 -54.038002 -2.844132
v 20.546501 -54.038002 2.210618
v 22.159107 -59.620094 21.643044
v 22.139673 -59.195744 21.542082
v 22.141802 -59.175594 11.066116
v 22.139673 -59.195744 21.542082
v 22.159107 -59.620094 21.643044
v 22.141802 -59.175594 11.066116
v 22.012083 -52.460129 1.814311
v 24.318699 -66.601700 22.686596
v 24.358999 -66.711197 22.593897
v 23.501621 -66.756287 22.593948
v 24.318699 -66.601700 22.686596
v 22.012083 -52.460129 1.814311
v 20.546501 -51.004498 -2.844132
v 20.698200 -51.004498 -2.844132
v 20.698200 -54.038002 -2.844132
v 24.358999 -66.711197 22.593897
v 23.632599 -66.889801 22.531597
v 21.271101 -52.762699 1.488768
v 21.098486 -52.587101 1.478449
v 23.690140 -67.423615 22.077608
v 23.501621 -66.756287 22.593948
v 21.271101 -52.762699 1.488768
v 23.632599 -66.889801 22.531597
v 23.820200 -67.400398 22.099297
v 23.820200 -67.400398 22.099297
v 23.690140 -67.423615 22.077608
v 21.330500 -53.304897 1.045458
v 20.698200 -51.004498 -2.844132
v 20.546501 -51.004498 -2.844132
v 20.546501 -51.004498 2.210608
v 20.546501 -54.038002 2.210618
v 20.546501 -51.004498 2.210608
v 20.546501 -51.004498 -2.844132
v 20.698200 -51.004498 -2.844132
v 20.698200 -51.004498 2.210608
v 20.698200 -54.038002 2.210618
v 20.379257 -52.267715 0.950532
v 21.241909 -52.025761 0.734475
v 21.164101 -52.192497 0.784925
v 20.546501 -51.004498 2.210608
v 20.698200 -51.004498 2.210608
v 20.698200 -51.004498 -2.844132
v 20.698200 -51.004498 2.210608
v 20.546501 -51.004498 2.210608
v 20.546501 -54.038002 2.210618
v 21.241909 -52.025761 0.734475
v 20.379257 -52.267715 0.950532
v 18.394114 -38.164501 18.720394
v 25.189342 -88.934288 25.738052
v 24.994879 -89.024666 26.472809
v 19.886229 -88.943047 26.641230
v 24.994879 -89.024666 26.472809
v 25.189342 -88.934288 25.738052
v 19.886229 -88.943047 26.641230
v -2.505720 -51.013500 22.215298
v -2.505720 -54.040199 22.418297
v -2.505720 -54.029102 22.583799
v -2.505720 -54.029102 22.583799
v -2.505720 -51.002399 22.380798
v -2.505720 -51.013500 22.215298
v 23.690140 -67.423615 22.077608
v 23.632599 -66.889801 22.531597
v 23.501621 -66.756287 22.593948
v 22.423901 -66.984901 23.470396
v 22.479200 -66.962799 22.717897
v 22.572001 -66.847900 22.728796
v 22.572001 -66.847900 22.728796
v 22.192524 -66.654640 23.595564
v 22.423901 -66.984901 23.470396
v 21.901669 -67.469353 23.549400
v 21.990999 -67.521103 23.419697
v 22.423901 -66.984901 23.470396
v 21.901669 -67.469353 23.549400
v 22.423901 -66.984901 23.470396
v 22.192524 -66.654640 23.595564
v 21.990999 -67.521103 23.419697
v 21.901669 -67.469353 23.549400
v 0.625540 -53.124283 22.571861
v 0.625540 -53.124283 22.571861
v 21.901669 -67.469353 23.549400
v 22.192524 -66.654640 23.595564
v 1.374000 -52.734798 22.425598
v 22.423901 -66.984901 23.470396
v 21.990999 -67.521103 23.419697
v 1.388359 -52.393200 21.621254
v 22.572001 -66.847900 22.728796
v 22.479200 -66.962799 22.717897
v 22.192524 -66.654640 23.595564
v 22.572001 -66.847900 22.728796
v 1.388359 -52.393200 21.621254
v 22.479200 -66.962799 22.717897
v 22.423901 -66.984901 23.470396
v 1.374000 -52.734798 22.425598
v 10.437285 -59.487770 23.455532
v 10.700156 -59.110016 23.031366
v 20.704222 -59.029766 22.759312
v 10.700156 -59.110016 23.031366
v 10.437285 -59.487770 23.455532
v 20.704222 -59.029766 22.759312
v 2.549030 -54.029102 22.583799
v -2.505720 -54.029102 22.583799
v -2.505720 -54.040199 22.418297
v -2.505720 -54.040199 22.418297
v 2.549030 -54.040199 22.418297
v 2.549030 -54.029102 22.583799
v 2.549030 -54.040199 22.418297
v -2.505720 -54.040199 22.418297
v -2.505720 -51.013500 22.215298
v -2.505720 -51.002399 22.380798
v -2.505720 -54.029102 22.583799
v 2.549030 -54.029102 22.583799
v 1.457080 -52.623703 22.569298
v 1.388359 -52.393200 21.621254
v 1.374000 -52.734798 22.425598
v 1.374000 -52.734798 22.425598
v 0.625540 -53.124283 22.571861
v 1.457080 -52.623703 22.569298
v 2.549030 -51.002399 22.380798
v 2.549030 -54.029102 22.583799
v 2.549030 -54.040199 22.418297
v 21.990999 -67.521103 23.419697
v 0.625540 -53.124283 22.571861
v 1.374000 -52.734798 22.425598
v 1.374000 -52.734798 22.425598
v 1.388359 -52.393200 21.621254
v 22.479200 -66.962799 22.717897
v 1.388359 -52.393200 21.621254
v 1.457080 -52.623703 22.569298
v 22.192524 -66.654640 23.595564
v 22.192524 -66.654640 23.595564
v 1.457080 -52.623703 22.569298
v 0.625540 -53.124283 22.571861
v 10.441389 -59.653393 23.044979
v 10.734444 -59.445354 23.480625
v 9.631017 -52.757107 22.833275
v 10.734444 -59.445354 23.480625
v 10.441389 -59.653393 23.044979
v 9.631017 -52.757107 22.833275
v 2.549030 -54.029102 22.583799
v 2.549030 -51.002399 22.380798
v -2.505720 -51.002399 22.380798
v 23.632599 -66.889801 22.531597
v 24.358999 -66.711197 22.593897
v 24.318699 -66.601700 22.686596
v 24.318699 -66.601700 22.686596
v 23.501621 -66.756287 22.593948
v 23.632599 -66.889801 22.531597
v 23.690140 -67.423615 22.077608
v 23.820200 -67.400398 22.099297
v 23.632599 -66.889801 22.531597
v 26.770102 -89.006363 24.874233
v 27.140213 -88.983528 25.032831
v 27.105579 -89.057716 20.241144
v 27.140213 -88.983528 25.032831
v 26.770102 -89.006363 24.874233
v 27.105579 -89.057716 20.241144
v 9.653494 -52.607639 22.146372
v 9.346735 -52.672577 22.626492
v 21.072628 -58.944252 22.645901
v 9.346735 -52.672577 22.626492
v 9.653494 -52.607639 22.146372
v 21.072628 -58.944252 22.645901
v 9.223785 -45.614182 20.987453
v 20.478580 -52.751343 22.106421
v 20.126972 -53.221760 21.980837
v 9.158638 -46.035919 21.498972
v 20.126972 -53.221760 21.980837
v 20.478580 -52.751343 22.106421
v 20.478580 -52.751343 22.106421
v 20.369713 -52.961121 21.598654
v 9.223785 -45.614182 20.987453
v 20.369713 -52.961121 21.598654
v 20.478580 -52.751343 22.106421
v 9.223785 -45.614182 20.987453
v 20.524784 -52.301495 23.265932
v 20.628101 -52.482498 22.654398
v 20.538811 -52.375309 22.548550
v 20.538811 -52.375309 22.548550
v 20.628101 -52.482498 22.654398
v 20.940294 -53.215740 22.503796
v 20.628101 -52.482498 22.654398
v 20.524784 -52.301495 23.265932
v -0.017964 -52.482498 23.231998
v 20.524784 -52.301495 23.265932
v 20.538811 -52.375309 22.548550
v -0.126532 -52.373283 22.551241
v 0.360471 -52.993858 22.553381
v 20.538811 -52.375309 22.548550
v 20.940294 -53.215740 22.503796
v -0.017964 -52.993500 22.654398
v 20.940294 -53.215740 22.503796
v 20.628101 -52.482498 22.654398
v 20.478580 -52.751343 22.106421
v 9.223785 -45.614182 20.987453
v 9.158638 -46.035919 21.498972
v 20.126972 -53.221760 21.980837
v 9.158638 -46.035919 21.498972
v 9.223785 -45.614182 20.987453
v 20.524784 -52.301495 23.265932
v -0.017964 -52.372902 23.231998
v -0.017964 -52.482498 23.231998
v 2.044895 -67.412567 24.048662
v -23.004299 -67.379601 24.016096
v -22.691362 -67.401611 24.702442
v -22.675989 -68.002090 24.039110
v -23.004299 -67.379601 24.016096
v 2.044895 -67.412567 24.048662
v -0.017964 -52.482498 23.231998
v -0.017964 -52.482498 22.654398
v 20.628101 -52.482498 22.654398
v -0.126532 -52.373283 22.551241
v -0.017964 -52.372902 23.231998
v 20.524784 -52.301495 23.265932
v 20.538811 -52.375309 22.548550
v 0.360471 -52.993858 22.553381
v -0.126532 -52.373283 22.551241
v 20.628101 -52.482498 22.654398
v -0.017964 -52.482498 22.654398
v -0.017964 -52.993500 22.654398
v -0.017964 -52.993500 22.654398
v 0.360471 -52.993858 22.553381
v 20.940294 -53.215740 22.503796
v -22.459801 -66.984901 23.470396
v -22.026899 -67.521103 23.419697
v -22.017101 -67.525002 23.552595
v -23.004299 -67.489204 24.118095
v -22.691362 -67.401611 24.702442
v -23.004299 -67.379601 24.016096
v -22.017101 -67.525002 23.552595
v -22.772457 -67.022453 23.618727
v -22.459801 -66.984901 23.470396
v -22.664232 -66.886574 22.729588
v -22.459801 -66.984901 23.470396
v -22.772457 -67.022453 23.618727
v -22.664232 -66.886574 22.729588
v -22.515100 -66.962799 22.717897
v -22.459801 -66.984901 23.470396
v -23.004299 -67.379601 24.016096
v -22.675989 -68.002090 24.039110
v -23.004299 -67.489204 24.118095
v -1.409930 -52.734798 22.425598
v -0.986772 -53.335960 22.591024
v -22.026899 -67.521103 23.419697
v -0.986772 -53.335960 22.591024
v -1.493010 -52.623703 22.569298
v -22.772457 -67.022453 23.618727
v -22.515100 -66.962799 22.717897
v -1.834366 -52.667881 21.642452
v -1.409930 -52.734798 22.425598
v -0.017964 -52.482498 23.231998
v -20.807404 -52.302437 23.266054
v -20.664101 -52.482498 22.654398
v -0.126532 -52.373283 22.551241
v -20.706907 -52.376244 22.549437
v -20.807404 -52.302437 23.266054
v -20.734894 -53.207909 22.489769
v -20.706907 -52.376244 22.549437
v 0.360471 -52.993858 22.553381
v -20.664101 -52.482498 22.654398
v -20.734894 -53.207909 22.489769
v -0.017964 -52.993500 22.654398
v -19.751278 -58.202000 22.596245
v -8.702563 -52.262886 22.551422
v -9.272260 -52.376858 22.126019
v -19.751278 -58.202000 22.596245
v -9.272260 -52.376858 22.126019
v -8.702563 -52.262886 22.551422
v -20.706907 -52.376244 22.549437
v -20.664101 -52.482498 22.654398
v -20.807404 -52.302437 23.266054
v -20.734894 -53.207909 22.489769
v -20.664101 -52.482498 22.654398
v -20.706907 -52.376244 22.549437
v -20.681978 -59.034340 22.767572
v -10.451682 -59.486122 23.457983
v -10.724466 -59.109653 23.035812
v -20.681978 -59.034340 22.767572
v -10.724466 -59.109653 23.035812
v -10.451682 -59.486122 23.457983
v -0.986772 -53.335960 22.591024
v -22.017101 -67.525002 23.552595
v -22.026899 -67.521103 23.419697
v -1.409930 -52.734798 22.425598
v -22.459801 -66.984901 23.470396
v -22.515100 -66.962799 22.717897
v -22.026899 -67.521103 23.419697
v -22.459801 -66.984901 23.470396
v -1.409930 -52.734798 22.425598
v -1.834366 -52.667881 21.642452
v -22.664232 -66.886574 22.729588
v -22.772457 -67.022453 23.618727
v -22.515100 -66.962799 22.717897
v -22.664232 -66.886574 22.729588
v -1.834366 -52.667881 21.642452
v -22.772457 -67.022453 23.618727
v -22.017101 -67.525002 23.552595
v -0.986772 -53.335960 22.591024
v -20.807404 -52.302437 23.266054
v -0.017964 -52.372902 23.231998
v -0.126532 -52.373283 22.551241
v -0.017964 -52.482498 23.231998
v -0.017964 -52.372902 23.231998
v -20.807404 -52.302437 23.266054
v -1.409930 -52.734798 22.425598
v -1.834366 -52.667881 21.642452
v -1.493010 -52.623703 22.569298
v -1.493010 -52.623703 22.569298
v -0.986772 -53.335960 22.591024
v -1.409930 -52.734798 22.425598
v 0.360471 -52.993858 22.553381
v -0.017964 -52.993500 22.654398
v -0.017964 -52.482498 22.654398
v 0.360471 -52.993858 22.553381
v -0.017964 -52.482498 22.654398
v -0.126532 -52.373283 22.551241
v -0.017964 -52.372902 23.231998
v -0.126532 -52.373283 22.551241
v -0.017964 -52.482498 22.654398
v -0.017964 -52.482498 22.654398
v -0.017964 -52.482498 23.231998
v -0.017964 -52.372902 23.231998
v -9.649123 -52.661087 22.827038
v -10.768734 -59.437263 23.478662
v -10.454993 -59.528336 23.036852
v -9.649123 -52.661087 22.827038
v -10.454993 -59.528336 23.036852
v -10.768734 -59.437263 23.478662
v -22.772457 -67.022453 23.618727
v -1.493010 -52.623703 22.569298
v -1.834366 -52.667881 21.642452
v -20.734894 -53.207909 22.489769
v 0.360471 -52.993858 22.553381
v -0.017964 -52.993500 22.654398
v -0.017964 -52.993500 22.654398
v -0.017964 -52.482498 22.654398
v -20.664101 -52.482498 22.654398
v -0.126532 -52.373283 22.551241
v 0.360471 -52.993858 22.553381
v -20.706907 -52.376244 22.549437
v -20.664101 -52.482498 22.654398
v -0.017964 -52.482498 22.654398
v -0.017964 -52.482498 23.231998
v -16.718000 -13.412499 0.382380
v -16.697001 -13.311701 0.532623
v -15.775175 -13.031761 0.205114
v -16.069000 -13.985400 -0.340103
v -15.971001 -13.515300 0.360567
v -15.775175 -13.031761 0.205114
v -19.248400 -36.770100 19.533098
v -19.346399 -37.240101 18.832399
v -19.199938 -37.166084 18.756916
v -19.974501 -36.566498 19.705099
v -19.995501 -36.667297 19.554897
v -19.248400 -36.770100 19.533098
v -19.082249 -36.287460 19.392132
v -19.248400 -36.770100 19.533098
v -19.199938 -37.166084 18.756916
v -19.248400 -36.770100 19.533098
v -19.082249 -36.287460 19.392132
v -19.974501 -36.566498 19.705099
v -15.775175 -13.031761 0.205114
v -15.937000 -14.003500 -0.343955
v -16.069000 -13.985400 -0.340103
v -15.775175 -13.031761 0.205114
v -15.971001 -13.515300 0.360567
v -16.718000 -13.412499 0.382380
v -11.494119 4.481354 -17.092796
v -11.683538 4.525124 -16.273550
v -0.090791 -13.044629 -18.188087
v -11.785999 4.460821 -16.399200
v -11.494119 4.481354 -17.092796
v -0.232781 -13.301087 -19.189854
v -0.090791 -13.044629 -18.188087
v -11.683538 4.525124 -16.273550
v -12.376466 4.160914 -16.252392
v -0.879880 -13.473506 -18.556162
v -12.376466 4.160914 -16.252392
v -11.785999 4.460821 -16.399200
v 0.064092 -13.247108 -19.127531
v 15.357678 -12.991590 -19.058319
v 15.145234 -13.446428 -18.411123
v 15.145234 -13.446428 -18.411123
v 15.167250 -13.107677 -18.368586
v -0.066338 -13.042403 -18.277611
v -0.066338 -13.042403 -18.277611
v 15.167250 -13.107677 -18.368586
v 15.357678 -12.991590 -19.058319
v 14.564449 -13.132589 -17.994692
v 14.884557 -12.819194 -18.075607
v 6.357251 -4.538406 -17.301693
v 14.884557 -12.819194 -18.075607
v 14.564449 -13.132589 -17.994692
v 6.357251 -4.538406 -17.301693
v 15.167250 -13.107677 -18.368586
v 15.145234 -13.446428 -18.411123
v 15.357678 -12.991590 -19.058319
v 2.549020 -9.978799 -17.937000
v 2.549020 -9.978799 -18.066401
v -2.505720 -9.978799 -18.066401
v -2.505720 -9.978799 -18.066401
v -2.505720 -9.978799 -17.937000
v 2.549020 -9.978799 -17.937000
v 2.549020 -9.978799 -18.066401
v 2.549020 -9.978799 -17.937000
v 2.549020 -15.838399 -17.937000
v -0.195362 -13.821208 -18.639952
v -0.066338 -13.042403 -18.277611
v 15.145234 -13.446428 -18.411123
v 15.357678 -12.991590 -19.058319
v 0.064092 -13.247108 -19.127531
v -0.066338 -13.042403 -18.277611
v 15.145234 -13.446428 -18.411123
v -0.066338 -13.042403 -18.277611
v 0.064092 -13.247108 -19.127531
v -0.066338 -13.042403 -18.277611
v -0.195362 -13.821208 -18.639952
v 15.145234 -13.446428 -18.411123
v 2.549020 -15.838399 -17.937000
v 2.549020 -15.838498 -18.066401
v 2.549020 -9.978799 -18.066401
v 2.549020 -15.838399 -17.937000
v 2.549020 -9.978799 -17.937000
v -2.505720 -9.978799 -17.937000
v -2.505720 -9.978799 -18.066401
v 2.549020 -9.978799 -18.066401
v 2.549020 -15.838498 -18.066401
v -2.505720 -9.978799 -17.937000
v -2.505720 -9.978799 -18.066401
v -2.505720 -15.838498 -18.066401
v -8.889687 -45.806301 21.401484
v -20.489317 -52.762028 22.124924
v -20.413708 -53.004025 21.619541
v -9.527677 -45.682400 20.969364
v -20.413708 -53.004025 21.619541
v -20.489317 -52.762028 22.124924
v -20.136299 -53.197433 21.992392
v -20.489317 -52.762028 22.124924
v -8.889687 -45.806301 21.401484
v -20.489317 -52.762028 22.124924
v -20.136299 -53.197433 21.992392
v -8.889687 -45.806301 21.401484
v -20.413708 -53.004025 21.619541
v -9.527677 -45.682400 20.969364
v -8.889687 -45.806301 21.401484
v -20.489317 -52.762028 22.124924
v -8.889687 -45.806301 21.401484
v -9.527677 -45.682400 20.969364
v -15.971001 -13.515300 0.360567
v -19.248400 -36.770100 19.533098
v -19.995501 -36.667297 19.554897
v -16.697001 -13.311701 0.532623
v -19.974501 -36.566498 19.705099
v -19.082249 -36.287460 19.392132
v -19.995501 -36.667297 19.554897
v -19.974501 -36.566498 19.705099
v -16.697001 -13.311701 0.532623
v -19.082249 -36.287460 19.392132
v -19.199938 -37.166084 18.756916
v -15.775175 -13.031761 0.205114
v -19.346399 -37.240101 18.832399
v -19.248400 -36.770100 19.533098
v -15.971001 -13.515300 0.360567
v -15.937000 -14.003500 -0.343955
v -19.199938 -37.166084 18.756916
v -19.346399 -37.240101 18.832399
v -2.505720 -9.978799 -17.937000
v -2.505720 -15.838399 -17.937000
v 2.549020 -15.838399 -17.937000
v 2.549020 -15.838498 -18.066401
v -2.505720 -15.838498 -18.066401
v -2.505720 -9.978799 -18.066401
v -2.505720 -15.838498 -18.066401
v -2.505720 -15.838399 -17.937000
v -2.505720 -9.978799 -17.937000
v -0.232781 -13.301087 -19.189854
v -0.090791 -13.044629 -18.188087
v -11.785999 4.460821 -16.399200
v -0.090791 -13.044629 -18.188087
v -0.232781 -13.301087 -19.189854
v -11.494119 4.481354 -17.092796
v -11.785999 4.460821 -16.399200
v -0.090791 -13.044629 -18.188087
v -0.879880 -13.473506 -18.556162
v -12.376466 4.160914 -16.252392
v -0.879880 -13.473506 -18.556162
v -0.090791 -13.044629 -18.188087
v -11.683538 4.525124 -16.273550
v -11.785999 4.460821 -16.399200
v -12.376466 4.160914 -16.252392
v -11.494119 4.481354 -17.092796
v -11.785999 4.460821 -16.399200
v -11.683538 4.525124 -16.273550
v -14.610849 -12.848701 -17.953730
v -5.936100 -4.534665 -17.374939
v -6.366865 -4.305676 -17.217648
v -14.610849 -12.848701 -17.953730
v -6.366865 -4.305676 -17.217648
v -5.936100 -4.534665 -17.374939
v -15.475651 -13.447237 -18.395609
v -0.035991 -13.050398 -18.271463
v 0.023593 -13.824165 -18.643036
v -0.035991 -13.050398 -18.271463
v 0.051190 -13.250880 -19.120714
v -15.228423 -12.987582 -19.051079
v 0.051190 -13.250880 -19.120714
v -0.035991 -13.050398 -18.271463
v -15.475651 -13.447237 -18.395609
v -15.475651 -13.447237 -18.395609
v 0.023593 -13.824165 -18.643036
v -0.035991 -13.050398 -18.271463
v -15.228423 -12.987582 -19.051079
v -15.175147 -13.107728 -18.367918
v -0.035991 -13.050398 -18.271463
v -0.035991 -13.050398 -18.271463
v -15.175147 -13.107728 -18.367918
v -15.475651 -13.447237 -18.395609
v -15.475651 -13.447237 -18.395609
v -15.228423 -12.987582 -19.051079
v 0.051190 -13.250880 -19.120714
v -15.228423 -12.987582 -19.051079
v -15.475651 -13.447237 -18.395609
v -15.175147 -13.107728 -18.367918
v -15.937000 -14.003500 -0.343955
v -15.775175 -13.031761 0.205114
v -19.199938 -37.166084 18.756916
v -15.971001 -13.515300 0.360567
v -16.069000 -13.985400 -0.340103
v -19.346399 -37.240101 18.832399
v -19.346399 -37.240101 18.832399
v -16.069000 -13.985400 -0.340103
v -15.937000 -14.003500 -0.343955
v -19.082249 -36.287460 19.392132
v -15.775175 -13.031761 0.205114
v -16.697001 -13.311701 0.532623
v -19.995501 -36.667297 19.554897
v -16.718000 -13.412499 0.382380
v -15.971001 -13.515300 0.360567
v -16.697001 -13.311701 0.532623
v -16.718000 -13.412499 0.382380
v -19.995501 -36.667297 19.554897
v 2.549020 -15.838498 -18.066401
v 2.549020 -15.838399 -17.937000
v -2.505720 -15.838399 -17.937000
v -2.505720 -15.838399 -17.937000
v -2.505720 -15.838498 -18.066401
v 2.549020 -15.838498 -18.066401
v 5.521103 -20.337889 -19.178888
v 5.731003 -20.672482 -19.252476
v 14.786219 -13.455185 -18.548817
v 1.027963 -13.996190 -17.491106
v 0.880010 -14.103700 -17.495100
v 18.975500 -38.132797 -20.133202
v 18.871094 -37.628941 -20.973869
v 0.950662 -13.837933 -18.362032
v 1.027963 -13.996190 -17.491106
v 18.975500 -38.132797 -20.133202
v 0.880010 -14.103700 -17.495100
v 0.870339 -14.040898 -18.247700
v 0.870339 -14.040898 -18.247700
v 0.148279 -14.490898 -18.283501
v 18.243700 -38.520000 -20.921602
v -0.915939 -14.103702 16.690899
v -1.070770 -14.007201 16.683201
v -1.074468 -13.946456 17.566427
v 0.146571 -14.479798 -18.416401
v 0.950662 -13.837933 -18.362032
v 18.202421 -38.456043 -21.049103
v 18.243700 -38.520000 -20.921602
v 0.148279 -14.490898 -18.283501
v 0.146571 -14.479798 -18.416401
v 1.027963 -13.996190 -17.491106
v 19.130301 -38.036301 -20.125502
v 18.871094 -37.628941 -20.973869
v 18.975500 -38.132797 -20.133202
v 19.130301 -38.036301 -20.125502
v 1.027963 -13.996190 -17.491106
v 18.871094 -37.628941 -20.973869
v 18.202421 -38.456043 -21.049103
v 0.950662 -13.837933 -18.362032
v 0.870339 -14.040898 -18.247700
v 18.965799 -38.070000 -20.885902
v 18.975500 -38.132797 -20.133202
v 18.243700 -38.520000 -20.921602
v 18.965799 -38.070000 -20.885902
v 0.870339 -14.040898 -18.247700
v 0.146571 -14.479798 -18.416401
v 18.202421 -38.456043 -21.049103
v 18.243700 -38.520000 -20.921602
v 1.027963 -13.996190 -17.491106
v 0.870339 -14.040898 -18.247700
v 0.880010 -14.103700 -17.495100
v 0.870339 -14.040898 -18.247700
v 1.027963 -13.996190 -17.491106
v 0.950662 -13.837933 -18.362032
v 0.148279 -14.490898 -18.283501
v 0.870339 -14.040898 -18.247700
v 0.950662 -13.837933 -18.362032
v 0.950662 -13.837933 -18.362032
v 0.146571 -14.479798 -18.416401
v 0.148279 -14.490898 -18.283501
v -17.994310 -29.485262 12.887136
v -17.854155 -28.890875 12.982045
v -17.752886 -29.164654 18.343069
v -17.854155 -28.890875 12.982045
v -17.994310 -29.485262 12.887136
v -17.752886 -29.164654 18.343069
v -17.927166 -29.289959 13.193902
v -17.973583 -29.027199 12.893705
v -16.261019 -20.438892 17.138557
v -17.973583 -29.027199 12.893705
v -17.927166 -29.289959 13.193902
v -16.261019 -20.438892 17.138557
v -1.074468 -13.946456 17.566427
v -0.906268 -14.040900 17.443501
v -0.915939 -14.103702 16.690899
v 0.041122 -14.234415 17.668348
v -0.906268 -14.040900 17.443501
v -1.074468 -13.946456 17.566427
v -12.590713 -29.134806 19.402323
v -16.989214 -28.902981 19.721579
v -17.288942 -29.292395 19.523298
v -12.590713 -29.134806 19.402323
v -17.288942 -29.292395 19.523298
v -16.989214 -28.902981 19.721579
v -1.070770 -14.007201 16.683201
v -19.166201 -38.036301 19.321299
v -19.133528 -37.923599 20.197493
v -19.011400 -38.132797 19.328997
v -19.166201 -38.036301 19.321299
v -1.070770 -14.007201 16.683201
v -0.906268 -14.040900 17.443501
v -19.001699 -38.070000 20.081598
v -19.011400 -38.132797 19.328997
v -18.279699 -38.520000 20.117399
v -19.001699 -38.070000 20.081598
v -0.906268 -14.040900 17.443501
v -19.133528 -37.923599 20.197493
v -18.278000 -38.508900 20.250397
v 0.041122 -14.234415 17.668348
v 0.041122 -14.234415 17.668348
v -18.278000 -38.508900 20.250397
v -18.279699 -38.520000 20.117399
v -12.191289 -29.079844 19.295544
v -12.486674 -29.356815 19.394871
v -15.642159 -20.230114 18.563150
v -12.486674 -29.356815 19.394871
v -12.191289 -29.079844 19.295544
v -15.642159 -20.230114 18.563150
v -16.733088 -20.652584 6.325648
v -16.469055 -20.601759 17.642561
v -16.174347 -20.263378 17.498152
v -16.733088 -20.652584 6.325648
v -16.174347 -20.263378 17.498152
v -16.469055 -20.601759 17.642561
v 18.965799 -38.070000 -20.885902
v 18.871094 -37.628941 -20.973869
v 19.130301 -38.036301 -20.125502
v 19.130301 -38.036301 -20.125502
v 18.975500 -38.132797 -20.133202
v 18.965799 -38.070000 -20.885902
v 18.871094 -37.628941 -20.973869
v 18.965799 -38.070000 -20.885902
v 18.202421 -38.456043 -21.049103
v 18.965799 -38.070000 -20.885902
v 18.243700 -38.520000 -20.921602
v 18.202421 -38.456043 -21.049103
v 18.238337 -38.565529 -21.458708
v 18.752701 -39.033100 -21.445602
v 18.752701 -39.021999 -21.561403
v 9.351067 -45.686558 -22.113255
v 19.318830 -45.746529 -21.587320
v 19.155985 -45.701180 -22.027901
v 9.351067 -45.686558 -22.113255
v 19.155985 -45.701180 -22.027901
v 19.318830 -45.746529 -21.587320
v 1.030237 -52.011307 -23.790508
v 18.300241 -38.281147 -22.196419
v 18.238337 -38.565529 -21.458708
v 0.588304 -52.109283 -22.993223
v 18.238337 -38.565529 -21.458708
v 18.300241 -38.281147 -22.196419
v 18.238337 -38.565529 -21.458708
v 18.752701 -39.021999 -21.561403
v 1.316480 -52.489002 -23.108801
v 1.316480 -52.489002 -23.108801
v 18.752701 -39.021999 -21.561403
v 18.752701 -39.033100 -21.445602
v 18.752701 -39.033100 -21.445602
v 18.238337 -38.565529 -21.458708
v 1.225816 -52.570534 -23.001848
v 1.316480 -52.489002 -23.108801
v 0.902877 -52.047497 -23.058102
v 18.238337 -38.565529 -21.458708
v 18.752701 -39.033100 -21.445602
v 1.225816 -52.570534 -23.001848
v 1.316480 -52.489002 -23.108801
v 0.588304 -52.109283 -22.993223
v 1.225816 -52.570534 -23.001848
v 18.238337 -38.565529 -21.458708
v 18.300241 -38.281147 -22.196419
v 1.030237 -52.011307 -23.790508
v 0.588304 -52.109283 -22.993223
v 18.238337 -38.565529 -21.458708
v 0.902877 -52.047497 -23.058102
v 1.030237 -52.011307 -23.790508
v 0.588304 -52.109283 -22.993223
v 0.902877 -52.047497 -23.058102
v 1.225816 -52.570534 -23.001848
v 0.902877 -52.047497 -23.058102
v 0.588304 -52.109283 -22.993223
v 1.030237 -52.011307 -23.790508
v 0.902877 -52.047497 -23.058102
v 1.316480 -52.489002 -23.108801
v 1.225816 -52.570534 -23.001848
v -19.001699 -38.070000 20.081598
v -18.279699 -38.520000 20.117399
v -18.278000 -38.508900 20.250397
v -18.278000 -38.508900 20.250397
v -19.133528 -37.923599 20.197493
v -19.001699 -38.070000 20.081598
v -19.001699 -38.070000 20.081598
v -19.133528 -37.923599 20.197493
v -19.166201 -38.036301 19.321299
v -19.166201 -38.036301 19.321299
v -19.011400 -38.132797 19.328997
v -19.001699 -38.070000 20.081598
v -1.070770 -14.007201 16.683201
v -0.915939 -14.103702 16.690899
v -19.011400 -38.132797 19.328997
v 0.041122 -14.234415 17.668348
v -1.074468 -13.946456 17.566427
v -19.133528 -37.923599 20.197493
v -0.906268 -14.040900 17.443501
v 0.041122 -14.234415 17.668348
v -18.279699 -38.520000 20.117399
v -19.011400 -38.132797 19.328997
v -0.915939 -14.103702 16.690899
v -0.906268 -14.040900 17.443501
v -15.785971 -20.501869 18.501417
v -5.682315 -20.538782 18.366238
v -5.643082 -20.401360 18.670427
v -15.785971 -20.501869 18.501417
v -5.643082 -20.401360 18.670427
v -5.682315 -20.538782 18.366238
v -19.133528 -37.923599 20.197493
v -1.074468 -13.946456 17.566427
v -1.070770 -14.007201 16.683201
v -0.035914 -67.177322 25.210506
v 0.887267 -66.635902 25.155796
v 0.887799 -66.650101 24.952295
v 0.887799 -66.650101 24.952295
v 0.125001 -67.214203 24.997196
v -0.035914 -67.177322 25.210506
v 0.125001 -67.214203 24.997196
v -0.181586 -67.331604 24.950014
v -0.035914 -67.177322 25.210506
v -0.181586 -67.331604 24.950014
v 0.125001 -67.214203 24.997196
v 0.127485 -67.279999 24.047796
v 0.127485 -67.279999 24.047796
v -0.007254 -67.379700 24.055696
v -0.181586 -67.331604 24.950014
v 23.447868 -67.302483 23.447506
v 23.491858 -67.437958 -0.742099
v 23.371700 -67.524879 -0.784314
v 24.682247 -67.684677 -0.132383
v 29.090532 -96.082397 25.977556
v 28.015089 -96.661369 26.374878
v 29.049301 -95.820305 25.959497
v 29.090532 -96.082397 25.977556
v 24.682247 -67.684677 -0.132383
v 28.018799 -95.370796 26.713097
v 28.106499 -95.941505 25.959896
v 23.728701 -67.637199 -0.279603
v 28.015089 -96.661369 26.374878
v 27.816599 -95.396797 26.713198
v 23.543249 -67.407494 0.793106
v 23.728701 -67.637199 -0.279603
v 28.106499 -95.941505 25.959896
v 29.049301 -95.820305 25.959497
v 23.543249 -67.407494 0.793106
v 27.816599 -95.396797 26.713198
v 28.018799 -95.370796 26.713097
v 25.881001 -96.143600 26.514797
v 25.746199 -96.243202 26.522797
v -0.007254 -67.379700 24.055696
v -0.007254 -67.379700 24.055696
v 25.746199 -96.243202 26.522797
v 25.338558 -95.762459 27.621893
v 0.125001 -67.214203 24.997196
v 25.878502 -96.077797 27.464195
v 25.881001 -96.143600 26.514797
v 26.641300 -95.513603 27.419294
v 25.878502 -96.077797 27.464195
v 0.125001 -67.214203 24.997196
v 25.338558 -95.762459 27.621893
v 26.640701 -95.499496 27.622896
v 0.887267 -66.635902 25.155796
v 0.887267 -66.635902 25.155796
v 26.640701 -95.499496 27.622896
v 26.641300 -95.513603 27.419294
v 25.746199 -96.243202 26.522797
v 25.881001 -96.143600 26.514797
v 25.878502 -96.077797 27.464195
v 25.878502 -96.077797 27.464195
v 25.338558 -95.762459 27.621893
v 25.746199 -96.243202 26.522797
v 27.816599 -95.396797 26.713198
v 28.015089 -96.661369 26.374878
v 28.106499 -95.941505 25.959896
v 29.090532 -96.082397 25.977556
v 28.106499 -95.941505 25.959896
v 28.015089 -96.661369 26.374878
v 29.090532 -96.082397 25.977556
v 29.049301 -95.820305 25.959497
v 28.106499 -95.941505 25.959896
v 28.106499 -95.941505 25.959896
v 28.018799 -95.370796 26.713097
v 27.816599 -95.396797 26.713198
v 26.640701 -95.499496 27.622896
v 25.338558 -95.762459 27.621893
v 25.878502 -96.077797 27.464195
v 25.878502 -96.077797 27.464195
v 26.641300 -95.513603 27.419294
v 26.640701 -95.499496 27.622896
v -0.007254 -67.379700 24.055696
v 0.127485 -67.279999 24.047796
v 25.881001 -96.143600 26.514797
v 25.881001 -96.143600 26.514797
v 0.127485 -67.279999 24.047796
v 0.125001 -67.214203 24.997196
v 23.447868 -67.302483 23.447506
v 23.371700 -67.524879 -0.784314
v 22.793999 -67.363014 -0.509250
v 22.894550 -74.157120 24.643991
v 23.125429 -74.204033 24.177662
v 6.749170 -74.090637 25.551188
v 23.125429 -74.204033 24.177662
v 22.894550 -74.157120 24.643991
v 6.749170 -74.090637 25.551188
v 22.705599 -73.855705 24.138136
v 22.712580 -73.617783 24.628538
v 9.619577 -67.644081 23.982763
v 9.619577 -67.644081 23.982763
v 22.712580 -73.617783 24.628538
v 22.606039 -74.097801 24.522497
v 9.619577 -67.644081 23.982763
v 22.606039 -74.097801 24.522497
v 22.712580 -73.617783 24.628538
v 22.733650 -67.622314 23.542786
v 22.793999 -67.363014 -0.509250
v 23.371700 -67.524879 -0.784314
v 23.491699 -68.059700 -0.784314
v 23.491858 -67.437958 -0.742099
v 23.492983 -68.058640 23.113453
v 23.371700 -67.524879 -0.784314
v 23.371700 -68.059700 -0.784314
v 23.371700 -68.059700 23.228195
v 23.371700 -68.059700 23.228195
v 23.371700 -68.059700 -0.784314
v 23.491699 -68.059700 -0.784314
v 23.542000 -67.764000 -0.412547
v 23.543249 -67.407494 0.793106
v 23.728701 -67.637199 -0.279603
v 23.728701 -67.637199 -0.279603
v 24.682247 -67.684677 -0.132383
v 23.542000 -67.764000 -0.412547
v 23.371700 -68.059700 -0.784314
v 23.371700 -67.524879 -0.784314
v 23.491858 -67.437958 -0.742099
v 23.491858 -67.437958 -0.742099
v 23.491699 -68.059700 -0.784314
v 23.371700 -68.059700 -0.784314
v 24.179695 -74.629196 7.014534
v 24.694853 -74.540756 6.718800
v 23.137075 -67.924805 10.787423
v 9.619577 -67.644081 23.982763
v 10.027059 -67.453735 23.561670
v 22.705599 -73.855705 24.138136
v 10.027059 -67.453735 23.561670
v 9.619577 -67.644081 23.982763
v 22.712580 -73.617783 24.628538
v 24.694853 -74.540756 6.718800
v 24.179695 -74.629196 7.014534
v 23.137075 -67.924805 10.787423
v 22.712580 -73.617783 24.628538
v 22.705599 -73.855705 24.138136
v 10.027059 -67.453735 23.561670
v 25.173557 -74.222290 6.499055
v 24.832729 -74.654533 6.359314
v 24.523327 -73.957161 23.432501
v 24.832729 -74.654533 6.359314
v 25.173557 -74.222290 6.499055
v 25.059774 -74.069572 23.443779
v 24.832729 -74.654533 6.359314
v 24.741724 -74.392555 23.457796
v 24.523327 -73.957161 23.432501
v 24.832729 -74.654533 6.359314
v 24.523327 -73.957161 23.432501
v 24.741724 -74.392555 23.457796
v 25.059774 -74.069572 23.443779
v 24.523327 -73.957161 23.432501
v 24.832729 -74.654533 6.359314
v 24.523327 -73.957161 23.432501
v 25.059774 -74.069572 23.443779
v 25.173557 -74.222290 6.499055
v 23.491699 -68.059700 -0.784314
v 23.492983 -68.058640 23.113453
v 23.371700 -68.059700 23.228195
v 23.371700 -68.059700 23.228195
v 23.447868 -67.302483 23.447506
v 23.371700 -67.524879 -0.784314
v 23.447868 -67.302483 23.447506
v 23.492983 -68.058640 23.113453
v 23.491858 -67.437958 -0.742099
v 23.371700 -67.524879 -0.784314
v 23.447868 -67.302483 23.447506
v 22.733650 -67.622314 23.542786
v 22.793999 -67.363014 -0.509250
v 22.733650 -67.622314 23.542786
v 23.447868 -67.302483 23.447506
v 24.952337 -73.733253 23.313114
v 24.559307 -73.722313 23.128897
v 23.576401 -67.574913 10.541445
v 24.559307 -73.722313 23.128897
v 24.952337 -73.733253 23.313114
v 23.576401 -67.574913 10.541445
v 23.447868 -67.302483 23.447506
v 23.371700 -68.059700 23.228195
v 23.492983 -68.058640 23.113453
v 29.049301 -95.820305 25.959497
v 24.682247 -67.684677 -0.132383
v 23.728701 -67.637199 -0.279603
v 23.728701 -67.637199 -0.279603
v 23.543249 -67.407494 0.793106
v 28.018799 -95.370796 26.713097
v 25.338558 -95.762459 27.621893
v -0.181586 -67.331604 24.950014
v -0.007254 -67.379700 24.055696
v 25.338558 -95.762459 27.621893
v -0.035914 -67.177322 25.210506
v -0.181586 -67.331604 24.950014
v 0.125001 -67.214203 24.997196
v 0.887799 -66.650101 24.952295
v 26.641300 -95.513603 27.419294
v 0.887267 -66.635902 25.155796
v -0.035914 -67.177322 25.210506
v 25.338558 -95.762459 27.621893
v 26.641300 -95.513603 27.419294
v 0.887799 -66.650101 24.952295
v 0.887267 -66.635902 25.155796
v 23.543249 -67.407494 0.793106
v 23.542000 -67.764000 -0.412547
v 28.015089 -96.661369 26.374878
v 28.015089 -96.661369 26.374878
v 23.542000 -67.764000 -0.412547
v 24.682247 -67.684677 -0.132383
v 7.037629 -74.384300 25.861303
v 7.402561 -74.396072 26.304647
v 10.646537 -67.538124 24.258516
v 7.402561 -74.396072 26.304647
v 7.037629 -74.384300 25.861303
v 10.646537 -67.538124 24.258516
v 23.148920 -67.378479 24.009008
v 23.129234 -67.403847 24.698376
v 22.968399 -67.489204 24.118095
v 23.148920 -67.378479 24.009008
v 22.968399 -67.489204 24.118095
v 23.115593 -68.024338 23.935362
v 22.968399 -67.489204 24.118095
v 23.129234 -67.403847 24.698376
v -0.017964 -67.489204 24.695797
v 23.129234 -67.403847 24.698376
v 23.148920 -67.378479 24.009008
v 2.044895 -67.412567 24.048662
v 2.044895 -67.412567 24.048662
v 23.148920 -67.378479 24.009008
v 23.115593 -68.024338 23.935362
v -0.017964 -68.000198 24.118095
v 23.115593 -68.024338 23.935362
v 22.968399 -67.489204 24.118095
v 23.129234 -67.403847 24.698376
v -0.017964 -67.379601 24.695797
v -0.017964 -67.489204 24.695797
v 2.044895 -67.412567 24.048662
v -0.017964 -67.379601 24.695797
v 23.129234 -67.403847 24.698376
v -0.017964 -67.489204 24.695797
v 2.044895 -67.412567 24.048662
v 22.968399 -67.489204 24.118095
v 22.968399 -67.489204 24.118095
v 2.044895 -67.412567 24.048662
v -0.017964 -68.000198 24.118095
v 23.115593 -68.024338 23.935362
v -0.017964 -68.000198 24.016096
v 2.044895 -67.412567 24.048662
v -0.017964 -68.000198 24.118095
v -0.017964 -68.000198 24.016096
v 23.115593 -68.024338 23.935362
v -10.650134 -67.611282 24.284613
v -7.423002 -74.427071 26.316549
v -7.075254 -74.380630 25.860495
v -27.144878 -89.058716 20.124102
v -26.805353 -89.007767 24.825333
v -27.176779 -88.985786 25.037052
v -27.144878 -89.058716 20.124102
v -27.176779 -88.985786 25.037052
v -26.805353 -89.007767 24.825333
v -25.914400 -96.077797 27.464195
v -25.916901 -96.143600 26.514797
v -25.782099 -96.243202 26.522797
v -25.782099 -96.243202 26.522797
v -25.779701 -96.177399 27.472197
v -25.914400 -96.077797 27.464195
v -26.676699 -95.499496 27.622896
v -26.677200 -95.513603 27.419294
v -25.914400 -96.077797 27.464195
v -26.262199 -96.582420 27.725700
v -25.914400 -96.077797 27.464195
v -25.779701 -96.177399 27.472197
v -25.914400 -96.077797 27.464195
v -26.262199 -96.582420 27.725700
v -26.676699 -95.499496 27.622896
v -20.056845 -88.986832 26.792570
v -25.013950 -89.040657 26.017963
v -24.910797 -88.993858 26.403997
v -20.056845 -88.986832 26.792570
v -24.910797 -88.993858 26.403997
v -25.013950 -89.040657 26.017963
v -0.028675 -67.379700 24.055696
v -25.782099 -96.243202 26.522797
v -25.916901 -96.143600 26.514797
v -25.779701 -96.177399 27.472197
v -25.782099 -96.243202 26.522797
v -0.028675 -67.379700 24.055696
v -25.916901 -96.143600 26.514797
v -25.914400 -96.077797 27.464195
v -0.181586 -67.331604 24.950014
v -26.262199 -96.582420 27.725700
v -25.779701 -96.177399 27.472197
v -0.181586 -67.331604 24.950014
v -0.923195 -66.635902 25.155796
v -26.676699 -95.499496 27.622896
v -26.262199 -96.582420 27.725700
v -0.181586 -67.331604 24.950014
v -25.914400 -96.077797 27.464195
v -26.677200 -95.513603 27.419294
v -26.677200 -95.513603 27.419294
v -26.676699 -95.499496 27.622896
v -0.923195 -66.635902 25.155796
v -6.902876 -74.090042 25.544092
v -23.134516 -74.204239 24.179253
v -22.962292 -74.155838 24.641489
v -6.902876 -74.090042 25.544092
v -22.962292 -74.155838 24.641489
v -23.134516 -74.204239 24.179253
v -10.176885 -67.510101 23.565870
v -22.845440 -73.903717 24.144541
v -22.905802 -73.695793 24.637590
v -9.893395 -67.766457 23.992037
v -22.905802 -73.695793 24.637590
v -22.845440 -73.903717 24.144541
v -22.656904 -74.103378 24.525738
v -22.905802 -73.695793 24.637590
v -9.893395 -67.766457 23.992037
v -22.905802 -73.695793 24.637590
v -22.656904 -74.103378 24.525738
v -9.893395 -67.766457 23.992037
v -23.004299 -67.489204 24.118095
v -22.675989 -68.002090 24.039110
v -0.017964 -68.000198 24.118095
v -22.845440 -73.903717 24.144541
v -10.176885 -67.510101 23.565870
v -9.893395 -67.766457 23.992037
v -22.905802 -73.695793 24.637590
v -9.893395 -67.766457 23.992037
v -10.176885 -67.510101 23.565870
v -0.017964 -67.489204 24.695797
v -22.691362 -67.401611 24.702442
v -23.004299 -67.489204 24.118095
v -25.916901 -96.143600 26.514797
v -0.163414 -67.279999 24.047796
v -0.028675 -67.379700 24.055696
v -0.181586 -67.331604 24.950014
v -0.163414 -67.279999 24.047796
v -25.916901 -96.143600 26.514797
v -22.675989 -68.002090 24.039110
v -0.017964 -68.000198 24.016096
v -0.017964 -68.000198 24.118095
v 2.044895 -67.412567 24.048662
v -0.017964 -68.000198 24.016096
v -22.675989 -68.002090 24.039110
v -0.017964 -68.000198 24.118095
v 2.044895 -67.412567 24.048662
v -23.004299 -67.489204 24.118095
v -23.004299 -67.489204 24.118095
v 2.044895 -67.412567 24.048662
v -0.017964 -67.489204 24.695797
v -22.691362 -67.401611 24.702442
v -0.017964 -67.379601 24.695797
v 2.044895 -67.412567 24.048662
v -0.017964 -67.489204 24.695797
v -0.017964 -67.379601 24.695797
v -22.691362 -67.401611 24.702442
v -2.463380 -68.829102 24.615496
v -2.463380 -68.829102 24.800797
v -2.463380 -66.779602 24.800797
v -2.463380 -68.829102 24.800797
v -2.463380 -68.829102 24.615496
v 2.591360 -68.829102 24.615496
v 2.591360 -68.829102 24.615496
v 2.591360 -68.829102 24.800797
v -2.463380 -68.829102 24.800797
v -0.017964 -68.000198 24.016096
v -0.017964 -68.000198 24.118095
v 2.044895 -67.412567 24.048662
v 2.591360 -66.779602 24.615496
v 2.591360 -68.829102 24.615496
v -2.463380 -68.829102 24.615496
v -2.463380 -68.829102 24.800797
v 2.591360 -68.829102 24.800797
v 2.591360 -66.779602 24.800797
v 2.591360 -68.829102 24.800797
v 2.591360 -68.829102 24.615496
v 2.591360 -66.779602 24.615496
v -2.463380 -66.779602 24.800797
v -2.463380 -66.779602 24.615496
v -2.463380 -68.829102 24.615496
v -2.463380 -68.829102 24.615496
v -2.463380 -66.779602 24.615496
v 2.591360 -66.779602 24.615496
v 2.591360 -66.779602 24.800797
v -2.463380 -66.779602 24.800797
v -2.463380 -68.829102 24.800797
v 2.044895 -67.412567 24.048662
v -0.017964 -67.489204 24.695797
v -0.017964 -67.379601 24.695797
v -0.181586 -67.331604 24.950014
v -0.028675 -67.379700 24.055696
v -0.163414 -67.279999 24.047796
v -10.650134 -67.611282 24.284613
v -7.075254 -74.380630 25.860495
v -7.423002 -74.427071 26.316549
v -2.463380 -66.779602 24.615496
v -2.463380 -66.779602 24.800797
v 2.591360 -66.779602 24.800797
v -0.035914 -67.177322 25.210506
v -0.181586 -67.331604 24.950014
v -0.923728 -66.650101 24.952295
v -0.923728 -66.650101 24.952295
v -0.923195 -66.635902 25.155796
v -0.035914 -67.177322 25.210506
v 2.591360 -66.779602 24.800797
v 2.591360 -66.779602 24.615496
v -2.463380 -66.779602 24.615496
v -0.181586 -67.331604 24.950014
v -0.035914 -67.177322 25.210506
v -26.262199 -96.582420 27.725700
v 2.591360 -66.779602 24.615496
v 2.591360 -66.779602 24.800797
v 2.591360 -68.829102 24.800797
v -26.677200 -95.513603 27.419294
v -0.923728 -66.650101 24.952295
v -0.181586 -67.331604 24.950014
v -26.262199 -96.582420 27.725700
v -0.035914 -67.177322 25.210506
v -0.923195 -66.635902 25.155796
v -0.923195 -66.635902 25.155796
v -0.923728 -66.650101 24.952295
v -26.677200 -95.513603 27.419294
v -0.028675 -67.379700 24.055696
v -0.181586 -67.331604 24.950014
v -25.779701 -96.177399 27.472197
v 15.667483 -12.886683 -0.483032
v 12.624608 4.746175 -15.077719
v 11.851368 4.589470 -14.898242
v 15.938900 -15.237500 -2.987041
v 15.826300 -15.256000 -2.987041
v 15.111200 -10.893600 -2.987041
v 15.111200 -10.893600 -2.987041
v 15.826300 -15.256000 -2.987041
v 15.826300 -15.256000 2.067709
v 15.938900 -15.237500 2.067709
v 15.938900 -15.237500 -2.987041
v 15.223800 -10.875199 -2.987041
v 19.212500 -36.770100 19.533098
v 19.078678 -36.645729 19.690807
v 19.178499 -37.258198 18.828598
v 19.178499 -37.258198 18.828598
v 19.310499 -37.240101 18.832399
v 19.212500 -36.770100 19.533098
v 14.986261 -13.114089 -0.224845
v 15.667483 -12.886683 -0.483032
v 15.858481 -13.009720 -0.333098
v 15.813115 -13.433758 0.554301
v 15.934999 -13.515300 0.360567
v 15.810439 -13.946550 -0.440389
v 16.682100 -13.412499 0.382380
v 15.934999 -13.515300 0.360567
v 15.813115 -13.433758 0.554301
v 15.813115 -13.433758 0.554301
v 16.661100 -13.311701 0.532623
v 16.682100 -13.412499 0.382380
v 15.111200 -10.893600 -2.987041
v 15.223800 -10.875199 -2.987041
v 15.938900 -15.237500 -2.987041
v 15.223800 -10.875199 -2.987041
v 15.111200 -10.893600 -2.987041
v 15.111200 -10.893600 2.067710
v 15.826300 -15.256000 2.067709
v 15.111200 -10.893600 2.067710
v 15.111200 -10.893600 -2.987041
v 15.223800 -10.875199 -2.987041
v 15.223800 -10.875199 2.067710
v 15.938900 -15.237500 2.067709
v 19.959600 -36.667297 19.554897
v 16.682100 -13.412499 0.382380
v 16.661100 -13.311701 0.532623
v 15.111200 -10.893600 2.067710
v 15.223800 -10.875199 2.067710
v 15.223800 -10.875199 -2.987041
v 11.851368 4.589470 -14.898242
v 15.005014 -13.237270 -0.488222
v 15.667483 -12.886683 -0.483032
v 15.934999 -13.515300 0.360567
v 16.682100 -13.412499 0.382380
v 19.959600 -36.667297 19.554897
v 12.624608 4.746175 -15.077719
v 15.667483 -12.886683 -0.483032
v 15.858481 -13.009720 -0.333098
v 19.078678 -36.645729 19.690807
v 15.813115 -13.433758 0.554301
v 15.810439 -13.946550 -0.440389
v 19.310499 -37.240101 18.832399
v 15.810439 -13.946550 -0.440389
v 15.934999 -13.515300 0.360567
v 15.938900 -15.237500 2.067709
v 15.826300 -15.256000 2.067709
v 15.826300 -15.256000 -2.987041
v 15.826300 -15.256000 -2.987041
v 15.938900 -15.237500 -2.987041
v 15.938900 -15.237500 2.067709
v 15.826300 -15.256000 2.067709
v 15.938900 -15.237500 2.067709
v 15.223800 -10.875199 2.067710
v 15.223800 -10.875199 2.067710
v 15.111200 -10.893600 2.067710
v 15.826300 -15.256000 2.067709
v 15.002381 -13.339772 -0.518303
v 15.808712 -12.979811 -0.891351
v 15.323600 -13.188001 16.753300
v 15.808712 -12.979811 -0.891351
v 15.002381 -13.339772 -0.518303
v 14.695254 -13.073038 16.780264
v 15.556112 -13.708801 16.634087
v 15.635382 -13.791386 -0.641922
v 15.808712 -12.979811 -0.891351
v 15.323600 -13.188001 16.753300
v 15.808712 -12.979811 -0.891351
v 15.635382 -13.791386 -0.641922
v 12.843054 4.156514 14.877157
v 15.661592 -13.468284 0.239733
v 15.858481 -13.009720 -0.333098
v 15.667483 -12.886683 -0.483032
v 14.986261 -13.114089 -0.224845
v 11.856133 4.618912 14.155408
v 14.986261 -13.114089 -0.224845
v 15.858481 -13.009720 -0.333098
v 12.605999 4.502620 14.269599
v 15.858481 -13.009720 -0.333098
v 15.667483 -12.886683 -0.483032
v 12.702351 4.615761 14.177926
v 12.605999 4.502620 14.269599
v 15.858481 -13.009720 -0.333098
v 15.661592 -13.468284 0.239733
v 12.702351 4.615761 14.177926
v 12.605999 4.502620 14.269599
v 12.843054 4.156514 14.877157
v 11.856133 4.618912 14.155408
v 12.605999 4.502620 14.269599
v 12.702351 4.615761 14.177926
v 15.661592 -13.468284 0.239733
v 12.843054 4.156514 14.877157
v 12.605999 4.502620 14.269599
v 15.858481 -13.009720 -0.333098
v 12.702351 4.615761 14.177926
v 12.843054 4.156514 14.877157
v 19.310499 -37.240101 18.832399
v 19.178499 -37.258198 18.828598
v 15.810439 -13.946550 -0.440389
v 15.810439 -13.946550 -0.440389
v 19.178499 -37.258198 18.828598
v 19.078678 -36.645729 19.690807
v 15.934999 -13.515300 0.360567
v 19.212500 -36.770100 19.533098
v 19.310499 -37.240101 18.832399
v 19.959600 -36.667297 19.554897
v 19.212500 -36.770100 19.533098
v 15.934999 -13.515300 0.360567
v 14.325189 -4.294815 16.054920
v 14.617867 -4.508288 15.724300
v 14.393624 -4.437041 7.589735
v 14.617867 -4.508288 15.724300
v 14.325189 -4.294815 16.054920
v 14.393624 -4.437041 7.589735
v 11.856133 4.618912 14.155408
v 12.702351 4.615761 14.177926
v 15.667483 -12.886683 -0.483032
v 12.605999 4.502620 14.269599
v 11.856133 4.618912 14.155408
v 14.986261 -13.114089 -0.224845
v 15.748382 -13.691137 16.827492
v 14.375321 -4.194134 7.332685
v 14.275317 -4.625493 7.022079
v 15.748382 -13.691137 16.827492
v 14.275317 -4.625493 7.022079
v 14.375321 -4.194134 7.332685
v 14.695254 -13.073038 16.780264
v 15.323600 -13.188001 16.753300
v 15.396217 -13.052207 16.490005
v 15.323600 -13.188001 16.753300
v 15.556112 -13.708801 16.634087
v 15.396217 -13.052207 16.490005
v 14.695254 -13.073038 16.780264
v 15.396217 -13.052207 16.490005
v 15.808712 -12.979811 -0.891351
v 15.323600 -13.188001 16.753300
v 14.695254 -13.073038 16.780264
v 15.002381 -13.339772 -0.518303
v 15.808712 -12.979811 -0.891351
v 15.396217 -13.052207 16.490005
v 15.556112 -13.708801 16.634087
v 15.635382 -13.791386 -0.641922
v 15.556112 -13.708801 16.634087
v 15.323600 -13.188001 16.753300
v 11.793798 4.731055 14.817321
v 12.309175 4.477355 14.870067
v 12.900750 4.843464 -0.774374
v 12.743800 4.007457 -0.916381
v 12.673820 4.105195 14.569431
v 12.309175 4.477355 14.870067
v 12.900750 4.843464 -0.774374
v 12.309175 4.477355 14.870067
v 12.673820 4.105195 14.569431
v 11.917900 4.335110 -16.249701
v 0.136629 34.155094 -12.263242
v 0.191106 34.042801 -12.361897
v 0.191106 34.042801 -12.361897
v 0.678165 34.355900 -12.253298
v 12.529699 4.735371 -16.216600
v 0.809407 34.321117 -12.159018
v 0.136629 34.155094 -12.263242
v 12.696041 4.681575 -16.104677
v 12.849625 4.827901 -16.839285
v 0.641408 34.443645 -12.811496
v 0.809407 34.321117 -12.159018
v 12.529699 4.735371 -16.216600
v 0.678165 34.355900 -12.253298
v 0.641408 34.443645 -12.811496
v 0.678165 34.355900 -12.253298
v 0.191106 34.042801 -12.361897
v 0.136629 34.155094 -12.263242
v 0.809407 34.321117 -12.159018
v 0.678165 34.355900 -12.253298
v 0.136629 34.155094 -12.263242
v 0.678165 34.355900 -12.253298
v 0.809407 34.321117 -12.159018
v 0.641408 34.443645 -12.811496
v 11.746201 4.524131 -17.042000
v 11.630800 4.586381 -17.034000
v 11.661233 4.550151 -16.272106
v 11.661233 4.550151 -16.272106
v 11.750100 4.460821 -16.399200
v 11.746201 4.524131 -17.042000
v 12.696041 4.681575 -16.104677
v 11.917900 4.335110 -16.249701
v 11.929299 4.349451 -16.350500
v 11.929299 4.349451 -16.350500
v 12.529699 4.735371 -16.216600
v 12.696041 4.681575 -16.104677
v 12.495686 4.760774 -16.023117
v 12.544242 4.422241 -15.944196
v 11.794790 4.731287 -16.198502
v 15.660864 -13.470375 -1.109447
v 15.667483 -12.886683 -0.483032
v 12.645977 4.363293 -15.064404
v 12.645977 4.363293 -15.064404
v 15.667483 -12.886683 -0.483032
v 15.005014 -13.237270 -0.488222
v 15.858481 -13.009720 -0.333098
v 15.660864 -13.470375 -1.109447
v 12.842834 4.165326 -15.664002
v 12.696041 4.681575 -16.104677
v 12.529699 4.735371 -16.216600
v 12.849625 4.827901 -16.839285
v 11.750100 4.460821 -16.399200
v 0.270459 -13.070599 -18.401899
v 0.266595 -13.007298 -19.044600
v 11.661233 4.550151 -16.272106
v 0.113479 -12.999757 -19.036440
v 0.191687 -12.970548 -18.274239
v 0.266595 -13.007298 -19.044600
v 0.113479 -12.999757 -19.036440
v 11.630800 4.586381 -17.034000
v 0.191687 -12.970548 -18.274239
v 1.050045 -13.179980 -18.524427
v 12.525328 4.462180 -16.201637
v 1.050045 -13.179980 -18.524427
v 0.270459 -13.070599 -18.401899
v 11.750100 4.460821 -16.399200
v 15.660864 -13.470375 -1.109447
v 15.858481 -13.009720 -0.333098
v 15.667483 -12.886683 -0.483032
v 12.624608 4.746175 -15.077719
v 12.645977 4.363293 -15.064404
v 11.851368 4.589470 -14.898242
v 12.107773 4.474124 -0.705767
v 11.794790 4.731287 -16.198502
v 12.544242 4.422241 -15.944196
v 12.309175 4.477355 14.870067
v 11.793798 4.731055 14.817321
v 12.107557 4.472232 -0.668785
v 12.673820 4.105195 14.569431
v 12.743800 4.007457 -0.916381
v 12.900750 4.843464 -0.774374
v 12.309175 4.477355 14.870067
v 12.900750 4.843464 -0.774374
v 12.743800 4.007457 -0.916381
v 12.892334 4.848661 -0.575813
v 12.495686 4.760774 -16.023117
v 11.794790 4.731287 -16.198502
v 12.544242 4.422241 -15.944196
v 12.495686 4.760774 -16.023117
v 12.892334 4.848661 -0.575813
v 0.191106 34.042801 -12.361897
v 11.929299 4.349451 -16.350500
v 11.917900 4.335110 -16.249701
v 1.050045 -13.179980 -18.524427
v 0.191687 -12.970548 -18.274239
v 0.270459 -13.070599 -18.401899
v 0.113479 -12.999757 -19.036440
v 0.270459 -13.070599 -18.401899
v 0.191687 -12.970548 -18.274239
v 12.529699 4.735371 -16.216600
v 11.929299 4.349451 -16.350500
v 0.191106 34.042801 -12.361897
v 11.917900 4.335110 -16.249701
v 12.696041 4.681575 -16.104677
v 0.136629 34.155094 -12.263242
v 0.641408 34.443645 -12.811496
v 12.849625 4.827901 -16.839285
v 12.529699 4.735371 -16.216600
v 0.809407 34.321117 -12.159018
v 12.696041 4.681575 -16.104677
v 12.849625 4.827901 -16.839285
v 0.113479 -12.999757 -19.036440
v 0.266595 -13.007298 -19.044600
v 0.270459 -13.070599 -18.401899
v 12.107557 4.472232 -0.668785
v 12.900750 4.843464 -0.774374
v 12.309175 4.477355 14.870067
v 11.794790 4.731287 -16.198502
v 12.107773 4.474124 -0.705767
v 12.892334 4.848661 -0.575813
v 12.900750 4.843464 -0.774374
v 12.107557 4.472232 -0.668785
v 11.793798 4.731055 14.817321
v 12.544242 4.422241 -15.944196
v 12.892334 4.848661 -0.575813
v 12.107773 4.474124 -0.705767
v 12.738084 4.009645 -0.430721
v 12.892334 4.848661 -0.575813
v 12.544242 4.422241 -15.944196
v 12.645977 4.363293 -15.064404
v 12.624608 4.746175 -15.077719
v 15.858481 -13.009720 -0.333098
v 12.842834 4.165326 -15.664002
v 12.645977 4.363293 -15.064404
v 15.858481 -13.009720 -0.333098
v 12.645977 4.363293 -15.064404
v 12.842834 4.165326 -15.664002
v 15.660864 -13.470375 -1.109447
v 14.397179 -4.412269 -8.304848
v 14.608321 -4.511794 -16.550940
v 14.306683 -4.253330 -16.745756
v 14.397179 -4.412269 -8.304848
v 14.306683 -4.253330 -16.745756
v 14.608321 -4.511794 -16.550940
v 12.892334 4.848661 -0.575813
v 12.738084 4.009645 -0.430721
v 12.544242 4.422241 -15.944196
v 15.005014 -13.237270 -0.488222
v 11.851368 4.589470 -14.898242
v 12.645977 4.363293 -15.064404
v 12.525328 4.462180 -16.201637
v 11.750100 4.460821 -16.399200
v 0.191687 -12.970548 -18.274239
v 11.750100 4.460821 -16.399200
v 11.661233 4.550151 -16.272106
v 0.191687 -12.970548 -18.274239
v 0.266595 -13.007298 -19.044600
v 11.746201 4.524131 -17.042000
v 11.750100 4.460821 -16.399200
v 11.750100 4.460821 -16.399200
v 12.525328 4.462180 -16.201637
v 1.050045 -13.179980 -18.524427
v 0.113479 -12.999757 -19.036440
v 11.661233 4.550151 -16.272106
v 11.630800 4.586381 -17.034000
v 11.630800 4.586381 -17.034000
v 11.746201 4.524131 -17.042000
v 0.266595 -13.007298 -19.044600
v 6.518488 -4.284003 -17.228802
v 13.655276 -4.445986 -16.842245
v 13.785923 -4.113444 -17.049051
v 6.518488 -4.284003 -17.228802
v 13.785923 -4.113444 -17.049051
v 13.655276 -4.445986 -16.842245
v 19.959600 -36.667297 -20.359102
v 16.682100 -13.412499 -1.186611
v 15.934999 -13.515300 -1.164791
v 19.138649 -37.045048 -20.826685
v 15.840062 -13.637530 -1.530608
v 16.661100 -13.311701 -1.336851
v 15.814394 -13.962689 -0.379014
v 15.840062 -13.637530 -1.530608
v 19.138649 -37.045048 -20.826685
v 16.699091 -20.651121 -7.025288
v 16.432512 -20.603468 -18.487942
v 16.139767 -20.265081 -18.212782
v 16.699091 -20.651121 -7.025288
v 16.139767 -20.265081 -18.212782
v 16.432512 -20.603468 -18.487942
v 5.731003 -20.672482 -19.252476
v 5.521103 -20.337889 -19.178888
v 14.786219 -13.455185 -18.548817
v 16.661100 -13.311701 -1.336851
v 16.682100 -13.412499 -1.186611
v 19.959600 -36.667297 -20.359102
v 15.922989 -20.490168 -19.296331
v 5.748160 -20.510416 -19.181091
v 5.547746 -20.490849 -19.515806
v 15.922989 -20.490168 -19.296331
v 5.547746 -20.490849 -19.515806
v 5.748160 -20.510416 -19.181091
v 16.793932 -21.182356 -6.587462
v 16.889294 -20.998463 -6.025330
v 15.567604 -14.610867 -15.462871
v 16.889294 -20.998463 -6.025330
v 16.793932 -21.182356 -6.587462
v 15.567604 -14.610867 -15.462871
v 17.885647 -29.269423 -14.005260
v 17.937895 -29.015285 -13.701609
v 16.213133 -20.354856 -17.976173
v 17.937895 -29.015285 -13.701609
v 17.885647 -29.269423 -14.005260
v 16.213133 -20.354856 -17.976173
v 19.178499 -37.258301 -19.632801
v 19.138649 -37.045048 -20.826685
v 19.212500 -36.770100 -20.337301
v 19.212500 -36.770100 -20.337301
v 19.310499 -37.240101 -19.636602
v 19.178499 -37.258301 -19.632801
v 19.212500 -36.770100 -20.337301
v 19.138649 -37.045048 -20.826685
v 19.938499 -36.566498 -20.509401
v 19.938499 -36.566498 -20.509401
v 19.959600 -36.667297 -20.359102
v 19.212500 -36.770100 -20.337301
v 15.814394 -13.962689 -0.379014
v 19.178499 -37.258301 -19.632801
v 19.310499 -37.240101 -19.636602
v 19.959600 -36.667297 -20.359102
v 19.938499 -36.566498 -20.509401
v 16.661100 -13.311701 -1.336851
v 15.934999 -13.515300 -1.164791
v 19.212500 -36.770100 -20.337301
v 19.959600 -36.667297 -20.359102
v 19.310499 -37.240101 -19.636602
v 19.212500 -36.770100 -20.337301
v 15.934999 -13.515300 -1.164791
v 16.661100 -13.311701 -1.336851
v 19.938499 -36.566498 -20.509401
v 19.138649 -37.045048 -20.826685
v 19.138649 -37.045048 -20.826685
v 19.178499 -37.258301 -19.632801
v 15.814394 -13.962689 -0.379014
v 17.813475 -28.889851 -13.869423
v 17.956259 -29.486549 -13.661044
v 17.715836 -29.166590 -19.188135
v 17.956259 -29.486549 -13.661044
v 17.813475 -28.889851 -13.869423
v 17.715836 -29.166590 -19.188135
v 12.137836 -29.127695 -20.102793
v 12.449771 -29.360529 -20.199015
v 15.551966 -20.372467 -19.378296
v 12.449771 -29.360529 -20.199015
v 12.137836 -29.127695 -20.102793
v 15.551966 -20.372467 -19.378296
v 15.934999 -13.515300 -1.164791
v 15.814394 -13.962689 -0.379014
v 19.310499 -37.240101 -19.636602
v 15.555981 -13.693997 -17.525757
v 15.323600 -13.187999 -17.557501
v 15.377259 -13.047956 -17.597935
v 15.377259 -13.047956 -17.597935
v 15.323600 -13.187999 -17.557501
v 14.684532 -13.073367 -17.575180
v 15.323600 -13.187999 -17.557501
v 15.555981 -13.693997 -17.525757
v 15.617679 -13.801023 -0.196797
v 15.001776 -13.334812 -0.219224
v 14.684532 -13.073367 -17.575180
v 15.323600 -13.187999 -17.557501
v 15.555981 -13.693997 -17.525757
v 15.377259 -13.047956 -17.597935
v 15.778155 -12.965618 -0.256659
v 15.778155 -12.965618 -0.256659
v 15.377259 -13.047956 -17.597935
v 14.684532 -13.073367 -17.575180
v 14.366071 -4.143892 -8.086184
v 14.253713 -4.476760 -7.677075
v 15.725066 -13.520174 -17.457392
v 14.253713 -4.476760 -7.677075
v 14.366071 -4.143892 -8.086184
v 15.725066 -13.520174 -17.457392
v 15.323600 -13.187999 -17.557501
v 15.778155 -12.965618 -0.256659
v 15.001776 -13.334812 -0.219224
v 14.684532 -13.073367 -17.575180
v 15.001776 -13.334812 -0.219224
v 15.778155 -12.965618 -0.256659
v 15.778155 -12.965618 -0.256659
v 15.617679 -13.801023 -0.196797
v 15.555981 -13.693997 -17.525757
v 15.617679 -13.801023 -0.196797
v 15.778155 -12.965618 -0.256659
v 15.323600 -13.187999 -17.557501
v 15.840062 -13.637530 -1.530608
v 15.934999 -13.515300 -1.164791
v 16.682100 -13.412499 -1.186611
v 16.682100 -13.412499 -1.186611
v 16.661100 -13.311701 -1.336851
v 15.840062 -13.637530 -1.530608
v 15.814394 -13.962689 -0.379014
v 15.934999 -13.515300 -1.164791
v 15.840062 -13.637530 -1.530608
v 16.186901 -20.229887 17.236065
v 17.877823 -29.232323 13.221466
v 17.928053 -28.965094 12.923190
v 16.186901 -20.229887 17.236065
v 17.928053 -28.965094 12.923190
v 17.877823 -29.232323 13.221466
v 17.832317 -29.051023 13.305007
v 17.429058 -28.978746 18.486116
v 17.762756 -29.282768 18.333691
v 17.832317 -29.051023 13.305007
v 17.762756 -29.282768 18.333691
v 17.429058 -28.978746 18.486116
v 16.661100 -13.311701 0.532623
v 19.938499 -36.566498 19.705099
v 19.959600 -36.667297 19.554897
v 19.078678 -36.645729 19.690807
v 19.938499 -36.566498 19.705099
v 16.661100 -13.311701 0.532623
v 19.074142 -37.903950 20.200722
v 19.190945 -38.114723 19.334448
v 0.934066 -13.817658 17.555212
v 15.571507 -20.310532 18.570942
v 12.150048 -29.079767 19.296869
v 12.431223 -29.410131 19.404760
v 15.571507 -20.310532 18.570942
v 12.431223 -29.410131 19.404760
v 12.150048 -29.079767 19.296869
v 12.569646 -29.100975 19.422501
v 16.968594 -29.333036 19.473591
v 17.211298 -28.963390 19.718561
v 12.569646 -29.100975 19.422501
v 17.211298 -28.963390 19.718561
v 16.968594 -29.333036 19.473591
v 14.673785 -12.947890 17.160557
v 6.338674 -4.313470 16.413113
v 5.973373 -4.610096 16.577202
v 14.673785 -12.947890 17.160557
v 5.973373 -4.610096 16.577202
v 6.338674 -4.313470 16.413113
v 14.964941 -13.320352 17.734608
v 5.645010 -20.263935 18.365574
v 5.739896 -20.667694 18.449539
v 14.964941 -13.320352 17.734608
v 5.739896 -20.667694 18.449539
v 5.645010 -20.263935 18.365574
v 5.271136 -20.330898 18.921017
v 5.687861 -20.557707 18.322529
v 15.993579 -20.408875 18.629309
v 5.687861 -20.557707 18.322529
v 5.271136 -20.330898 18.921017
v 15.993579 -20.408875 18.629309
v 19.938499 -36.566498 19.705099
v 19.078678 -36.645729 19.690807
v 19.212500 -36.770100 19.533098
v 19.212500 -36.770100 19.533098
v 19.959600 -36.667297 19.554897
v 19.938499 -36.566498 19.705099
v 1.034840 -14.007201 16.683201
v 0.934066 -13.817658 17.555212
v 19.190945 -38.114723 19.334448
v 16.661100 -13.311701 0.532623
v 15.813115 -13.433758 0.554301
v 19.078678 -36.645729 19.690807
v 15.233328 -13.415005 16.517544
v 16.729977 -20.968662 6.107900
v 16.788254 -20.296198 6.100093
v 15.233328 -13.415005 16.517544
v 16.788254 -20.296198 6.100093
v 16.729977 -20.968662 6.107900
v 16.137001 -20.263674 17.497017
v 16.434353 -20.601784 17.663704
v 16.693829 -20.648428 6.364267
v 16.434353 -20.601784 17.663704
v 16.137001 -20.263674 17.497017
v 16.693829 -20.648428 6.364267
v 18.975500 -38.132797 19.328997
v 0.880010 -14.103702 16.690899
v 1.034840 -14.007201 16.683201
v 0.870339 -14.040900 17.443501
v 0.880010 -14.103702 16.690899
v 18.975500 -38.132797 19.328997
v 18.243700 -38.520000 20.117399
v 0.110639 -14.487269 17.698879
v 0.870339 -14.040900 17.443501
v 19.074142 -37.903950 20.200722
v 0.934066 -13.817658 17.555212
v 0.110639 -14.487269 17.698879
v 0.110639 -14.487269 17.698879
v 18.242001 -38.508900 20.250397
v 19.074142 -37.903950 20.200722
v 11.482815 4.514361 16.295715
v 11.750100 4.460820 15.594999
v 11.603818 4.478571 15.485246
v 11.603818 4.478571 15.485246
v 11.750100 4.460820 15.594999
v 12.398512 4.258764 15.438456
v 18.965799 -38.070000 20.081598
v 19.074142 -37.903950 20.200722
v 18.242001 -38.508900 20.250397
v 19.074142 -37.903950 20.200722
v 18.965799 -38.070000 20.081598
v 19.190945 -38.114723 19.334448
v 18.965799 -38.070000 20.081598
v 18.975500 -38.132797 19.328997
v 19.190945 -38.114723 19.334448
v 18.242001 -38.508900 20.250397
v 18.243700 -38.520000 20.117399
v 18.965799 -38.070000 20.081598
v 2.549030 -15.838401 17.189400
v -2.505720 -15.838401 17.189400
v -2.505720 -15.838401 17.059999
v -2.505720 -15.838401 17.059999
v 2.549030 -15.838401 17.059999
v 2.549030 -15.838401 17.189400
v -5.735022 -20.230652 18.359228
v -5.788518 -20.661041 18.446476
v -15.144514 -13.217438 17.723942
v -5.788518 -20.661041 18.446476
v -5.735022 -20.230652 18.359228
v -15.144514 -13.217438 17.723942
v -11.785999 4.460820 15.594999
v -11.564066 4.581271 16.282873
v -11.606831 4.417507 15.483449
v -12.324400 4.170510 15.632600
v -11.785999 4.460820 15.594999
v -11.606831 4.417507 15.483449
v -11.606831 4.417507 15.483449
v -12.325100 4.159329 15.519001
v -12.324400 4.170510 15.632600
v -12.325100 4.159329 15.519001
v -0.841903 -13.362971 17.519146
v -0.844764 -13.360901 17.635199
v -0.124309 -13.122353 17.491087
v -0.841903 -13.362971 17.519146
v -11.606831 4.417507 15.483449
v -0.844764 -13.360901 17.635199
v -0.306387 -13.070601 17.597599
v -11.785999 4.460820 15.594999
v -11.785999 4.460820 15.594999
v -0.306387 -13.070601 17.597599
v -0.346959 -13.114392 18.362564
v -2.505720 -9.978801 17.059999
v -2.505720 -15.838401 17.059999
v -2.505720 -15.838401 17.189400
v 2.549030 -15.838401 17.059999
v -2.505720 -15.838401 17.059999
v -2.505720 -9.978801 17.059999
v 0.934066 -13.817658 17.555212
v 1.034840 -14.007201 16.683201
v 0.880010 -14.103702 16.690899
v -2.505720 -15.838401 17.189400
v -2.505720 -9.978801 17.189400
v -2.505720 -9.978801 17.059999
v -2.505720 -9.978801 17.059999
v 2.549030 -9.978801 17.059999
v 2.549030 -15.838401 17.059999
v 2.549030 -9.978801 17.189400
v 2.549030 -15.838401 17.189400
v 2.549030 -15.838401 17.059999
v 2.549030 -15.838401 17.059999
v 2.549030 -9.978801 17.059999
v 2.549030 -9.978801 17.189400
v 2.549030 -9.978801 17.059999
v -2.505720 -9.978801 17.059999
v -2.505720 -9.978801 17.189400
v -2.505720 -9.978801 17.189400
v 2.549030 -9.978801 17.189400
v 2.549030 -9.978801 17.059999
v 11.750100 4.460820 15.594999
v 0.006965 -13.080757 17.403730
v 0.943046 -13.335632 17.747572
v 12.398512 4.258764 15.438456
v 0.943046 -13.335632 17.747572
v 0.006965 -13.080757 17.403730
v 0.203672 -13.267671 18.376024
v 0.006965 -13.080757 17.403730
v 11.750100 4.460820 15.594999
v -15.238377 -13.177187 17.670462
v -15.059821 -13.756268 17.525068
v 0.164015 -13.731229 17.666391
v 0.000635 -13.243069 18.320084
v -15.240887 -12.976058 18.245342
v -15.238377 -13.177187 17.670462
v -15.059821 -13.756268 17.525068
v -15.238377 -13.177187 17.670462
v 0.404110 -13.022562 17.479820
v 0.404110 -13.022562 17.479820
v -15.238377 -13.177187 17.670462
v -15.240887 -12.976058 18.245342
v 0.164015 -13.731229 17.666391
v 0.404110 -13.022562 17.479820
v -15.238377 -13.177187 17.670462
v -15.238377 -13.177187 17.670462
v 0.404110 -13.022562 17.479820
v 0.000635 -13.243069 18.320084
v 0.404110 -13.022562 17.479820
v 0.164015 -13.731229 17.666391
v -15.059821 -13.756268 17.525068
v -15.240887 -12.976058 18.245342
v 0.000635 -13.243069 18.320084
v 0.404110 -13.022562 17.479820
v -11.564066 4.581271 16.282873
v -0.346959 -13.114392 18.362564
v -0.124309 -13.122353 17.491087
v -2.505720 -9.978801 17.189400
v -2.505720 -15.838401 17.189400
v 2.549030 -15.838401 17.189400
v 0.934066 -13.817658 17.555212
v 0.870339 -14.040900 17.443501
v 0.110639 -14.487269 17.698879
v 0.880010 -14.103702 16.690899
v 0.870339 -14.040900 17.443501
v 0.934066 -13.817658 17.555212
v -0.306387 -13.070601 17.597599
v -0.844764 -13.360901 17.635199
v -0.841903 -13.362971 17.519146
v -0.124309 -13.122353 17.491087
v -0.306387 -13.070601 17.597599
v -0.841903 -13.362971 17.519146
v -0.306387 -13.070601 17.597599
v -0.124309 -13.122353 17.491087
v -0.346959 -13.114392 18.362564
v 2.549030 -15.838401 17.189400
v 2.549030 -9.978801 17.189400
v -2.505720 -9.978801 17.189400
v 15.443544 -13.446471 17.594639
v -0.055161 -13.824521 17.839842
v -0.013849 -13.047166 17.469719
v 15.443544 -13.446471 17.594639
v -0.013849 -13.047166 17.469719
v -0.055161 -13.824521 17.839842
v -0.086893 -13.248631 18.317204
v -0.013849 -13.047166 17.469719
v 15.443544 -13.446471 17.594639
v -0.013849 -13.047166 17.469719
v -0.086893 -13.248631 18.317204
v 15.190701 -12.988374 18.250040
v 0.006965 -13.080757 17.403730
v 0.203672 -13.267671 18.376024
v 11.482815 4.514361 16.295715
v -0.844764 -13.360901 17.635199
v -12.324400 4.170510 15.632600
v -12.325100 4.159329 15.519001
v -12.325100 4.159329 15.519001
v -11.606831 4.417507 15.483449
v -0.841903 -13.362971 17.519146
v -11.785999 4.460820 15.594999
v -12.324400 4.170510 15.632600
v -0.844764 -13.360901 17.635199
v -0.124309 -13.122353 17.491087
v -11.606831 4.417507 15.483449
v -11.564066 4.581271 16.282873
v -0.346959 -13.114392 18.362564
v -11.564066 4.581271 16.282873
v -11.785999 4.460820 15.594999
v 18.243700 -38.520000 20.117399
v 18.242001 -38.508900 20.250397
v 0.110639 -14.487269 17.698879
v 0.870339 -14.040900 17.443501
v 18.965799 -38.070000 20.081598
v 18.243700 -38.520000 20.117399
v 18.975500 -38.132797 19.328997
v 18.965799 -38.070000 20.081598
v 0.870339 -14.040900 17.443501
v -0.013849 -13.047166 17.469719
v 15.129925 -13.106254 17.564978
v 15.443544 -13.446471 17.594639
v 15.443544 -13.446471 17.594639
v 15.190701 -12.988374 18.250040
v -0.086893 -13.248631 18.317204
v 15.190701 -12.988374 18.250040
v 15.129925 -13.106254 17.564978
v -0.013849 -13.047166 17.469719
v 15.190701 -12.988374 18.250040
v 15.443544 -13.446471 17.594639
v 15.129925 -13.106254 17.564978
v 1.034840 -14.007201 16.683201
v 19.190945 -38.114723 19.334448
v 18.975500 -38.132797 19.328997
v 11.750100 4.460820 15.594999
v 11.482815 4.514361 16.295715
v 0.203672 -13.267671 18.376024
v 0.943046 -13.335632 17.747572
v 12.398512 4.258764 15.438456
v 11.750100 4.460820 15.594999
v 0.006965 -13.080757 17.403730
v 11.603818 4.478571 15.485246
v 12.398512 4.258764 15.438456
v 11.482815 4.514361 16.295715
v 11.603818 4.478571 15.485246
v 0.006965 -13.080757 17.403730
v 13.709565 -4.445358 16.033770
v 13.874409 -4.115519 16.244341
v 6.638011 -4.289730 16.417820
v 13.874409 -4.115519 16.244341
v 13.709565 -4.445358 16.033770
v 6.638011 -4.289730 16.417820

vt 0.916504 0.281738
vt 0.918945 0.212402
vt 0.914062 0.211914
vt 0.184082 0.350098
vt 0.186523 0.339355
vt 0.168335 0.342285
vt 0.099670 0.279785
vt 0.117920 0.282715
vt 0.115479 0.271973
vt 0.942871 0.099121
vt 0.942871 0.099121
vt 0.943359 0.088867
vt 0.287598 0.378906
vt 0.287598 0.378906
vt 0.287598 0.362305
vt 0.398193 0.114746
vt 0.398193 0.114746
vt 0.397705 0.105957
vt 0.168335 0.342285
vt 0.166260 0.350586
vt 0.184082 0.350098
vt 0.115479 0.271973
vt 0.097656 0.271484
vt 0.099670 0.279785
vt 0.397705 0.105957
vt 0.397705 0.105957
vt 0.398193 0.114746
vt 0.923828 0.294434
vt 0.920410 0.293945
vt 0.922363 0.368652
vt 0.313477 0.095703
vt 0.313477 0.096680
vt 0.315918 0.096191
vt 0.564941 0.860474
vt 0.567871 0.861328
vt 0.568359 0.860718
vt 0.948242 0.865967
vt 0.951660 0.865723
vt 0.951172 0.776855
vt 0.940430 0.498047
vt 0.941895 0.418457
vt 0.937988 0.418457
vt 0.903809 0.498047
vt 0.905273 0.417969
vt 0.901855 0.418457
vt 0.995117 0.605957
vt 0.995117 0.686035
vt 0.996094 0.686035
vt 0.935059 0.661133
vt 0.932129 0.660889
vt 0.934570 0.749756
vt 0.922363 0.368652
vt 0.923828 0.369141
vt 0.923828 0.294434
vt 0.927246 0.497559
vt 0.929688 0.408203
vt 0.926270 0.408203
vt 0.943359 0.200684
vt 0.944336 0.111816
vt 0.940430 0.112305
vt 0.929688 0.408203
vt 0.927246 0.497559
vt 0.930664 0.497070
vt 0.940430 0.112305
vt 0.939941 0.200684
vt 0.943359 0.200684
vt 0.945312 0.307129
vt 0.948730 0.306641
vt 0.947266 0.232910
vt 0.963867 0.392090
vt 0.963867 0.390625
vt 0.960938 0.392090
vt 0.995605 0.253906
vt 0.996094 0.253906
vt 0.996094 0.179199
vt 0.951172 0.776855
vt 0.947266 0.776611
vt 0.948242 0.865967
vt 0.930664 0.750244
vt 0.934570 0.749756
vt 0.932129 0.660889
vt 0.901855 0.418457
vt 0.901855 0.498047
vt 0.903809 0.498047
vt 0.930664 0.530762
vt 0.933594 0.531738
vt 0.934082 0.531006
vt 0.942871 0.099121
vt 0.942871 0.099121
vt 0.943359 0.110352
vt 0.097656 0.271484
vt 0.115479 0.271973
vt 0.114807 0.260742
vt 0.183472 0.361328
vt 0.184082 0.350098
vt 0.166260 0.350586
vt 0.852539 0.374512
vt 0.849121 0.374023
vt 0.849121 0.491699
vt 0.881836 0.620361
vt 0.878906 0.621338
vt 0.878418 0.738281
vt 0.885742 0.888062
vt 0.886230 0.997702
vt 0.887695 0.998185
vt 0.916016 0.497559
vt 0.916016 0.389648
vt 0.914062 0.388184
vt 0.896484 0.864624
vt 0.895020 0.757080
vt 0.893066 0.758301
vt 0.853516 0.734863
vt 0.855957 0.735352
vt 0.857422 0.618652
vt 0.885742 0.880127
vt 0.883301 0.880737
vt 0.883301 0.998024
vt 0.914062 0.388184
vt 0.912598 0.495605
vt 0.916016 0.497559
vt 0.893066 0.758301
vt 0.893066 0.866211
vt 0.896484 0.864624
vt 0.883301 0.998024
vt 0.887207 0.996740
vt 0.885742 0.880127
vt 0.857422 0.618652
vt 0.853516 0.617432
vt 0.853516 0.734863
vt 0.907715 0.889954
vt 0.906250 1.000044
vt 0.909668 0.998442
vt 0.849121 0.491699
vt 0.853027 0.491211
vt 0.852539 0.374512
vt 0.878418 0.738281
vt 0.882324 0.738770
vt 0.881836 0.620361
vt 0.943359 0.110352
vt 0.943359 0.110352
vt 0.942871 0.099121
vt 0.545898 0.878418
vt 0.545898 0.878418
vt 0.545898 0.863159
vt 0.397705 0.105957
vt 0.397705 0.105957
vt 0.398193 0.095215
vt 0.166260 0.350586
vt 0.166992 0.361328
vt 0.183472 0.361328
vt 0.114807 0.260742
vt 0.098450 0.260742
vt 0.097656 0.271484
vt 0.398193 0.095215
vt 0.398193 0.095215
vt 0.397705 0.105957
vt 0.545898 0.863159
vt 0.545898 0.863159
vt 0.545898 0.878418
vt 0.887695 0.998185
vt 0.889160 0.889648
vt 0.885742 0.888062
vt 0.420898 0.214355
vt 0.420898 0.176270
vt 0.416748 0.176270
vt 0.537598 0.125977
vt 0.537598 0.087891
vt 0.534180 0.088379
vt 0.416748 0.176270
vt 0.416748 0.214355
vt 0.420898 0.214355
vt 0.902344 0.511719
vt 0.902344 0.507812
vt 0.898926 0.509766
vt 0.885254 0.886169
vt 0.888672 0.888062
vt 0.888672 0.884155
vt 0.257324 0.130371
vt 0.260254 0.130859
vt 0.260254 0.093262
vt 0.260254 0.093262
vt 0.256836 0.092285
vt 0.257324 0.130371
vt 0.088562 0.127930
vt 0.092041 0.128906
vt 0.092041 0.089844
vt 0.148438 0.214355
vt 0.152588 0.214355
vt 0.152588 0.176270
vt 0.008400 0.129395
vt 0.004368 0.128906
vt 0.006546 0.167969
vt 0.092041 0.089844
vt 0.088562 0.089844
vt 0.088562 0.127930
vt 0.152588 0.176270
vt 0.148438 0.176270
vt 0.148438 0.214355
vt 0.197021 0.128906
vt 0.197388 0.090332
vt 0.193848 0.091309
vt 0.496582 0.252930
vt 0.496826 0.202637
vt 0.490967 0.202637
vt 0.193848 0.091309
vt 0.193848 0.128906
vt 0.197021 0.128906
vt 0.358398 0.208496
vt 0.359375 0.158691
vt 0.352783 0.158691
vt 0.968750 0.560303
vt 0.967773 0.560547
vt 0.968750 0.563477
vt 0.902344 0.999815
vt 0.906738 0.999104
vt 0.903809 0.919373
vt 0.940918 0.919312
vt 0.936523 0.918335
vt 0.937500 0.998793
vt 0.534180 0.088379
vt 0.534180 0.126465
vt 0.537598 0.125977
vt 0.447754 0.166992
vt 0.449707 0.128906
vt 0.445801 0.128906
vt 0.114807 0.240234
vt 0.114624 0.189941
vt 0.108765 0.190430
vt 0.490967 0.151367
vt 0.491455 0.201172
vt 0.497559 0.201172
vt 0.184448 0.338867
vt 0.184448 0.361328
vt 0.187500 0.361816
vt 0.187500 0.361816
vt 0.189087 0.338867
vt 0.184448 0.338867
vt 0.416748 0.154297
vt 0.416748 0.176270
vt 0.420898 0.176270
vt 0.247314 0.117676
vt 0.247803 0.140625
vt 0.251709 0.140137
vt 0.232056 0.125977
vt 0.233154 0.148926
vt 0.236694 0.148438
vt 0.920410 0.207031
vt 0.919922 0.281250
vt 0.923828 0.281738
vt 0.420898 0.176270
vt 0.420898 0.154297
vt 0.416748 0.154297
vt 0.251709 0.140137
vt 0.251465 0.117676
vt 0.247314 0.117676
vt 0.236694 0.148438
vt 0.236694 0.125977
vt 0.232056 0.125977
vt 0.871094 0.145508
vt 0.864746 0.145508
vt 0.864258 0.195801
vt 0.291748 0.160645
vt 0.285156 0.160645
vt 0.286133 0.209961
vt 0.846191 0.233398
vt 0.851562 0.232910
vt 0.852051 0.183594
vt 0.286133 0.209961
vt 0.291992 0.210938
vt 0.291748 0.160645
vt 0.864258 0.195801
vt 0.869629 0.194824
vt 0.871094 0.145508
vt 0.329346 0.259277
vt 0.335938 0.259766
vt 0.334961 0.209961
vt 0.866211 0.875061
vt 0.870605 0.875061
vt 0.870605 0.870850
vt 0.870605 0.870850
vt 0.866211 0.870850
vt 0.866211 0.875061
vt 0.947266 0.383789
vt 0.946777 0.387695
vt 0.947266 0.387695
vt 0.929688 0.751099
vt 0.926270 0.751221
vt 0.925293 0.773315
vt 0.107605 0.115723
vt 0.103821 0.115234
vt 0.103271 0.137695
vt 0.148438 0.176270
vt 0.152588 0.176270
vt 0.152588 0.154297
vt 0.925293 0.773315
vt 0.929688 0.773315
vt 0.929688 0.751099
vt 0.352783 0.158691
vt 0.352539 0.208496
vt 0.358398 0.208496
vt 0.108765 0.190430
vt 0.108948 0.240723
vt 0.114807 0.240234
vt 0.497559 0.201172
vt 0.496338 0.151367
vt 0.490967 0.151367
vt 0.490967 0.202637
vt 0.489746 0.252441
vt 0.496582 0.252930
vt 0.928711 0.777466
vt 0.927246 0.866089
vt 0.930664 0.865967
vt 0.937500 0.899414
vt 0.936523 0.903259
vt 0.937012 0.903381
vt 0.907715 0.919312
vt 0.903809 0.919373
vt 0.906738 0.999104
vt 0.949707 0.200684
vt 0.951172 0.112305
vt 0.947754 0.111816
vt 0.937500 0.998793
vt 0.941406 0.998747
vt 0.940918 0.919312
vt 0.103271 0.137695
vt 0.107483 0.137695
vt 0.107605 0.115723
vt 0.152588 0.154297
vt 0.148438 0.154297
vt 0.148438 0.176270
vt 0.997559 0.768921
vt 0.997070 0.679443
vt 0.997070 0.679199
vt 0.923828 0.281738
vt 0.923828 0.207031
vt 0.920410 0.207031
vt 0.930176 0.750000
vt 0.931641 0.749268
vt 0.932129 0.660400
vt 0.945312 0.156250
vt 0.945312 0.230469
vt 0.948730 0.230957
vt 0.183228 0.341797
vt 0.183228 0.337402
vt 0.178955 0.337402
vt 0.178955 0.337402
vt 0.178955 0.341797
vt 0.183228 0.341797
vt 0.925781 0.522949
vt 0.929199 0.522705
vt 0.929199 0.500488
vt 0.929199 0.500488
vt 0.924316 0.500488
vt 0.925781 0.522949
vt 0.948730 0.230957
vt 0.949219 0.155762
vt 0.945312 0.156250
vt 0.948730 0.497559
vt 0.952148 0.497559
vt 0.950195 0.408203
vt 0.932129 0.660400
vt 0.928711 0.660400
vt 0.930176 0.750000
vt 0.930664 0.865967
vt 0.930664 0.777222
vt 0.928711 0.777466
vt 0.933594 0.500488
vt 0.930176 0.500732
vt 0.929199 0.522705
vt 0.245850 0.117676
vt 0.242065 0.117188
vt 0.241455 0.139648
vt 0.542480 0.175293
vt 0.546875 0.175293
vt 0.546875 0.152832
vt 0.515137 0.334473
vt 0.515137 0.356445
vt 0.518066 0.357422
vt 0.331787 0.299805
vt 0.350098 0.302246
vt 0.347656 0.291504
vt 0.501465 0.280762
vt 0.503906 0.270508
vt 0.485596 0.272949
vt 0.929199 0.522705
vt 0.933594 0.522705
vt 0.933594 0.500488
vt 0.241455 0.139648
vt 0.245728 0.139648
vt 0.245850 0.117676
vt 0.546875 0.152832
vt 0.542480 0.152832
vt 0.542480 0.175293
vt 0.074036 0.203125
vt 0.068115 0.202637
vt 0.068420 0.252930
vt 0.214966 0.103516
vt 0.214844 0.103516
vt 0.215576 0.114258
vt 0.431396 0.277832
vt 0.431396 0.273926
vt 0.427246 0.273926
vt 0.503906 0.167480
vt 0.505859 0.128906
vt 0.501953 0.129395
vt 0.236938 0.125000
vt 0.236938 0.087402
vt 0.233521 0.087402
vt 0.483154 0.216309
vt 0.483154 0.178711
vt 0.479004 0.178711
vt 0.233521 0.087402
vt 0.233521 0.125977
vt 0.236938 0.125000
vt 0.479004 0.178711
vt 0.479004 0.216309
vt 0.483154 0.216309
vt 0.913574 0.755493
vt 0.913574 0.751587
vt 0.910156 0.753540
vt 0.891113 0.255859
vt 0.887695 0.253906
vt 0.887695 0.257812
vt 0.937500 0.137695
vt 0.940430 0.138184
vt 0.940430 0.100586
vt 0.940430 0.100586
vt 0.937012 0.099609
vt 0.937500 0.137695
vt 0.375000 0.086426
vt 0.371582 0.085449
vt 0.371582 0.124512
vt 0.542480 0.212891
vt 0.546875 0.212891
vt 0.546875 0.175293
vt 0.471680 0.125977
vt 0.467773 0.125488
vt 0.469971 0.164551
vt 0.371582 0.124512
vt 0.375000 0.124512
vt 0.375000 0.086426
vt 0.546875 0.175293
vt 0.542480 0.175293
vt 0.542480 0.212891
vt 0.427246 0.273926
vt 0.427246 0.277832
vt 0.431396 0.277832
vt 0.928711 0.384766
vt 0.924316 0.384766
vt 0.925781 0.407227
vt 0.925781 0.407227
vt 0.928711 0.407227
vt 0.928711 0.384766
vt 0.869141 0.133301
vt 0.869141 0.133301
vt 0.869629 0.144043
vt 0.869629 0.144043
vt 0.869629 0.144043
vt 0.869141 0.133301
vt 0.346924 0.280273
vt 0.330566 0.280273
vt 0.329834 0.291016
vt 0.280518 0.132324
vt 0.280762 0.093750
vt 0.277344 0.094727
vt 0.913574 0.259277
vt 0.915527 0.151367
vt 0.911621 0.149902
vt 0.899414 0.481934
vt 0.899902 0.374023
vt 0.895996 0.375977
vt 0.277344 0.094727
vt 0.277344 0.132812
vt 0.280518 0.132324
vt 0.518066 0.357422
vt 0.519531 0.334473
vt 0.515137 0.334473
vt 0.479004 0.156250
vt 0.479004 0.178711
vt 0.483154 0.178711
vt 0.292236 0.118164
vt 0.292725 0.141113
vt 0.296387 0.140625
vt 0.483154 0.178711
vt 0.483154 0.156250
vt 0.479004 0.156250
vt 0.866211 0.870605
vt 0.870605 0.870605
vt 0.870605 0.866455
vt 0.485596 0.272949
vt 0.483398 0.281738
vt 0.501465 0.280762
vt 0.347656 0.291504
vt 0.329834 0.291016
vt 0.331787 0.299805
vt 0.869141 0.133301
vt 0.869141 0.133301
vt 0.869629 0.125000
vt 0.869629 0.125000
vt 0.869629 0.125000
vt 0.869141 0.133301
vt 0.033722 0.245605
vt 0.039612 0.246094
vt 0.039734 0.195801
vt 0.166992 0.383301
vt 0.167114 0.383301
vt 0.166992 0.366211
vt 0.526855 0.202637
vt 0.520996 0.202637
vt 0.520996 0.252930
vt 0.247559 0.192383
vt 0.241821 0.192383
vt 0.241577 0.242188
vt 0.009727 0.168457
vt 0.003780 0.168457
vt 0.004116 0.218262
vt 0.102661 0.188965
vt 0.107849 0.188965
vt 0.109253 0.139160
vt 0.520996 0.252930
vt 0.527832 0.252441
vt 0.526855 0.202637
vt 0.004116 0.218262
vt 0.010712 0.217773
vt 0.009727 0.168457
vt 0.109253 0.139160
vt 0.102966 0.138672
vt 0.102661 0.188965
vt 0.241577 0.242188
vt 0.247437 0.242676
vt 0.247559 0.192383
vt 0.483398 0.281738
vt 0.484375 0.292480
vt 0.500488 0.292480
vt 0.389648 0.383301
vt 0.389648 0.383301
vt 0.389648 0.368652
vt 0.389648 0.368652
vt 0.389648 0.368652
vt 0.389648 0.383301
vt 0.911621 0.149902
vt 0.912109 0.257812
vt 0.913574 0.259277
vt 0.895996 0.375977
vt 0.897461 0.483398
vt 0.899414 0.481934
vt 0.854980 0.612793
vt 0.857422 0.613525
vt 0.858398 0.497070
vt 0.882812 0.867432
vt 0.885254 0.866577
vt 0.885254 0.749268
vt 0.494873 0.430176
vt 0.494873 0.430176
vt 0.494873 0.464355
vt 0.028351 0.401855
vt 0.044220 0.401855
vt 0.044220 0.367188
vt 0.064453 0.401855
vt 0.064453 0.367188
vt 0.048615 0.367188
vt 0.487549 0.942169
vt 0.487793 0.942169
vt 0.487793 0.907593
vt 0.500488 0.292480
vt 0.501465 0.280762
vt 0.483398 0.281738
vt 0.329834 0.291016
vt 0.347656 0.291504
vt 0.346924 0.280273
vt 0.487061 0.913818
vt 0.487305 0.913818
vt 0.487305 0.898560
vt 0.487305 0.898560
vt 0.487061 0.898560
vt 0.487061 0.913818
vt 0.215454 0.092285
vt 0.215454 0.092285
vt 0.214844 0.103516
vt 0.214844 0.103516
vt 0.214966 0.103516
vt 0.215454 0.092285
vt 0.213257 0.373047
vt 0.213135 0.373047
vt 0.213135 0.388184
vt 0.494873 0.464355
vt 0.494873 0.464355
vt 0.494873 0.430176
vt 0.885254 0.749268
vt 0.881348 0.750854
vt 0.882812 0.867432
vt 0.858398 0.497070
vt 0.854492 0.495605
vt 0.854980 0.612793
vt 0.213135 0.388184
vt 0.213257 0.388184
vt 0.213257 0.373047
vt 0.044220 0.367188
vt 0.028351 0.367188
vt 0.028351 0.401855
vt 0.048615 0.367188
vt 0.048615 0.401855
vt 0.064453 0.401855
vt 0.487793 0.907593
vt 0.487549 0.907593
vt 0.487549 0.942169
vt 0.230591 0.709473
vt 0.190308 0.605469
vt 0.185791 0.605469
vt 0.470215 0.086914
vt 0.466797 0.086426
vt 0.466797 0.125000
vt 0.049194 0.578613
vt 0.053345 0.578613
vt 0.052887 0.540771
vt 0.512695 0.170898
vt 0.516602 0.170898
vt 0.514648 0.132324
vt 0.466797 0.125000
vt 0.470215 0.124512
vt 0.470215 0.086914
vt 0.048706 0.540771
vt 0.052887 0.540771
vt 0.052612 0.518555
vt 0.026932 0.287109
vt 0.022964 0.287109
vt 0.022400 0.309082
vt 0.005928 0.583252
vt 0.002422 0.583740
vt 0.001343 0.605469
vt 0.877441 0.864136
vt 0.876953 0.744873
vt 0.875488 0.744385
vt 0.052887 0.540771
vt 0.048706 0.540771
vt 0.049194 0.578613
vt 0.408936 0.346680
vt 0.412598 0.346680
vt 0.412842 0.226562
vt 0.866211 0.738281
vt 0.869629 0.738281
vt 0.869629 0.617188
vt 0.005917 0.605469
vt 0.001343 0.605469
vt 0.042877 0.713623
vt 0.026566 0.309082
vt 0.022400 0.309082
vt 0.023010 0.419922
vt 0.048431 0.518555
vt 0.052612 0.518555
vt 0.053345 0.415039
vt 0.869629 0.617188
vt 0.865723 0.618164
vt 0.866211 0.738281
vt 0.412842 0.226562
vt 0.408691 0.225586
vt 0.408936 0.346680
vt 0.270752 0.605469
vt 0.275146 0.605469
vt 0.273682 0.583740
vt 0.887207 0.619141
vt 0.887207 0.623047
vt 0.890625 0.621094
vt 0.875488 0.744385
vt 0.873535 0.865601
vt 0.877441 0.864136
vt 0.110229 0.425781
vt 0.112000 0.305664
vt 0.108337 0.304199
vt 0.187256 0.583252
vt 0.185791 0.605469
vt 0.190308 0.605469
vt 0.190308 0.605469
vt 0.190308 0.583252
vt 0.187256 0.583252
vt 0.001343 0.605469
vt 0.005917 0.605469
vt 0.005928 0.583252
vt 0.275146 0.605469
vt 0.270752 0.605469
vt 0.230591 0.709473
vt 0.916504 0.874146
vt 0.916016 0.877197
vt 0.916016 0.877258
vt 0.431641 0.405762
vt 0.431396 0.302246
vt 0.427246 0.302246
vt 0.022400 0.309082
vt 0.026566 0.309082
vt 0.026932 0.287109
vt 0.052612 0.518555
vt 0.048431 0.518555
vt 0.048706 0.540771
vt 0.278076 0.381836
vt 0.277100 0.485352
vt 0.281250 0.485352
vt 0.050720 0.709229
vt 0.090820 0.605469
vt 0.086243 0.605469
vt 0.901855 0.867676
vt 0.900879 0.746582
vt 0.898926 0.744385
vt 0.872070 0.620361
vt 0.869629 0.619629
vt 0.869629 0.739014
vt 0.847168 0.880615
vt 0.844238 0.881531
vt 0.843750 0.999963
vt 0.042877 0.713623
vt 0.046021 0.709229
vt 0.005917 0.605469
vt 0.023010 0.419922
vt 0.027054 0.417480
vt 0.026566 0.309082
vt 0.277100 0.485352
vt 0.277588 0.507568
vt 0.281738 0.507568
vt 0.053345 0.415039
vt 0.049164 0.414551
vt 0.048431 0.518555
vt 0.090820 0.605469
vt 0.089783 0.583252
vt 0.086243 0.583252
vt 0.431396 0.302246
vt 0.431641 0.279785
vt 0.427490 0.280273
vt 0.869629 0.739014
vt 0.873047 0.739014
vt 0.872070 0.620361
vt 0.843750 0.999963
vt 0.847168 1.000062
vt 0.847168 0.880615
vt 0.096802 0.099121
vt 0.096375 0.137695
vt 0.099854 0.137695
vt 0.099854 0.137695
vt 0.099854 0.099609
vt 0.096802 0.099121
vt 0.918945 0.879150
vt 0.917969 1.000149
vt 0.920898 0.999316
vt 0.898926 0.744385
vt 0.898926 0.866821
vt 0.901855 0.867676
vt 0.281738 0.507568
vt 0.281250 0.485352
vt 0.277100 0.485352
vt 0.086243 0.605469
vt 0.046021 0.709229
vt 0.050720 0.709229
vt 0.281250 0.485352
vt 0.282227 0.381348
vt 0.278076 0.381836
vt 0.086243 0.583252
vt 0.086243 0.605469
vt 0.090820 0.605469
vt 0.427246 0.302246
vt 0.427490 0.405762
vt 0.431641 0.405762
vt 0.230591 0.709473
vt 0.232666 0.716553
vt 0.275146 0.605469
vt 0.185791 0.605469
vt 0.225830 0.709229
vt 0.230591 0.709473
vt 0.427490 0.280273
vt 0.427246 0.302246
vt 0.431396 0.302246
vt 0.273682 0.583740
vt 0.270752 0.583252
vt 0.270752 0.605469
vt 0.051941 0.403809
vt 0.048309 0.407715
vt 0.049225 0.414551
vt 0.049225 0.414551
vt 0.053345 0.414551
vt 0.051941 0.403809
vt 0.225830 0.709229
vt 0.227661 0.720459
vt 0.230591 0.709473
vt 0.429443 0.416992
vt 0.431641 0.405762
vt 0.427490 0.405762
vt 0.048920 0.720459
vt 0.050720 0.709229
vt 0.046021 0.709229
vt 0.493408 0.321289
vt 0.493652 0.327148
vt 0.497314 0.320312
vt 0.232544 0.716553
vt 0.230591 0.709473
vt 0.227661 0.720459
vt 0.042877 0.713623
vt 0.048920 0.720459
vt 0.046051 0.709229
vt 0.037872 0.095703
vt 0.037933 0.095703
vt 0.038574 0.085449
vt 0.524414 0.253418
vt 0.505859 0.250977
vt 0.508789 0.261230
vt 0.046448 0.277344
vt 0.043915 0.288086
vt 0.062286 0.285645
vt 0.531738 0.207520
vt 0.530762 0.257324
vt 0.537109 0.257812
vt 0.020920 0.146973
vt 0.022400 0.196777
vt 0.027481 0.196777
vt 0.473389 0.215332
vt 0.473633 0.165039
vt 0.467773 0.165039
vt 0.951660 0.536377
vt 0.949707 0.625000
vt 0.953125 0.624512
vt 0.169800 0.212891
vt 0.175659 0.213379
vt 0.175293 0.163574
vt 0.919434 0.750488
vt 0.923340 0.750488
vt 0.922852 0.675781
vt 0.508789 0.261230
vt 0.526367 0.261719
vt 0.524414 0.253418
vt 0.062286 0.285645
vt 0.064270 0.276855
vt 0.046448 0.277344
vt 0.653809 0.879333
vt 0.653809 0.879333
vt 0.654297 0.887939
vt 0.654297 0.887939
vt 0.654785 0.887939
vt 0.653809 0.879333
vt 0.204712 0.186035
vt 0.204834 0.236328
vt 0.210815 0.235352
vt 0.218140 0.382324
vt 0.218140 0.382324
vt 0.218140 0.365234
vt 0.920898 0.999316
vt 0.920898 0.877075
vt 0.918945 0.879150
vt 0.240967 0.191406
vt 0.246094 0.190918
vt 0.247559 0.141602
vt 0.467773 0.165039
vt 0.466797 0.214844
vt 0.473389 0.215332
vt 0.210815 0.235352
vt 0.210571 0.186035
vt 0.204712 0.186035
vt 0.068420 0.252930
vt 0.075073 0.252441
vt 0.074036 0.203125
vt 0.027481 0.196777
vt 0.027115 0.146484
vt 0.020920 0.146973
vt 0.537109 0.257812
vt 0.537598 0.207520
vt 0.531738 0.207520
vt 0.955078 0.530518
vt 0.954590 0.533447
vt 0.954590 0.533691
vt 0.902344 0.164062
vt 0.903320 0.244141
vt 0.905762 0.243164
vt 0.039734 0.195801
vt 0.033966 0.196289
vt 0.033722 0.245605
vt 0.175293 0.163574
vt 0.168701 0.163574
vt 0.169800 0.212891
vt 0.653809 0.879333
vt 0.653809 0.879333
vt 0.654785 0.868652
vt 0.654785 0.868652
vt 0.654297 0.868652
vt 0.653809 0.879333
vt 0.064270 0.276855
vt 0.063538 0.266113
vt 0.047119 0.266113
vt 0.509277 0.272461
vt 0.525879 0.272461
vt 0.526367 0.261719
vt 0.047119 0.266113
vt 0.046448 0.277344
vt 0.064270 0.276855
vt 0.526367 0.261719
vt 0.508789 0.261230
vt 0.509277 0.272461
vt 0.037933 0.095703
vt 0.037872 0.095703
vt 0.038391 0.107422
vt 0.038391 0.107422
vt 0.038483 0.107422
vt 0.037933 0.095703
vt 0.494873 0.378418
vt 0.494873 0.378418
vt 0.494873 0.393555
vt 0.494873 0.393555
vt 0.494873 0.393555
vt 0.494873 0.378418
vt 0.945312 0.867065
vt 0.949219 0.867188
vt 0.948730 0.792725
vt 0.929688 0.496582
vt 0.933105 0.497559
vt 0.933105 0.408203
vt 0.922852 0.675781
vt 0.919434 0.675537
vt 0.919434 0.750488
vt 0.928223 0.866943
vt 0.927734 0.777832
vt 0.926270 0.778442
vt 0.948730 0.792725
vt 0.945312 0.792603
vt 0.945312 0.867065
vt 0.926270 0.778442
vt 0.924805 0.866455
vt 0.928223 0.866943
vt 0.951660 0.201172
vt 0.953125 0.200684
vt 0.953125 0.111816
vt 0.942871 0.749512
vt 0.942871 0.669678
vt 0.940430 0.669189
vt 0.933105 0.408203
vt 0.931152 0.407715
vt 0.929688 0.496582
vt 0.437256 0.209961
vt 0.437012 0.259766
vt 0.443115 0.260254
vt 0.536621 0.147461
vt 0.537109 0.197266
vt 0.542969 0.197754
vt 0.210938 0.186035
vt 0.211060 0.236816
vt 0.217041 0.236328
vt 0.953125 0.111816
vt 0.949707 0.112305
vt 0.951660 0.201172
vt 0.255371 0.171387
vt 0.254883 0.222656
vt 0.260986 0.222168
vt 0.247559 0.141602
vt 0.241211 0.141602
vt 0.240967 0.191406
vt 0.217041 0.236328
vt 0.216797 0.186523
vt 0.210938 0.186035
vt 0.443115 0.260254
vt 0.444092 0.209473
vt 0.437256 0.209961
vt 0.542969 0.197754
vt 0.541992 0.146484
vt 0.536621 0.147461
vt 0.260986 0.222168
vt 0.261475 0.172363
vt 0.255371 0.171387
vt 0.940430 0.669189
vt 0.938965 0.749023
vt 0.942871 0.749512
vt 0.905762 0.243164
vt 0.906250 0.163574
vt 0.902344 0.164062
vt 0.021500 0.196777
vt 0.021317 0.146484
vt 0.015121 0.145996
vt 0.888672 0.876709
vt 0.887207 0.879761
vt 0.888672 0.880005
vt 0.901855 0.370117
vt 0.901367 0.247070
vt 0.900391 0.245605
vt 0.871094 0.742432
vt 0.868164 0.744629
vt 0.867676 0.864136
vt 0.847656 0.616211
vt 0.843750 0.615723
vt 0.843750 0.735840
vt 0.302246 0.230957
vt 0.302734 0.181152
vt 0.296875 0.181152
vt 0.230591 0.149414
vt 0.232056 0.199219
vt 0.237183 0.199219
vt 0.343750 0.209961
vt 0.342773 0.259766
vt 0.349365 0.260254
vt 0.924316 0.423340
vt 0.920898 0.422852
vt 0.920898 0.497559
vt 0.307373 0.181152
vt 0.301514 0.181641
vt 0.301758 0.231934
vt 0.102600 0.139648
vt 0.097473 0.139160
vt 0.096069 0.188965
vt 0.514648 0.252930
vt 0.521484 0.252441
vt 0.520508 0.202148
vt 0.057617 0.187012
vt 0.057770 0.237305
vt 0.063660 0.236816
vt 0.296875 0.181152
vt 0.295898 0.230469
vt 0.302246 0.230957
vt 0.063660 0.236816
vt 0.063538 0.187012
vt 0.057617 0.187012
vt 0.237183 0.199219
vt 0.236816 0.148926
vt 0.230591 0.149414
vt 0.349365 0.260254
vt 0.349609 0.209961
vt 0.343750 0.209961
vt 0.849609 0.863770
vt 0.850586 0.861084
vt 0.849609 0.860840
vt 0.039551 0.245605
vt 0.045471 0.246094
vt 0.045593 0.195801
vt 0.934082 0.652344
vt 0.933105 0.652344
vt 0.934082 0.655518
vt 0.942871 0.624756
vt 0.942871 0.545166
vt 0.939453 0.544922
vt 0.068604 0.237793
vt 0.068420 0.157227
vt 0.065063 0.157715
vt 0.520508 0.202148
vt 0.514160 0.202637
vt 0.514648 0.252930
vt 0.045593 0.195801
vt 0.039764 0.195312
vt 0.039551 0.245605
vt 0.301758 0.231934
vt 0.308350 0.231445
vt 0.307373 0.181152
vt 0.096069 0.188965
vt 0.102234 0.189941
vt 0.102600 0.139648
vt 0.931152 0.910339
vt 0.929688 0.910522
vt 0.929199 0.999741
vt 0.218384 0.234375
vt 0.219849 0.145996
vt 0.216309 0.146973
vt 0.944824 0.624512
vt 0.948730 0.623779
vt 0.948242 0.550537
vt 0.949219 0.998186
vt 0.951172 0.910828
vt 0.947754 0.909790
vt 0.948242 0.550537
vt 0.945312 0.550049
vt 0.944824 0.624512
vt 0.216309 0.146973
vt 0.216797 0.235352
vt 0.218384 0.234375
vt 0.920898 0.497559
vt 0.924316 0.498047
vt 0.924316 0.423340
vt 0.929199 0.999741
vt 0.932617 0.998823
vt 0.931152 0.910339
vt 0.950195 0.383301
vt 0.953613 0.384277
vt 0.952148 0.294922
vt 0.065063 0.157715
vt 0.064819 0.237305
vt 0.068604 0.237793
vt 0.939453 0.544922
vt 0.938965 0.625244
vt 0.942871 0.624756
vt 0.844238 0.615234
vt 0.839844 0.614014
vt 0.840332 0.735107
vt 0.867676 0.864136
vt 0.872070 0.864380
vt 0.871094 0.742432
vt 0.843750 0.735840
vt 0.847656 0.735596
vt 0.847656 0.616211
vt 0.920410 0.497559
vt 0.921875 0.373047
vt 0.918457 0.375977
vt 0.900391 0.245605
vt 0.898438 0.367188
vt 0.901855 0.370117
vt 0.141113 0.859131
vt 0.142944 0.848755
vt 0.138184 0.848755
vt 0.059143 0.414551
vt 0.063477 0.415039
vt 0.062042 0.404785
vt 0.424072 0.416016
vt 0.426025 0.405762
vt 0.421631 0.405762
vt 0.136719 0.857788
vt 0.141113 0.859131
vt 0.138184 0.848755
vt 0.138184 0.848755
vt 0.133545 0.848755
vt 0.136719 0.857788
vt 0.421387 0.302246
vt 0.421631 0.405762
vt 0.426025 0.405762
vt 0.286621 0.485352
vt 0.287598 0.381348
vt 0.283447 0.381836
vt 0.178467 0.745117
vt 0.138184 0.848755
vt 0.142944 0.848755
vt 0.063477 0.415039
vt 0.059265 0.414551
vt 0.058563 0.518555
vt 0.062042 0.404785
vt 0.059204 0.406250
vt 0.059143 0.414551
vt 0.322754 0.709473
vt 0.324707 0.718018
vt 0.367432 0.605469
vt 0.277832 0.605469
vt 0.318115 0.709229
vt 0.322754 0.709473
vt 0.318115 0.709229
vt 0.320068 0.719482
vt 0.322754 0.709473
vt 0.324707 0.717773
vt 0.322754 0.709473
vt 0.320068 0.719482
vt 0.097656 0.423828
vt 0.101624 0.415039
vt 0.101196 0.311523
vt 0.133545 0.848755
vt 0.138184 0.848755
vt 0.098145 0.745117
vt 0.103210 0.426270
vt 0.104980 0.306152
vt 0.101318 0.304688
vt 0.875488 0.369141
vt 0.876953 0.248047
vt 0.873535 0.249512
vt 0.868164 0.742676
vt 0.864258 0.743896
vt 0.864746 0.864258
vt 0.367432 0.605469
vt 0.362793 0.605469
vt 0.322754 0.709473
vt 0.487793 0.891541
vt 0.487549 0.891541
vt 0.487549 0.906860
vt 0.487549 0.906860
vt 0.487793 0.906860
vt 0.487793 0.891541
vt 0.212769 0.092285
vt 0.212769 0.092285
vt 0.212158 0.103516
vt 0.212158 0.103516
vt 0.212280 0.103516
vt 0.212769 0.092285
vt 0.362793 0.605469
vt 0.367432 0.605469
vt 0.365967 0.583252
vt 0.297119 0.291016
vt 0.314941 0.291504
vt 0.314209 0.280273
vt 0.028748 0.266113
vt 0.028061 0.277832
vt 0.045898 0.276855
vt 0.045898 0.276855
vt 0.045135 0.266113
vt 0.028748 0.266113
vt 0.314209 0.280273
vt 0.297852 0.280273
vt 0.297119 0.291016
vt 0.245605 0.117188
vt 0.245728 0.117188
vt 0.245117 0.106445
vt 0.365967 0.583252
vt 0.362793 0.583252
vt 0.362793 0.605469
vt 0.681641 0.861938
vt 0.681641 0.861938
vt 0.681641 0.879089
vt 0.245117 0.106445
vt 0.245117 0.106445
vt 0.245605 0.117188
vt 0.058563 0.518555
vt 0.062744 0.518555
vt 0.063477 0.415039
vt 0.752441 0.880310
vt 0.752441 0.880310
vt 0.751953 0.871826
vt 0.751953 0.871826
vt 0.751465 0.871826
vt 0.752441 0.880310
vt 0.282471 0.485352
vt 0.282715 0.507568
vt 0.286865 0.507568
vt 0.084717 0.272461
vt 0.086731 0.264160
vt 0.068909 0.264648
vt 0.329834 0.268555
vt 0.347656 0.269043
vt 0.345703 0.260742
vt 0.101196 0.311523
vt 0.096985 0.311523
vt 0.097656 0.423828
vt 0.098145 0.745117
vt 0.093567 0.745117
vt 0.133545 0.848755
vt 0.864746 0.864258
vt 0.868164 0.863647
vt 0.868164 0.742676
vt 0.840332 0.735107
vt 0.843750 0.734863
vt 0.844238 0.615234
vt 0.873535 0.249512
vt 0.874023 0.368652
vt 0.875488 0.369141
vt 0.062744 0.518555
vt 0.058563 0.518555
vt 0.058838 0.540771
vt 0.182983 0.745117
vt 0.181885 0.723145
vt 0.178467 0.722900
vt 0.425537 0.302246
vt 0.425293 0.280762
vt 0.421631 0.280273
vt 0.068909 0.264648
vt 0.066345 0.274902
vt 0.084717 0.272461
vt 0.345703 0.260742
vt 0.327393 0.257812
vt 0.329834 0.268555
vt 0.286865 0.507568
vt 0.286621 0.485352
vt 0.282471 0.485352
vt 0.178467 0.722900
vt 0.178467 0.745117
vt 0.182983 0.745117
vt 0.467041 0.096191
vt 0.467285 0.096191
vt 0.467773 0.085938
vt 0.421631 0.280273
vt 0.421387 0.302246
vt 0.425537 0.302246
vt 0.096985 0.311523
vt 0.101196 0.311523
vt 0.101624 0.289062
vt 0.212280 0.103516
vt 0.212158 0.103516
vt 0.212891 0.114258
vt 0.093567 0.745117
vt 0.098145 0.745117
vt 0.098145 0.722900
vt 0.028061 0.277832
vt 0.025635 0.288086
vt 0.043884 0.285645
vt 0.299072 0.299805
vt 0.317383 0.302246
vt 0.314941 0.291504
vt 0.058838 0.540771
vt 0.063049 0.540771
vt 0.062744 0.518555
vt 0.101624 0.289062
vt 0.097656 0.289062
vt 0.096985 0.311523
vt 0.098145 0.722900
vt 0.094666 0.722900
vt 0.093567 0.745117
vt 0.043884 0.285645
vt 0.045898 0.276855
vt 0.028061 0.277832
vt 0.314941 0.291504
vt 0.297119 0.291016
vt 0.299072 0.299805
vt 0.245117 0.106445
vt 0.245117 0.106445
vt 0.245728 0.097656
vt 0.142944 0.848755
vt 0.182983 0.745117
vt 0.178467 0.745117
vt 0.283447 0.381836
vt 0.282471 0.485352
vt 0.286621 0.485352
vt 0.426025 0.405762
vt 0.425537 0.302246
vt 0.421387 0.302246
vt 0.751465 0.871826
vt 0.751953 0.871826
vt 0.752441 0.861084
vt 0.282471 0.605469
vt 0.282471 0.583252
vt 0.279297 0.583740
vt 0.752441 0.861084
vt 0.752441 0.861084
vt 0.751465 0.871826
vt 0.086731 0.264160
vt 0.085938 0.253418
vt 0.069580 0.253418
vt 0.330566 0.279785
vt 0.346924 0.279785
vt 0.347656 0.269043
vt 0.069580 0.253418
vt 0.068909 0.264648
vt 0.086731 0.264160
vt 0.347656 0.269043
vt 0.329834 0.268555
vt 0.330566 0.279785
vt 0.279297 0.583740
vt 0.277832 0.605469
vt 0.282471 0.605469
vt 0.467285 0.096191
vt 0.467041 0.096191
vt 0.467773 0.107910
vt 0.467773 0.107910
vt 0.467773 0.107910
vt 0.467285 0.096191
vt 0.027756 0.392578
vt 0.027847 0.392578
vt 0.027847 0.377441
vt 0.027847 0.377441
vt 0.027756 0.377441
vt 0.027756 0.392578
vt 0.245728 0.097656
vt 0.245605 0.097656
vt 0.245117 0.106445
vt 0.287598 0.378906
vt 0.287598 0.378906
vt 0.287598 0.362305
vt 0.928223 0.527100
vt 0.928223 0.530273
vt 0.928223 0.530273
vt 0.322754 0.709473
vt 0.282471 0.605469
vt 0.277832 0.605469
vt 0.837402 0.244629
vt 0.841797 0.244141
vt 0.838379 0.164062
vt 0.965820 0.922791
vt 0.965332 0.922607
vt 0.965820 0.926819
vt 0.932129 0.290039
vt 0.933594 0.286133
vt 0.932617 0.286133
vt 0.142212 0.145996
vt 0.135986 0.145508
vt 0.135620 0.195312
vt 0.308838 0.208496
vt 0.315430 0.208008
vt 0.314453 0.158691
vt 0.877441 0.193848
vt 0.871582 0.193848
vt 0.871094 0.243652
vt 0.341553 0.209961
vt 0.335693 0.209961
vt 0.335938 0.260254
vt 0.314453 0.158691
vt 0.308594 0.158691
vt 0.308838 0.208496
vt 0.135620 0.195312
vt 0.140869 0.195312
vt 0.142212 0.145996
vt 0.335938 0.260254
vt 0.342529 0.259766
vt 0.341553 0.209961
vt 0.871094 0.243652
vt 0.876953 0.244141
vt 0.877441 0.193848
vt 0.405273 0.166992
vt 0.404297 0.217773
vt 0.410645 0.217285
vt 0.153320 0.187012
vt 0.153320 0.237305
vt 0.159424 0.237793
vt 0.947754 0.627930
vt 0.947266 0.631836
vt 0.947754 0.631836
vt 0.460693 0.205078
vt 0.460449 0.255371
vt 0.466553 0.254883
vt 0.889160 0.612061
vt 0.889160 0.502930
vt 0.885742 0.504639
vt 0.876465 0.865479
vt 0.880371 0.864136
vt 0.878906 0.747559
vt 0.854004 0.618896
vt 0.850098 0.617432
vt 0.850586 0.734619
vt 0.241333 0.278809
vt 0.239746 0.387207
vt 0.243286 0.388672
vt 0.885742 0.504639
vt 0.887207 0.613037
vt 0.889160 0.612061
vt 0.878906 0.747559
vt 0.876953 0.748291
vt 0.876465 0.865479
vt 0.850586 0.734619
vt 0.853027 0.735352
vt 0.854004 0.618896
vt 0.243286 0.388672
vt 0.243164 0.279785
vt 0.241333 0.278809
vt 0.159424 0.237793
vt 0.159180 0.187500
vt 0.153320 0.187012
vt 0.466553 0.254883
vt 0.467285 0.204590
vt 0.460693 0.205078
vt 0.015121 0.145996
vt 0.016602 0.196777
vt 0.021500 0.196777
vt 0.410645 0.217285
vt 0.410889 0.166992
vt 0.405273 0.166992
vt 0.927734 0.623779
vt 0.929199 0.535400
vt 0.925781 0.535400
vt 0.842285 0.164062
vt 0.838379 0.164062
vt 0.841797 0.244141
vt 0.953613 0.535645
vt 0.952148 0.624023
vt 0.955566 0.624268
vt 0.937988 0.301270
vt 0.942383 0.301270
vt 0.941406 0.222168
vt 0.996582 0.164062
vt 0.997070 0.253418
vt 0.997070 0.253418
vt 0.918457 0.866455
vt 0.921387 0.792236
vt 0.917480 0.791748
vt 0.948242 0.383301
vt 0.949219 0.308594
vt 0.944824 0.309570
vt 0.363525 0.160645
vt 0.362549 0.210938
vt 0.369141 0.211426
vt 0.136353 0.247070
vt 0.136719 0.196777
vt 0.130737 0.196289
vt 0.108948 0.240234
vt 0.108826 0.189941
vt 0.102966 0.190430
vt 0.522949 0.152344
vt 0.523438 0.202148
vt 0.529297 0.201660
vt 0.941406 0.222168
vt 0.937012 0.221191
vt 0.937988 0.301270
vt 0.925781 0.535400
vt 0.925781 0.624268
vt 0.927734 0.623779
vt 0.929688 0.909302
vt 0.926270 0.909790
vt 0.927734 0.997822
vt 0.927734 0.997822
vt 0.929688 0.998355
vt 0.929688 0.909302
vt 0.996582 0.894287
vt 0.997070 0.894348
vt 0.997559 0.805542
vt 0.921387 0.792236
vt 0.918457 0.866455
vt 0.922363 0.867065
vt 0.969238 0.791260
vt 0.968750 0.791382
vt 0.969238 0.795166
vt 0.369141 0.211426
vt 0.369385 0.161133
vt 0.363525 0.160645
vt 0.102966 0.190430
vt 0.103088 0.240723
vt 0.108948 0.240234
vt 0.529297 0.201660
vt 0.527832 0.151367
vt 0.522949 0.152344
vt 0.130737 0.196289
vt 0.129761 0.246582
vt 0.136353 0.247070
vt 0.944824 0.309570
vt 0.944336 0.384277
vt 0.948242 0.383301
vt 0.953125 0.909851
vt 0.949707 0.909363
vt 0.951172 0.997852
vt 0.883789 0.738525
vt 0.885254 0.621582
vt 0.881348 0.620605
vt 0.859863 0.998713
vt 0.860352 0.881592
vt 0.856445 0.882629
vt 0.236816 0.389648
vt 0.236938 0.389648
vt 0.236938 0.375000
vt 0.433105 0.364258
vt 0.433105 0.398926
vt 0.448975 0.398926
vt 0.632324 0.920959
vt 0.647949 0.920959
vt 0.647949 0.886353
vt 0.494873 0.465820
vt 0.494873 0.465820
vt 0.494873 0.500244
vt 0.236938 0.375000
vt 0.236816 0.375000
vt 0.236816 0.389648
vt 0.892090 0.737793
vt 0.893555 0.620361
vt 0.889648 0.619873
vt 0.861816 0.251465
vt 0.861328 0.368652
vt 0.865234 0.368164
vt 0.915039 0.260742
vt 0.911133 0.261719
vt 0.913086 0.369629
vt 0.897461 0.505371
vt 0.893555 0.504395
vt 0.894043 0.612305
vt 0.909668 0.865845
vt 0.913086 0.865967
vt 0.911133 0.756714
vt 0.893555 0.373047
vt 0.890137 0.373047
vt 0.890137 0.481934
vt 0.277588 0.507568
vt 0.278076 0.545654
vt 0.282227 0.545654
vt 0.451416 0.127441
vt 0.451416 0.088379
vt 0.447998 0.089355
vt 0.282227 0.545654
vt 0.281738 0.507568
vt 0.277588 0.507568
vt 0.447998 0.089355
vt 0.447998 0.126953
vt 0.451416 0.127441
vt 0.917969 0.539551
vt 0.919922 0.500732
vt 0.916016 0.500732
vt 0.073242 0.453125
vt 0.069031 0.452637
vt 0.068726 0.475098
vt 0.086304 0.884644
vt 0.090881 0.884644
vt 0.089355 0.862183
vt 0.391113 0.103516
vt 0.391113 0.103516
vt 0.391846 0.092285
vt 0.494873 0.394531
vt 0.494873 0.394531
vt 0.494873 0.428711
vt 0.045898 0.255371
vt 0.028061 0.254395
vt 0.028748 0.265625
vt 0.314209 0.279785
vt 0.314941 0.268555
vt 0.297119 0.269043
vt 0.391846 0.092285
vt 0.391602 0.092285
vt 0.391113 0.103516
vt 0.880371 0.879578
vt 0.880371 0.875671
vt 0.876953 0.877563
vt 0.910156 0.252441
vt 0.906738 0.250977
vt 0.906738 0.254883
vt 0.027756 0.408691
vt 0.027847 0.408691
vt 0.027847 0.393066
vt 0.089355 0.862183
vt 0.086243 0.862427
vt 0.086304 0.884644
vt 0.225098 0.102051
vt 0.224976 0.102051
vt 0.225586 0.112793
vt 0.028748 0.265625
vt 0.045135 0.265625
vt 0.045898 0.255371
vt 0.297119 0.269043
vt 0.297852 0.279785
vt 0.314209 0.279785
vt 0.225586 0.112793
vt 0.225586 0.112793
vt 0.225098 0.102051
vt 0.027847 0.393066
vt 0.027756 0.393066
vt 0.027756 0.408691
vt 0.334961 0.209961
vt 0.329102 0.209473
vt 0.329346 0.259277
vt 0.852051 0.183594
vt 0.846191 0.183594
vt 0.846191 0.233398
vt 0.423828 0.086426
vt 0.420410 0.085449
vt 0.420410 0.124023
vt 0.028061 0.254395
vt 0.045898 0.255371
vt 0.043884 0.246582
vt 0.073853 0.415039
vt 0.069641 0.415039
vt 0.069031 0.452637
vt 0.920410 0.751587
vt 0.916504 0.751587
vt 0.918457 0.790161
vt 0.420410 0.124023
vt 0.423828 0.124512
vt 0.423828 0.086426
vt 0.225586 0.093750
vt 0.225586 0.093750
vt 0.224976 0.102051
vt 0.069031 0.452637
vt 0.073242 0.453125
vt 0.073853 0.415039
vt 0.881348 0.620605
vt 0.881348 0.737793
vt 0.883789 0.738525
vt 0.320068 0.362793
vt 0.319824 0.362793
vt 0.320068 0.379883
vt 0.102966 0.099609
vt 0.099915 0.099609
vt 0.099915 0.137695
vt 0.099915 0.137695
vt 0.103333 0.138672
vt 0.102966 0.099609
vt 0.473877 0.091309
vt 0.473633 0.129883
vt 0.477051 0.128906
vt 0.477051 0.128906
vt 0.477051 0.091309
vt 0.473877 0.091309
vt 0.299072 0.260742
vt 0.297119 0.269043
vt 0.314941 0.268555
vt 0.374756 0.722900
vt 0.371338 0.722656
vt 0.370117 0.745117
vt 0.085571 0.410645
vt 0.089478 0.410645
vt 0.089355 0.388184
vt 0.224976 0.102051
vt 0.225098 0.102051
vt 0.225586 0.093750
vt 0.494873 0.500244
vt 0.494873 0.500244
vt 0.494873 0.465820
vt 0.647949 0.886353
vt 0.632324 0.886353
vt 0.632324 0.920959
vt 0.448975 0.398926
vt 0.448975 0.364258
vt 0.433105 0.364258
vt 0.889648 0.619873
vt 0.889648 0.737061
vt 0.892090 0.737793
vt 0.865234 0.368164
vt 0.864258 0.250488
vt 0.861816 0.251465
vt 0.890137 0.481934
vt 0.892090 0.482422
vt 0.893555 0.373047
vt 0.911133 0.756714
vt 0.909668 0.756958
vt 0.909668 0.865845
vt 0.167114 0.388672
vt 0.167236 0.388672
vt 0.167236 0.373535
vt 0.167236 0.373535
vt 0.167114 0.373535
vt 0.167114 0.388672
vt 0.856445 0.882629
vt 0.857422 0.999593
vt 0.859863 0.998713
vt 0.894043 0.612305
vt 0.895996 0.613281
vt 0.897461 0.505371
vt 0.089355 0.388184
vt 0.085144 0.388184
vt 0.085571 0.410645
vt 0.370117 0.745117
vt 0.374756 0.745117
vt 0.374756 0.722900
vt 0.913086 0.369629
vt 0.914551 0.368652
vt 0.915039 0.260742
vt 0.391113 0.103516
vt 0.391113 0.103516
vt 0.391846 0.114258
vt 0.068726 0.475098
vt 0.072876 0.475098
vt 0.073242 0.453125
vt 0.314941 0.268555
vt 0.317383 0.257812
vt 0.299072 0.260742
vt 0.043884 0.246582
vt 0.025558 0.244141
vt 0.028061 0.254395
vt 0.494873 0.428711
vt 0.494873 0.428711
vt 0.494873 0.394531
vt 0.418701 0.859863
vt 0.419434 0.848755
vt 0.414795 0.848755
vt 0.114258 0.281250
vt 0.111511 0.291992
vt 0.115723 0.291992
vt 0.414795 0.848755
vt 0.410156 0.848755
vt 0.411621 0.860107
vt 0.035156 0.580322
vt 0.038177 0.569092
vt 0.033997 0.569092
vt 0.085510 0.284668
vt 0.089661 0.284668
vt 0.088440 0.273438
vt 0.842285 0.372070
vt 0.837891 0.370117
vt 0.838379 0.490234
vt 0.863281 0.737305
vt 0.867188 0.735107
vt 0.866699 0.617432
vt 0.910645 0.997950
vt 0.912598 0.880066
vt 0.909180 0.878357
vt 0.891602 0.745605
vt 0.890137 0.865479
vt 0.893555 0.863770
vt 0.012505 0.337402
vt 0.016769 0.336914
vt 0.016525 0.218750
vt 0.291748 0.313965
vt 0.296143 0.313965
vt 0.295410 0.194824
vt 0.514160 0.500000
vt 0.515625 0.376465
vt 0.512207 0.378906
vt 0.874023 0.997150
vt 0.875488 0.876465
vt 0.872070 0.874023
vt 0.455078 0.745117
vt 0.414795 0.848755
vt 0.419434 0.848755
vt 0.115234 0.395508
vt 0.115723 0.291992
vt 0.111511 0.291992
vt 0.519043 0.171387
vt 0.520996 0.132812
vt 0.517090 0.132812
vt 0.978027 0.509033
vt 0.978027 0.547119
vt 0.981445 0.546875
vt 0.033997 0.405273
vt 0.033539 0.442871
vt 0.037689 0.443359
vt 0.981445 0.546875
vt 0.981445 0.508301
vt 0.978027 0.509033
vt 0.037689 0.443359
vt 0.038177 0.405273
vt 0.033997 0.405273
vt 0.033264 0.465332
vt 0.033997 0.569092
vt 0.038177 0.569092
vt 0.410156 0.848755
vt 0.414795 0.848755
vt 0.374756 0.745117
vt 0.069641 0.578857
vt 0.073853 0.578857
vt 0.072876 0.475098
vt 0.089661 0.284668
vt 0.085510 0.284668
vt 0.085144 0.388184
vt 0.041473 0.988297
vt 0.042236 0.999589
vt 0.049194 0.999513
vt 0.049194 0.999513
vt 0.046173 0.988297
vt 0.041473 0.988297
vt 0.852539 0.597412
vt 0.849121 0.595703
vt 0.849121 0.599365
vt 0.050873 0.988297
vt 0.046173 0.988297
vt 0.049194 0.999513
vt 0.001356 0.884644
vt 0.041473 0.988297
vt 0.046173 0.988297
vt 0.046173 0.988297
vt 0.050873 0.988297
vt 0.090881 0.884644
vt 0.866699 0.617432
vt 0.863281 0.617188
vt 0.863281 0.737305
vt 0.838379 0.490234
vt 0.841797 0.491211
vt 0.842285 0.372070
vt 0.414795 0.848755
vt 0.411621 0.860107
vt 0.418701 0.859863
vt 0.893555 0.863770
vt 0.893066 0.744141
vt 0.891602 0.745605
vt 0.419434 0.848755
vt 0.459717 0.745117
vt 0.455078 0.745117
vt 0.111511 0.291992
vt 0.111084 0.395508
vt 0.115234 0.395508
vt 0.038177 0.569092
vt 0.037415 0.465332
vt 0.033264 0.465332
vt 0.037415 0.465332
vt 0.037689 0.443359
vt 0.033539 0.442871
vt 0.111084 0.395508
vt 0.111633 0.417969
vt 0.115601 0.417969
vt 0.459717 0.745117
vt 0.458496 0.722656
vt 0.455078 0.722900
vt 0.085144 0.388184
vt 0.089355 0.388184
vt 0.089661 0.284668
vt 0.046173 0.988297
vt 0.005928 0.884644
vt 0.001356 0.884644
vt 0.072876 0.475098
vt 0.068726 0.475098
vt 0.069641 0.578857
vt 0.374756 0.745117
vt 0.370117 0.745117
vt 0.410156 0.848755
vt 0.295410 0.194824
vt 0.291992 0.195312
vt 0.291748 0.313965
vt 0.872070 0.874023
vt 0.872559 0.997250
vt 0.874023 0.997150
vt 0.016525 0.218750
vt 0.012749 0.217773
vt 0.012505 0.337402
vt 0.033539 0.442871
vt 0.033264 0.465332
vt 0.037415 0.465332
vt 0.115601 0.417969
vt 0.115234 0.395508
vt 0.111084 0.395508
vt 0.455078 0.722900
vt 0.455078 0.745117
vt 0.459717 0.745117
vt 0.002899 0.862305
vt 0.001356 0.884644
vt 0.005928 0.884644
vt 0.931152 0.527100
vt 0.930176 0.530273
vt 0.930664 0.530518
vt 0.875488 0.875916
vt 0.875977 0.872925
vt 0.875000 0.872925
vt 0.005928 0.884644
vt 0.005917 0.862427
vt 0.002899 0.862305
vt 0.090881 0.884644
vt 0.086304 0.884644
vt 0.046173 0.988297
vt 0.271729 0.094727
vt 0.268311 0.093750
vt 0.268799 0.132324
vt 0.268799 0.132324
vt 0.271729 0.132812
vt 0.271729 0.094727
vt 0.884766 0.370605
vt 0.884766 0.374512
vt 0.888184 0.372559
vt 0.978027 0.744873
vt 0.981445 0.745117
vt 0.981445 0.706787
vt 0.084412 0.415039
vt 0.080200 0.415039
vt 0.079651 0.452637
vt 0.508789 0.170898
vt 0.512695 0.170410
vt 0.510254 0.132324
vt 0.981445 0.706787
vt 0.978027 0.706787
vt 0.978027 0.744873
vt 0.079651 0.452637
vt 0.083801 0.453125
vt 0.084412 0.415039
vt 0.878906 0.374023
vt 0.879395 0.491211
vt 0.881836 0.492188
vt 0.855469 0.375488
vt 0.856445 0.492188
vt 0.858887 0.491211
vt 0.230591 0.988297
vt 0.235229 0.988297
vt 0.275146 0.884644
vt 0.185791 0.884644
vt 0.226196 0.989273
vt 0.230591 0.988297
vt 0.253906 0.283203
vt 0.249634 0.283203
vt 0.249268 0.386719
vt 0.080200 0.578857
vt 0.084412 0.578857
vt 0.083435 0.475098
vt 0.410156 0.709229
vt 0.414795 0.709229
vt 0.374756 0.605469
vt 0.038330 0.465332
vt 0.039062 0.569092
vt 0.043243 0.569092
vt 0.122253 0.395508
vt 0.122742 0.291992
vt 0.118591 0.291016
vt 0.455078 0.605469
vt 0.414795 0.709229
vt 0.419434 0.709229
vt 0.419434 0.709229
vt 0.459717 0.605469
vt 0.455078 0.605469
vt 0.118591 0.291016
vt 0.118103 0.395508
vt 0.122253 0.395508
vt 0.027756 0.424316
vt 0.027847 0.424316
vt 0.027847 0.409180
vt 0.394775 0.114746
vt 0.394775 0.114746
vt 0.394287 0.104004
vt 0.501465 0.264160
vt 0.500488 0.253418
vt 0.484131 0.253418
vt 0.114807 0.241211
vt 0.098450 0.241211
vt 0.097656 0.251465
vt 0.394287 0.104004
vt 0.394043 0.104004
vt 0.394775 0.114746
vt 0.255371 0.093262
vt 0.255371 0.130859
vt 0.258545 0.131348
vt 0.258545 0.131348
vt 0.259033 0.092773
vt 0.255371 0.093262
vt 0.273682 0.862793
vt 0.270752 0.862427
vt 0.270752 0.884644
vt 0.027847 0.409180
vt 0.027756 0.409180
vt 0.027756 0.424316
vt 0.414795 0.709229
vt 0.411621 0.720215
vt 0.418701 0.720459
vt 0.418701 0.720459
vt 0.419434 0.709229
vt 0.414795 0.709229
vt 0.122742 0.291992
vt 0.121216 0.281250
vt 0.118530 0.291016
vt 0.927734 0.527100
vt 0.928223 0.523926
vt 0.927734 0.523926
vt 0.230591 0.988297
vt 0.190308 0.884644
vt 0.185791 0.884644
vt 0.152100 0.218750
vt 0.148560 0.218262
vt 0.148193 0.337402
vt 0.414795 0.709229
vt 0.410156 0.709229
vt 0.411621 0.720215
vt 0.039978 0.580078
vt 0.043243 0.569092
vt 0.039062 0.569092
vt 0.249634 0.283203
vt 0.253906 0.283203
vt 0.252930 0.272461
vt 0.226196 0.989265
vt 0.226440 0.999615
vt 0.233643 0.999116
vt 0.233765 0.999083
vt 0.230591 0.988297
vt 0.226196 0.989265
vt 0.876953 0.614258
vt 0.876465 0.491211
vt 0.875000 0.490723
vt 0.871094 0.494141
vt 0.867676 0.495117
vt 0.867676 0.613281
vt 0.374756 0.605469
vt 0.370117 0.605469
vt 0.410156 0.709229
vt 0.083435 0.475098
vt 0.079285 0.475098
vt 0.080200 0.578857
vt 0.249268 0.386719
vt 0.253418 0.386719
vt 0.253906 0.283203
vt 0.099670 0.260254
vt 0.117920 0.262695
vt 0.115479 0.252441
vt 0.483398 0.264648
vt 0.481201 0.274902
vt 0.499268 0.272461
vt 0.079285 0.475098
vt 0.083435 0.475098
vt 0.083801 0.453125
vt 0.400146 0.103516
vt 0.400146 0.103516
vt 0.400879 0.114258
vt 0.235229 0.988297
vt 0.230591 0.988297
vt 0.233643 0.999116
vt 0.370117 0.605469
vt 0.374756 0.605469
vt 0.374756 0.583252
vt 0.253418 0.386719
vt 0.249268 0.386719
vt 0.249512 0.408691
vt 0.027756 0.376953
vt 0.027847 0.376953
vt 0.027756 0.359863
vt 0.394775 0.095215
vt 0.394775 0.095215
vt 0.394043 0.104004
vt 0.083801 0.453125
vt 0.079651 0.452637
vt 0.079285 0.475098
vt 0.115479 0.252441
vt 0.097656 0.251465
vt 0.099670 0.260254
vt 0.499268 0.272461
vt 0.501465 0.264160
vt 0.483398 0.264648
vt 0.374756 0.583252
vt 0.371338 0.583252
vt 0.370117 0.605469
vt 0.148193 0.337402
vt 0.152344 0.336914
vt 0.152100 0.218750
vt 0.867676 0.613281
vt 0.871582 0.613770
vt 0.871094 0.494141
vt 0.142822 0.415039
vt 0.144653 0.291504
vt 0.140869 0.293945
vt 0.875000 0.490723
vt 0.873535 0.611572
vt 0.876953 0.614258
vt 0.400635 0.092285
vt 0.400635 0.092285
vt 0.400146 0.103516
vt 0.484131 0.253418
vt 0.483398 0.264648
vt 0.501465 0.264160
vt 0.097656 0.251465
vt 0.115479 0.252441
vt 0.114807 0.241211
vt 0.249512 0.408691
vt 0.253418 0.408691
vt 0.253418 0.386719
vt 0.394043 0.104004
vt 0.394287 0.104004
vt 0.394775 0.095215
vt 0.275146 0.884644
vt 0.270752 0.884644
vt 0.230591 0.988297
vt 0.400146 0.103516
vt 0.400146 0.103516
vt 0.400635 0.092285
vt 0.270752 0.884644
vt 0.275146 0.884644
vt 0.273682 0.862793
vt 0.371338 0.101562
vt 0.367676 0.101074
vt 0.368164 0.139648
vt 0.368164 0.139648
vt 0.371338 0.139648
vt 0.371338 0.101562
vt 0.900879 0.892273
vt 0.896973 0.890503
vt 0.897461 0.998514
vt 0.913574 0.998622
vt 0.916992 0.996828
vt 0.915527 0.889343
vt 0.869629 0.192871
vt 0.875977 0.193359
vt 0.876465 0.143555
vt 0.318115 0.209961
vt 0.324463 0.209473
vt 0.323486 0.159180
vt 0.277588 0.133301
vt 0.275391 0.171875
vt 0.279541 0.172363
vt 0.284424 0.126465
vt 0.284424 0.088379
vt 0.281006 0.088379
vt 0.401123 0.184082
vt 0.395508 0.183594
vt 0.395264 0.233887
vt 0.358643 0.209961
vt 0.352539 0.210449
vt 0.352783 0.260742
vt 0.858887 0.373535
vt 0.858398 0.490234
vt 0.862305 0.490234
vt 0.892578 0.368652
vt 0.894043 0.250977
vt 0.890137 0.250977
vt 0.903809 0.377930
vt 0.901855 0.416504
vt 0.905762 0.416504
vt 0.405273 0.088867
vt 0.405273 0.126465
vt 0.408691 0.126953
vt 0.342529 0.208008
vt 0.342529 0.170410
vt 0.338379 0.170410
vt 0.408691 0.126953
vt 0.408691 0.088379
vt 0.405273 0.088867
vt 0.338379 0.170410
vt 0.338379 0.208008
vt 0.342529 0.208008
vt 0.895020 0.889465
vt 0.891113 0.889526
vt 0.891602 0.998441
vt 0.910645 0.497070
vt 0.914062 0.497070
vt 0.912598 0.388184
vt 0.276123 0.132324
vt 0.276611 0.093750
vt 0.272949 0.094727
vt 0.272949 0.094727
vt 0.272949 0.132812
vt 0.276123 0.132324
vt 0.889648 0.626953
vt 0.889648 0.623047
vt 0.885742 0.625000
vt 0.905273 0.248535
vt 0.909180 0.250488
vt 0.909180 0.246582
vt 0.934082 0.125488
vt 0.937500 0.126465
vt 0.937500 0.088379
vt 0.338379 0.147949
vt 0.333984 0.147949
vt 0.333984 0.186035
vt 0.270752 0.134277
vt 0.266602 0.134277
vt 0.269043 0.172852
vt 0.937500 0.088379
vt 0.934082 0.087891
vt 0.934082 0.125488
vt 0.333984 0.186035
vt 0.338379 0.186035
vt 0.338379 0.147949
vt 0.881836 0.251953
vt 0.881836 0.369141
vt 0.884277 0.369629
vt 0.861816 0.859619
vt 0.862305 0.742432
vt 0.858398 0.743652
vt 0.884277 0.369629
vt 0.885742 0.252930
vt 0.881836 0.251953
vt 0.905273 0.416504
vt 0.908691 0.416016
vt 0.908691 0.378418
vt 0.908691 0.378418
vt 0.904785 0.377930
vt 0.905273 0.416504
vt 0.498047 0.355957
vt 0.499512 0.333984
vt 0.494873 0.333984
vt 0.494873 0.333984
vt 0.494873 0.355957
vt 0.498047 0.355957
vt 0.174561 0.337402
vt 0.170410 0.337402
vt 0.170410 0.341797
vt 0.170410 0.341797
vt 0.174561 0.341797
vt 0.174561 0.337402
vt 0.871094 0.119629
vt 0.871094 0.141602
vt 0.875488 0.141602
vt 0.934570 0.773315
vt 0.934570 0.751099
vt 0.929688 0.751099
vt 0.342529 0.170410
vt 0.342529 0.147949
vt 0.338379 0.147949
vt 0.875488 0.141602
vt 0.875000 0.119629
vt 0.871094 0.119629
vt 0.929688 0.751099
vt 0.931152 0.773071
vt 0.934570 0.773315
vt 0.338379 0.147949
vt 0.338379 0.170410
vt 0.342529 0.170410
vt 0.649902 0.921692
vt 0.652832 0.921143
vt 0.652832 0.898987
vt 0.652832 0.898987
vt 0.648438 0.898987
vt 0.649902 0.921692
vt 0.937988 0.407715
vt 0.941895 0.407715
vt 0.942383 0.384766
vt 0.929688 0.647949
vt 0.933105 0.648438
vt 0.934570 0.625732
vt 0.338379 0.186035
vt 0.333984 0.186035
vt 0.333984 0.208008
vt 0.942383 0.384766
vt 0.937988 0.384766
vt 0.937988 0.407715
vt 0.934570 0.625732
vt 0.929688 0.625732
vt 0.929688 0.647949
vt 0.333984 0.208008
vt 0.338379 0.208008
vt 0.338379 0.186035
vt 0.875488 0.486328
vt 0.875488 0.481934
vt 0.871582 0.481934
vt 0.871582 0.481934
vt 0.871582 0.486328
vt 0.875488 0.486328
vt 0.915527 0.889343
vt 0.913574 0.890625
vt 0.913574 0.998622
vt 0.897461 0.998514
vt 0.899414 0.999833
vt 0.900879 0.892273
vt 0.858398 0.743652
vt 0.859375 0.860229
vt 0.861816 0.859619
vt 0.395264 0.233887
vt 0.401123 0.234375
vt 0.401123 0.184082
vt 0.352783 0.260742
vt 0.359619 0.259766
vt 0.358643 0.209961
vt 0.876465 0.143555
vt 0.871094 0.142578
vt 0.869629 0.192871
vt 0.323486 0.159180
vt 0.317627 0.159668
vt 0.318115 0.209961
vt 0.912598 0.388184
vt 0.910645 0.388184
vt 0.910645 0.497070
vt 0.891602 0.998441
vt 0.893555 0.998771
vt 0.895020 0.889465
vt 0.862305 0.490234
vt 0.861328 0.373047
vt 0.858887 0.373535
vt 0.873047 0.741455
vt 0.876465 0.743408
vt 0.876465 0.739502
vt 0.890137 0.250977
vt 0.890625 0.368164
vt 0.892578 0.368652
vt 0.282715 0.507568
vt 0.283447 0.545654
vt 0.287598 0.545654
vt 0.281006 0.088379
vt 0.280762 0.126953
vt 0.284424 0.126465
vt 0.287598 0.545654
vt 0.286865 0.507568
vt 0.282715 0.507568
vt 0.945312 0.714111
vt 0.948730 0.714111
vt 0.947266 0.640137
vt 0.950195 0.687744
vt 0.949707 0.775635
vt 0.953125 0.774780
vt 0.933105 0.777954
vt 0.930664 0.866089
vt 0.934082 0.866943
vt 0.996582 0.256348
vt 0.996094 0.256348
vt 0.996094 0.331055
vt 0.027878 0.245605
vt 0.033783 0.246094
vt 0.033905 0.195801
vt 0.951172 0.291992
vt 0.953125 0.291992
vt 0.953125 0.203125
vt 0.253418 0.242676
vt 0.253174 0.192871
vt 0.247314 0.192383
vt 0.141602 0.247070
vt 0.142578 0.196777
vt 0.135986 0.197266
vt 0.116638 0.143066
vt 0.118103 0.193359
vt 0.123230 0.194336
vt 0.424805 0.181641
vt 0.424561 0.231934
vt 0.430420 0.230957
vt 0.963867 0.202148
vt 0.964355 0.201172
vt 0.960938 0.201660
vt 0.913086 0.758301
vt 0.911133 0.867310
vt 0.915039 0.865967
vt 0.508301 0.252930
vt 0.514648 0.252441
vt 0.513672 0.202637
vt 0.297363 0.141602
vt 0.292236 0.141602
vt 0.290771 0.191406
vt 0.501953 0.217773
vt 0.507812 0.217773
vt 0.507324 0.167480
vt 0.100220 0.096191
vt 0.100220 0.096680
vt 0.102783 0.096191
vt 0.922363 0.625244
vt 0.926270 0.625244
vt 0.924316 0.551270
vt 0.953125 0.774780
vt 0.954102 0.685547
vt 0.950195 0.687744
vt 0.930664 0.866089
vt 0.933105 0.777954
vt 0.929688 0.776855
vt 0.924316 0.551270
vt 0.922363 0.550293
vt 0.922363 0.625244
vt 0.929199 0.384277
vt 0.932617 0.383301
vt 0.932617 0.294434
vt 0.903809 0.786865
vt 0.903809 0.866577
vt 0.907715 0.867065
vt 0.940430 0.219727
vt 0.941895 0.139160
vt 0.937988 0.139648
vt 0.953125 0.203125
vt 0.949707 0.202148
vt 0.951172 0.291992
vt 0.897461 0.758301
vt 0.895996 0.866089
vt 0.899414 0.867310
vt 0.932617 0.294434
vt 0.930664 0.294434
vt 0.929199 0.384277
vt 0.290771 0.191406
vt 0.296875 0.191406
vt 0.297363 0.141602
vt 0.507324 0.167480
vt 0.500977 0.167969
vt 0.501953 0.217773
vt 0.033905 0.195801
vt 0.028076 0.195801
vt 0.027878 0.245605
vt 0.513672 0.202637
vt 0.507812 0.202637
vt 0.508301 0.252930
vt 0.899414 0.867310
vt 0.898926 0.758911
vt 0.897461 0.758301
vt 0.135986 0.197266
vt 0.135742 0.247559
vt 0.141602 0.247070
vt 0.052551 0.322266
vt 0.046448 0.339844
vt 0.054596 0.338379
vt 0.565430 0.880554
vt 0.573730 0.882080
vt 0.567383 0.864502
vt 0.907715 0.867065
vt 0.906250 0.786377
vt 0.903809 0.786865
vt 0.247314 0.192383
vt 0.247559 0.242188
vt 0.253418 0.242676
vt 0.937988 0.139648
vt 0.937988 0.219238
vt 0.940430 0.219727
vt 0.430420 0.230957
vt 0.431396 0.180664
vt 0.424805 0.181641
vt 0.123230 0.194336
vt 0.122864 0.144043
vt 0.116638 0.143066
vt 0.063477 0.337891
vt 0.063416 0.322266
vt 0.052582 0.322266
vt 0.567383 0.864502
vt 0.556641 0.864380
vt 0.556641 0.880005
vt 0.052582 0.322266
vt 0.054565 0.338379
vt 0.063477 0.337891
vt 0.556641 0.880005
vt 0.565430 0.880554
vt 0.567383 0.864502
vt 0.892578 0.491699
vt 0.891113 0.613037
vt 0.894531 0.609863
vt 0.910156 0.628906
vt 0.908691 0.747070
vt 0.912109 0.750244
vt 0.868164 0.493164
vt 0.863770 0.494141
vt 0.864258 0.611816
vt 0.843750 0.880310
vt 0.839355 0.879639
vt 0.839844 0.999607
vt 0.043243 0.569092
vt 0.042480 0.465332
vt 0.038330 0.465332
vt 0.894531 0.609863
vt 0.894043 0.490234
vt 0.892578 0.491699
vt 0.870605 0.866455
vt 0.866211 0.866455
vt 0.866211 0.870605
vt 0.748047 0.868652
vt 0.750488 0.858154
vt 0.731934 0.860718
vt 0.524414 0.272949
vt 0.506348 0.270508
vt 0.508789 0.281250
vt 0.937988 0.407715
vt 0.940918 0.408691
vt 0.940918 0.408203
vt 0.952148 0.098633
vt 0.952637 0.098633
vt 0.953125 0.088379
vt 0.455078 0.583252
vt 0.455078 0.605469
vt 0.459717 0.605469
vt 0.122864 0.417969
vt 0.122253 0.395508
vt 0.118103 0.395508
vt 0.038574 0.442871
vt 0.038330 0.465332
vt 0.042480 0.465332
vt 0.682129 0.861938
vt 0.682129 0.861938
vt 0.682129 0.879089
vt 0.081543 0.116211
vt 0.081604 0.116211
vt 0.081055 0.107422
vt 0.731934 0.860718
vt 0.729980 0.869263
vt 0.748047 0.868652
vt 0.508789 0.281250
vt 0.526367 0.281738
vt 0.524414 0.272949
vt 0.459717 0.605469
vt 0.458496 0.583252
vt 0.455078 0.583252
vt 0.118103 0.395508
vt 0.119080 0.417480
vt 0.122864 0.417969
vt 0.934082 0.500488
vt 0.934082 0.522705
vt 0.938477 0.522705
vt 0.296387 0.140625
vt 0.296387 0.118164
vt 0.292236 0.118164
vt 0.864258 0.611816
vt 0.867676 0.613281
vt 0.868164 0.493164
vt 0.839844 0.999607
vt 0.843262 0.999210
vt 0.843750 0.880310
vt 0.042480 0.465332
vt 0.042755 0.443359
vt 0.038574 0.442871
vt 0.081055 0.107422
vt 0.080994 0.107422
vt 0.081543 0.116211
vt 0.938477 0.522705
vt 0.937500 0.500244
vt 0.934082 0.500488
vt 0.520996 0.131348
vt 0.520996 0.093262
vt 0.518066 0.093262
vt 0.518066 0.093262
vt 0.517578 0.132324
vt 0.520996 0.131348
vt 0.266846 0.132812
vt 0.270508 0.132812
vt 0.270020 0.094238
vt 0.270020 0.094238
vt 0.266846 0.094727
vt 0.266846 0.132812
vt 0.654785 0.868164
vt 0.657227 0.869019
vt 0.657715 0.868286
vt 0.063049 0.540771
vt 0.058838 0.540771
vt 0.059326 0.578613
vt 0.978516 0.676270
vt 0.981934 0.676270
vt 0.981934 0.638428
vt 0.862793 0.876526
vt 0.861816 0.879272
vt 0.862305 0.879395
vt 0.187256 0.862671
vt 0.185791 0.884644
vt 0.190308 0.884644
vt 0.197876 0.130371
vt 0.193970 0.130371
vt 0.195923 0.168945
vt 0.952637 0.098633
vt 0.952148 0.098633
vt 0.953125 0.109863
vt 0.526367 0.281738
vt 0.508789 0.281250
vt 0.509277 0.292480
vt 0.747070 0.880005
vt 0.748047 0.868652
vt 0.729980 0.869263
vt 0.953125 0.109863
vt 0.953125 0.109863
vt 0.952637 0.098633
vt 0.556152 0.880249
vt 0.556641 0.880249
vt 0.556641 0.864990
vt 0.059326 0.578613
vt 0.063477 0.578613
vt 0.063049 0.540771
vt 0.981934 0.638428
vt 0.978516 0.637451
vt 0.978516 0.676270
vt 0.886719 0.865723
vt 0.888184 0.757202
vt 0.884766 0.755493
vt 0.878906 0.369629
vt 0.883301 0.369629
vt 0.882324 0.251465
vt 0.190308 0.884644
vt 0.190308 0.862427
vt 0.187256 0.862671
vt 0.080994 0.107422
vt 0.081055 0.107422
vt 0.081604 0.096680
vt 0.729980 0.869263
vt 0.730957 0.880005
vt 0.747070 0.880005
vt 0.509277 0.292480
vt 0.525879 0.292480
vt 0.526367 0.281738
vt 0.081604 0.096680
vt 0.081543 0.096680
vt 0.080994 0.107422
vt 0.556641 0.864990
vt 0.556152 0.864990
vt 0.556152 0.880249
vt 0.851562 0.369629
vt 0.855469 0.369629
vt 0.855469 0.252441
vt 0.908691 0.737305
vt 0.910156 0.626953
vt 0.906738 0.628662
vt 0.854980 0.369629
vt 0.858887 0.369141
vt 0.858398 0.251953
vt 0.885254 0.372559
vt 0.881348 0.372070
vt 0.881836 0.490234
vt 0.884766 0.500000
vt 0.888184 0.501709
vt 0.888184 0.498047
vt 0.258545 0.223145
vt 0.258545 0.227051
vt 0.261963 0.225098
vt 0.042755 0.443359
vt 0.043243 0.405273
vt 0.039062 0.405273
vt 0.845215 0.086914
vt 0.845215 0.125488
vt 0.848633 0.125000
vt 0.039062 0.405273
vt 0.038574 0.442871
vt 0.042755 0.443359
vt 0.848633 0.125000
vt 0.848633 0.086914
vt 0.845215 0.086914
vt 0.257568 0.131836
vt 0.255371 0.170410
vt 0.259277 0.170410
vt 0.881836 0.490234
vt 0.884766 0.489258
vt 0.885254 0.372559
vt 0.858398 0.251953
vt 0.855469 0.251953
vt 0.854980 0.369629
vt 0.884766 0.755493
vt 0.885254 0.865112
vt 0.886719 0.865723
vt 0.882324 0.251465
vt 0.879395 0.252441
vt 0.878906 0.369629
vt 0.855469 0.252441
vt 0.852051 0.251953
vt 0.851562 0.369629
vt 0.881348 0.161133
vt 0.882324 0.161133
vt 0.882324 0.080566
vt 0.935059 0.909729
vt 0.932129 0.998516
vt 0.935547 0.998401
vt 0.952148 0.909729
vt 0.951660 0.998431
vt 0.955078 0.998499
vt 0.937988 0.383301
vt 0.941406 0.383301
vt 0.939941 0.303711
vt 0.906250 0.533203
vt 0.902832 0.532959
vt 0.904785 0.612793
vt 0.922363 0.625244
vt 0.922363 0.550293
vt 0.918945 0.550537
vt 0.946777 0.498535
vt 0.946777 0.423828
vt 0.943359 0.424316
vt 0.928711 0.295410
vt 0.926758 0.294922
vt 0.926270 0.384277
vt 0.943359 0.424316
vt 0.942871 0.498535
vt 0.946777 0.498535
vt 0.948242 0.775146
vt 0.951660 0.775757
vt 0.949707 0.687256
vt 0.926270 0.384277
vt 0.929688 0.383301
vt 0.928711 0.295410
vt 0.932129 0.998516
vt 0.935059 0.909729
vt 0.931152 0.909119
vt 0.955078 0.998499
vt 0.956055 0.909119
vt 0.952148 0.909729
vt 0.482666 0.151855
vt 0.483154 0.202148
vt 0.489258 0.201660
vt 0.870605 0.246094
vt 0.870605 0.195801
vt 0.864746 0.196289
vt 0.489990 0.252930
vt 0.490234 0.202637
vt 0.484375 0.202148
vt 0.547363 0.160156
vt 0.546387 0.210449
vt 0.552734 0.210938
vt 0.904785 0.612793
vt 0.906250 0.612793
vt 0.906250 0.533203
vt 0.940918 0.416504
vt 0.940918 0.416016
vt 0.937500 0.416992
vt 0.909180 0.612305
vt 0.909180 0.503418
vt 0.907227 0.502441
vt 0.850098 0.998771
vt 0.852539 0.999410
vt 0.854004 0.882935
vt 0.878906 0.372070
vt 0.876465 0.372559
vt 0.876465 0.489746
vt 0.886719 0.629883
vt 0.888184 0.738281
vt 0.890137 0.737305
vt 0.911133 0.641357
vt 0.911621 0.749268
vt 0.913086 0.750610
vt 0.900391 0.610352
vt 0.898926 0.502930
vt 0.896973 0.504395
vt 0.852539 0.491211
vt 0.854980 0.491699
vt 0.855957 0.375000
vt 0.883789 0.613525
vt 0.885742 0.612793
vt 0.886230 0.495605
vt 0.913086 0.750610
vt 0.915039 0.643066
vt 0.911133 0.641357
vt 0.896973 0.504395
vt 0.896484 0.612305
vt 0.900391 0.610352
vt 0.886230 0.495605
vt 0.882324 0.497070
vt 0.883789 0.613525
vt 0.855957 0.375000
vt 0.852051 0.374023
vt 0.852539 0.491211
vt 0.907227 0.502441
vt 0.905762 0.610596
vt 0.909180 0.612305
vt 0.890137 0.737305
vt 0.890137 0.628418
vt 0.886719 0.629883
vt 0.854004 0.882935
vt 0.850098 0.881592
vt 0.850098 0.998771
vt 0.876465 0.489746
vt 0.880371 0.488770
vt 0.878906 0.372070
vt 0.918945 0.550537
vt 0.918457 0.625244
vt 0.922363 0.625244
vt 0.942383 0.387695
vt 0.942383 0.388184
vt 0.945312 0.388184
vt 0.965820 0.467773
vt 0.965820 0.467773
vt 0.966309 0.470703
vt 0.552734 0.210938
vt 0.553223 0.161133
vt 0.547363 0.160156
vt 0.864746 0.196289
vt 0.864746 0.246582
vt 0.870605 0.246094
vt 0.489258 0.201660
vt 0.487793 0.151367
vt 0.482666 0.151855
vt 0.484375 0.202148
vt 0.483398 0.252441
vt 0.489990 0.252930
vt 0.890137 0.865967
vt 0.891602 0.748535
vt 0.887695 0.748535
vt 0.327881 0.359863
vt 0.328125 0.375000
vt 0.338623 0.375977
vt 0.305664 0.358887
vt 0.295166 0.359863
vt 0.295166 0.375488
vt 0.295166 0.375488
vt 0.303955 0.375977
vt 0.305664 0.358887
vt 0.338623 0.375977
vt 0.336670 0.359375
vt 0.327881 0.359863
vt 0.859863 0.617432
vt 0.859863 0.734375
vt 0.863770 0.734375
vt 0.899414 0.149902
vt 0.895996 0.151367
vt 0.897461 0.259277
vt 0.894531 0.996677
vt 0.897949 0.998581
vt 0.897461 0.890625
vt 0.909180 0.368652
vt 0.913086 0.368652
vt 0.911133 0.259277
vt 0.893066 0.368652
vt 0.896484 0.368652
vt 0.896484 0.259766
vt 0.858887 0.491211
vt 0.859375 0.374023
vt 0.855469 0.375488
vt 0.881836 0.492188
vt 0.883301 0.375488
vt 0.878906 0.374023
vt 0.897461 0.259277
vt 0.899414 0.257812
vt 0.899414 0.149902
vt 0.897461 0.890625
vt 0.895996 0.889099
vt 0.894531 0.996677
vt 0.911133 0.259277
vt 0.909668 0.259766
vt 0.909180 0.368652
vt 0.896484 0.259766
vt 0.894531 0.259277
vt 0.893066 0.368652
vt 0.863770 0.734375
vt 0.862305 0.616943
vt 0.859863 0.617432
vt 0.887695 0.748535
vt 0.887695 0.865601
vt 0.890137 0.865967
vt 0.176758 0.163086
vt 0.175781 0.213379
vt 0.182251 0.213867
vt 0.088379 0.252930
vt 0.088684 0.202637
vt 0.082703 0.202148
vt 0.103149 0.240234
vt 0.102966 0.189941
vt 0.097107 0.190430
vt 0.083130 0.151855
vt 0.083496 0.202148
vt 0.089661 0.201660
vt 0.082703 0.202148
vt 0.081787 0.252441
vt 0.088379 0.252930
vt 0.089661 0.201660
vt 0.088257 0.151367
vt 0.083130 0.151855
vt 0.097107 0.190430
vt 0.097229 0.240723
vt 0.103149 0.240234
vt 0.182251 0.213867
vt 0.182617 0.163574
vt 0.176758 0.163086
vt 0.143921 0.195801
vt 0.143677 0.121094
vt 0.141479 0.120605
vt 0.192261 0.208496
vt 0.194092 0.208984
vt 0.194092 0.120117
vt 0.923828 0.383301
vt 0.925781 0.383301
vt 0.927246 0.293945
vt 0.338623 0.375977
vt 0.345215 0.357422
vt 0.336670 0.359375
vt 0.303955 0.375977
vt 0.312256 0.377441
vt 0.305908 0.358887
vt 0.330811 0.149414
vt 0.324707 0.149902
vt 0.324463 0.200195
vt 0.225586 0.239258
vt 0.231323 0.238770
vt 0.231567 0.188477
vt 0.076172 0.252930
vt 0.082153 0.253418
vt 0.081848 0.203125
vt 0.191650 0.159668
vt 0.185181 0.159180
vt 0.186157 0.209473
vt 0.141479 0.120605
vt 0.140015 0.195801
vt 0.143921 0.195801
vt 0.927246 0.293945
vt 0.923828 0.294434
vt 0.923828 0.383301
vt 0.194092 0.120117
vt 0.190552 0.119629
vt 0.192261 0.208496
vt 0.922852 0.676025
vt 0.922852 0.750488
vt 0.926758 0.750366
vt 0.926758 0.750366
vt 0.925293 0.675537
vt 0.922852 0.676025
vt 0.186157 0.209473
vt 0.192017 0.209961
vt 0.191650 0.159668
vt 0.231567 0.188477
vt 0.225708 0.188965
vt 0.225586 0.239258
vt 0.324463 0.200195
vt 0.329346 0.199219
vt 0.330811 0.149414
vt 0.081848 0.203125
vt 0.075256 0.202637
vt 0.076172 0.252930
vt 0.043640 0.442871
vt 0.047821 0.443359
vt 0.048309 0.405273
vt 0.448486 0.362793
vt 0.449951 0.239746
vt 0.446289 0.238281
vt 0.902344 0.245117
vt 0.900391 0.369629
vt 0.904297 0.368164
vt 0.868164 0.248535
vt 0.864258 0.247559
vt 0.864746 0.369141
vt 0.124817 0.336914
vt 0.129028 0.335938
vt 0.128784 0.216309
vt 0.207153 0.409180
vt 0.207397 0.289062
vt 0.203979 0.288086
vt 0.913574 0.998196
vt 0.914551 0.877747
vt 0.911133 0.878601
vt 0.852539 0.737793
vt 0.848145 0.737549
vt 0.849121 0.858643
vt 0.838379 0.858765
vt 0.842285 0.858521
vt 0.842285 0.737793
vt 0.414795 0.988312
vt 0.419434 0.988312
vt 0.459717 0.884705
vt 0.048309 0.569092
vt 0.044128 0.569092
vt 0.044128 0.572266
vt 0.044128 0.572266
vt 0.046387 0.574219
vt 0.048309 0.569092
vt 0.458252 0.291504
vt 0.454102 0.290527
vt 0.453613 0.395508
vt 0.044128 0.569092
vt 0.048309 0.569092
vt 0.047546 0.465332
vt 0.134033 0.989464
vt 0.138306 0.988297
vt 0.098145 0.884644
vt 0.370117 0.884705
vt 0.411865 0.993332
vt 0.414795 0.988312
vt 0.073975 0.475098
vt 0.074951 0.578857
vt 0.079102 0.578857
vt 0.178467 0.884644
vt 0.138306 0.988297
vt 0.141724 0.991119
vt 0.078796 0.388184
vt 0.079102 0.281738
vt 0.075256 0.279785
vt 0.459717 0.884705
vt 0.455078 0.884705
vt 0.414795 0.988312
vt 0.453613 0.395508
vt 0.457764 0.395020
vt 0.458252 0.291504
vt 0.098145 0.884644
vt 0.093567 0.884644
vt 0.134033 0.989464
vt 0.047546 0.465332
vt 0.043365 0.465332
vt 0.044128 0.569092
vt 0.981934 0.611816
vt 0.981934 0.573730
vt 0.979004 0.573975
vt 0.864746 0.369141
vt 0.868164 0.367676
vt 0.868164 0.248535
vt 0.455078 0.884705
vt 0.459717 0.884705
vt 0.458252 0.862183
vt 0.457764 0.395020
vt 0.453613 0.395508
vt 0.454102 0.417969
vt 0.043365 0.465332
vt 0.047546 0.465332
vt 0.047821 0.443359
vt 0.093567 0.884644
vt 0.098145 0.884644
vt 0.098083 0.862427
vt 0.458252 0.862183
vt 0.455078 0.862427
vt 0.455078 0.884705
vt 0.454102 0.417969
vt 0.458008 0.417480
vt 0.457764 0.395020
vt 0.047821 0.443359
vt 0.043640 0.442871
vt 0.043365 0.465332
vt 0.098083 0.862427
vt 0.094666 0.862183
vt 0.093567 0.884644
vt 0.761230 0.862427
vt 0.757812 0.860596
vt 0.757812 0.864502
vt 0.016327 0.137695
vt 0.016296 0.099121
vt 0.012848 0.100098
vt 0.501465 0.127441
vt 0.505371 0.128418
vt 0.504883 0.089844
vt 0.078491 0.453125
vt 0.079102 0.415039
vt 0.074951 0.415039
vt 0.860840 0.860352
vt 0.860352 0.863037
vt 0.860840 0.863525
vt 0.012848 0.100098
vt 0.012848 0.138184
vt 0.016327 0.137695
vt 0.922852 0.664795
vt 0.924805 0.626221
vt 0.920898 0.626221
vt 0.504883 0.089844
vt 0.501465 0.089355
vt 0.501465 0.127441
vt 0.074951 0.415039
vt 0.074341 0.452637
vt 0.078491 0.453125
vt 0.414795 0.988312
vt 0.374756 0.884705
vt 0.370117 0.884705
vt 0.079102 0.578857
vt 0.078186 0.475098
vt 0.073975 0.475098
vt 0.075256 0.279785
vt 0.074585 0.388184
vt 0.078796 0.388184
vt 0.141724 0.991119
vt 0.183105 0.884644
vt 0.178467 0.884644
vt 0.128784 0.216309
vt 0.125244 0.216797
vt 0.124817 0.336914
vt 0.849121 0.858643
vt 0.852539 0.858643
vt 0.852539 0.737793
vt 0.203979 0.288086
vt 0.204346 0.407715
vt 0.207153 0.409180
vt 0.911133 0.878601
vt 0.911621 0.999196
vt 0.913574 0.998196
vt 0.074341 0.452637
vt 0.073975 0.475098
vt 0.078186 0.475098
vt 0.371582 0.862305
vt 0.370117 0.884705
vt 0.374756 0.884705
vt 0.860840 0.863525
vt 0.860352 0.863037
vt 0.857910 0.862793
vt 0.079041 0.410645
vt 0.078796 0.388184
vt 0.074585 0.388184
vt 0.178467 0.862427
vt 0.178467 0.884644
vt 0.183105 0.884644
vt 0.928711 0.648193
vt 0.927734 0.651611
vt 0.928711 0.651611
vt 0.078186 0.475098
vt 0.078491 0.453125
vt 0.074341 0.452637
vt 0.374756 0.884705
vt 0.374756 0.862427
vt 0.371582 0.862305
vt 0.074585 0.388184
vt 0.075073 0.410645
vt 0.079041 0.410645
vt 0.183105 0.884644
vt 0.182007 0.862183
vt 0.178467 0.862427
vt 0.411865 0.993362
vt 0.418457 0.999884
vt 0.419434 0.988312
vt 0.419434 0.988312
vt 0.414795 0.988312
vt 0.411865 0.993362
vt 0.454102 0.290527
vt 0.458252 0.291504
vt 0.455566 0.280273
vt 0.134521 0.999814
vt 0.142334 0.994404
vt 0.141724 0.991089
vt 0.842285 0.737793
vt 0.838379 0.738525
vt 0.838379 0.858765
vt 0.141724 0.991089
vt 0.134033 0.989464
vt 0.134521 0.999814
vt 0.134033 0.989464
vt 0.141724 0.991089
vt 0.138306 0.988297
vt 0.927734 0.281250
vt 0.928711 0.192383
vt 0.925293 0.191895
vt 0.954102 0.294434
vt 0.952148 0.383789
vt 0.955566 0.383301
vt 0.937012 0.624756
vt 0.940918 0.625000
vt 0.939941 0.544678
vt 0.903809 0.369629
vt 0.907715 0.369141
vt 0.907227 0.289551
vt 0.015884 0.214355
vt 0.016159 0.140137
vt 0.014313 0.139648
vt 0.930176 0.624756
vt 0.934082 0.623779
vt 0.931152 0.535645
vt 0.950195 0.866211
vt 0.954102 0.866943
vt 0.953125 0.777588
vt 0.252441 0.191406
vt 0.252197 0.141602
vt 0.245850 0.141113
vt 0.347900 0.208496
vt 0.348877 0.158691
vt 0.342285 0.159180
vt 0.057831 0.236816
vt 0.057587 0.187012
vt 0.051788 0.186523
vt 0.308838 0.209961
vt 0.308594 0.259766
vt 0.314697 0.259766
vt 0.135742 0.145508
vt 0.129517 0.145508
vt 0.129150 0.195312
vt 0.123047 0.213867
vt 0.129517 0.213867
vt 0.128662 0.163574
vt 0.388916 0.234375
vt 0.394775 0.233887
vt 0.395020 0.184082
vt 0.323730 0.209961
vt 0.317871 0.209961
vt 0.318115 0.260254
vt 0.014313 0.139648
vt 0.012505 0.214355
vt 0.015884 0.214355
vt 0.128662 0.163574
vt 0.122681 0.163574
vt 0.123047 0.213867
vt 0.129150 0.195312
vt 0.134277 0.195312
vt 0.135742 0.145508
vt 0.318115 0.260254
vt 0.324707 0.260254
vt 0.323730 0.209961
vt 0.395020 0.184082
vt 0.389160 0.184082
vt 0.388916 0.234375
vt 0.940918 0.099609
vt 0.937988 0.099121
vt 0.937988 0.099609
vt 0.934570 0.900269
vt 0.936035 0.897278
vt 0.935059 0.897156
vt 0.051788 0.186523
vt 0.051880 0.236816
vt 0.057831 0.236816
vt 0.877441 0.191895
vt 0.878906 0.117188
vt 0.875488 0.117676
vt 0.953125 0.777588
vt 0.949707 0.777344
vt 0.950195 0.866211
vt 0.934570 0.535400
vt 0.931152 0.535645
vt 0.934082 0.623779
vt 0.995605 0.819458
vt 0.996094 0.894470
vt 0.996582 0.894470
vt 0.925293 0.191895
vt 0.925781 0.280762
vt 0.927734 0.281250
vt 0.314697 0.259766
vt 0.315674 0.209961
vt 0.308838 0.209961
vt 0.245850 0.141113
vt 0.247314 0.190918
vt 0.252441 0.191406
vt 0.342285 0.159180
vt 0.342041 0.208984
vt 0.347900 0.208496
vt 0.947754 0.631836
vt 0.946777 0.634766
vt 0.947754 0.635010
vt 0.505371 0.097656
vt 0.508301 0.099121
vt 0.508301 0.097168
vt 0.947266 0.409180
vt 0.945801 0.497070
vt 0.949219 0.497559
vt 0.935547 0.497559
vt 0.938965 0.497070
vt 0.938477 0.418457
vt 0.909668 0.164062
vt 0.905762 0.163574
vt 0.905762 0.243164
vt 0.929688 0.192871
vt 0.928223 0.281738
vt 0.931641 0.280762
vt 0.446289 0.238281
vt 0.446777 0.360840
vt 0.448486 0.362793
vt 0.939941 0.544678
vt 0.937012 0.545166
vt 0.937012 0.624756
vt 0.907227 0.289551
vt 0.903809 0.289551
vt 0.903809 0.369629
vt 0.938477 0.418457
vt 0.935547 0.417480
vt 0.935547 0.497559
vt 0.905762 0.243164
vt 0.909180 0.243164
vt 0.909668 0.164062
vt 0.931641 0.280762
vt 0.931152 0.192383
vt 0.929688 0.192871
vt 0.270752 0.836182
vt 0.270752 0.858398
vt 0.273682 0.858154
vt 0.108215 0.311523
vt 0.108459 0.289551
vt 0.104553 0.289062
vt 0.053497 0.518555
vt 0.053772 0.540771
vt 0.057953 0.540771
vt 0.183105 0.605469
vt 0.181885 0.583496
vt 0.178467 0.583252
vt 0.273682 0.858154
vt 0.275146 0.836182
vt 0.270752 0.836182
vt 0.803711 0.863281
vt 0.800293 0.861328
vt 0.800293 0.865234
vt 0.845703 0.739990
vt 0.842285 0.739014
vt 0.841797 0.859375
vt 0.104553 0.289062
vt 0.104065 0.311035
vt 0.108215 0.311523
vt 0.057953 0.540771
vt 0.057678 0.518555
vt 0.053497 0.518555
vt 0.178467 0.583252
vt 0.178467 0.605469
vt 0.183105 0.605469
vt 0.230591 0.732422
vt 0.270752 0.836182
vt 0.275146 0.836182
vt 0.108643 0.416504
vt 0.108215 0.311523
vt 0.104065 0.311035
vt 0.142334 0.711426
vt 0.183105 0.605469
vt 0.178467 0.605469
vt 0.054260 0.415039
vt 0.053497 0.518555
vt 0.057678 0.518555
vt 0.926270 0.281738
vt 0.925781 0.159180
vt 0.923828 0.158691
vt 0.491943 0.377930
vt 0.492188 0.500000
vt 0.494873 0.498047
vt 0.911133 0.498535
vt 0.911621 0.499512
vt 0.914062 0.499512
vt 0.911133 0.501953
vt 0.911621 0.499512
vt 0.911133 0.499023
vt 0.006981 0.127930
vt 0.010498 0.128418
vt 0.010078 0.089844
vt 0.053772 0.540771
vt 0.054260 0.578613
vt 0.058411 0.578613
vt 0.257568 0.227539
vt 0.257324 0.266113
vt 0.260986 0.265625
vt 0.476562 0.129883
vt 0.474609 0.168457
vt 0.478516 0.168457
vt 0.010078 0.089844
vt 0.006981 0.089844
vt 0.006981 0.127930
vt 0.058411 0.578613
vt 0.057953 0.540771
vt 0.053772 0.540771
vt 0.260986 0.265625
vt 0.260986 0.227539
vt 0.257568 0.227539
vt 0.845703 0.489746
vt 0.849121 0.491211
vt 0.849609 0.372559
vt 0.874023 0.493164
vt 0.870605 0.493652
vt 0.870605 0.612549
vt 0.375977 0.193359
vt 0.372559 0.193848
vt 0.372559 0.313477
vt 0.275146 0.836182
vt 0.234619 0.730713
vt 0.230591 0.732422
vt 0.104065 0.311035
vt 0.104553 0.416992
vt 0.108643 0.416504
vt 0.057678 0.518555
vt 0.058411 0.415039
vt 0.054260 0.415039
vt 0.178467 0.605469
vt 0.138306 0.709229
vt 0.142334 0.711426
vt 0.494873 0.498047
vt 0.495117 0.375977
vt 0.491943 0.377930
vt 0.923828 0.158691
vt 0.922852 0.279785
vt 0.926270 0.281738
vt 0.138306 0.709229
vt 0.133667 0.709229
vt 0.135132 0.718506
vt 0.870605 0.612549
vt 0.874512 0.610840
vt 0.874023 0.493164
vt 0.849609 0.372559
vt 0.845215 0.371094
vt 0.845703 0.489746
vt 0.230591 0.732422
vt 0.225830 0.732666
vt 0.185791 0.836182
vt 0.277100 0.381836
vt 0.272949 0.381836
vt 0.271973 0.485352
vt 0.133667 0.709229
vt 0.138306 0.709229
vt 0.098145 0.605469
vt 0.069031 0.400879
vt 0.073242 0.400879
vt 0.072876 0.296875
vt 0.841797 0.859375
vt 0.845703 0.859741
vt 0.845703 0.739990
vt 0.372559 0.313477
vt 0.376465 0.313477
vt 0.375977 0.193359
vt 0.874023 0.736328
vt 0.875977 0.616699
vt 0.872070 0.615234
vt 0.903320 0.864746
vt 0.904785 0.744141
vt 0.901367 0.745605
vt 0.232178 0.720703
vt 0.230591 0.732422
vt 0.234619 0.730713
vt 0.109009 0.427246
vt 0.108582 0.416992
vt 0.104614 0.417480
vt 0.931641 0.648193
vt 0.930664 0.651367
vt 0.931152 0.651611
vt 0.190308 0.836182
vt 0.185791 0.836182
vt 0.187256 0.858154
vt 0.872070 0.615234
vt 0.872559 0.736328
vt 0.874023 0.736328
vt 0.098145 0.605469
vt 0.093567 0.605469
vt 0.133667 0.709229
vt 0.072876 0.296875
vt 0.068665 0.296875
vt 0.069031 0.400879
vt 0.138306 0.709229
vt 0.135132 0.718506
vt 0.142334 0.711426
vt 0.139526 0.721436
vt 0.142334 0.711426
vt 0.135132 0.718506
vt 0.230591 0.732422
vt 0.227051 0.723145
vt 0.225830 0.732666
vt 0.055115 0.405762
vt 0.054260 0.415039
vt 0.058502 0.414551
vt 0.185791 0.836182
vt 0.190308 0.836182
vt 0.230591 0.732422
vt 0.271973 0.485352
vt 0.276123 0.485352
vt 0.277100 0.381836
vt 0.058502 0.414551
vt 0.058838 0.402832
vt 0.055115 0.405762
vt 0.227051 0.723145
vt 0.230591 0.732422
vt 0.232544 0.720703
vt 0.073242 0.400879
vt 0.069031 0.400879
vt 0.070984 0.409668
vt 0.515137 0.093262
vt 0.511719 0.092285
vt 0.511719 0.130859
vt 0.048309 0.405273
vt 0.044128 0.405273
vt 0.043640 0.442871
vt 0.979004 0.573975
vt 0.978516 0.612549
vt 0.981934 0.611816
vt 0.511719 0.130859
vt 0.515137 0.131348
vt 0.515137 0.093262
vt 0.934570 0.868286
vt 0.930664 0.868286
vt 0.932617 0.906799
vt 0.884766 0.491699
vt 0.888184 0.490723
vt 0.886719 0.382324
vt 0.934570 0.191895
vt 0.931152 0.192383
vt 0.932617 0.281250
vt 0.948242 0.910034
vt 0.944824 0.909241
vt 0.946777 0.998731
vt 0.093567 0.605469
vt 0.098145 0.605469
vt 0.098083 0.583252
vt 0.905273 0.418457
vt 0.904785 0.498047
vt 0.908691 0.498047
vt 0.559570 0.863281
vt 0.559082 0.862793
vt 0.556641 0.863525
vt 0.936035 0.786499
vt 0.935547 0.866943
vt 0.939453 0.866821
vt 0.276123 0.485352
vt 0.271973 0.485352
vt 0.272217 0.507568
vt 0.185425 0.138672
vt 0.182983 0.138184
vt 0.181763 0.213379
vt 0.944824 0.384766
vt 0.943848 0.384766
vt 0.944824 0.387695
vt 0.181763 0.213379
vt 0.185669 0.213379
vt 0.185425 0.138672
vt 0.942383 0.999721
vt 0.946777 0.999705
vt 0.944824 0.924622
vt 0.949707 0.624023
vt 0.951172 0.534668
vt 0.947754 0.535400
vt 0.927246 0.998693
vt 0.927246 0.909912
vt 0.923828 0.909241
vt 0.187256 0.858154
vt 0.190308 0.858398
vt 0.190308 0.836182
vt 0.272217 0.507568
vt 0.276367 0.507568
vt 0.276123 0.485352
vt 0.938477 0.416504
vt 0.938477 0.415039
vt 0.935547 0.416992
vt 0.860352 0.736084
vt 0.860352 0.739990
vt 0.863770 0.738037
vt 0.887207 0.738037
vt 0.887207 0.621094
vt 0.883789 0.620850
vt 0.858887 0.860107
vt 0.858887 0.742432
vt 0.855469 0.742676
vt 0.886719 0.382324
vt 0.885254 0.382324
vt 0.884766 0.491699
vt 0.900391 0.629883
vt 0.898438 0.629883
vt 0.898438 0.737305
vt 0.908203 0.497070
vt 0.911621 0.498535
vt 0.910156 0.388672
vt 0.883789 0.620850
vt 0.883301 0.738770
vt 0.887207 0.738037
vt 0.887695 0.373047
vt 0.887695 0.490234
vt 0.890625 0.490234
vt 0.861328 0.741943
vt 0.861816 0.858643
vt 0.865234 0.858643
vt 0.855469 0.742676
vt 0.854980 0.859497
vt 0.858887 0.860107
vt 0.865234 0.858643
vt 0.865234 0.741699
vt 0.861328 0.741943
vt 0.890625 0.490234
vt 0.891602 0.373535
vt 0.887695 0.373047
vt 0.898438 0.737305
vt 0.901855 0.737549
vt 0.900391 0.629883
vt 0.916016 0.998570
vt 0.919434 0.998446
vt 0.917480 0.890869
vt 0.939453 0.866821
vt 0.938965 0.787109
vt 0.936035 0.786499
vt 0.908691 0.498047
vt 0.908691 0.418457
vt 0.905273 0.418457
vt 0.932617 0.281250
vt 0.934082 0.280762
vt 0.934570 0.191895
vt 0.947754 0.535400
vt 0.947754 0.624268
vt 0.949707 0.624023
vt 0.923828 0.909241
vt 0.925293 0.998439
vt 0.927246 0.998693
vt 0.944824 0.924622
vt 0.942871 0.925110
vt 0.942383 0.999721
vt 0.378906 0.286133
vt 0.379150 0.177246
vt 0.375488 0.176270
vt 0.908203 0.757202
vt 0.906250 0.866821
vt 0.910156 0.865845
vt 0.879395 0.866577
vt 0.883301 0.866699
vt 0.881836 0.748779
vt 0.857910 0.612793
vt 0.861816 0.612793
vt 0.861328 0.495605
vt 0.855469 0.742188
vt 0.853027 0.741699
vt 0.852051 0.859985
vt 0.877441 0.368164
vt 0.879395 0.367676
vt 0.879883 0.250488
vt 0.913574 0.641602
vt 0.914062 0.749268
vt 0.915527 0.749268
vt 0.852051 0.859985
vt 0.855957 0.859253
vt 0.855469 0.742188
vt 0.879883 0.250488
vt 0.875977 0.250000
vt 0.877441 0.368164
vt 0.277588 0.204102
vt 0.275635 0.186523
vt 0.266846 0.187500
vt 0.042755 0.179199
vt 0.033997 0.178711
vt 0.032104 0.195801
vt 0.266846 0.187500
vt 0.267090 0.202637
vt 0.277588 0.204102
vt 0.032104 0.195801
vt 0.042664 0.194336
vt 0.042755 0.179199
vt 0.073181 0.274902
vt 0.069153 0.274902
vt 0.068665 0.296875
vt 0.098083 0.583252
vt 0.094604 0.583496
vt 0.093567 0.605469
vt 0.068665 0.296875
vt 0.072876 0.296875
vt 0.073181 0.274902
vt 0.430176 0.231934
vt 0.436523 0.231934
vt 0.435791 0.181152
vt 0.218994 0.238770
vt 0.225098 0.238770
vt 0.225220 0.188477
vt 0.459717 0.203613
vt 0.465820 0.204102
vt 0.466064 0.153809
vt 0.277588 0.204102
vt 0.283936 0.184570
vt 0.275635 0.186523
vt 0.034027 0.178711
vt 0.025787 0.176758
vt 0.032013 0.195801
vt 0.473145 0.215820
vt 0.467285 0.215820
vt 0.467529 0.266113
vt 0.349854 0.167480
vt 0.349609 0.274902
vt 0.353271 0.276367
vt 0.915527 0.749268
vt 0.917480 0.640137
vt 0.913574 0.641602
vt 0.007980 0.089844
vt 0.004490 0.089844
vt 0.004490 0.127930
vt 0.916504 0.664307
vt 0.920898 0.664307
vt 0.918457 0.625732
vt 0.491699 0.125977
vt 0.491699 0.087891
vt 0.488525 0.087402
vt 0.276367 0.507568
vt 0.272217 0.507568
vt 0.272949 0.545654
vt 0.004490 0.127930
vt 0.007973 0.128418
vt 0.007980 0.089844
vt 0.488525 0.087402
vt 0.488037 0.125977
vt 0.491699 0.125977
vt 0.272949 0.545654
vt 0.277100 0.545654
vt 0.276367 0.507568
vt 0.375488 0.176270
vt 0.376953 0.285645
vt 0.378906 0.286133
vt 0.910156 0.865845
vt 0.909668 0.756958
vt 0.908203 0.757202
vt 0.353271 0.276367
vt 0.351562 0.167480
vt 0.349854 0.167480
vt 0.861328 0.495605
vt 0.858887 0.495117
vt 0.857910 0.612793
vt 0.881836 0.748779
vt 0.879395 0.749512
vt 0.879395 0.866577
vt 0.888184 0.497559
vt 0.888184 0.493652
vt 0.884766 0.495605
vt 0.511719 0.200684
vt 0.525879 0.203125
vt 0.522949 0.185547
vt 0.083374 0.201172
vt 0.086060 0.183105
vt 0.072083 0.186035
vt 0.522949 0.185547
vt 0.514160 0.185059
vt 0.511719 0.200684
vt 0.072083 0.186035
vt 0.074524 0.201660
vt 0.083374 0.201172
vt 0.225220 0.188477
vt 0.219238 0.188477
vt 0.218994 0.238770
vt 0.467529 0.266113
vt 0.474121 0.266113
vt 0.473145 0.215820
vt 0.466064 0.153809
vt 0.460938 0.153320
vt 0.459717 0.203613
vt 0.435791 0.181152
vt 0.429932 0.182129
vt 0.430176 0.231934
vt 0.071960 0.186035
vt 0.066650 0.203125
vt 0.074585 0.201660
vt 0.514160 0.185059
vt 0.506348 0.183105
vt 0.511719 0.200684
vt 0.888672 0.494629
vt 0.888672 0.611816
vt 0.891113 0.612549
vt 0.863281 0.997908
vt 0.862305 0.880676
vt 0.859863 0.881409
vt 0.457520 0.278320
vt 0.459473 0.278809
vt 0.460938 0.169922
vt 0.912598 0.514648
vt 0.911133 0.515137
vt 0.910645 0.624023
vt 0.860352 0.735352
vt 0.859375 0.617432
vt 0.856934 0.617920
vt 0.896484 0.374512
vt 0.894531 0.374512
vt 0.893066 0.482910
vt 0.529785 0.148926
vt 0.527832 0.148438
vt 0.527832 0.256348
vt 0.882812 0.998131
vt 0.884277 0.880249
vt 0.880371 0.880676
vt 0.856934 0.617920
vt 0.856445 0.734863
vt 0.860352 0.735352
vt 0.891113 0.612549
vt 0.892578 0.495117
vt 0.888672 0.494629
vt 0.859863 0.881409
vt 0.859375 0.998468
vt 0.863281 0.997908
vt 0.527832 0.256348
vt 0.531250 0.257324
vt 0.529785 0.148926
vt 0.893066 0.482910
vt 0.896973 0.481934
vt 0.896484 0.374512
vt 0.880371 0.880676
vt 0.880371 0.997614
vt 0.882812 0.998131
vt 0.222778 0.123535
vt 0.220703 0.123047
vt 0.219116 0.187012
vt 0.951172 0.628662
vt 0.948242 0.629639
vt 0.948242 0.685059
vt 0.909668 0.617676
vt 0.906250 0.615723
vt 0.906250 0.619629
vt 0.108643 0.124512
vt 0.109009 0.187988
vt 0.110901 0.188965
vt 0.768066 0.871338
vt 0.770020 0.868286
vt 0.768066 0.868164
vt 0.910645 0.624023
vt 0.914551 0.623779
vt 0.912598 0.514648
vt 0.460938 0.169922
vt 0.457275 0.169434
vt 0.457520 0.278320
vt 0.329590 0.170410
vt 0.329590 0.208008
vt 0.333740 0.208008
vt 0.411133 0.126953
vt 0.411133 0.088379
vt 0.407715 0.088867
vt 0.333740 0.208008
vt 0.333740 0.170410
vt 0.329590 0.170410
vt 0.407715 0.088867
vt 0.407715 0.126465
vt 0.411133 0.126953
vt 0.922363 0.500488
vt 0.920410 0.539062
vt 0.924316 0.538818
vt 0.508301 0.131348
vt 0.511719 0.131836
vt 0.511719 0.093262
vt 0.511719 0.093262
vt 0.508301 0.093262
vt 0.508301 0.131348
vt 0.428711 0.125000
vt 0.425293 0.124512
vt 0.424805 0.180176
vt 0.888184 0.161621
vt 0.887695 0.110352
vt 0.885742 0.110352
vt 0.029984 0.125488
vt 0.031464 0.177246
vt 0.033783 0.177246
vt 0.387207 0.108887
vt 0.383301 0.108887
vt 0.385010 0.173340
vt 0.885742 0.110352
vt 0.883789 0.161621
vt 0.888184 0.161621
vt 0.219116 0.187012
vt 0.223145 0.187012
vt 0.222778 0.123535
vt 0.033783 0.177246
vt 0.034027 0.125488
vt 0.029984 0.125488
vt 0.385010 0.173340
vt 0.386963 0.172852
vt 0.387207 0.108887
vt 0.361328 0.173828
vt 0.363281 0.109375
vt 0.359375 0.110352
vt 0.948242 0.685059
vt 0.952148 0.684326
vt 0.951172 0.628662
vt 0.110901 0.188965
vt 0.112671 0.125488
vt 0.108643 0.124512
vt 0.424805 0.180176
vt 0.428955 0.180664
vt 0.428711 0.125000
vt 0.329590 0.147949
vt 0.329590 0.170410
vt 0.333740 0.170410
vt 0.891113 0.251953
vt 0.887695 0.250000
vt 0.887695 0.253906
vt 0.319824 0.728760
vt 0.277832 0.836182
vt 0.282471 0.836182
vt 0.890625 0.743652
vt 0.890137 0.746826
vt 0.890137 0.746826
vt 0.080261 0.274902
vt 0.079895 0.296875
vt 0.084045 0.296875
vt 0.266846 0.507568
vt 0.267578 0.545654
vt 0.271729 0.545654
vt 0.976074 0.961212
vt 0.976074 0.999782
vt 0.979492 0.999429
vt 0.271729 0.545654
vt 0.271240 0.507568
vt 0.266846 0.507568
vt 0.979492 0.999429
vt 0.979492 0.961456
vt 0.976074 0.961212
vt 0.926270 0.869873
vt 0.924316 0.908386
vt 0.928223 0.908508
vt 0.925293 0.660889
vt 0.925293 0.660889
vt 0.926270 0.648682
vt 0.282471 0.858398
vt 0.282471 0.836182
vt 0.277832 0.836182
vt 0.914551 0.139648
vt 0.917969 0.140137
vt 0.917480 0.101562
vt 0.917480 0.101562
vt 0.914551 0.102051
vt 0.914551 0.139648
vt 0.271240 0.507568
vt 0.270752 0.485352
vt 0.266602 0.485352
vt 0.926270 0.648682
vt 0.926270 0.648682
vt 0.925293 0.660889
vt 0.267578 0.381836
vt 0.266602 0.485352
vt 0.270752 0.485352
vt 0.084167 0.406250
vt 0.084045 0.296875
vt 0.079895 0.296875
vt 0.282471 0.884705
vt 0.282471 0.862427
vt 0.279297 0.862793
vt 0.840820 0.100098
vt 0.840820 0.100098
vt 0.841797 0.087891
vt 0.279297 0.862793
vt 0.277832 0.884705
vt 0.282471 0.884705
vt 0.461182 0.861572
vt 0.463867 0.872803
vt 0.482666 0.873047
vt 0.266846 0.314941
vt 0.285400 0.312988
vt 0.286621 0.301270
vt 0.482666 0.873047
vt 0.472656 0.859497
vt 0.461182 0.861572
vt 0.286621 0.301270
vt 0.275146 0.300293
vt 0.266846 0.314941
vt 0.343506 0.367676
vt 0.343506 0.367676
vt 0.343262 0.377930
vt 0.271240 0.326660
vt 0.286621 0.325195
vt 0.285400 0.312988
vt 0.463867 0.872803
vt 0.464111 0.885010
vt 0.479736 0.885010
vt 0.084045 0.296875
vt 0.084229 0.275391
vt 0.080261 0.274902
vt 0.367432 0.884705
vt 0.362793 0.884705
vt 0.322754 0.988312
vt 0.322754 0.988312
vt 0.327393 0.988312
vt 0.367432 0.884705
vt 0.277832 0.884705
vt 0.320068 0.993919
vt 0.322754 0.988312
vt 0.320068 0.993923
vt 0.326660 0.999459
vt 0.327393 0.988312
vt 0.362793 0.884705
vt 0.367432 0.884705
vt 0.365967 0.862305
vt 0.869629 0.878235
vt 0.865234 0.879333
vt 0.866211 0.999053
vt 0.365967 0.862305
vt 0.362793 0.862427
vt 0.362793 0.884705
vt 0.063660 0.518555
vt 0.067810 0.518555
vt 0.068542 0.415039
vt 0.020782 0.309082
vt 0.016602 0.309082
vt 0.017059 0.412598
vt 0.362793 0.836182
vt 0.367432 0.836182
vt 0.326660 0.730469
vt 0.866211 0.999053
vt 0.869629 0.999147
vt 0.869629 0.878235
vt 0.190063 0.336426
vt 0.193604 0.336426
vt 0.193970 0.216797
vt 0.874512 0.879456
vt 0.875000 0.998808
vt 0.876953 0.998832
vt 0.193970 0.216797
vt 0.189819 0.215332
vt 0.190063 0.336426
vt 0.876953 0.998832
vt 0.878418 0.877686
vt 0.874512 0.879456
vt 0.902344 0.615967
vt 0.900391 0.735596
vt 0.903809 0.737305
vt 0.326660 0.730469
vt 0.322754 0.732666
vt 0.362793 0.836182
vt 0.017059 0.412598
vt 0.021225 0.414551
vt 0.020782 0.309082
vt 0.068542 0.415039
vt 0.064392 0.415039
vt 0.063660 0.518555
vt 0.282471 0.836182
vt 0.322754 0.732666
vt 0.319824 0.728760
vt 0.270752 0.485352
vt 0.271729 0.381836
vt 0.267578 0.381836
vt 0.327393 0.988312
vt 0.322754 0.988312
vt 0.320068 0.993923
vt 0.079895 0.296875
vt 0.080261 0.404297
vt 0.084167 0.406250
vt 0.326660 0.730713
vt 0.319824 0.728760
vt 0.322754 0.732666
vt 0.277832 0.836182
vt 0.279053 0.858154
vt 0.282471 0.858398
vt 0.021194 0.414551
vt 0.017059 0.412598
vt 0.019379 0.423828
vt 0.319824 0.729004
vt 0.326660 0.730713
vt 0.326660 0.721191
vt 0.326660 0.721191
vt 0.318848 0.725586
vt 0.319824 0.729004
vt 0.067810 0.518555
vt 0.063660 0.518555
vt 0.063904 0.540771
vt 0.016602 0.309082
vt 0.020782 0.309082
vt 0.021194 0.286621
vt 0.367432 0.836182
vt 0.362793 0.836182
vt 0.362793 0.858398
vt 0.285400 0.312988
vt 0.266846 0.314941
vt 0.271240 0.326660
vt 0.479736 0.885010
vt 0.482666 0.873047
vt 0.463867 0.872803
vt 0.064392 0.415039
vt 0.068542 0.415039
vt 0.068176 0.410645
vt 0.266602 0.485352
vt 0.266846 0.507568
vt 0.271240 0.507568
vt 0.925293 0.660889
vt 0.925293 0.660889
vt 0.926270 0.672363
vt 0.840820 0.100098
vt 0.840820 0.100098
vt 0.841797 0.111816
vt 0.063904 0.540771
vt 0.068054 0.540771
vt 0.067810 0.518555
vt 0.021194 0.286621
vt 0.017242 0.286621
vt 0.016602 0.309082
vt 0.362793 0.858398
vt 0.366211 0.858521
vt 0.367432 0.836182
vt 0.841797 0.111816
vt 0.841797 0.111816
vt 0.840820 0.100098
vt 0.068176 0.410645
vt 0.065186 0.409180
vt 0.064392 0.415039
vt 0.218262 0.368164
vt 0.218140 0.368164
vt 0.218140 0.382324
vt 0.926270 0.672363
vt 0.926270 0.672363
vt 0.925293 0.660889
vt 0.322754 0.988312
vt 0.282471 0.884705
vt 0.277832 0.884705
vt 0.218140 0.382324
vt 0.218262 0.382324
vt 0.218262 0.368164
vt 0.944336 0.652832
vt 0.944336 0.864136
vt 0.945312 0.864258
vt 0.530273 0.860840
vt 0.530273 0.861938
vt 0.534668 0.862549
vt 0.432861 0.419922
vt 0.427246 0.420410
vt 0.427246 0.578857
vt 0.136597 0.420410
vt 0.129761 0.420898
vt 0.129761 0.579102
vt 0.534668 0.862549
vt 0.535645 0.861572
vt 0.530273 0.860840
vt 0.535645 0.867798
vt 0.535645 0.861572
vt 0.534668 0.862549
vt 0.534668 0.862549
vt 0.534668 0.867676
vt 0.535645 0.867798
vt 0.500000 0.498535
vt 0.500977 0.498535
vt 0.500977 0.339844
vt 0.515137 0.717041
vt 0.515137 0.506104
vt 0.508301 0.506348
vt 0.172852 0.578125
vt 0.172852 0.366699
vt 0.167358 0.366211
vt 0.427246 0.578857
vt 0.432861 0.578857
vt 0.432861 0.419922
vt 0.129761 0.579102
vt 0.136597 0.578857
vt 0.136597 0.420410
vt 0.945312 0.864258
vt 0.945312 0.652832
vt 0.944336 0.652832
vt 0.508301 0.506348
vt 0.508301 0.717285
vt 0.515137 0.717041
vt 0.912598 0.373535
vt 0.913086 0.373535
vt 0.913086 0.370117
vt 0.167358 0.366211
vt 0.167358 0.577637
vt 0.172852 0.578125
vt 0.509277 0.866821
vt 0.509277 0.868042
vt 0.514648 0.867310
vt 0.913086 0.370117
vt 0.912598 0.370605
vt 0.912598 0.373535
vt 0.514648 0.867310
vt 0.513672 0.866211
vt 0.509277 0.866821
vt 0.500977 0.339844
vt 0.500000 0.339844
vt 0.500000 0.498535
vt 0.772949 0.878296
vt 0.772949 0.879028
vt 0.776855 0.879761
vt 0.909180 0.369629
vt 0.912598 0.370605
vt 0.913086 0.370117
vt 0.513672 0.861084
vt 0.513672 0.866211
vt 0.514648 0.867310
vt 0.776855 0.879761
vt 0.775879 0.878662
vt 0.772949 0.878296
vt 0.776367 0.874390
vt 0.775879 0.878662
vt 0.776367 0.879456
vt 0.571289 0.997929
vt 0.576660 0.999775
vt 0.576172 0.881958
vt 0.547363 0.335449
vt 0.542480 0.476074
vt 0.547363 0.474609
vt 0.514648 0.867310
vt 0.514648 0.860962
vt 0.513672 0.861084
vt 0.449707 0.258789
vt 0.449707 0.397461
vt 0.453613 0.396973
vt 0.983398 0.690186
vt 0.982910 0.690430
vt 0.982910 0.808228
vt 0.764648 0.879456
vt 0.760254 0.879578
vt 0.760254 0.998219
vt 0.248657 0.409180
vt 0.249146 0.409180
vt 0.249146 0.276855
vt 0.694336 0.866089
vt 0.690430 0.998396
vt 0.694336 0.998016
vt 0.821777 0.998018
vt 0.821777 0.865845
vt 0.818359 0.865845
vt 0.780762 0.866089
vt 0.776855 0.865479
vt 0.776855 0.997814
vt 0.630859 0.868408
vt 0.631348 0.863159
vt 0.630371 0.867676
vt 0.630371 0.867676
vt 0.626953 0.868652
vt 0.630859 0.868408
vt 0.968750 0.703857
vt 0.971680 0.702881
vt 0.970215 0.639648
vt 0.960938 0.390137
vt 0.958008 0.389160
vt 0.958984 0.453613
vt 0.849121 0.368164
vt 0.852539 0.367676
vt 0.852539 0.235352
vt 0.576172 0.881958
vt 0.571777 0.879272
vt 0.571289 0.997929
vt 0.542480 0.476074
vt 0.547363 0.335449
vt 0.542480 0.337402
vt 0.982910 0.808228
vt 0.983398 0.808350
vt 0.983398 0.690186
vt 0.760254 0.998219
vt 0.764648 0.997335
vt 0.764648 0.879456
vt 0.453613 0.396973
vt 0.453613 0.258301
vt 0.449707 0.258789
vt 0.958984 0.291992
vt 0.958496 0.151855
vt 0.957520 0.151855
vt 0.249146 0.276855
vt 0.248657 0.276855
vt 0.248657 0.409180
vt 0.690430 0.998396
vt 0.694336 0.866089
vt 0.690430 0.866089
vt 0.818359 0.865845
vt 0.818359 0.998016
vt 0.821777 0.998018
vt 0.852539 0.235352
vt 0.849121 0.235840
vt 0.849121 0.368164
vt 0.148315 0.153809
vt 0.150513 0.152344
vt 0.149048 0.097168
vt 0.854492 0.104492
vt 0.852051 0.103027
vt 0.852051 0.159668
vt 0.536621 0.357422
vt 0.537598 0.499023
vt 0.538086 0.499023
vt 0.525391 0.880188
vt 0.520020 0.878357
vt 0.520020 0.999594
vt 0.677246 0.878540
vt 0.672852 0.878601
vt 0.672852 0.998205
vt 0.537598 0.499023
vt 0.537109 0.359375
vt 0.532227 0.360840
vt 0.160278 0.268066
vt 0.160278 0.407715
vt 0.164307 0.407715
vt 0.959961 0.212402
vt 0.960938 0.211914
vt 0.961426 0.092773
vt 0.868652 0.121582
vt 0.871094 0.121582
vt 0.870117 0.084473
vt 0.950195 0.906677
vt 0.953125 0.906860
vt 0.952148 0.869507
vt 0.319092 0.272949
vt 0.315918 0.272949
vt 0.315186 0.273438
vt 0.319092 0.272949
vt 0.319092 0.272461
vt 0.315918 0.272949
vt 0.701660 0.865479
vt 0.701660 0.869629
vt 0.702637 0.869507
vt 0.702637 0.869507
vt 0.702637 0.864624
vt 0.701660 0.865479
vt 0.698730 0.864868
vt 0.701660 0.865479
vt 0.702637 0.864624
vt 0.698730 0.864868
vt 0.698730 0.865601
vt 0.701660 0.865479
vt 0.901855 0.373535
vt 0.902344 0.373535
vt 0.902344 0.370605
vt 0.315186 0.268555
vt 0.315186 0.273438
vt 0.315918 0.272949
vt 0.315918 0.272949
vt 0.315918 0.268555
vt 0.315186 0.268555
vt 0.901855 0.373535
vt 0.902344 0.370605
vt 0.901855 0.370117
vt 0.906250 0.371094
vt 0.901855 0.370117
vt 0.902344 0.370605
vt 0.776855 0.997814
vt 0.781250 0.998652
vt 0.780762 0.866089
vt 0.931641 0.190430
vt 0.934082 0.188965
vt 0.933594 0.118652
vt 0.035706 0.106934
vt 0.033356 0.105469
vt 0.035156 0.177246
vt 0.935059 0.998719
vt 0.937500 1.000413
vt 0.937988 0.905762
vt 0.955566 0.499023
vt 0.958008 0.497559
vt 0.958008 0.404297
vt 0.937988 0.905762
vt 0.934570 0.905640
vt 0.935059 0.998719
vt 0.958008 0.404297
vt 0.955078 0.404297
vt 0.955566 0.499023
vt 0.942871 0.751221
vt 0.945312 0.656494
vt 0.942383 0.656494
vt 0.957031 1.000407
vt 0.957520 0.905640
vt 0.954590 0.905762
vt 0.164307 0.407715
vt 0.164551 0.267578
vt 0.160278 0.268066
vt 0.532227 0.360840
vt 0.532227 0.498535
vt 0.537598 0.499023
vt 0.520020 0.999594
vt 0.525391 0.998202
vt 0.525391 0.880188
vt 0.672852 0.998205
vt 0.677734 0.999547
vt 0.677246 0.878540
vt 0.515137 0.423828
vt 0.515137 0.423828
vt 0.515137 0.449219
vt 0.600586 0.868896
vt 0.600586 0.894287
vt 0.622559 0.894287
vt 0.622559 0.895081
vt 0.600586 0.895081
vt 0.600586 0.920471
vt 0.515137 0.449219
vt 0.515137 0.449219
vt 0.515137 0.423828
vt 0.622559 0.894287
vt 0.622559 0.868896
vt 0.600586 0.868896
vt 0.600586 0.920471
vt 0.622559 0.920471
vt 0.622559 0.895081
vt 0.167236 0.389160
vt 0.167114 0.389160
vt 0.167114 0.409668
vt 0.167114 0.409668
vt 0.167236 0.409668
vt 0.167236 0.389160
vt 0.884277 0.868652
vt 0.888184 0.869141
vt 0.888672 0.868408
vt 0.888672 0.868408
vt 0.888184 0.869141
vt 0.889160 0.872314
vt 0.009789 0.166992
vt 0.009789 0.139160
vt 0.008766 0.139160
vt 0.124939 0.293457
vt 0.124939 0.282227
vt 0.123962 0.282227
vt 0.217285 0.236816
vt 0.205200 0.236816
vt 0.205200 0.264648
vt 0.515137 0.450195
vt 0.515137 0.450195
vt 0.515137 0.476074
vt 0.437256 0.260254
vt 0.437256 0.232422
vt 0.425293 0.232422
vt 0.908691 0.380859
vt 0.908691 0.381348
vt 0.912109 0.381348
vt 0.008766 0.139160
vt 0.008766 0.166992
vt 0.009789 0.166992
vt 0.901367 0.627930
vt 0.901367 0.616699
vt 0.900391 0.616699
vt 0.123962 0.282227
vt 0.123962 0.293457
vt 0.124939 0.293457
vt 0.912109 0.381348
vt 0.911621 0.380859
vt 0.908691 0.380859
vt 0.686035 0.866333
vt 0.681641 0.866821
vt 0.682129 0.999258
vt 0.815430 0.866821
vt 0.811035 0.866333
vt 0.811523 0.998016
vt 0.850586 0.733887
vt 0.852051 0.602295
vt 0.847168 0.601807
vt 0.784180 0.865723
vt 0.780762 0.998235
vt 0.785156 0.997580
vt 0.811523 0.998016
vt 0.814941 0.999258
vt 0.815430 0.866821
vt 0.682129 0.999258
vt 0.686035 0.998181
vt 0.686035 0.866333
vt 0.908691 0.381348
vt 0.908691 0.382324
vt 0.913086 0.381836
vt 0.969238 0.563232
vt 0.969238 0.631592
vt 0.971191 0.632324
vt 0.962402 0.462402
vt 0.964355 0.393066
vt 0.961914 0.394043
vt 0.955566 0.782593
vt 0.954590 0.876343
vt 0.958008 0.876709
vt 0.937012 0.749512
vt 0.937500 0.656250
vt 0.934570 0.656494
vt 0.912598 0.377441
vt 0.911621 0.380859
vt 0.912109 0.381348
vt 0.954102 0.502441
vt 0.954102 0.530273
vt 0.955078 0.530273
vt 0.515137 0.476074
vt 0.515137 0.476074
vt 0.515137 0.450195
vt 0.213257 0.388672
vt 0.213135 0.388672
vt 0.213135 0.409180
vt 0.213135 0.409180
vt 0.213257 0.409180
vt 0.213257 0.388672
vt 0.347656 0.208008
vt 0.350342 0.207520
vt 0.348389 0.113770
vt 0.956055 0.404297
vt 0.953125 0.404297
vt 0.953613 0.498047
vt 0.401611 0.100586
vt 0.400879 0.100098
vt 0.400879 0.232422
vt 0.205200 0.264648
vt 0.217285 0.264648
vt 0.217285 0.236816
vt 0.449219 0.402832
vt 0.448486 0.577881
vt 0.453613 0.578125
vt 0.538574 0.458008
vt 0.542969 0.457520
vt 0.542969 0.296387
vt 0.453613 0.578125
vt 0.453857 0.402344
vt 0.449219 0.402832
vt 0.501953 0.324707
vt 0.501465 0.500000
vt 0.505859 0.500488
vt 0.382568 0.242676
vt 0.378662 0.242676
vt 0.378906 0.402344
vt 0.847168 0.601807
vt 0.847168 0.733887
vt 0.850586 0.733887
vt 0.400879 0.232422
vt 0.401611 0.232422
vt 0.401611 0.100586
vt 0.780762 0.998235
vt 0.784180 0.865723
vt 0.780762 0.865845
vt 0.973145 0.742676
vt 0.974121 0.705566
vt 0.971191 0.704834
vt 0.916992 0.375000
vt 0.915527 0.412598
vt 0.918457 0.411621
vt 0.934570 0.656494
vt 0.934570 0.750366
vt 0.937012 0.749512
vt 0.958008 0.876709
vt 0.957520 0.783569
vt 0.955566 0.782593
vt 0.966309 0.772827
vt 0.969727 0.775757
vt 0.967773 0.705322
vt 0.392822 0.112305
vt 0.389160 0.115234
vt 0.390625 0.182617
vt 0.425293 0.232422
vt 0.425293 0.260254
vt 0.437256 0.260254
vt 0.955078 0.530273
vt 0.955078 0.502441
vt 0.954102 0.502441
vt 0.900391 0.616699
vt 0.900391 0.627930
vt 0.901367 0.627930
vt 0.378906 0.402344
vt 0.382812 0.402832
vt 0.382568 0.242676
vt 0.542969 0.296387
vt 0.538574 0.297363
vt 0.538574 0.458008
vt 0.505859 0.500488
vt 0.505859 0.324219
vt 0.501953 0.324707
vt 0.983887 0.761841
vt 0.982422 0.810181
vt 0.985352 0.809692
vt 0.444580 0.259766
vt 0.446045 0.211914
vt 0.443115 0.211426
vt 0.465820 0.255859
vt 0.464844 0.256836
vt 0.465576 0.355957
vt 0.416992 0.249023
vt 0.416504 0.346191
vt 0.417480 0.346191
vt 0.412354 0.249023
vt 0.412354 0.346680
vt 0.416504 0.346191
vt 0.551270 0.998516
vt 0.556152 0.997726
vt 0.555664 0.872803
vt 0.769043 0.873779
vt 0.764648 0.872925
vt 0.765137 0.997440
vt 0.547363 0.212891
vt 0.546387 0.310059
vt 0.551758 0.310547
vt 0.464844 0.256836
vt 0.460693 0.256348
vt 0.460693 0.354980
vt 0.185913 0.310059
vt 0.189941 0.309570
vt 0.189941 0.211914
vt 0.768555 0.873901
vt 0.768066 0.997774
vt 0.772949 0.998085
vt 0.550781 0.998279
vt 0.551270 0.873291
vt 0.546387 0.872559
vt 0.489990 0.127441
vt 0.488525 0.200684
vt 0.491455 0.200684
vt 0.075195 0.183594
vt 0.076111 0.110352
vt 0.073730 0.110352
vt 0.540527 0.864868
vt 0.539062 0.864136
vt 0.535645 0.865356
vt 0.539062 0.864258
vt 0.540527 0.864380
vt 0.540039 0.860596
vt 0.242798 0.075684
vt 0.241333 0.076660
vt 0.242310 0.115723
vt 0.986816 0.999462
vt 0.988770 1.000462
vt 0.988770 0.960327
vt 0.795898 0.864746
vt 0.795410 0.864136
vt 0.791992 0.865112
vt 0.824707 0.874268
vt 0.825684 0.873779
vt 0.825684 0.870483
vt 0.693359 0.863403
vt 0.690430 0.863281
vt 0.690430 0.863892
vt 0.795898 0.860352
vt 0.795410 0.864136
vt 0.795898 0.864746
vt 0.828613 0.874023
vt 0.825684 0.873779
vt 0.825195 0.874268
vt 0.825195 0.874268
vt 0.828613 0.874756
vt 0.828613 0.874023
vt 0.320312 0.363281
vt 0.320312 0.544434
vt 0.324951 0.544922
vt 0.266602 0.578613
vt 0.266602 0.395508
vt 0.262207 0.395996
vt 0.937012 0.124512
vt 0.937500 0.306152
vt 0.937988 0.306152
vt 0.198242 0.243652
vt 0.195312 0.242188
vt 0.194580 0.407227
vt 0.238159 0.387695
vt 0.241211 0.386230
vt 0.240601 0.222168
vt 0.891602 0.887939
vt 0.892578 0.887390
vt 0.891602 0.884033
vt 0.895508 0.888428
vt 0.892578 0.887390
vt 0.891602 0.887939
vt 0.800293 0.861450
vt 0.799316 0.861572
vt 0.800293 0.865723
vt 0.546387 0.872559
vt 0.545898 0.999186
vt 0.550781 0.998279
vt 0.772949 0.998085
vt 0.772949 0.873291
vt 0.768555 0.873901
vt 0.189941 0.211914
vt 0.185791 0.211426
vt 0.185913 0.310059
vt 0.460693 0.354980
vt 0.465576 0.355957
vt 0.464844 0.256836
vt 0.914062 0.283203
vt 0.914551 0.368164
vt 0.916992 0.368652
vt 0.052582 0.265137
vt 0.050873 0.179688
vt 0.048248 0.180176
vt 0.887207 0.163086
vt 0.884766 0.163574
vt 0.884277 0.248535
vt 0.022079 0.283691
vt 0.024979 0.283691
vt 0.026703 0.198242
vt 0.048248 0.180176
vt 0.047882 0.265625
vt 0.052582 0.265137
vt 0.016159 0.198242
vt 0.016586 0.283203
vt 0.020737 0.283691
vt 0.882324 0.248535
vt 0.882324 0.163086
vt 0.878906 0.163574
vt 0.164062 0.180176
vt 0.160278 0.179688
vt 0.159790 0.264648
vt 0.048309 0.160156
vt 0.045166 0.160645
vt 0.044922 0.246094
vt 0.416504 0.346191
vt 0.416992 0.249023
vt 0.412354 0.249023
vt 0.551758 0.310547
vt 0.551758 0.212891
vt 0.547363 0.212891
vt 0.765137 0.997440
vt 0.768555 0.998507
vt 0.769043 0.873779
vt 0.555664 0.872803
vt 0.552246 0.873901
vt 0.551270 0.998516
vt 0.551758 0.873901
vt 0.550781 0.874268
vt 0.551270 0.998519
vt 0.937988 0.306152
vt 0.937988 0.124023
vt 0.937012 0.124512
vt 0.240601 0.222168
vt 0.237549 0.222656
vt 0.238159 0.387695
vt 0.194580 0.407227
vt 0.197998 0.409668
vt 0.198242 0.243652
vt 0.324951 0.544922
vt 0.324951 0.362305
vt 0.320312 0.363281
vt 0.262207 0.395996
vt 0.260986 0.579346
vt 0.266602 0.578613
vt 0.916992 0.368652
vt 0.918945 0.283203
vt 0.914062 0.283203
vt 0.884277 0.248535
vt 0.889160 0.249023
vt 0.887207 0.163086
vt 0.026703 0.198242
vt 0.021835 0.198242
vt 0.022079 0.283691
vt 0.159790 0.264648
vt 0.164429 0.265137
vt 0.164062 0.180176
vt 0.044922 0.246094
vt 0.049438 0.245605
vt 0.048309 0.160156
vt 0.878906 0.163574
vt 0.877441 0.249023
vt 0.882324 0.248535
vt 0.020737 0.283691
vt 0.021042 0.198242
vt 0.016159 0.198242
vt 0.587891 0.290527
vt 0.581543 0.289551
vt 0.581543 0.846191
vt 0.820801 0.290039
vt 0.819824 0.289551
vt 0.822754 0.846802
vt 0.708008 0.573730
vt 0.708496 0.798584
vt 0.712891 0.797974
vt 0.820801 0.290039
vt 0.817871 0.063965
vt 0.816895 0.063965
vt 0.822754 0.846802
vt 0.823730 0.847900
vt 0.820801 0.290039
vt 0.235474 0.087402
vt 0.232056 0.087402
vt 0.232056 0.125000
vt 0.924805 0.751587
vt 0.920898 0.751465
vt 0.922852 0.790161
vt 0.437500 0.185547
vt 0.441895 0.185547
vt 0.441895 0.147461
vt 0.182007 0.098633
vt 0.182007 0.136230
vt 0.185181 0.136230
vt 0.931152 0.655518
vt 0.930664 0.658691
vt 0.931152 0.658691
vt 0.932617 0.413086
vt 0.936035 0.413086
vt 0.937500 0.390625
vt 0.441895 0.185547
vt 0.437500 0.185547
vt 0.437500 0.207520
vt 0.965820 0.842163
vt 0.964844 0.842285
vt 0.966309 0.846069
vt 0.484375 0.885315
vt 0.487549 0.885071
vt 0.487549 0.862793
vt 0.487549 0.862793
vt 0.482910 0.862793
vt 0.484375 0.885315
vt 0.437500 0.207520
vt 0.441895 0.207520
vt 0.441895 0.185547
vt 0.938965 0.773315
vt 0.942871 0.773315
vt 0.943359 0.750977
vt 0.937500 0.390625
vt 0.932617 0.390625
vt 0.932617 0.413086
vt 0.232056 0.125000
vt 0.235596 0.125977
vt 0.235474 0.087402
vt 0.441895 0.147461
vt 0.437500 0.147461
vt 0.437500 0.185547
vt 0.587891 0.290527
vt 0.587891 0.064941
vt 0.582520 0.064453
vt 0.185181 0.136230
vt 0.185547 0.097656
vt 0.182007 0.098633
vt 0.647949 0.289551
vt 0.644531 0.063477
vt 0.639160 0.062988
vt 0.888672 0.884033
vt 0.888672 0.880188
vt 0.885254 0.882080
vt 0.776367 0.573486
vt 0.775879 0.798584
vt 0.776855 0.798462
vt 0.582520 0.064453
vt 0.581543 0.289551
vt 0.587891 0.290527
vt 0.174683 0.337402
vt 0.174683 0.341797
vt 0.178833 0.341797
vt 0.178833 0.341797
vt 0.178833 0.337402
vt 0.174683 0.337402
vt 0.924805 0.791992
vt 0.921875 0.866699
vt 0.925781 0.866821
vt 0.012566 0.193848
vt 0.013504 0.119141
vt 0.009262 0.120117
vt 0.927246 0.748779
vt 0.929199 0.749756
vt 0.929199 0.660889
vt 0.997070 0.894287
vt 0.997559 0.894165
vt 0.998047 0.805176
vt 0.921875 0.866699
vt 0.924805 0.791992
vt 0.920898 0.791870
vt 0.009262 0.120117
vt 0.008484 0.193848
vt 0.012566 0.193848
vt 0.951172 0.203125
vt 0.947754 0.203613
vt 0.949219 0.291504
vt 0.929199 0.660889
vt 0.925781 0.660645
vt 0.927246 0.748779
vt 0.712891 0.797974
vt 0.713379 0.572998
vt 0.708008 0.573730
vt 0.840332 0.097168
vt 0.840332 0.096680
vt 0.840332 0.100586
vt 0.816895 0.063965
vt 0.819824 0.289551
vt 0.820801 0.290039
vt 0.639160 0.062988
vt 0.640625 0.288574
vt 0.647949 0.289551
vt 0.507324 0.732666
vt 0.510254 0.726318
vt 0.502930 0.731445
vt 0.507324 0.732666
vt 0.511719 0.732666
vt 0.510254 0.726318
vt 0.003376 0.280273
vt 0.000534 0.290527
vt 0.004654 0.290527
vt 0.943359 0.750977
vt 0.939453 0.750854
vt 0.938965 0.773315
vt 0.004242 0.395020
vt 0.004669 0.290527
vt 0.000547 0.290527
vt 0.041840 0.849731
vt 0.042419 0.860352
vt 0.048523 0.854370
vt 0.782715 0.848633
vt 0.776855 0.798462
vt 0.775879 0.798584
vt 0.645020 0.013184
vt 0.639160 0.062988
vt 0.644531 0.063477
vt 0.824219 0.014648
vt 0.816895 0.063965
vt 0.817871 0.063965
vt 0.589355 0.015137
vt 0.582520 0.064453
vt 0.587891 0.064941
vt 0.565918 0.847900
vt 0.561035 0.797852
vt 0.554688 0.798462
vt 0.722168 0.847778
vt 0.712891 0.797974
vt 0.708496 0.798584
vt 0.554688 0.798462
vt 0.560059 0.848511
vt 0.565918 0.847900
vt 0.708496 0.798584
vt 0.715820 0.848022
vt 0.722168 0.847778
vt 0.644531 0.063477
vt 0.650391 0.013672
vt 0.645020 0.013184
vt 0.587891 0.064941
vt 0.596191 0.015137
vt 0.589355 0.015137
vt 0.503418 0.721191
vt 0.502930 0.731445
vt 0.510254 0.726318
vt 0.879395 0.739258
vt 0.877930 0.741943
vt 0.879395 0.742432
vt 0.872559 0.367188
vt 0.874512 0.245605
vt 0.870605 0.247559
vt 0.135132 0.294922
vt 0.133301 0.414551
vt 0.136963 0.416504
vt 0.867676 0.368164
vt 0.872070 0.366211
vt 0.871582 0.250488
vt 0.421143 0.219238
vt 0.416992 0.216797
vt 0.417236 0.335449
vt 0.870605 0.247559
vt 0.871094 0.369141
vt 0.872559 0.367188
vt 0.871582 0.250488
vt 0.867676 0.249512
vt 0.867676 0.368164
vt 0.417236 0.335449
vt 0.420898 0.336914
vt 0.421143 0.219238
vt 0.502930 0.731445
vt 0.462402 0.836182
vt 0.466797 0.836182
vt 0.466797 0.836182
vt 0.507324 0.732666
vt 0.502930 0.731445
vt 0.199585 0.406250
vt 0.201294 0.287109
vt 0.197754 0.288574
vt 0.909668 0.505371
vt 0.907715 0.622803
vt 0.911621 0.624512
vt 0.862793 0.998775
vt 0.867188 0.997366
vt 0.866211 0.880127
vt 0.842285 0.247559
vt 0.837891 0.246094
vt 0.838379 0.366211
vt 0.197754 0.288574
vt 0.198120 0.409180
vt 0.199585 0.406250
vt 0.838379 0.366211
vt 0.841797 0.367676
vt 0.842285 0.247559
vt 0.866211 0.880127
vt 0.863281 0.878662
vt 0.862793 0.998775
vt 0.048828 0.854126
vt 0.046173 0.848755
vt 0.041840 0.849731
vt 0.029175 0.574707
vt 0.033112 0.569092
vt 0.028931 0.569092
vt 0.652832 0.798462
vt 0.658691 0.797852
vt 0.661621 0.572021
vt 0.575195 0.062500
vt 0.568848 0.062012
vt 0.570312 0.288086
vt 0.793945 0.066406
vt 0.792969 0.066406
vt 0.792969 0.291016
vt 0.226318 0.347656
vt 0.223633 0.285645
vt 0.223877 0.409180
vt 0.116272 0.418457
vt 0.118835 0.356445
vt 0.116577 0.294922
vt 0.136597 0.396484
vt 0.136719 0.396484
vt 0.136719 0.375977
vt 0.136719 0.375977
vt 0.136597 0.375977
vt 0.136597 0.396484
vt 0.707031 0.018066
vt 0.708008 0.573730
vt 0.713379 0.572998
vt 0.556152 0.572510
vt 0.563965 0.571777
vt 0.566895 0.013672
vt 0.650879 0.847900
vt 0.647949 0.289551
vt 0.640625 0.288574
vt 0.776367 0.573486
vt 0.777344 0.573486
vt 0.784180 0.016113
vt 0.258301 0.390625
vt 0.261230 0.390625
vt 0.261475 0.267578
vt 0.012878 0.196777
vt 0.009827 0.196289
vt 0.009651 0.258301
vt 0.654785 0.572754
vt 0.661621 0.572021
vt 0.664551 0.013672
vt 0.727051 0.291504
vt 0.721680 0.290527
vt 0.721191 0.846924
vt 0.937500 0.917114
vt 0.941895 0.918884
vt 0.939453 0.870483
vt 0.015030 0.146973
vt 0.019302 0.145020
vt 0.017334 0.098633
vt 0.566895 0.013672
vt 0.553223 0.014160
vt 0.556152 0.572510
vt 0.581543 0.846191
vt 0.594727 0.846680
vt 0.587891 0.290527
vt 0.713379 0.572998
vt 0.720215 0.015625
vt 0.707031 0.018066
vt 0.640625 0.288574
vt 0.637695 0.846680
vt 0.650879 0.847900
vt 0.784180 0.016113
vt 0.783203 0.016113
vt 0.776367 0.573486
vt 0.842285 0.874268
vt 0.843750 0.861328
vt 0.842773 0.861938
vt 0.842285 0.874268
vt 0.843262 0.873901
vt 0.843262 0.861328
vt 0.829102 0.861938
vt 0.842773 0.861938
vt 0.843262 0.861206
vt 0.829590 0.861084
vt 0.829590 0.862549
vt 0.843262 0.861328
vt 0.792969 0.291016
vt 0.793945 0.291504
vt 0.793945 0.066406
vt 0.661621 0.572021
vt 0.654785 0.572754
vt 0.652832 0.798462
vt 0.721680 0.290527
vt 0.727051 0.291504
vt 0.727051 0.066895
vt 0.895508 0.631104
vt 0.896973 0.738770
vt 0.898438 0.737549
vt 0.913086 0.516113
vt 0.913086 0.624023
vt 0.915039 0.625244
vt 0.853516 0.998983
vt 0.855957 0.999801
vt 0.856934 0.882935
vt 0.885254 0.369629
vt 0.887695 0.369141
vt 0.887695 0.251465
vt 0.009651 0.258301
vt 0.009834 0.319824
vt 0.013313 0.319824
vt 0.258301 0.267090
vt 0.257568 0.328613
vt 0.261475 0.267578
vt 0.167114 0.383789
vt 0.166992 0.383789
vt 0.166992 0.409668
vt 0.600586 0.999615
vt 0.622559 0.999613
vt 0.622559 0.973923
vt 0.600586 0.947479
vt 0.600586 0.973145
vt 0.622559 0.973145
vt 0.213135 0.383301
vt 0.213135 0.383301
vt 0.213135 0.409180
vt 0.166992 0.409668
vt 0.167114 0.409668
vt 0.167114 0.383789
vt 0.556152 0.572510
vt 0.554688 0.798462
vt 0.561035 0.797852
vt 0.898438 0.737549
vt 0.898926 0.629639
vt 0.895508 0.631104
vt 0.915039 0.625244
vt 0.916504 0.517578
vt 0.913086 0.516113
vt 0.887695 0.251465
vt 0.883789 0.252930
vt 0.885254 0.369629
vt 0.856934 0.882935
vt 0.853027 0.881592
vt 0.853516 0.998983
vt 0.755371 0.863770
vt 0.756348 0.863892
vt 0.755371 0.860718
vt 0.622559 0.973923
vt 0.600586 0.973923
vt 0.600586 0.999615
vt 0.622559 0.973145
vt 0.622559 0.947479
vt 0.600586 0.947479
vt 0.213135 0.409180
vt 0.213135 0.409180
vt 0.213135 0.383301
vt 0.261475 0.267578
vt 0.257568 0.328613
vt 0.258301 0.390625
vt 0.009651 0.258301
vt 0.013313 0.319824
vt 0.012878 0.196777
vt 0.389648 0.383789
vt 0.389648 0.383789
vt 0.389648 0.404297
vt 0.389648 0.404297
vt 0.389648 0.404297
vt 0.389648 0.383789
vt 0.727051 0.066895
vt 0.722656 0.065918
vt 0.721680 0.290527
vt 0.903320 0.658447
vt 0.903320 0.738037
vt 0.907227 0.738770
vt 0.940430 0.749512
vt 0.940430 0.668945
vt 0.937012 0.669678
vt 0.931641 0.384277
vt 0.935547 0.383301
vt 0.934082 0.294434
vt 0.953613 0.408691
vt 0.950195 0.407227
vt 0.952148 0.497070
vt 0.561035 0.797852
vt 0.563965 0.571777
vt 0.556152 0.572510
vt 0.776855 0.798462
vt 0.777344 0.573486
vt 0.776367 0.573486
vt 0.721191 0.846924
vt 0.734375 0.848022
vt 0.727051 0.291504
vt 0.722656 0.065918
vt 0.727051 0.066895
vt 0.735840 0.017578
vt 0.568848 0.062012
vt 0.575195 0.062500
vt 0.580078 0.013184
vt 0.658691 0.797852
vt 0.652832 0.798462
vt 0.658691 0.848389
vt 0.580078 0.013184
vt 0.574219 0.012207
vt 0.568848 0.062012
vt 0.658691 0.848389
vt 0.664062 0.847290
vt 0.658691 0.797852
vt 0.617188 0.848267
vt 0.624023 0.847046
vt 0.615723 0.797974
vt 0.792969 0.066406
vt 0.793945 0.066406
vt 0.799316 0.016602
vt 0.937012 0.669678
vt 0.937012 0.749268
vt 0.940430 0.749512
vt 0.907227 0.738770
vt 0.906738 0.658691
vt 0.903320 0.658447
vt 0.934082 0.294434
vt 0.932129 0.295410
vt 0.931641 0.384277
vt 0.534180 0.136719
vt 0.530273 0.137207
vt 0.530273 0.207031
vt 0.914062 0.211914
vt 0.914551 0.281250
vt 0.916504 0.281738
vt 0.449707 0.168457
vt 0.445801 0.167969
vt 0.445312 0.237305
vt 0.610352 0.798584
vt 0.615723 0.797974
vt 0.616211 0.573242
vt 0.570312 0.288086
vt 0.578125 0.288574
vt 0.575195 0.062500
vt 0.945312 0.168945
vt 0.944336 0.169922
vt 0.944336 0.381348
vt 0.453613 0.421875
vt 0.453613 0.578857
vt 0.459229 0.578857
vt 0.616211 0.573242
vt 0.609863 0.573975
vt 0.610352 0.798584
vt 0.899902 0.883972
vt 0.897461 0.887817
vt 0.899414 0.887756
vt 0.445312 0.237305
vt 0.449951 0.238281
vt 0.449707 0.168457
vt 0.530273 0.207031
vt 0.535156 0.206055
vt 0.534180 0.136719
vt 0.923828 0.924927
vt 0.920410 0.924133
vt 0.920410 0.998878
vt 0.926270 0.497070
vt 0.927734 0.408203
vt 0.923828 0.409668
vt 0.949707 0.382812
vt 0.951660 0.295410
vt 0.948242 0.294434
vt 0.948730 0.715820
vt 0.945312 0.715576
vt 0.945312 0.790039
vt 0.923828 0.409668
vt 0.924316 0.498047
vt 0.926270 0.497070
vt 0.920410 0.998878
vt 0.923828 0.999340
vt 0.923828 0.924927
vt 0.825195 0.860596
vt 0.824219 0.863525
vt 0.825195 0.863647
vt 0.809570 0.798462
vt 0.810547 0.798462
vt 0.813477 0.572510
vt 0.957520 0.108887
vt 0.958008 0.083496
vt 0.956055 0.084473
vt 0.466553 0.083008
vt 0.465576 0.107910
vt 0.467041 0.108887
vt 0.609375 0.018066
vt 0.609863 0.573975
vt 0.616211 0.573242
vt 0.815430 0.014160
vt 0.812500 0.572754
vt 0.813477 0.572510
vt 0.930176 0.121094
vt 0.927734 0.190918
vt 0.932617 0.189941
vt 0.950684 0.533691
vt 0.947754 0.533203
vt 0.947754 0.533691
vt 0.581055 0.847900
vt 0.578125 0.288574
vt 0.570312 0.288086
vt 0.800781 0.848022
vt 0.793945 0.291504
vt 0.792969 0.291016
vt 0.178589 0.366211
vt 0.172974 0.366699
vt 0.172974 0.578125
vt 0.118103 0.425781
vt 0.118103 0.578857
vt 0.124939 0.579590
vt 0.735840 0.017578
vt 0.729492 0.016602
vt 0.722656 0.065918
vt 0.501953 0.718262
vt 0.508301 0.717773
vt 0.508301 0.511230
vt 0.524902 0.341309
vt 0.524902 0.498047
vt 0.526367 0.499023
vt 0.508301 0.511230
vt 0.501953 0.505859
vt 0.501953 0.718262
vt 0.172974 0.578125
vt 0.178589 0.577637
vt 0.178589 0.366211
vt 0.526367 0.499023
vt 0.526367 0.341309
vt 0.524902 0.341309
vt 0.124939 0.579590
vt 0.124939 0.422852
vt 0.118103 0.425781
vt 0.944336 0.381348
vt 0.945312 0.380859
vt 0.945312 0.168945
vt 0.459229 0.578857
vt 0.459229 0.421875
vt 0.453613 0.421875
vt 0.207520 0.111328
vt 0.209595 0.110352
vt 0.209229 0.084473
vt 0.251221 0.091797
vt 0.249146 0.090820
vt 0.250732 0.117676
vt 0.591309 0.860596
vt 0.590332 0.865845
vt 0.591797 0.866699
vt 0.591309 0.860596
vt 0.590332 0.860718
vt 0.590332 0.865845
vt 0.906738 0.747314
vt 0.903809 0.746582
vt 0.904785 0.784790
vt 0.615723 0.797974
vt 0.610352 0.798584
vt 0.617188 0.848267
vt 0.810547 0.798462
vt 0.809570 0.798462
vt 0.817383 0.848022
vt 0.585938 0.867554
vt 0.591797 0.866699
vt 0.590332 0.865845
vt 0.590332 0.865845
vt 0.585938 0.866455
vt 0.585938 0.867554
vt 0.427979 0.084473
vt 0.425049 0.084961
vt 0.426270 0.122559
vt 0.088501 0.169434
vt 0.088318 0.238770
vt 0.093018 0.240234
vt 0.441406 0.139648
vt 0.440918 0.209961
vt 0.445557 0.208496
vt 0.929199 0.120605
vt 0.924805 0.118652
vt 0.926758 0.188965
vt 0.914062 0.868896
vt 0.918457 0.866943
vt 0.916504 0.798828
vt 0.093018 0.240234
vt 0.092590 0.169922
vt 0.088501 0.169434
vt 0.916504 0.798828
vt 0.914551 0.798462
vt 0.914062 0.868896
vt 0.445557 0.208496
vt 0.445557 0.139160
vt 0.441406 0.139648
vt 0.945312 0.790039
vt 0.949219 0.789307
vt 0.948730 0.715820
vt 0.900391 0.619385
vt 0.899902 0.619141
vt 0.900391 0.623291
vt 0.570312 0.288086
vt 0.567383 0.846436
vt 0.581055 0.847900
vt 0.792969 0.291016
vt 0.800293 0.847168
vt 0.800781 0.848022
vt 0.616211 0.573242
vt 0.623047 0.016602
vt 0.609375 0.018066
vt 0.813477 0.572510
vt 0.816406 0.014648
vt 0.815430 0.014160
vt 0.508789 0.171387
vt 0.508789 0.184082
vt 0.509766 0.184570
vt 0.509766 0.184570
vt 0.509277 0.171875
vt 0.508789 0.171387
vt 0.522461 0.171387
vt 0.508789 0.171387
vt 0.509277 0.171875
vt 0.509277 0.171875
vt 0.522461 0.172363
vt 0.522461 0.171387
vt 0.520020 0.867920
vt 0.519043 0.862671
vt 0.519043 0.867920
vt 0.520020 0.861694
vt 0.515137 0.860962
vt 0.519043 0.862671
vt 0.514648 0.862061
vt 0.519043 0.862671
vt 0.515137 0.860962
vt 0.519043 0.862671
vt 0.520020 0.867920
vt 0.520020 0.861694
vt 0.953125 0.868164
vt 0.956055 0.824707
vt 0.956055 0.783203
vt 0.933105 0.824707
vt 0.936035 0.868164
vt 0.936523 0.783325
vt 0.198364 0.240723
vt 0.197876 0.170898
vt 0.193726 0.169434
vt 0.239624 0.149902
vt 0.237427 0.150879
vt 0.236938 0.220703
vt 0.368408 0.141113
vt 0.368408 0.210449
vt 0.372559 0.209473
vt 0.193726 0.169434
vt 0.193604 0.238770
vt 0.198364 0.240723
vt -0.000378 0.193359
vt 0.004353 0.194824
vt 0.001968 0.124023
vt 0.372559 0.209473
vt 0.373047 0.139160
vt 0.368408 0.141113
vt 0.962402 0.773560
vt 0.958496 0.733398
vt 0.959961 0.776855
vt 0.946289 0.542725
vt 0.943359 0.539307
vt 0.942383 0.583008
vt 0.236938 0.220703
vt 0.241699 0.219727
vt 0.239624 0.149902
vt 0.201050 0.240234
vt 0.205322 0.238770
vt 0.205078 0.169434
vt 0.894531 0.483887
vt 0.893555 0.484375
vt 0.893555 0.487793
vt 0.453613 0.123535
vt 0.452148 0.194336
vt 0.456543 0.192871
vt 0.918457 0.141602
vt 0.914062 0.139648
vt 0.914551 0.210449
vt 0.900391 0.868774
vt 0.898926 0.868530
vt 0.899902 0.872681
vt 0.890625 0.484375
vt 0.893555 0.484375
vt 0.894043 0.483887
vt 0.223511 0.244141
vt 0.220215 0.241211
vt 0.219604 0.407227
vt 0.914551 0.210449
vt 0.917969 0.210449
vt 0.918457 0.141602
vt 0.128662 0.150391
vt 0.128906 0.334473
vt 0.129639 0.334473
vt 0.090332 0.407715
vt 0.093628 0.404785
vt 0.092773 0.241211
vt 0.237671 0.577881
vt 0.237671 0.392578
vt 0.233032 0.395508
vt 0.310791 0.360840
vt 0.310547 0.542969
vt 0.315430 0.545898
vt 0.960938 0.691895
vt 0.958496 0.733398
vt 0.962402 0.773560
vt 0.944824 0.624512
vt 0.946289 0.542725
vt 0.942383 0.583008
vt 0.894043 0.483887
vt 0.890625 0.483398
vt 0.890625 0.484375
vt 0.752441 0.860718
vt 0.752441 0.861328
vt 0.755371 0.860718
vt 0.696777 0.863281
vt 0.693359 0.863281
vt 0.693359 0.863770
vt 0.243042 0.392090
vt 0.237549 0.395508
vt 0.238770 0.578857
vt 0.204590 0.407715
vt 0.204224 0.243652
vt 0.200806 0.242676
vt 0.256104 0.224609
vt 0.255371 0.389648
vt 0.258301 0.389648
vt 0.004818 0.416504
vt 0.005768 0.416992
vt 0.005768 0.232422
vt 0.343506 0.544434
vt 0.347900 0.545898
vt 0.347900 0.361816
vt 0.746582 0.880188
vt 0.746582 0.883606
vt 0.747070 0.884705
vt 0.746582 0.884705
vt 0.746582 0.883606
vt 0.743164 0.883545
vt 0.743164 0.883545
vt 0.743164 0.884277
vt 0.746582 0.884705
vt 0.813477 0.572510
vt 0.812500 0.572754
vt 0.809570 0.798462
vt 0.936523 0.783325
vt 0.933105 0.783203
vt 0.933105 0.824707
vt 0.956055 0.783203
vt 0.953125 0.783325
vt 0.953125 0.868164
vt 0.200806 0.242676
vt 0.201538 0.407715
vt 0.204590 0.407715
vt 0.005768 0.232422
vt 0.004997 0.232422
vt 0.004818 0.416504
vt 0.258301 0.389648
vt 0.259033 0.224609
vt 0.256104 0.224609
vt 0.347900 0.361816
vt 0.343750 0.359375
vt 0.343506 0.544434
vt 0.238770 0.578857
vt 0.243042 0.576416
vt 0.243042 0.392090
vt 0.092773 0.241211
vt 0.089783 0.241699
vt 0.090332 0.407715
vt 0.129639 0.334473
vt 0.129639 0.149902
vt 0.128662 0.150391
vt 0.315430 0.545898
vt 0.315186 0.360840
vt 0.310791 0.360840
vt 0.219604 0.407227
vt 0.223022 0.409180
vt 0.223511 0.244141
vt 0.233032 0.395508
vt 0.232056 0.578857
vt 0.237671 0.577881
vt 0.030869 0.178223
vt 0.030457 0.107422
vt 0.027618 0.107910
vt 0.231812 0.152832
vt 0.231689 0.117676
vt 0.228516 0.117188
vt 0.027618 0.107910
vt 0.026962 0.143066
vt 0.030869 0.178223
vt 0.228516 0.117188
vt 0.228149 0.187988
vt 0.231812 0.152832
vt 0.977051 0.514160
vt 0.977539 0.675049
vt 0.978027 0.674561
vt 0.438965 0.578369
vt 0.443115 0.578369
vt 0.438232 0.402344
vt 0.398193 0.369629
vt 0.394775 0.369141
vt 0.394043 0.544678
vt 0.551758 0.474609
vt 0.551758 0.312988
vt 0.548340 0.313965
vt 0.065186 0.240234
vt 0.065796 0.400391
vt 0.069092 0.400879
vt 0.968262 0.633057
vt 0.965820 0.668213
vt 0.968750 0.703369
vt 0.400146 0.183594
vt 0.400391 0.113281
vt 0.397705 0.148438
vt 0.030869 0.178223
vt 0.026962 0.143066
vt 0.027618 0.178223
vt 0.228149 0.187988
vt 0.231567 0.187988
vt 0.231812 0.152832
vt 0.438232 0.578125
vt 0.438232 0.401855
vt 0.433838 0.400879
vt 0.389893 0.369629
vt 0.389648 0.546875
vt 0.394043 0.545898
vt 0.160400 0.239258
vt 0.156494 0.238281
vt 0.156738 0.407227
vt 0.488525 0.499512
vt 0.492676 0.498535
vt 0.492676 0.330078
vt 0.515137 0.502441
vt 0.515137 0.502441
vt 0.515137 0.476562
vt 0.687988 0.861206
vt 0.688477 0.860596
vt 0.685059 0.861816
vt 0.515137 0.476562
vt 0.515137 0.476562
vt 0.515137 0.502441
vt 0.136719 0.397461
vt 0.136597 0.397461
vt 0.136597 0.417969
vt 0.136597 0.417969
vt 0.136719 0.417969
vt 0.136719 0.397461
vt 0.600586 0.946716
vt 0.622559 0.946716
vt 0.622559 0.921265
vt 0.654297 0.999618
vt 0.654297 0.974121
vt 0.632324 0.974121
vt 0.515137 0.422852
vt 0.515137 0.422852
vt 0.515137 0.397461
vt 0.687988 0.861206
vt 0.687988 0.863770
vt 0.688477 0.863647
vt 0.688477 0.860596
vt 0.687988 0.861206
vt 0.688477 0.863159
vt 0.622559 0.921265
vt 0.600586 0.921265
vt 0.600586 0.946716
vt 0.632324 0.974121
vt 0.632324 0.999616
vt 0.654297 0.999618
vt 0.492676 0.330078
vt 0.488281 0.330566
vt 0.488525 0.499512
vt 0.094666 0.148438
vt 0.097412 0.147461
vt 0.097046 0.102051
vt 0.903809 0.916504
vt 0.906738 0.917603
vt 0.904785 0.870972
vt 0.515137 0.397461
vt 0.515137 0.397461
vt 0.515137 0.422852
vt 0.421387 0.191895
vt 0.424561 0.189941
vt 0.422607 0.127930
vt 0.041138 0.113281
vt 0.037994 0.110840
vt 0.039215 0.175293
vt 0.412598 0.112305
vt 0.412354 0.167969
vt 0.415771 0.166992
vt 0.846191 0.126953
vt 0.846191 0.183105
vt 0.849609 0.183594
vt 0.776855 0.863647
vt 0.776855 0.863770
vt 0.776855 0.860718
vt 0.422607 0.127930
vt 0.421143 0.127441
vt 0.421387 0.191895
vt 0.415771 0.166992
vt 0.415771 0.111816
vt 0.412598 0.112305
vt 0.849609 0.183594
vt 0.849609 0.127441
vt 0.846191 0.126953
vt 0.143555 0.417969
vt 0.143677 0.417969
vt 0.143677 0.397461
vt 0.143677 0.397461
vt 0.143555 0.397461
vt 0.143555 0.417969
vt 0.374268 0.189941
vt 0.376221 0.126465
vt 0.372070 0.125488
vt 0.123108 0.215820
vt 0.121094 0.279785
vt 0.125122 0.278809
vt 0.878418 0.162109
vt 0.882324 0.161621
vt 0.881836 0.110352
vt 0.920410 0.922791
vt 0.924316 0.923462
vt 0.924316 0.871704
vt 0.924316 0.871704
vt 0.920898 0.871216
vt 0.920410 0.922791
vt 0.881836 0.110352
vt 0.878418 0.111328
vt 0.878418 0.162109
vt 0.372070 0.125488
vt 0.372559 0.189453
vt 0.374268 0.189941
vt 0.820312 0.860596
vt 0.818848 0.863647
vt 0.820312 0.863770
vt 0.888672 0.876648
vt 0.888184 0.875977
vt 0.884277 0.876465
vt 0.888184 0.872681
vt 0.888184 0.875977
vt 0.888672 0.876648
vt 0.878906 0.613770
vt 0.882812 0.614502
vt 0.883301 0.613525
vt 0.895996 0.873047
vt 0.896973 0.873657
vt 0.901367 0.873413
vt 0.896484 0.877136
vt 0.896973 0.873657
vt 0.896484 0.873169
vt 0.888672 0.876648
vt 0.888672 0.872803
vt 0.888184 0.872681
vt 0.456543 0.192871
vt 0.457764 0.123047
vt 0.453613 0.123535
vt 0.092834 0.219238
vt 0.096619 0.151367
vt 0.091675 0.149414
vt 0.205078 0.169434
vt 0.200928 0.170898
vt 0.201050 0.240234
vt 0.883301 0.613525
vt 0.882812 0.614502
vt 0.883789 0.617920
vt 0.219482 0.075195
vt 0.218872 0.074707
vt 0.218384 0.144531
vt 0.096619 0.151367
vt 0.092834 0.219238
vt 0.097351 0.220703
vt 0.156738 0.407227
vt 0.160522 0.406738
vt 0.160400 0.239258
vt 0.433838 0.400879
vt 0.432861 0.577148
vt 0.438232 0.578125
vt 0.394043 0.545898
vt 0.394043 0.369629
vt 0.389893 0.369629
vt 0.897949 0.499023
vt 0.897949 0.499512
vt 0.902344 0.499023
vt 0.978027 0.674561
vt 0.978027 0.514160
vt 0.977051 0.514160
vt 0.394043 0.544678
vt 0.398193 0.545410
vt 0.398193 0.369629
vt 0.443115 0.401855
vt 0.438232 0.402344
vt 0.443115 0.578369
vt 0.069092 0.400879
vt 0.069031 0.240234
vt 0.065186 0.240234
vt 0.548340 0.313965
vt 0.547363 0.475098
vt 0.551758 0.474609
vt 0.918457 0.161133
vt 0.917969 0.282715
vt 0.920410 0.282227
vt 0.869141 0.999478
vt 0.872559 0.999905
vt 0.872070 0.881104
vt 0.845703 0.860352
vt 0.849121 0.859863
vt 0.849121 0.740479
vt 0.933105 0.776733
vt 0.933594 0.777710
vt 0.936035 0.776611
vt 0.920410 0.282227
vt 0.920410 0.159668
vt 0.918457 0.161133
vt 0.200684 0.286133
vt 0.200073 0.164551
vt 0.197998 0.163574
vt 0.872070 0.881104
vt 0.869141 0.880066
vt 0.869141 0.999478
vt 0.849121 0.740479
vt 0.846191 0.741455
vt 0.845703 0.860352
vt 0.197998 0.163574
vt 0.197998 0.285645
vt 0.200684 0.286133
vt 0.740723 0.798096
vt 0.741211 0.573242
vt 0.735352 0.573975
vt 0.624512 0.065918
vt 0.623535 0.290527
vt 0.629883 0.291016
vt 0.686523 0.797974
vt 0.689453 0.575195
vt 0.682129 0.575928
vt 0.909180 0.256836
vt 0.913086 0.257812
vt 0.911133 0.149414
vt 0.895996 0.369629
vt 0.899414 0.368652
vt 0.897949 0.261230
vt 0.883301 0.611572
vt 0.884277 0.493652
vt 0.879883 0.494141
vt 0.858398 0.251953
vt 0.858398 0.368652
vt 0.862305 0.369629
vt 0.764160 0.076660
vt 0.765625 0.298828
vt 0.772461 0.299316
vt 0.682129 0.575928
vt 0.680176 0.798706
vt 0.686523 0.797974
vt 0.784668 0.573975
vt 0.784668 0.798584
vt 0.785645 0.798462
vt 0.785645 0.798462
vt 0.785645 0.573730
vt 0.784668 0.573975
vt 0.823730 0.076660
vt 0.826660 0.298828
vt 0.828125 0.298828
vt 0.929688 0.647949
vt 0.928711 0.626221
vt 0.925293 0.625732
vt 0.481445 0.333984
vt 0.481445 0.355957
vt 0.484619 0.355957
vt 0.938965 0.773315
vt 0.938477 0.751221
vt 0.934570 0.751465
vt 0.925293 0.625732
vt 0.925293 0.647949
vt 0.929688 0.647949
vt 0.934570 0.751465
vt 0.934570 0.773315
vt 0.938965 0.773315
vt 0.333740 0.170410
vt 0.333740 0.147949
vt 0.329590 0.147949
vt 0.484619 0.355957
vt 0.486084 0.333984
vt 0.481445 0.333984
vt 0.170288 0.337402
vt 0.166138 0.337402
vt 0.166138 0.341797
vt 0.879883 0.494141
vt 0.880371 0.611084
vt 0.883301 0.611572
vt 0.862305 0.369629
vt 0.861816 0.251953
vt 0.858398 0.251953
vt 0.897949 0.261230
vt 0.896484 0.261230
vt 0.895996 0.369629
vt 0.166138 0.341797
vt 0.170288 0.341797
vt 0.170288 0.337402
vt 0.894043 0.628662
vt 0.892578 0.628906
vt 0.892090 0.737793
vt 0.864746 0.612061
vt 0.864746 0.495117
vt 0.861328 0.495117
vt 0.892090 0.998543
vt 0.891602 0.881470
vt 0.888672 0.881287
vt 0.680176 0.798706
vt 0.686035 0.848511
vt 0.691406 0.847778
vt 0.769531 0.077148
vt 0.775391 0.027344
vt 0.770020 0.026855
vt 0.736328 0.798584
vt 0.743164 0.848022
vt 0.749512 0.847412
vt 0.629883 0.066406
vt 0.638184 0.017090
vt 0.631348 0.016113
vt 0.318604 0.150391
vt 0.314941 0.150391
vt 0.316895 0.259277
vt 0.682129 0.575928
vt 0.689453 0.575195
vt 0.692871 0.024902
vt 0.775879 0.848633
vt 0.772461 0.299316
vt 0.765625 0.298828
vt 0.629883 0.291016
vt 0.623535 0.290527
vt 0.623047 0.846191
vt 0.734863 0.019043
vt 0.735352 0.573975
vt 0.741211 0.573242
vt 0.828125 0.298828
vt 0.826660 0.298828
vt 0.830078 0.847656
vt 0.071655 0.107910
vt 0.072754 0.083008
vt 0.071167 0.082520
vt 0.892090 0.737793
vt 0.895996 0.737305
vt 0.894043 0.628662
vt 0.349854 0.112305
vt 0.350098 0.086426
vt 0.347900 0.087402
vt 0.784668 0.573975
vt 0.785645 0.573730
vt 0.792480 0.017090
vt 0.888672 0.881287
vt 0.888184 0.998411
vt 0.892090 0.998543
vt 0.861328 0.495117
vt 0.860840 0.612061
vt 0.864746 0.612061
vt 0.830078 0.847656
vt 0.831055 0.848145
vt 0.828125 0.298828
vt 0.791016 0.848389
vt 0.785645 0.798462
vt 0.784668 0.798584
vt 0.831543 0.027344
vt 0.823730 0.076660
vt 0.824707 0.076660
vt 0.770020 0.026855
vt 0.764160 0.076660
vt 0.769531 0.077148
vt 0.691406 0.847778
vt 0.686523 0.797974
vt 0.680176 0.798706
vt 0.631348 0.016113
vt 0.624512 0.065918
vt 0.629883 0.066406
vt 0.749512 0.847412
vt 0.740723 0.798096
vt 0.736328 0.798584
vt 0.928711 0.623291
vt 0.931152 0.535645
vt 0.927734 0.534424
vt 0.952637 0.204102
vt 0.952148 0.292969
vt 0.955078 0.291504
vt 0.657715 0.868408
vt 0.657715 0.869751
vt 0.660645 0.868164
vt 0.629883 0.291016
vt 0.629883 0.066406
vt 0.624512 0.065918
vt 0.735352 0.573975
vt 0.736328 0.798584
vt 0.740723 0.798096
vt 0.828125 0.298828
vt 0.824707 0.076660
vt 0.823730 0.076660
vt 0.955078 0.291504
vt 0.955078 0.203125
vt 0.952637 0.204102
vt 0.772461 0.299316
vt 0.769531 0.077148
vt 0.764160 0.076660
vt 0.931152 0.535645
vt 0.928711 0.623291
vt 0.931152 0.624023
vt 0.792480 0.017090
vt 0.791992 0.016602
vt 0.784668 0.573975
vt 0.692871 0.024902
vt 0.679199 0.026367
vt 0.682129 0.575928
vt 0.765625 0.298828
vt 0.762695 0.847290
vt 0.775879 0.848633
vt 0.623047 0.846191
vt 0.636719 0.847900
vt 0.629883 0.291016
vt 0.741211 0.573242
vt 0.748047 0.016113
vt 0.734863 0.019043
vt 0.716309 0.874146
vt 0.717773 0.873901
vt 0.717773 0.861084
vt 0.704102 0.861084
vt 0.703613 0.862305
vt 0.716797 0.861816
vt 0.717773 0.861084
vt 0.716797 0.861816
vt 0.716309 0.874146
vt 0.716797 0.861816
vt 0.717773 0.861084
vt 0.704102 0.861084
vt 0.602051 0.572754
vt 0.595703 0.573486
vt 0.596680 0.798584
vt 0.143555 0.396484
vt 0.143677 0.396484
vt 0.143677 0.375977
vt 0.218262 0.383301
vt 0.218140 0.383301
vt 0.218140 0.409180
vt 0.632324 0.947968
vt 0.632324 0.973358
vt 0.654297 0.973358
vt 0.902344 0.163574
vt 0.899414 0.164062
vt 0.899414 0.243652
vt 0.435059 0.122559
vt 0.432861 0.123535
vt 0.431152 0.179199
vt 0.402344 0.164062
vt 0.404785 0.165039
vt 0.404785 0.107910
vt 0.147705 0.238770
vt 0.146118 0.162598
vt 0.143677 0.163086
vt 0.923828 0.206055
vt 0.923340 0.128906
vt 0.920898 0.128418
vt 0.632324 0.947205
vt 0.654297 0.947205
vt 0.654297 0.921875
vt 0.143677 0.375977
vt 0.143555 0.375977
vt 0.143555 0.396484
vt 0.218140 0.383301
vt 0.218140 0.383301
vt 0.218140 0.409180
vt 0.515137 0.375977
vt 0.515137 0.375977
vt 0.515137 0.396484
vt 0.515137 0.396484
vt 0.515137 0.396484
vt 0.515137 0.375977
vt 0.890137 0.105469
vt 0.888672 0.162109
vt 0.892578 0.162598
vt 0.537109 0.129395
vt 0.533203 0.128906
vt 0.534668 0.207031
vt 0.382324 0.162109
vt 0.378662 0.162598
vt 0.378906 0.240234
vt 0.300049 0.179688
vt 0.300293 0.123535
vt 0.296387 0.124023
vt 0.902344 0.515869
vt 0.902344 0.511963
vt 0.898926 0.513672
vt 0.892578 0.162598
vt 0.892578 0.106445
vt 0.890137 0.105469
vt 0.296387 0.124023
vt 0.297852 0.180664
vt 0.300049 0.179688
vt 0.441162 0.098633
vt 0.440918 0.137207
vt 0.444336 0.136719
vt 0.089661 0.415039
vt 0.085510 0.415039
vt 0.084900 0.452637
vt 0.444336 0.136719
vt 0.444336 0.098633
vt 0.441162 0.098633
vt 0.271484 0.171875
vt 0.275635 0.171875
vt 0.273193 0.133301
vt 0.084900 0.452637
vt 0.089050 0.453125
vt 0.089661 0.415039
vt 0.218140 0.409180
vt 0.218262 0.409180
vt 0.218262 0.383301
vt 0.596680 0.798584
vt 0.601562 0.797974
vt 0.602051 0.572754
vt 0.431152 0.179199
vt 0.435303 0.179688
vt 0.435059 0.122559
vt 0.831055 0.798706
vt 0.832031 0.798706
vt 0.835449 0.576416
vt 0.708008 0.016113
vt 0.701660 0.015625
vt 0.694824 0.064941
vt 0.603516 0.848145
vt 0.609863 0.847168
vt 0.601562 0.797974
vt 0.755859 0.848633
vt 0.761719 0.847534
vt 0.755859 0.798218
vt 0.677734 0.025391
vt 0.671875 0.024414
vt 0.666016 0.074219
vt 0.899414 0.243652
vt 0.902832 0.243652
vt 0.902344 0.163574
vt 0.938965 0.866821
vt 0.942383 0.867188
vt 0.941895 0.787476
vt 0.832031 0.798706
vt 0.831055 0.798706
vt 0.838867 0.848022
vt 0.601562 0.797974
vt 0.596680 0.798584
vt 0.603516 0.848145
vt 0.694824 0.064941
vt 0.699219 0.065430
vt 0.708008 0.016113
vt 0.666016 0.074219
vt 0.672363 0.074707
vt 0.677734 0.025391
vt 0.492188 0.374023
vt 0.496582 0.375977
vt 0.494141 0.327148
vt 0.026001 0.097656
vt 0.021713 0.099121
vt 0.023682 0.145996
vt 0.755859 0.798218
vt 0.750000 0.798706
vt 0.755859 0.848633
vt 0.801270 0.065430
vt 0.802246 0.065430
vt 0.807617 0.015625
vt 0.511719 0.732666
vt 0.507324 0.732666
vt 0.547363 0.836182
vt 0.534668 0.207031
vt 0.537109 0.207031
vt 0.537109 0.129395
vt 0.378906 0.240234
vt 0.381348 0.240234
vt 0.382324 0.162109
vt 0.310303 0.376953
vt 0.310547 0.376953
vt 0.310303 0.366699
vt 0.263428 0.099121
vt 0.263428 0.099121
vt 0.264648 0.111816
vt 0.632324 0.885498
vt 0.643555 0.887756
vt 0.653320 0.874146
vt 0.169922 0.323242
vt 0.178345 0.337891
vt 0.189819 0.336914
vt 0.653320 0.874146
vt 0.634766 0.874390
vt 0.632324 0.885498
vt 0.456787 0.122559
vt 0.457031 0.122559
vt 0.455811 0.109863
vt 0.189819 0.336914
vt 0.188599 0.325684
vt 0.169922 0.323242
vt 0.089294 0.723145
vt 0.086243 0.722900
vt 0.086304 0.745117
vt 0.243408 0.409180
vt 0.247192 0.408691
vt 0.247314 0.386719
vt 0.089050 0.453125
vt 0.084900 0.452637
vt 0.084534 0.475098
vt 0.457031 0.098633
vt 0.456787 0.098633
vt 0.455811 0.109863
vt 0.455811 0.109863
vt 0.455811 0.109863
vt 0.456787 0.122559
vt 0.455811 0.109863
vt 0.455811 0.109863
vt 0.457031 0.098633
vt 0.448975 0.089355
vt 0.445557 0.089355
vt 0.445557 0.126953
vt 0.445557 0.126953
vt 0.448975 0.127441
vt 0.448975 0.089355
vt 0.086304 0.745117
vt 0.090881 0.745117
vt 0.089294 0.723145
vt 0.654297 0.973358
vt 0.654297 0.947968
vt 0.632324 0.947968
vt 0.654297 0.921875
vt 0.632324 0.921875
vt 0.632324 0.947205
vt 0.218140 0.409180
vt 0.218140 0.409180
vt 0.218140 0.383301
vt 0.247314 0.386719
vt 0.243164 0.386719
vt 0.243408 0.409180
vt 0.084534 0.475098
vt 0.088745 0.475098
vt 0.089050 0.453125
vt 0.547363 0.836182
vt 0.551758 0.836182
vt 0.511719 0.732666
vt 0.941895 0.787476
vt 0.938965 0.787231
vt 0.938965 0.866821
vt 0.090881 0.745117
vt 0.086304 0.745117
vt 0.046173 0.848755
vt 0.243164 0.386719
vt 0.247314 0.386719
vt 0.247437 0.277344
vt 0.088745 0.475098
vt 0.084534 0.475098
vt 0.085510 0.578857
vt 0.046173 0.848755
vt 0.048920 0.854248
vt 0.090881 0.745117
vt 0.247437 0.277344
vt 0.243530 0.283203
vt 0.243164 0.386719
vt 0.085510 0.578857
vt 0.089661 0.578857
vt 0.088745 0.475098
vt 0.263428 0.099121
vt 0.263428 0.099121
vt 0.264648 0.086914
vt 0.264648 0.086914
vt 0.264404 0.086914
vt 0.263428 0.099121
vt 0.174316 0.311523
vt 0.169922 0.323242
vt 0.188599 0.325684
vt 0.634766 0.874390
vt 0.653320 0.874146
vt 0.650391 0.862061
vt 0.404785 0.107910
vt 0.400635 0.108398
vt 0.402344 0.164062
vt 0.920898 0.128418
vt 0.919434 0.204102
vt 0.923828 0.206055
vt 0.143677 0.163086
vt 0.143311 0.240234
vt 0.147705 0.238770
vt 0.547363 0.858398
vt 0.550781 0.858398
vt 0.551758 0.836182
vt 0.650391 0.862061
vt 0.634766 0.862061
vt 0.634766 0.874390
vt 0.188599 0.325684
vt 0.189819 0.313477
vt 0.174316 0.311523
vt 0.320312 0.362793
vt 0.320312 0.362793
vt 0.320312 0.377441
vt 0.320312 0.377441
vt 0.320312 0.377441
vt 0.320312 0.362793
vt 0.551758 0.836182
vt 0.547363 0.836182
vt 0.547363 0.858398
vt 0.801270 0.290527
vt 0.802734 0.290527
vt 0.802246 0.065430
vt 0.758789 0.575928
vt 0.751953 0.576660
vt 0.750000 0.798706
vt 0.667969 0.296875
vt 0.675781 0.297852
vt 0.672363 0.074707
vt 0.693848 0.290039
vt 0.699707 0.290527
vt 0.699219 0.065430
vt 0.835449 0.576416
vt 0.833984 0.576416
vt 0.831055 0.798706
vt 0.802246 0.065430
vt 0.801270 0.065430
vt 0.801270 0.290527
vt 0.900391 0.436035
vt 0.902832 0.373535
vt 0.898926 0.374512
vt 0.872559 0.804321
vt 0.871094 0.865479
vt 0.875000 0.866455
vt 0.672363 0.074707
vt 0.666016 0.074219
vt 0.667969 0.296875
vt 0.750000 0.798706
vt 0.755859 0.798218
vt 0.758789 0.575928
vt 0.699219 0.065430
vt 0.694824 0.064941
vt 0.693848 0.290039
vt 0.837402 0.026855
vt 0.833984 0.576416
vt 0.835449 0.576416
vt 0.595215 0.017090
vt 0.595703 0.573486
vt 0.602051 0.572754
vt 0.699707 0.290527
vt 0.693848 0.290039
vt 0.693359 0.846680
vt 0.751953 0.576660
vt 0.758789 0.575928
vt 0.761719 0.027344
vt 0.678711 0.847900
vt 0.675781 0.297852
vt 0.667969 0.296875
vt 0.809570 0.847900
vt 0.802734 0.290527
vt 0.801270 0.290527
vt 0.563477 0.881042
vt 0.563477 0.881653
vt 0.566406 0.881042
vt 0.229858 0.347656
vt 0.232422 0.346680
vt 0.230347 0.286133
vt 0.125244 0.357422
vt 0.122864 0.356934
vt 0.123230 0.417969
vt 0.123230 0.295410
vt 0.122864 0.356934
vt 0.125244 0.357422
vt 0.230347 0.408691
vt 0.232422 0.346680
vt 0.229858 0.347656
vt 0.875000 0.742188
vt 0.871094 0.743164
vt 0.872559 0.804321
vt 0.898926 0.497070
vt 0.902832 0.497559
vt 0.900391 0.436035
vt 0.835449 0.576416
vt 0.838379 0.027344
vt 0.837402 0.026855
vt 0.327637 0.101562
vt 0.323975 0.101074
vt 0.325928 0.147949
vt 0.950684 0.675781
vt 0.954590 0.675537
vt 0.953125 0.628906
vt 0.602051 0.572754
vt 0.608887 0.015137
vt 0.595215 0.017090
vt 0.693359 0.846680
vt 0.706543 0.847900
vt 0.699707 0.290527
vt 0.667969 0.296875
vt 0.665039 0.846558
vt 0.678711 0.847900
vt 0.761719 0.027344
vt 0.748535 0.029297
vt 0.751953 0.576660
vt 0.801270 0.290527
vt 0.808594 0.847046
vt 0.809570 0.847900
vt 0.776367 0.863525
vt 0.776367 0.866943
vt 0.777344 0.868042
vt 0.776855 0.868042
vt 0.776367 0.866943
vt 0.773438 0.867065
vt 0.773438 0.867065
vt 0.773438 0.867798
vt 0.776855 0.868042
vt 0.353271 0.544434
vt 0.357666 0.545410
vt 0.357666 0.363770
vt 0.293457 0.116699
vt 0.294678 0.095215
vt 0.291748 0.097656
vt 0.876465 0.619385
vt 0.875000 0.638672
vt 0.878418 0.640869
vt 0.260986 0.395020
vt 0.255371 0.398438
vt 0.256592 0.579590
vt 0.090332 0.412598
vt 0.089783 0.578369
vt 0.092773 0.578857
vt 0.229492 0.408691
vt 0.229248 0.243164
vt 0.225830 0.241699
vt 0.960938 0.381348
vt 0.961914 0.381836
vt 0.961914 0.199707
vt 0.281494 0.186035
vt 0.267334 0.185059
vt 0.267822 0.186035
vt 0.956055 0.199707
vt 0.955566 0.117676
vt 0.952637 0.117676
vt 0.932617 0.455566
vt 0.932617 0.497070
vt 0.935547 0.497559
vt 0.952637 0.117676
vt 0.952637 0.159180
vt 0.956055 0.199707
vt 0.935547 0.497559
vt 0.935547 0.415527
vt 0.932617 0.455566
vt 0.956055 0.199707
vt 0.952637 0.159180
vt 0.953125 0.201172
vt 0.961914 0.199707
vt 0.960938 0.199707
vt 0.960938 0.381348
vt 0.225830 0.241699
vt 0.226440 0.407715
vt 0.229492 0.408691
vt 0.092773 0.578857
vt 0.093445 0.411621
vt 0.090332 0.412598
vt 0.357666 0.363770
vt 0.353271 0.361328
vt 0.353271 0.544434
vt 0.256592 0.579590
vt 0.260742 0.577148
vt 0.260986 0.395020
vt 0.942871 0.782959
vt 0.942383 0.866089
vt 0.944824 0.824585
vt 0.044250 0.194336
vt 0.046112 0.152832
vt 0.043427 0.111328
vt 0.281494 0.186035
vt 0.281494 0.173340
vt 0.280029 0.172852
vt 0.280518 0.185059
vt 0.281494 0.186035
vt 0.280273 0.172852
vt 0.281494 0.186035
vt 0.280518 0.185059
vt 0.267578 0.184570
vt 0.935547 0.415527
vt 0.933105 0.414062
vt 0.932617 0.455566
vt 0.567871 0.860718
vt 0.570801 0.861206
vt 0.570801 0.860596
vt 0.028183 0.465332
vt 0.028931 0.569092
vt 0.033112 0.569092
vt 0.925781 0.523438
vt 0.925781 0.523438
vt 0.924316 0.535645
vt 0.001356 0.745117
vt 0.041840 0.849731
vt 0.046173 0.848755
vt 0.924316 0.535645
vt 0.924316 0.535645
vt 0.925781 0.523438
vt 0.466797 0.858398
vt 0.466797 0.836182
vt 0.462402 0.836182
vt 0.681641 0.861938
vt 0.681641 0.861938
vt 0.681641 0.876526
vt 0.681641 0.876526
vt 0.681641 0.876526
vt 0.681641 0.861938
vt 0.271240 0.352539
vt 0.286621 0.351074
vt 0.285400 0.338867
vt 0.046844 0.354980
vt 0.048065 0.342773
vt 0.032562 0.341309
vt 0.462402 0.836182
vt 0.463379 0.858765
vt 0.466797 0.858398
vt 0.000547 0.290527
vt 0.000069 0.395508
vt 0.004242 0.395020
vt 0.033112 0.569092
vt 0.032349 0.465332
vt 0.028183 0.465332
vt 0.285400 0.338867
vt 0.266846 0.341309
vt 0.271240 0.352539
vt 0.046173 0.848755
vt 0.005928 0.745117
vt 0.001356 0.745117
vt 0.032562 0.341309
vt 0.028229 0.352539
vt 0.046844 0.354980
vt 0.004616 0.417969
vt 0.004242 0.395020
vt 0.000069 0.395508
vt 0.057587 0.111328
vt 0.057678 0.111328
vt 0.056610 0.099609
vt 0.028458 0.442871
vt 0.028183 0.465332
vt 0.032349 0.465332
vt 0.407227 0.166504
vt 0.409180 0.127930
vt 0.405273 0.127930
vt 0.028931 0.405273
vt 0.028458 0.442871
vt 0.032623 0.443359
vt 0.529785 0.134766
vt 0.533203 0.134766
vt 0.533203 0.097168
vt 0.032623 0.443359
vt 0.033112 0.405273
vt 0.028931 0.405273
vt 0.533203 0.097168
vt 0.529785 0.096191
vt 0.529785 0.134766
vt 0.301758 0.179688
vt 0.303955 0.179199
vt 0.305664 0.124023
vt 0.168701 0.238281
vt 0.167603 0.162598
vt 0.165039 0.162598
vt 0.857422 0.107422
vt 0.854980 0.106445
vt 0.854980 0.162598
vt 0.908691 0.623779
vt 0.908691 0.619873
vt 0.905273 0.621826
vt 0.903320 0.874878
vt 0.899902 0.873047
vt 0.899902 0.876892
vt 0.064392 0.578613
vt 0.068542 0.578613
vt 0.068054 0.540771
vt 0.515625 0.093262
vt 0.515137 0.132324
vt 0.518555 0.131348
vt 0.934570 0.547363
vt 0.933105 0.623291
vt 0.937500 0.625488
vt 0.305664 0.124023
vt 0.301758 0.123535
vt 0.301758 0.179688
vt 0.854980 0.162598
vt 0.858887 0.162109
vt 0.857422 0.107422
vt 0.165039 0.162598
vt 0.164795 0.240234
vt 0.168701 0.238281
vt 0.056610 0.099609
vt 0.056519 0.099609
vt 0.057587 0.111328
vt 0.002903 0.722656
vt 0.001356 0.745117
vt 0.005928 0.745117
vt 0.924316 0.535645
vt 0.924316 0.535645
vt 0.925781 0.547119
vt 0.925781 0.547119
vt 0.925781 0.547119
vt 0.924316 0.535645
vt 0.092590 0.129395
vt 0.088562 0.128906
vt 0.090576 0.167969
vt 0.068054 0.540771
vt 0.063904 0.540771
vt 0.064392 0.578613
vt 0.518555 0.131348
vt 0.518555 0.093262
vt 0.515625 0.093262
vt 0.059631 0.100098
vt 0.059570 0.100098
vt 0.060699 0.112305
vt 0.427979 0.123535
vt 0.429688 0.179199
vt 0.431885 0.179688
vt 0.416504 0.168945
vt 0.413818 0.168945
vt 0.412598 0.245117
vt 0.936523 0.204590
vt 0.934082 0.204590
vt 0.933594 0.282715
vt 0.499512 0.165039
vt 0.499268 0.108398
vt 0.497070 0.108887
vt 0.048065 0.340332
vt 0.046844 0.328613
vt 0.028229 0.326660
vt 0.266846 0.367188
vt 0.285400 0.365234
vt 0.286621 0.353516
vt 0.028229 0.326660
vt 0.036346 0.341309
vt 0.048065 0.340332
vt 0.286621 0.353516
vt 0.274902 0.352539
vt 0.266846 0.367188
vt 0.142578 0.106934
vt 0.142456 0.106934
vt 0.143555 0.119141
vt 0.142456 0.106934
vt 0.142578 0.106934
vt 0.143677 0.095703
vt 0.143677 0.095703
vt 0.143555 0.095703
vt 0.142456 0.106934
vt 0.310547 0.367676
vt 0.310547 0.367676
vt 0.310547 0.378418
vt 0.431885 0.179688
vt 0.432129 0.122559
vt 0.427979 0.123535
vt 0.497070 0.108887
vt 0.495361 0.164551
vt 0.499512 0.165039
vt 0.933594 0.282715
vt 0.937988 0.280762
vt 0.936523 0.204590
vt 0.412598 0.245117
vt 0.416748 0.247070
vt 0.416504 0.168945
vt 0.000069 0.395508
vt 0.000655 0.417480
vt 0.004616 0.417969
vt 0.032349 0.465332
vt 0.032623 0.443359
vt 0.028458 0.442871
vt 0.005928 0.745117
vt 0.005917 0.722900
vt 0.002903 0.722656
vt 0.266846 0.341309
vt 0.285400 0.338867
vt 0.286621 0.327148
vt 0.048065 0.366699
vt 0.046844 0.354980
vt 0.028229 0.352539
vt 0.286621 0.327148
vt 0.274902 0.326660
vt 0.266846 0.341309
vt 0.143555 0.119141
vt 0.143677 0.119141
vt 0.142578 0.106934
vt 0.028229 0.352539
vt 0.036346 0.367188
vt 0.048065 0.366699
vt 0.056519 0.099609
vt 0.056610 0.099609
vt 0.057678 0.087402
vt 0.271240 0.378906
vt 0.286621 0.377441
vt 0.285400 0.365234
vt 0.046844 0.328613
vt 0.048065 0.316406
vt 0.032562 0.314941
vt 0.285400 0.365234
vt 0.266846 0.367188
vt 0.271240 0.378906
vt 0.032562 0.314941
vt 0.028229 0.326660
vt 0.046844 0.328613
vt 0.320068 0.377441
vt 0.320068 0.377441
vt 0.320068 0.362793
vt 0.320068 0.362793
vt 0.320068 0.362793
vt 0.320068 0.377441
vt 0.059570 0.100098
vt 0.059631 0.100098
vt 0.060699 0.087891
vt 0.060699 0.087891
vt 0.060638 0.087891
vt 0.059570 0.100098
vt 0.923828 0.087891
vt 0.920410 0.087891
vt 0.920410 0.125977
vt 0.920410 0.125977
vt 0.923828 0.126953
vt 0.923828 0.087891
vt 0.029251 0.086914
vt 0.029312 0.125488
vt 0.032745 0.124512
vt 0.032745 0.124512
vt 0.032745 0.086426
vt 0.029251 0.086914
vt 0.891113 0.370117
vt 0.890625 0.260742
vt 0.888672 0.259766
vt 0.854980 0.496094
vt 0.852051 0.496094
vt 0.851562 0.613770
vt 0.880859 0.881531
vt 0.877930 0.882263
vt 0.877441 0.999160
vt 0.487061 0.898193
vt 0.487305 0.898193
vt 0.487305 0.887390
vt 0.937500 0.625488
vt 0.937012 0.547607
vt 0.934570 0.547363
vt 0.888672 0.259766
vt 0.887207 0.368164
vt 0.891113 0.370117
vt 0.908691 0.368164
vt 0.910645 0.257812
vt 0.906738 0.259766
vt 0.851562 0.613770
vt 0.855469 0.612793
vt 0.854980 0.496094
vt 0.877441 0.999160
vt 0.881348 1.000142
vt 0.880859 0.881531
vt 0.795898 0.997814
vt 0.795898 0.873291
vt 0.791504 0.873901
vt 0.828125 0.866699
vt 0.828613 0.866211
vt 0.824707 0.867188
vt 0.506348 0.220703
vt 0.501953 0.219727
vt 0.501953 0.319336
vt 0.224609 0.115723
vt 0.222534 0.187012
vt 0.225098 0.186035
vt 0.162964 0.106445
vt 0.162720 0.176758
vt 0.165283 0.177246
vt 0.659180 0.872559
vt 0.658691 0.997461
vt 0.663574 0.997751
vt 0.412842 0.218262
vt 0.411865 0.222168
vt 0.412598 0.222656
vt 0.412598 0.222656
vt 0.411865 0.222168
vt 0.408936 0.223145
vt 0.556641 0.870972
vt 0.555664 0.870483
vt 0.552734 0.871582
vt 0.556641 0.866577
vt 0.555664 0.870483
vt 0.556641 0.870972
vt 0.485107 0.149902
vt 0.488525 0.150391
vt 0.487061 0.095703
vt 0.461670 0.282227
vt 0.458252 0.282715
vt 0.459717 0.336914
vt 0.829590 0.998288
vt 0.829102 0.876343
vt 0.825195 0.876892
vt 0.368652 0.219238
vt 0.364258 0.220703
vt 0.364258 0.320801
vt 0.394287 0.266113
vt 0.389648 0.264648
vt 0.388916 0.364746
vt 0.697754 0.876099
vt 0.698242 0.997913
vt 0.703125 0.998383
vt 0.663574 0.997751
vt 0.663574 0.873169
vt 0.659180 0.872559
vt 0.791504 0.873901
vt 0.791992 0.998713
vt 0.795898 0.997814
vt 0.231812 0.389648
vt 0.236572 0.388672
vt 0.236694 0.289062
vt 0.501953 0.319336
vt 0.505859 0.320801
vt 0.506348 0.220703
vt 0.365967 0.103027
vt 0.363281 0.102539
vt 0.363525 0.158203
vt 0.968750 0.153320
vt 0.971191 0.152832
vt 0.969727 0.097168
vt 0.521973 0.876404
vt 0.521973 0.872192
vt 0.520020 0.871948
vt 0.184692 0.365234
vt 0.178711 0.365234
vt 0.178711 0.578125
vt 0.944336 0.168457
vt 0.943359 0.168457
vt 0.943359 0.381348
vt 0.028030 0.578857
vt 0.028030 0.426758
vt 0.022736 0.427246
vt 0.103943 0.431641
vt 0.104065 0.579346
vt 0.105347 0.578369
vt 0.481445 0.717041
vt 0.487549 0.718262
vt 0.487549 0.508301
vt 0.105286 0.429199
vt 0.105591 0.578369
vt 0.110901 0.579102
vt 0.538086 0.354492
vt 0.538086 0.202148
vt 0.537109 0.202148
vt 0.364258 0.320801
vt 0.369629 0.319336
vt 0.368652 0.219238
vt 0.388916 0.364746
vt 0.394531 0.366211
vt 0.394287 0.266113
vt 0.969727 0.931213
vt 0.971680 0.851929
vt 0.968750 0.852539
vt 0.941406 0.497070
vt 0.943848 0.498047
vt 0.941895 0.411133
vt 0.957520 0.383789
vt 0.959961 0.383301
vt 0.959473 0.296875
vt 0.110901 0.579102
vt 0.110901 0.429199
vt 0.105286 0.429199
vt 0.105347 0.578369
vt 0.105286 0.429199
vt 0.103943 0.431641
vt 0.943359 0.381348
vt 0.944336 0.381348
vt 0.944336 0.168457
vt 0.537109 0.202148
vt 0.537109 0.354492
vt 0.538086 0.354492
vt 0.178711 0.578125
vt 0.184326 0.577637
vt 0.184692 0.365234
vt 0.487549 0.508301
vt 0.481445 0.504150
vt 0.481445 0.717041
vt 0.022736 0.427246
vt 0.022415 0.579102
vt 0.028030 0.578857
vt 0.964355 0.202148
vt 0.959961 0.201172
vt 0.962402 0.229980
vt 0.050537 0.112793
vt 0.054565 0.111816
vt 0.052612 0.083984
vt 0.659180 0.861938
vt 0.658203 0.861816
vt 0.658203 0.867065
vt 0.658203 0.867065
vt 0.659180 0.867065
vt 0.659180 0.861938
vt 0.659180 0.867065
vt 0.658203 0.867065
vt 0.659180 0.868286
vt 0.658203 0.867065
vt 0.653809 0.866699
vt 0.653809 0.867920
vt 0.653809 0.867920
vt 0.659180 0.868286
vt 0.658203 0.867065
vt 0.520020 0.871948
vt 0.520508 0.876404
vt 0.521973 0.876404
vt 0.526855 0.872437
vt 0.526855 0.871704
vt 0.521973 0.872192
vt 0.963379 0.919128
vt 0.963867 0.840454
vt 0.961426 0.839844
vt 0.520996 0.170410
vt 0.523926 0.170410
vt 0.523438 0.097656
vt 0.434570 0.179688
vt 0.437500 0.179688
vt 0.437500 0.107910
vt 0.982422 0.958893
vt 0.979492 0.959106
vt 0.980957 0.998733
vt 0.903809 0.287598
vt 0.906738 0.287598
vt 0.905273 0.248047
vt 0.364502 0.410645
vt 0.358887 0.410645
vt 0.358887 0.578613
vt 0.166992 0.411133
vt 0.160278 0.412598
vt 0.160278 0.578857
vt 0.551270 0.260742
vt 0.551270 0.473633
vt 0.552246 0.473633
vt 0.957031 0.528564
vt 0.957520 0.501709
vt 0.955078 0.502441
vt 0.398926 0.110840
vt 0.400146 0.084961
vt 0.398193 0.083984
vt 0.184448 0.364746
vt 0.184448 0.577637
vt 0.190063 0.578125
vt 0.474609 0.504883
vt 0.474609 0.717529
vt 0.481445 0.718750
vt 0.480957 0.330078
vt 0.479736 0.330078
vt 0.479736 0.498535
vt 0.160278 0.578857
vt 0.165649 0.579102
vt 0.166992 0.411133
vt 0.165405 0.579102
vt 0.167236 0.579102
vt 0.166870 0.411133
vt 0.481445 0.718750
vt 0.480713 0.503662
vt 0.474609 0.504883
vt 0.358887 0.578613
vt 0.364502 0.578857
vt 0.364502 0.410645
vt 0.552246 0.473633
vt 0.552246 0.260742
vt 0.551270 0.260742
vt 0.190063 0.578125
vt 0.190063 0.365234
vt 0.184448 0.364746
vt 0.479736 0.498535
vt 0.480957 0.498535
vt 0.480957 0.330078
vt 0.929688 0.868774
vt 0.928223 0.906433
vt 0.931152 0.906494
vt 0.224121 0.246582
vt 0.222778 0.283691
vt 0.225830 0.283691
vt 0.959473 0.773804
vt 0.959473 0.686523
vt 0.957520 0.686035
vt 0.942871 0.204102
vt 0.940918 0.291992
vt 0.942871 0.291504
vt 0.961426 0.625000
vt 0.963867 0.624268
vt 0.963867 0.545166
vt 0.043243 0.099121
vt 0.040527 0.098145
vt 0.042664 0.177734
vt 0.969238 0.705811
vt 0.968262 0.775635
vt 0.971191 0.775269
vt 0.375732 0.106445
vt 0.375488 0.174805
vt 0.378662 0.175293
vt 0.914062 0.512939
vt 0.910645 0.513916
vt 0.914551 0.513428
vt 0.914551 0.513428
vt 0.914551 0.509766
vt 0.914062 0.512939
vt 0.437500 0.107910
vt 0.434570 0.106934
vt 0.434570 0.179688
vt 0.523438 0.097656
vt 0.520996 0.098633
vt 0.520996 0.170410
vt 0.327881 0.417969
vt 0.328125 0.290039
vt 0.324951 0.291504
vt 0.610352 0.863159
vt 0.610352 0.868408
vt 0.610840 0.868286
vt 0.605469 0.862305
vt 0.605469 0.863403
vt 0.610352 0.863159
vt 0.610352 0.863159
vt 0.610840 0.861816
vt 0.605469 0.862305
vt 0.610840 0.868286
vt 0.610840 0.862061
vt 0.610352 0.863159
vt 0.405518 0.461426
vt 0.405273 0.577393
vt 0.409180 0.578613
vt 0.012756 0.324707
vt 0.009315 0.323730
vt 0.009346 0.451172
vt 0.092957 0.578613
vt 0.096863 0.577393
vt 0.096619 0.461914
vt 0.524902 0.327637
vt 0.524902 0.338867
vt 0.525879 0.338867
vt 0.236938 0.259766
vt 0.237549 0.259766
vt 0.237915 0.132324
vt 0.027618 0.421875
vt 0.027756 0.294434
vt 0.027100 0.294434
vt 0.525879 0.338867
vt 0.525879 0.327637
vt 0.524902 0.327637
vt 0.409180 0.578613
vt 0.408936 0.451172
vt 0.405518 0.461426
vt 0.324951 0.291504
vt 0.324463 0.407227
vt 0.327881 0.417969
vt 0.096619 0.461914
vt 0.092896 0.451172
vt 0.092957 0.578613
vt 0.009346 0.451172
vt 0.013145 0.440430
vt 0.012756 0.324707
vt 0.551270 0.229492
vt 0.551270 0.257324
vt 0.552246 0.257324
vt 0.552246 0.257324
vt 0.552246 0.229492
vt 0.551270 0.229492
vt 0.060669 0.338867
vt 0.048553 0.338867
vt 0.048553 0.366211
vt 0.241577 0.243164
vt 0.241577 0.270996
vt 0.253662 0.270996
vt 0.888184 0.164062
vt 0.888184 0.175293
vt 0.889648 0.175293
vt 0.048553 0.366211
vt 0.060669 0.366211
vt 0.060669 0.338867
vt 0.253662 0.270996
vt 0.253662 0.243164
vt 0.241577 0.243164
vt 0.520020 0.871216
vt 0.521484 0.872314
vt 0.521484 0.870850
vt 0.526855 0.870850
vt 0.521484 0.870850
vt 0.521484 0.872314
vt 0.944336 0.778931
vt 0.944336 0.751221
vt 0.942871 0.751221
vt 0.520020 0.871216
vt 0.521484 0.870850
vt 0.521973 0.866455
vt 0.521973 0.866455
vt 0.520508 0.866455
vt 0.520020 0.871216
vt 0.942871 0.751221
vt 0.942871 0.778931
vt 0.944336 0.778931
vt 0.889648 0.175293
vt 0.889648 0.164062
vt 0.888184 0.164062
vt 0.916992 0.641602
vt 0.911621 0.639404
vt 0.911621 0.639893
vt 0.915527 0.636230
vt 0.914551 0.636230
vt 0.916992 0.641602
vt 0.521484 0.872314
vt 0.526855 0.871582
vt 0.526855 0.870850
vt 0.238037 0.385742
vt 0.237549 0.259766
vt 0.236938 0.259766
vt 0.915039 0.873291
vt 0.914551 0.870605
vt 0.914551 0.873901
vt 0.917969 0.874023
vt 0.915039 0.873291
vt 0.914551 0.873901
vt 0.096619 0.461914
vt 0.096924 0.325684
vt 0.093018 0.326172
vt 0.009346 0.451172
vt 0.009331 0.575928
vt 0.012756 0.577393
vt 0.409180 0.325195
vt 0.405518 0.325684
vt 0.405518 0.461426
vt 0.324951 0.544189
vt 0.328125 0.543701
vt 0.327881 0.417969
vt 0.971191 0.775269
vt 0.971191 0.706787
vt 0.969238 0.705811
vt 0.378662 0.175293
vt 0.378662 0.105469
vt 0.375732 0.106445
vt 0.027100 0.294434
vt 0.027756 0.294434
vt 0.027618 0.169434
vt 0.405518 0.461426
vt 0.408936 0.451172
vt 0.409180 0.325195
vt 0.327881 0.417969
vt 0.324463 0.407227
vt 0.324951 0.544189
vt 0.012756 0.577393
vt 0.013145 0.440430
vt 0.009346 0.451172
vt 0.093018 0.326172
vt 0.092896 0.451172
vt 0.096619 0.461914
vt 0.349854 0.165039
vt 0.352539 0.166016
vt 0.351318 0.103027
vt 0.970703 0.704834
vt 0.973145 0.703857
vt 0.972168 0.642090
vt 0.840332 0.495605
vt 0.839355 0.495605
vt 0.838379 0.614014
vt 0.148438 0.340820
vt 0.144653 0.340820
vt 0.143433 0.459961
vt 0.908691 0.370605
vt 0.909180 0.370117
vt 0.904785 0.371094
vt 0.908691 0.370605
vt 0.908691 0.373535
vt 0.909180 0.373535
vt 0.909180 0.370117
vt 0.908691 0.370605
vt 0.909180 0.373535
vt 0.420410 0.459473
vt 0.421387 0.340820
vt 0.418213 0.340820
vt 0.543457 0.717285
vt 0.547852 0.718506
vt 0.546387 0.599854
vt 0.128784 0.461426
vt 0.125854 0.578857
vt 0.129639 0.577637
vt 0.772949 0.874023
vt 0.776367 0.874634
vt 0.775879 0.873535
vt 0.079773 0.410645
vt 0.079773 0.277832
vt 0.079224 0.278320
vt 0.814941 0.998016
vt 0.818359 0.998018
vt 0.818359 0.865845
vt 0.788574 0.999121
vt 0.788574 0.865967
vt 0.784668 0.865601
vt 0.845703 0.235840
vt 0.845703 0.368164
vt 0.849121 0.367676
vt 0.694336 0.998272
vt 0.698242 0.998323
vt 0.694336 0.866211
vt 0.738770 0.884583
vt 0.739258 0.881104
vt 0.738770 0.880615
vt 0.559082 0.880920
vt 0.555664 0.880615
vt 0.555664 0.881165
vt 0.946777 0.906555
vt 0.948242 0.868652
vt 0.945312 0.868896
vt 0.220703 0.121582
vt 0.221680 0.083984
vt 0.218994 0.083496
vt 0.202271 0.166992
vt 0.203491 0.102539
vt 0.200806 0.104004
vt 0.147095 0.096191
vt 0.146118 0.159668
vt 0.148682 0.160645
vt 0.838379 0.614014
vt 0.839355 0.732422
vt 0.840332 0.732422
vt 0.143433 0.459961
vt 0.144775 0.578125
vt 0.148560 0.576904
vt 0.417969 0.576904
vt 0.421387 0.577637
vt 0.420410 0.459473
vt 0.129639 0.340820
vt 0.126221 0.341797
vt 0.128784 0.461426
vt 0.546387 0.599854
vt 0.547363 0.480957
vt 0.543457 0.479980
vt 0.494629 0.500000
vt 0.499756 0.498535
vt 0.499756 0.359375
vt 0.403564 0.266113
vt 0.399414 0.264160
vt 0.399658 0.405273
vt 0.725586 0.880493
vt 0.725098 0.997623
vt 0.729492 0.998234
vt 0.545898 0.996624
vt 0.545898 0.879944
vt 0.540527 0.881042
vt 0.543457 0.479980
vt 0.541992 0.598145
vt 0.546387 0.599854
vt 0.840332 0.732422
vt 0.838867 0.611572
vt 0.838379 0.614014
vt 0.148560 0.576904
vt 0.147217 0.459473
vt 0.143433 0.459961
vt 0.420410 0.459473
vt 0.417480 0.459473
vt 0.417969 0.576904
vt 0.125000 0.460449
vt 0.128784 0.461426
vt 0.126221 0.341797
vt 0.776855 0.869507
vt 0.775879 0.869507
vt 0.775879 0.873535
vt 0.775879 0.873535
vt 0.776367 0.874390
vt 0.776855 0.869507
vt 0.982422 0.809448
vt 0.981934 0.691162
vt 0.980957 0.691162
vt 0.784668 0.865601
vt 0.784668 0.997742
vt 0.788574 0.999121
vt 0.698242 0.865845
vt 0.694336 0.866211
vt 0.698242 0.998323
vt 0.775879 0.873535
vt 0.772949 0.873291
vt 0.772949 0.874023
vt 0.818359 0.865845
vt 0.814941 0.865845
vt 0.814941 0.998016
vt 0.079224 0.278320
vt 0.079224 0.410645
vt 0.079773 0.410645
vt 0.403564 0.405762
vt 0.404541 0.405762
vt 0.405029 0.265625
vt 0.540527 0.881042
vt 0.541016 0.998233
vt 0.545898 0.996624
vt 0.729492 0.998234
vt 0.729492 0.881104
vt 0.725586 0.880493
vt 0.399658 0.405273
vt 0.403564 0.405762
vt 0.403564 0.266113
vt 0.939941 0.668213
vt 0.942871 0.668457
vt 0.941406 0.630615
vt 0.299316 0.083984
vt 0.296631 0.083984
vt 0.297852 0.122070
vt 0.825195 0.876892
vt 0.823730 0.998644
vt 0.829590 0.998288
vt 0.703125 0.998383
vt 0.703613 0.876465
vt 0.697754 0.876099
vt 0.499756 0.359375
vt 0.494873 0.358887
vt 0.494629 0.500000
vt 0.742676 0.880981
vt 0.742676 0.880432
vt 0.738770 0.880493
vt 0.738770 0.880493
vt 0.739258 0.881104
vt 0.742676 0.880981
vt 0.719238 0.881104
vt 0.719727 0.877258
vt 0.719238 0.877563
vt 0.910156 0.374512
vt 0.913574 0.373535
vt 0.909180 0.374023
vt 0.909180 0.374023
vt 0.909180 0.377441
vt 0.910156 0.377441
vt 0.910156 0.377441
vt 0.910156 0.374512
vt 0.909180 0.374023
vt 0.125854 0.578857
vt 0.128784 0.461426
vt 0.125000 0.460449
vt 0.418213 0.340820
vt 0.417480 0.459473
vt 0.420410 0.459473
vt 0.143433 0.459961
vt 0.147217 0.459473
vt 0.148438 0.340820
vt 0.838379 0.614014
vt 0.838867 0.611572
vt 0.840332 0.495605
vt 0.546387 0.599854
vt 0.541992 0.598145
vt 0.543457 0.717285
vt 0.096741 0.281738
vt 0.100220 0.282715
vt 0.100891 0.282227
vt 0.100891 0.282227
vt 0.100220 0.282715
vt 0.101196 0.287109
vt 0.716309 0.876892
vt 0.716309 0.877441
vt 0.719238 0.877563
vt 0.914551 0.509766
vt 0.914062 0.509033
vt 0.909668 0.509277
vt 0.915039 0.505859
vt 0.914062 0.509033
vt 0.914551 0.509766
vt 0.963867 0.470215
vt 0.962891 0.543701
vt 0.966309 0.543945
vt 0.057709 0.185059
vt 0.057953 0.113281
vt 0.054596 0.113281
vt 0.323975 0.095215
vt 0.320801 0.095215
vt 0.323242 0.159180
vt 0.844727 0.103516
vt 0.841797 0.103516
vt 0.841797 0.167480
vt 0.372314 0.544678
vt 0.375977 0.544189
vt 0.375732 0.431152
vt 0.470947 0.383789
vt 0.472168 0.268555
vt 0.467773 0.270020
vt 0.295166 0.433594
vt 0.291504 0.544189
vt 0.296387 0.546387
vt 0.413330 0.351562
vt 0.409180 0.351562
vt 0.409180 0.464844
vt 0.968262 0.541260
vt 0.967773 0.428223
vt 0.966797 0.428223
vt 0.045502 0.158691
vt 0.048035 0.158203
vt 0.047913 0.104492
vt 0.095093 0.094238
vt 0.092590 0.094238
vt 0.092834 0.148438
vt 0.409180 0.464844
vt 0.413086 0.464355
vt 0.413330 0.351562
vt 0.971680 0.822388
vt 0.971191 0.825073
vt 0.970703 0.937592
vt 0.132568 0.090332
vt 0.130615 0.144531
vt 0.133301 0.144043
vt 0.086060 0.149902
vt 0.088379 0.096191
vt 0.085632 0.095703
vt 0.467773 0.270020
vt 0.467773 0.383789
vt 0.470947 0.383789
vt 0.413330 0.578613
vt 0.413086 0.464355
vt 0.409180 0.464844
vt 0.291504 0.544189
vt 0.295166 0.433594
vt 0.291504 0.430664
vt 0.375732 0.431152
vt 0.372314 0.431152
vt 0.372314 0.544678
vt 0.599121 0.879028
vt 0.600098 0.879028
vt 0.600098 0.862305
vt 0.966309 0.543945
vt 0.966309 0.471680
vt 0.963867 0.470215
vt 0.054596 0.113281
vt 0.054535 0.187012
vt 0.057709 0.185059
vt 0.600098 0.862305
vt 0.599121 0.862305
vt 0.599121 0.879028
vt 0.356445 0.354980
vt 0.357178 0.354980
vt 0.357910 0.262207
vt 0.352783 0.358887
vt 0.356934 0.357422
vt 0.357666 0.264648
vt 0.835938 0.997860
vt 0.835938 0.876648
vt 0.832520 0.876953
vt 0.707520 0.998087
vt 0.711914 0.877075
vt 0.707520 0.876526
vt 0.320557 0.357910
vt 0.325439 0.359375
vt 0.324951 0.266602
vt 0.970703 0.708496
vt 0.971191 0.825073
vt 0.971680 0.822388
vt 0.470947 0.383789
vt 0.467773 0.383789
vt 0.467773 0.497559
vt 0.291504 0.430664
vt 0.295166 0.433594
vt 0.291504 0.317383
vt 0.372314 0.317871
vt 0.372314 0.431152
vt 0.375732 0.431152
vt 0.352539 0.357422
vt 0.357666 0.357910
vt 0.356934 0.357422
vt 0.431641 0.093750
vt 0.430664 0.093750
vt 0.430664 0.121582
vt 0.028183 0.286133
vt 0.028183 0.313965
vt 0.045898 0.313965
vt 0.064148 0.286133
vt 0.046448 0.286133
vt 0.046448 0.313965
vt 0.430664 0.121582
vt 0.431641 0.121582
vt 0.431641 0.093750
vt 0.190063 0.344727
vt 0.189087 0.344727
vt 0.189087 0.361328
vt 0.966797 0.428223
vt 0.967773 0.428223
vt 0.968262 0.313477
vt 0.310303 0.163574
vt 0.311279 0.097656
vt 0.308838 0.099609
vt 0.262451 0.168457
vt 0.263672 0.104492
vt 0.260986 0.102539
vt 0.375732 0.431152
vt 0.375977 0.316895
vt 0.372314 0.317871
vt 0.467773 0.497559
vt 0.472168 0.498047
vt 0.470947 0.383789
vt 0.296387 0.316895
vt 0.291504 0.317383
vt 0.295166 0.433594
vt 0.409180 0.464844
vt 0.409180 0.578125
vt 0.413330 0.578613
vt 0.923828 0.549072
vt 0.919434 0.548096
vt 0.918945 0.548828
vt 0.918945 0.548828
vt 0.919434 0.548096
vt 0.918457 0.544922
vt 0.321533 0.262207
vt 0.320801 0.262207
vt 0.320068 0.265137
vt 0.320068 0.265137
vt 0.321045 0.264648
vt 0.321533 0.262207
vt 0.324951 0.265625
vt 0.321045 0.264648
vt 0.320068 0.265137
vt 0.207153 0.406738
vt 0.211426 0.407715
vt 0.211182 0.267578
vt 0.189087 0.361328
vt 0.190063 0.361328
vt 0.190063 0.344727
vt 0.051941 0.185059
vt 0.055145 0.185059
vt 0.054749 0.111816
vt 0.963379 0.918640
vt 0.966797 0.918701
vt 0.964355 0.845337
vt 0.969238 0.939545
vt 0.968262 0.999331
vt 0.971680 0.999099
vt 0.179199 0.161621
vt 0.179443 0.102539
vt 0.176270 0.102539
vt 0.176270 0.102539
vt 0.176147 0.162109
vt 0.179199 0.161621
vt 0.971680 0.999099
vt 0.971680 0.940094
vt 0.969238 0.939545
vt 0.590820 0.863037
vt 0.594238 0.863525
vt 0.595215 0.862671
vt 0.911621 0.502686
vt 0.911133 0.501953
vt 0.911133 0.505859
vt 0.911133 0.501953
vt 0.911621 0.502686
vt 0.914551 0.501953
vt 0.357666 0.264648
vt 0.353516 0.265625
vt 0.352783 0.358887
vt 0.088379 0.096191
vt 0.086060 0.149902
vt 0.087585 0.149902
vt 0.092834 0.148438
vt 0.095093 0.148438
vt 0.095093 0.094238
vt 0.047913 0.104492
vt 0.045380 0.104492
vt 0.045502 0.158691
vt 0.357910 0.262207
vt 0.357178 0.262207
vt 0.356445 0.354980
vt 0.832520 0.876953
vt 0.832520 0.998177
vt 0.835938 0.997860
vt 0.711914 0.877075
vt 0.707520 0.998087
vt 0.711914 0.998177
vt 0.324951 0.266602
vt 0.320312 0.264648
vt 0.320557 0.357910
vt 0.927246 0.776123
vt 0.928711 0.773926
vt 0.927246 0.773682
vt 0.911621 0.502686
vt 0.914551 0.502686
vt 0.914551 0.501953
vt 0.357178 0.354980
vt 0.356934 0.357422
vt 0.357666 0.357910
vt 0.357178 0.354980
vt 0.356445 0.354980
vt 0.356934 0.357422
vt 0.046448 0.313965
vt 0.064148 0.313965
vt 0.064148 0.286133
vt 0.045898 0.313965
vt 0.045898 0.286133
vt 0.028183 0.286133
vt 0.911133 0.505859
vt 0.911621 0.505859
vt 0.911621 0.502686
vt 0.433838 0.121582
vt 0.434814 0.121582
vt 0.434814 0.093750
vt 0.434814 0.093750
vt 0.433838 0.093750
vt 0.433838 0.121582
vt 0.110291 0.123047
vt 0.111450 0.085449
vt 0.108582 0.084961
vt 0.808105 0.861328
vt 0.806641 0.899475
vt 0.809570 0.898743
vt 0.617676 0.868408
vt 0.621094 0.866943
vt 0.616699 0.867310
vt 0.621094 0.866943
vt 0.617676 0.868408
vt 0.622070 0.868042
vt 0.886719 0.755371
vt 0.887695 0.755371
vt 0.887695 0.744141
vt 0.849121 0.367676
vt 0.849121 0.234863
vt 0.845703 0.235840
vt 0.621094 0.861694
vt 0.621094 0.866943
vt 0.622070 0.868042
vt 0.622070 0.868042
vt 0.622070 0.861694
vt 0.621094 0.861694
vt 0.899414 0.888977
vt 0.900391 0.888977
vt 0.900391 0.877686
vt 0.879395 0.525879
vt 0.880371 0.525879
vt 0.880371 0.498047
vt 0.296875 0.231934
vt 0.296875 0.259766
vt 0.309082 0.259766
vt 0.401611 0.234863
vt 0.389404 0.234863
vt 0.389404 0.262695
vt 0.880371 0.498047
vt 0.879395 0.498047
vt 0.879395 0.525879
vt 0.887695 0.744141
vt 0.886719 0.744141
vt 0.886719 0.755371
vt 0.974121 0.370605
vt 0.972656 0.428223
vt 0.975098 0.429688
vt 0.549805 0.157715
vt 0.549805 0.098633
vt 0.547363 0.100098
vt 0.253906 0.194336
vt 0.253906 0.407715
vt 0.254883 0.407715
vt 0.111084 0.578857
vt 0.117920 0.580322
vt 0.111084 0.423340
vt 0.005695 0.421875
vt 0.000084 0.421875
vt 0.000084 0.578857
vt 0.488281 0.507812
vt 0.488281 0.719727
vt 0.494873 0.717773
vt 0.468018 0.202637
vt 0.467773 0.109375
vt 0.465576 0.107910
vt 0.858398 0.155762
vt 0.858398 0.249512
vt 0.861328 0.248047
vt 0.218262 0.407715
vt 0.219482 0.406738
vt 0.219482 0.250000
vt 0.520996 0.503906
vt 0.520996 0.717285
vt 0.526367 0.717529
vt 0.861328 0.248047
vt 0.861816 0.154785
vt 0.858398 0.155762
vt 0.465576 0.107910
vt 0.464844 0.202148
vt 0.468018 0.202637
vt 0.306152 0.180664
vt 0.308105 0.108398
vt 0.305664 0.109863
vt 0.969238 0.545410
vt 0.969727 0.474609
vt 0.967285 0.473145
vt 0.213257 0.314941
vt 0.210571 0.315430
vt 0.212646 0.409668
vt 0.955566 0.682129
vt 0.952637 0.681885
vt 0.953125 0.776245
vt 0.254883 0.407715
vt 0.254883 0.195801
vt 0.253906 0.194336
vt 0.000084 0.578857
vt 0.005695 0.578857
vt 0.005695 0.421875
vt 0.594238 0.863525
vt 0.595215 0.867554
vt 0.595215 0.862671
vt 0.219482 0.250000
vt 0.218262 0.250000
vt 0.218262 0.407715
vt 0.117920 0.424805
vt 0.111084 0.423340
vt 0.117920 0.580322
vt 0.526367 0.717529
vt 0.526367 0.504395
vt 0.520996 0.503906
vt 0.494873 0.717773
vt 0.494873 0.503906
vt 0.488281 0.507812
vt 0.295410 0.118164
vt 0.296875 0.091309
vt 0.294922 0.092285
vt 0.214600 0.112305
vt 0.214966 0.086426
vt 0.212891 0.085449
vt 0.454590 0.084961
vt 0.453613 0.122070
vt 0.456299 0.123047
vt 0.939453 0.501465
vt 0.938477 0.539551
vt 0.941406 0.539062
vt 0.508301 0.862061
vt 0.508301 0.867188
vt 0.509277 0.867310
vt 0.509766 0.861206
vt 0.508301 0.862061
vt 0.509277 0.867310
vt 0.503906 0.860596
vt 0.503906 0.861694
vt 0.508301 0.862061
vt 0.508301 0.862061
vt 0.509766 0.861206
vt 0.503906 0.860596
vt 0.664551 0.013672
vt 0.651367 0.015625
vt 0.654785 0.572754
vt 0.418213 0.096680
vt 0.416748 0.152344
vt 0.418945 0.153809
vt 0.531738 0.357910
vt 0.526367 0.359863
vt 0.526367 0.500732
vt 0.561035 0.999592
vt 0.561035 0.886841
vt 0.555176 0.887146
vt 0.738770 0.886047
vt 0.738281 0.997309
vt 0.743164 0.998316
vt 0.901367 0.159668
vt 0.901855 0.103027
vt 0.898926 0.104004
vt 0.520020 0.498535
vt 0.520996 0.499512
vt 0.521484 0.359863
vt 0.555176 0.887146
vt 0.555664 0.998911
vt 0.561035 0.999592
vt 0.743164 0.998316
vt 0.743164 0.886108
vt 0.738770 0.886047
vt 0.211182 0.267578
vt 0.207153 0.267090
vt 0.207153 0.406738
vt 0.526367 0.500732
vt 0.531738 0.498535
vt 0.531738 0.357910
vt 0.359131 0.375488
vt 0.358643 0.262695
vt 0.357910 0.262695
vt 0.107178 0.286621
vt 0.107849 0.286621
vt 0.107849 0.282715
vt 0.107178 0.286621
vt 0.107849 0.282715
vt 0.106995 0.281738
vt 0.110840 0.281738
vt 0.107056 0.281738
vt 0.107849 0.282715
vt 0.107849 0.282715
vt 0.110840 0.282715
vt 0.110840 0.281738
vt 0.409424 0.166016
vt 0.410400 0.166016
vt 0.410400 0.138184
vt 0.389404 0.262695
vt 0.401611 0.262695
vt 0.401611 0.234863
vt 0.309082 0.259766
vt 0.309082 0.231934
vt 0.296875 0.231934
vt 0.410400 0.138184
vt 0.409424 0.138184
vt 0.409424 0.166016
vt 0.900391 0.877686
vt 0.899414 0.877686
vt 0.899414 0.888977
vt 0.520020 0.339844
vt 0.520020 0.356445
vt 0.520996 0.356445
vt 0.299072 0.094238
vt 0.299072 0.122070
vt 0.300049 0.122070
vt 0.347656 0.328125
vt 0.347656 0.300293
vt 0.329834 0.300293
vt 0.300049 0.122070
vt 0.300049 0.094238
vt 0.299072 0.094238
vt 0.536133 0.260254
vt 0.536621 0.259766
vt 0.531738 0.259766
vt 0.536621 0.259766
vt 0.536133 0.260254
vt 0.536621 0.262695
vt 0.716309 0.876892
vt 0.719238 0.877563
vt 0.719727 0.877258
vt 0.097351 0.319336
vt 0.097229 0.221191
vt 0.092896 0.221680
vt 0.659180 0.873169
vt 0.654297 0.872559
vt 0.659180 0.997955
vt 0.847168 0.610840
vt 0.846680 0.610596
vt 0.843750 0.611328
vt 0.846680 0.610596
vt 0.843750 0.610596
vt 0.843750 0.611328
vt 0.795898 0.997814
vt 0.799316 0.998127
vt 0.799316 0.873535
vt 0.102539 0.090332
vt 0.102539 0.187988
vt 0.103210 0.187988
vt 0.348389 0.279297
vt 0.348145 0.376465
vt 0.353027 0.376465
vt 0.545410 0.149414
vt 0.546875 0.095215
vt 0.544922 0.094238
vt 0.527344 0.260254
vt 0.526855 0.352051
vt 0.531738 0.353027
vt 0.536133 0.260254
vt 0.535645 0.262207
vt 0.536621 0.262695
vt 0.531738 0.260254
vt 0.532715 0.353516
vt 0.536621 0.352539
vt 0.378906 0.105469
vt 0.378662 0.160645
vt 0.381592 0.159180
vt 0.843750 0.866455
vt 0.846191 0.866455
vt 0.847168 0.865723
vt 0.847168 0.865723
vt 0.843750 0.865723
vt 0.843750 0.866455
vt 0.847168 0.865845
vt 0.846191 0.866455
vt 0.847168 0.870483
vt 0.254395 0.119141
vt 0.251953 0.117676
vt 0.253906 0.190430
vt 0.961426 0.303223
vt 0.963867 0.301758
vt 0.963867 0.230469
vt 0.799316 0.998372
vt 0.803223 0.997778
vt 0.803223 0.874390
vt 0.320068 0.376953
vt 0.319092 0.274902
vt 0.314941 0.275391
vt 0.672852 0.874146
vt 0.668945 0.873535
vt 0.667969 0.999096
vt 0.846680 0.610596
vt 0.847168 0.610840
vt 0.846680 0.606445
vt 0.479004 0.218750
vt 0.479248 0.319336
vt 0.483154 0.319824
vt 0.483398 0.095215
vt 0.483154 0.149414
vt 0.485596 0.150391
vt 0.287598 0.104004
vt 0.285889 0.159180
vt 0.288330 0.158691
vt 0.829102 0.997862
vt 0.832520 0.998176
vt 0.832520 0.876892
vt 0.531738 0.353027
vt 0.532227 0.260254
vt 0.527344 0.260254
vt 0.536621 0.352539
vt 0.536133 0.260254
vt 0.531738 0.260254
vt 0.707520 0.876526
vt 0.703125 0.877075
vt 0.707520 0.997860
vt 0.535645 0.262207
vt 0.536133 0.354980
vt 0.537109 0.354980
vt 0.943848 0.922180
vt 0.945801 0.868652
vt 0.943359 0.869507
vt 0.491943 0.096680
vt 0.491699 0.149414
vt 0.493896 0.149902
vt 0.799316 0.873535
vt 0.795898 0.873291
vt 0.795898 0.997814
vt 0.353027 0.376465
vt 0.353271 0.278320
vt 0.348389 0.279297
vt 0.092896 0.221680
vt 0.092896 0.319336
vt 0.097351 0.319336
vt 0.103210 0.187988
vt 0.103210 0.089844
vt 0.102539 0.090332
vt 0.654297 0.996532
vt 0.659180 0.997955
vt 0.654297 0.872559
vt 0.526855 0.352051
vt 0.527344 0.354980
vt 0.528320 0.354980
vt 0.528320 0.354980
vt 0.527832 0.352539
vt 0.526855 0.352051
vt 0.526855 0.352051
vt 0.527832 0.352539
vt 0.531738 0.351562
vt 0.832520 0.876892
vt 0.829102 0.876587
vt 0.829102 0.997862
vt 0.703125 0.997787
vt 0.707520 0.997860
vt 0.703125 0.877075
vt 0.537109 0.354980
vt 0.536621 0.262207
vt 0.535645 0.262207
vt 0.962891 0.196289
vt 0.965332 0.195801
vt 0.964844 0.125488
vt 0.156494 0.185059
vt 0.159058 0.185547
vt 0.156982 0.114746
vt 0.941895 0.501221
vt 0.940918 0.539307
vt 0.943848 0.538818
vt 0.432861 0.121094
vt 0.433838 0.083496
vt 0.431152 0.083008
vt 0.483154 0.319824
vt 0.484131 0.217773
vt 0.479004 0.218750
vt 0.314941 0.275391
vt 0.314941 0.375977
vt 0.320068 0.376953
vt 0.667969 0.999096
vt 0.672852 0.997627
vt 0.672852 0.874146
vt 0.803223 0.874390
vt 0.798340 0.872925
vt 0.799316 0.998372
vt 0.264893 0.250977
vt 0.260742 0.252930
vt 0.260986 0.389648
vt 0.520020 0.361328
vt 0.515137 0.359863
vt 0.515137 0.499023
vt 0.772949 0.881287
vt 0.772461 0.999011
vt 0.776855 0.998245
vt 0.595215 0.881836
vt 0.595215 0.997896
vt 0.600098 0.998889
vt 0.507812 0.499023
vt 0.506348 0.379395
vt 0.505859 0.380859
vt 0.190063 0.462402
vt 0.193726 0.460938
vt 0.191162 0.342285
vt 0.015762 0.459473
vt 0.012863 0.459473
vt 0.013199 0.576416
vt 0.153320 0.576416
vt 0.151855 0.459473
vt 0.148193 0.458008
vt 0.548828 0.480957
vt 0.547363 0.599854
vt 0.551758 0.602051
vt 0.728027 0.861206
vt 0.728027 0.877869
vt 0.728516 0.877869
vt 0.844238 0.860718
vt 0.843750 0.865601
vt 0.844238 0.864990
vt 0.112305 0.123535
vt 0.112305 0.095703
vt 0.111389 0.095703
vt 0.297119 0.356934
vt 0.314941 0.356934
vt 0.314941 0.329102
vt 0.526367 0.320801
vt 0.526367 0.292969
vt 0.508789 0.292969
vt 0.319092 0.263672
vt 0.318359 0.264160
vt 0.318848 0.268555
vt 0.111389 0.095703
vt 0.111389 0.123535
vt 0.112305 0.123535
vt 0.728516 0.861206
vt 0.728516 0.877869
vt 0.729492 0.877869
vt 0.729492 0.877869
vt 0.729492 0.861206
vt 0.728516 0.861206
vt 0.315186 0.263184
vt 0.318359 0.264160
vt 0.319092 0.263672
vt 0.416504 0.218750
vt 0.416504 0.246582
vt 0.417236 0.246582
vt 0.701660 0.863892
vt 0.701660 0.864258
vt 0.702148 0.860596
vt 0.701660 0.864258
vt 0.701660 0.863892
vt 0.698730 0.864502
vt 0.701660 0.863892
vt 0.698730 0.864014
vt 0.698730 0.864502
vt 0.508789 0.292969
vt 0.508789 0.320801
vt 0.526367 0.320801
vt 0.888672 0.097656
vt 0.887695 0.161133
vt 0.890137 0.161621
vt 0.862793 0.162109
vt 0.864258 0.098145
vt 0.861328 0.098633
vt 0.505859 0.380859
vt 0.507324 0.499023
vt 0.507812 0.499023
vt 0.194458 0.340820
vt 0.191162 0.342285
vt 0.193726 0.460938
vt 0.013199 0.576416
vt 0.016479 0.577637
vt 0.015762 0.459473
vt 0.148193 0.458008
vt 0.149536 0.577148
vt 0.153320 0.576416
vt 0.551758 0.602051
vt 0.552734 0.481934
vt 0.548828 0.480957
vt 0.724121 0.877075
vt 0.720703 0.876831
vt 0.720703 0.877380
vt 0.314941 0.329102
vt 0.297119 0.329102
vt 0.297119 0.356934
vt 0.844238 0.864990
vt 0.843750 0.865601
vt 0.847168 0.864380
vt 0.728516 0.877869
vt 0.728516 0.861206
vt 0.728027 0.861206
vt 0.417236 0.246582
vt 0.417236 0.218750
vt 0.416504 0.218750
vt 0.600098 0.998889
vt 0.600098 0.881042
vt 0.595215 0.881836
vt 0.970703 0.403809
vt 0.969727 0.403809
vt 0.969238 0.544922
vt 0.190674 0.157715
vt 0.191040 0.098633
vt 0.188232 0.099121
vt 0.974609 0.940582
vt 0.973145 0.999029
vt 0.975586 0.999672
vt 0.776855 0.998245
vt 0.776855 0.882202
vt 0.772949 0.881287
vt 0.260986 0.389648
vt 0.264893 0.390137
vt 0.264893 0.250977
vt 0.515137 0.499023
vt 0.520020 0.498047
vt 0.520020 0.361328
vt 0.982910 0.560547
vt 0.983398 0.675049
vt 0.983887 0.675049
vt 0.803223 0.862183
vt 0.806641 0.862427
vt 0.806641 0.861694
vt 0.802734 0.866211
vt 0.803223 0.866211
vt 0.803223 0.862183
vt 0.806641 0.861694
vt 0.802734 0.861328
vt 0.803223 0.862183
vt 0.803223 0.862183
vt 0.802734 0.861328
vt 0.802734 0.866211
vt 0.551758 0.602051
vt 0.547363 0.599854
vt 0.548828 0.718262
vt 0.148193 0.458008
vt 0.151855 0.459473
vt 0.153076 0.340820
vt 0.013573 0.340820
vt 0.012863 0.459473
vt 0.015762 0.459473
vt 0.190796 0.579590
vt 0.193726 0.460938
vt 0.190063 0.462402
vt 0.505859 0.380859
vt 0.506348 0.379395
vt 0.507812 0.262207
vt 0.548828 0.718262
vt 0.552734 0.718994
vt 0.551758 0.602051
vt 0.153076 0.340820
vt 0.149536 0.339844
vt 0.148193 0.458008
vt 0.015762 0.459473
vt 0.016479 0.340820
vt 0.013573 0.340820
vt 0.193726 0.460938
vt 0.190796 0.579590
vt 0.194458 0.577637
vt 0.507812 0.262207
vt 0.507324 0.262207
vt 0.505859 0.380859
vt 0.505859 0.166016
vt 0.508789 0.167480
vt 0.507324 0.103516
vt 0.942871 0.165527
vt 0.945312 0.164062
vt 0.944336 0.101562
vt 0.942871 0.870239
vt 0.939941 0.869751
vt 0.941406 0.907593
vt 0.427979 0.122070
vt 0.430664 0.121582
vt 0.429443 0.084473
vt 0.559570 0.884583
vt 0.560059 0.881287
vt 0.559570 0.880737
vt 0.559082 0.880493
vt 0.560059 0.881287
vt 0.562988 0.881165
vt 0.562988 0.881165
vt 0.562988 0.880615
vt 0.559082 0.880493
vt 0.188477 0.099121
vt 0.185669 0.098633
vt 0.186035 0.157715
vt 0.975586 0.508789
vt 0.973633 0.509277
vt 0.975098 0.567871
vt 0.847168 0.874512
vt 0.846191 0.874023
vt 0.843750 0.874512
vt 0.972168 0.570312
vt 0.971680 0.632568
vt 0.973633 0.632568
vt 0.180664 0.099121
vt 0.178955 0.161621
vt 0.181152 0.161621
vt 0.847656 0.870117
vt 0.846191 0.874023
vt 0.847168 0.874512
vt 0.973633 0.632568
vt 0.976074 0.633301
vt 0.975586 0.571045
vt 0.978027 0.810059
vt 0.979492 0.809448
vt 0.978516 0.747559
vt 0.971191 1.000208
vt 0.973633 0.999050
vt 0.972168 0.944183
vt 0.340820 0.145996
vt 0.342529 0.146484
vt 0.341309 0.090820
vt 0.984375 0.096680
vt 0.982422 0.097168
vt 0.982910 0.151855
vt 0.155029 0.115723
vt 0.152954 0.185059
vt 0.155518 0.185059
vt 0.963867 0.929382
vt 0.963867 0.998879
vt 0.966309 0.999036
vt 0.893066 0.747559
vt 0.894043 0.744141
vt 0.893066 0.743652
vt 0.893066 0.743652
vt 0.894043 0.744141
vt 0.896973 0.743408
vt 0.368408 0.103027
vt 0.365723 0.102051
vt 0.365967 0.158203
vt 0.807617 0.999113
vt 0.807129 0.874878
vt 0.803223 0.874390
vt 0.668457 0.997169
vt 0.668457 0.873535
vt 0.663574 0.874634
vt 0.393799 0.366211
vt 0.398438 0.364746
vt 0.398438 0.266602
vt 0.005840 0.318848
vt 0.010101 0.320801
vt 0.010277 0.221680
vt 0.968262 0.165039
vt 0.966797 0.229492
vt 0.969238 0.236816
vt 0.212646 0.177734
vt 0.213135 0.105957
vt 0.210327 0.113281
vt 0.464111 0.150879
vt 0.465820 0.099609
vt 0.463623 0.100098
vt 0.539551 0.093750
vt 0.539062 0.144531
vt 0.541504 0.145020
vt 0.663574 0.874634
vt 0.663086 0.999037
vt 0.668457 0.997169
vt 0.803223 0.874390
vt 0.803223 0.998138
vt 0.807617 0.999113
vt 0.010277 0.221680
vt 0.005840 0.220215
vt 0.005840 0.318848
vt 0.398438 0.266602
vt 0.393311 0.267090
vt 0.393799 0.366211
vt 0.959473 0.216797
vt 0.959473 0.381836
vt 0.960938 0.381836
vt 0.903809 0.999335
vt 0.903809 0.904053
vt 0.900391 0.903625
vt 0.286133 0.300293
vt 0.285645 0.204590
vt 0.281738 0.205078
vt 0.878906 0.642578
vt 0.875000 0.642334
vt 0.875000 0.737793
vt 0.181763 0.310059
vt 0.185791 0.310059
vt 0.186401 0.214355
vt 0.281738 0.205078
vt 0.281494 0.300293
vt 0.286133 0.300293
vt 0.900391 0.903625
vt 0.899414 0.999045
vt 0.903809 0.999335
vt 0.875000 0.737793
vt 0.879883 0.738037
vt 0.878906 0.642578
vt 0.186401 0.214355
vt 0.181519 0.214844
vt 0.181763 0.310059
vt 0.513184 0.376953
vt 0.515137 0.323242
vt 0.513184 0.323730
vt 0.340088 0.147461
vt 0.340332 0.094238
vt 0.338135 0.093750
vt 0.937988 0.120117
vt 0.938477 0.079590
vt 0.936523 0.080566
vt 0.990723 0.960114
vt 0.989746 0.999336
vt 0.991211 1.000274
vt 0.315430 0.163086
vt 0.314453 0.208496
vt 0.315918 0.209961
vt 0.985840 0.309570
vt 0.986328 0.262695
vt 0.984375 0.264160
vt 0.937988 0.310547
vt 0.935059 0.310547
vt 0.936523 0.383789
vt 0.073730 0.110840
vt 0.070679 0.110352
vt 0.072205 0.184082
vt 0.076172 0.184082
vt 0.078796 0.183594
vt 0.077087 0.118164
vt 0.969238 0.932861
vt 0.966797 0.932434
vt 0.967773 0.998035
vt 0.177490 0.217285
vt 0.178955 0.312500
vt 0.182251 0.311035
vt 0.538086 0.294434
vt 0.540527 0.295898
vt 0.542480 0.200684
vt 0.873047 0.373535
vt 0.873047 0.469238
vt 0.875977 0.470215
vt 0.900879 0.614746
vt 0.903320 0.613037
vt 0.902832 0.518311
vt 0.216431 0.112305
vt 0.211426 0.112305
vt 0.213989 0.185547
vt 0.965332 0.303711
vt 0.970215 0.303711
vt 0.967773 0.230469
vt 0.182251 0.311035
vt 0.182495 0.215332
vt 0.177490 0.217285
vt 0.875977 0.470215
vt 0.877930 0.375488
vt 0.873047 0.373535
vt 0.902832 0.518311
vt 0.898926 0.519531
vt 0.900879 0.614746
vt 0.542480 0.200684
vt 0.538574 0.199707
vt 0.538086 0.294434
vt 0.907227 0.259766
vt 0.906738 0.259766
vt 0.906738 0.287598
vt 0.906738 0.287598
vt 0.907227 0.287598
vt 0.907227 0.259766
vt 0.957520 0.149414
vt 0.958496 0.149414
vt 0.958496 0.125000
vt 0.486816 0.913635
vt 0.486816 0.885803
vt 0.461426 0.885803
vt 0.486816 0.914429
vt 0.461426 0.914429
vt 0.461426 0.942261
vt 0.958496 0.125000
vt 0.957520 0.125000
vt 0.957520 0.149414
vt 0.259766 0.170410
vt 0.260498 0.170410
vt 0.260498 0.145996
vt 0.249146 0.413574
vt 0.249146 0.577881
vt 0.255615 0.579590
vt 0.320312 0.545166
vt 0.320312 0.379395
vt 0.315186 0.380371
vt 0.461426 0.942261
vt 0.486816 0.942261
vt 0.486816 0.914429
vt 0.461426 0.885803
vt 0.461426 0.913635
vt 0.486816 0.913635
vt 0.590332 0.869629
vt 0.585938 0.869629
vt 0.585938 0.998074
vt 0.876465 0.476074
vt 0.871582 0.477051
vt 0.871582 0.478027
vt 0.871582 0.478027
vt 0.875977 0.477539
vt 0.876465 0.476074
vt 0.876465 0.476074
vt 0.875977 0.477539
vt 0.876953 0.481445
vt 0.260498 0.145996
vt 0.259766 0.145996
vt 0.259766 0.170410
vt 0.906250 0.656494
vt 0.907227 0.656494
vt 0.907227 0.628662
vt 0.907227 0.628662
vt 0.906250 0.628662
vt 0.906250 0.656494
vt 0.525879 0.327148
vt 0.525879 0.322266
vt 0.524902 0.322266
vt 0.524902 0.322266
vt 0.524902 0.326172
vt 0.525879 0.327148
vt 0.525879 0.327148
vt 0.524902 0.326172
vt 0.520508 0.327637
vt 0.503906 0.869385
vt 0.498779 0.869507
vt 0.498779 0.997797
vt 0.960449 0.832520
vt 0.960449 0.997522
vt 0.961426 0.997416
vt 0.255615 0.579590
vt 0.255371 0.414062
vt 0.249146 0.413574
vt 0.498779 0.997797
vt 0.503906 0.998069
vt 0.503906 0.869385
vt 0.315186 0.380371
vt 0.315186 0.545654
vt 0.320312 0.545166
vt 0.585938 0.998074
vt 0.590332 0.998055
vt 0.590332 0.869629
vt 0.976562 0.808105
vt 0.977051 0.808105
vt 0.977539 0.679199
vt 0.961426 0.997416
vt 0.961426 0.832397
vt 0.960449 0.832520
vt 0.061737 0.082520
vt 0.060272 0.111328
vt 0.063477 0.112305
vt 0.948730 0.501221
vt 0.946777 0.531250
vt 0.950195 0.530273
vt 0.622559 0.997963
vt 0.627441 0.998103
vt 0.627441 0.871704
vt 0.520020 0.869995
vt 0.514648 0.870483
vt 0.514648 0.998291
vt 0.219604 0.412598
vt 0.219604 0.577881
vt 0.225952 0.578613
vt 0.343506 0.545166
vt 0.343506 0.379883
vt 0.338379 0.380371
vt 0.960938 0.381836
vt 0.960938 0.216309
vt 0.959473 0.216797
vt 0.514648 0.998291
vt 0.520020 0.997931
vt 0.520020 0.869995
vt 0.627441 0.871704
vt 0.622559 0.871582
vt 0.622559 0.997963
vt 0.977051 0.513672
vt 0.976562 0.513672
vt 0.976074 0.639893
vt 0.338379 0.380371
vt 0.338379 0.545654
vt 0.343506 0.545166
vt 0.225952 0.578613
vt 0.225708 0.413086
vt 0.219604 0.412598
vt 0.868652 0.490723
vt 0.873535 0.491699
vt 0.873047 0.490723
vt 0.873047 0.490723
vt 0.873535 0.491699
vt 0.873535 0.486816
vt 0.873535 0.486816
vt 0.873047 0.486816
vt 0.873047 0.490723
vt 0.873047 0.490723
vt 0.868652 0.490234
vt 0.868652 0.490723
vt 0.649414 0.890137
vt 0.649414 0.885986
vt 0.648438 0.885925
vt 0.653320 0.891174
vt 0.653320 0.890442
vt 0.649414 0.890137
vt 0.649414 0.890137
vt 0.648438 0.890869
vt 0.653320 0.891174
vt 0.648438 0.885925
vt 0.648438 0.890869
vt 0.649414 0.890137
vt 0.751465 0.863403
vt 0.750488 0.863403
vt 0.750488 0.880066
vt 0.806641 0.871338
vt 0.806152 0.870483
vt 0.802734 0.870117
vt 0.802734 0.870117
vt 0.802734 0.870850
vt 0.806641 0.871338
vt 0.048370 0.374512
vt 0.047455 0.374512
vt 0.047455 0.401855
vt 0.806641 0.866089
vt 0.806152 0.870483
vt 0.806641 0.871216
vt 0.465820 0.358887
vt 0.460938 0.499023
vt 0.465820 0.499023
vt 0.483398 0.292969
vt 0.483398 0.320801
vt 0.501465 0.320801
vt 0.982910 0.692871
vt 0.981934 0.693115
vt 0.981934 0.808350
vt 0.388428 0.402344
vt 0.388428 0.262207
vt 0.384277 0.262695
vt 0.752441 0.882385
vt 0.747559 0.883789
vt 0.748047 0.998261
vt 0.571777 0.883667
vt 0.566406 0.881653
vt 0.566895 0.997311
vt 0.165894 0.345215
vt 0.165039 0.345215
vt 0.165039 0.361816
vt 0.047455 0.401855
vt 0.048370 0.401855
vt 0.048370 0.374512
vt 0.329834 0.356934
vt 0.347656 0.356934
vt 0.347656 0.329102
vt 0.975098 0.644775
vt 0.973145 0.645508
vt 0.973633 0.703125
vt 0.288818 0.158203
vt 0.291016 0.159180
vt 0.289307 0.100586
vt 0.389893 0.401855
vt 0.389404 0.262695
vt 0.388428 0.262695
vt 0.566895 0.997311
vt 0.571777 0.998260
vt 0.571777 0.883667
vt 0.165039 0.361816
vt 0.165894 0.361816
vt 0.165894 0.345215
vt 0.748047 0.998261
vt 0.752441 0.997583
vt 0.752441 0.882385
vt 0.460938 0.499023
vt 0.465820 0.358887
vt 0.460938 0.358887
vt 0.384277 0.262695
vt 0.384277 0.402344
vt 0.388428 0.402344
vt 0.981934 0.808350
vt 0.982910 0.808105
vt 0.982910 0.692871
vt 0.966797 0.776855
vt 0.965820 0.776855
vt 0.965820 0.804688
vt 0.347656 0.329102
vt 0.329834 0.329102
vt 0.329834 0.356934
vt 0.501465 0.320801
vt 0.501465 0.292969
vt 0.483398 0.292969
vt 0.827637 0.870972
vt 0.828613 0.866211
vt 0.828125 0.866699
vt 0.965820 0.804688
vt 0.966797 0.804688
vt 0.966797 0.776855
vt 0.750488 0.880066
vt 0.751465 0.880066
vt 0.751465 0.863403
vt 0.236694 0.289062
vt 0.231445 0.289551
vt 0.231812 0.389648
vt 0.156494 0.083496
vt 0.152466 0.084961
vt 0.154419 0.112793
vt 0.937012 0.625977
vt 0.933105 0.624512
vt 0.935059 0.654053
vt 0.599121 0.879028
vt 0.599121 0.862305
vt 0.598145 0.862305
vt 0.598145 0.862305
vt 0.598145 0.879028
vt 0.599121 0.879028
vt 0.864746 0.865234
vt 0.861816 0.864868
vt 0.860840 0.865356
vt 0.584961 0.862061
vt 0.584961 0.866211
vt 0.585938 0.866211
vt 0.585938 0.866211
vt 0.585449 0.861328
vt 0.584961 0.862061
vt 0.582031 0.861572
vt 0.582031 0.862305
vt 0.584961 0.862061
vt 0.582031 0.861572
vt 0.584961 0.862061
vt 0.585449 0.861328
vt 0.285889 0.089355
vt 0.284912 0.089844
vt 0.284668 0.203125
vt 0.479736 0.500732
vt 0.479492 0.359375
vt 0.474609 0.360840
vt 0.217407 0.406738
vt 0.217407 0.267090
vt 0.213379 0.267090
vt 0.431152 0.274414
vt 0.431885 0.415527
vt 0.432617 0.415527
vt 0.566406 0.888062
vt 0.561035 0.886230
vt 0.560547 0.999154
vt 0.743164 0.998317
vt 0.748047 0.998182
vt 0.748047 0.886047
vt 0.117065 0.093750
vt 0.114807 0.095703
vt 0.116333 0.150391
vt 0.957031 0.683350
vt 0.959961 0.685059
vt 0.959473 0.628418
vt 0.304199 0.094238
vt 0.304199 0.122070
vt 0.305176 0.122070
vt 0.305176 0.122070
vt 0.305176 0.094238
vt 0.304199 0.094238
vt 0.329834 0.300293
vt 0.329834 0.328125
vt 0.347656 0.328125
vt 0.297119 0.328125
vt 0.314941 0.328125
vt 0.314941 0.300293
vt 0.048309 0.374023
vt 0.048615 0.368652
vt 0.047668 0.373047
vt 0.047668 0.373047
vt 0.044250 0.374023
vt 0.048309 0.374023
vt 0.520996 0.356445
vt 0.520996 0.339844
vt 0.520020 0.339844
vt 0.213379 0.267090
vt 0.213135 0.409180
vt 0.217407 0.406738
vt 0.748047 0.886047
vt 0.743164 0.885254
vt 0.743164 0.998317
vt 0.560547 0.999154
vt 0.566406 0.998319
vt 0.566406 0.888062
vt 0.474609 0.360840
vt 0.474609 0.498535
vt 0.479736 0.500732
vt 0.301514 0.123047
vt 0.304443 0.122559
vt 0.303223 0.084961
vt 0.505859 0.257324
vt 0.508789 0.258301
vt 0.507324 0.220215
vt 0.314941 0.300293
vt 0.297119 0.300293
vt 0.297119 0.328125
vt 0.861816 0.864868
vt 0.861816 0.860718
vt 0.861328 0.860840
vt 0.861328 0.860840
vt 0.860840 0.865356
vt 0.861816 0.864868
vt 0.864746 0.865234
vt 0.864746 0.864502
vt 0.861816 0.864868
vt 0.933594 0.092285
vt 0.931641 0.091309
vt 0.933105 0.117676
vt 0.062164 0.111816
vt 0.064209 0.110840
vt 0.063904 0.085449
vt 0.840820 0.101074
vt 0.837891 0.100098
vt 0.839355 0.162598
vt 0.356934 0.158203
vt 0.359375 0.157227
vt 0.358398 0.095703
vt 0.961914 0.627441
vt 0.960938 0.700928
vt 0.964355 0.700684
vt 0.063538 0.185059
vt 0.063782 0.113281
vt 0.060455 0.112793
vt 0.169434 0.161621
vt 0.172485 0.161133
vt 0.172241 0.101562
vt 0.067505 0.096191
vt 0.064453 0.096191
vt 0.066895 0.156250
vt 0.917969 0.881409
vt 0.916992 0.884705
vt 0.917480 0.885315
vt 0.917480 0.885315
vt 0.916992 0.884705
vt 0.912109 0.884888
vt 0.368896 0.544678
vt 0.372559 0.544189
vt 0.372314 0.431152
vt 0.417480 0.351562
vt 0.413330 0.351562
vt 0.413330 0.464844
vt 0.291260 0.433105
vt 0.287842 0.544189
vt 0.292725 0.546387
vt 0.470947 0.383789
vt 0.469727 0.499023
vt 0.473877 0.497559
vt 0.060455 0.112793
vt 0.060364 0.186523
vt 0.063538 0.185059
vt 0.964355 0.700684
vt 0.964355 0.628418
vt 0.961914 0.627441
vt 0.531250 0.270996
vt 0.531738 0.383789
vt 0.532227 0.383789
vt 0.541992 0.602051
vt 0.542480 0.464355
vt 0.538574 0.466309
vt 0.368164 0.326172
vt 0.364746 0.324707
vt 0.364990 0.462402
vt 0.372314 0.431152
vt 0.368896 0.431152
vt 0.368896 0.544678
vt 0.413330 0.464844
vt 0.417236 0.464355
vt 0.417480 0.351562
vt 0.287842 0.544189
vt 0.291260 0.433105
vt 0.287598 0.430664
vt 0.473877 0.497559
vt 0.473877 0.383789
vt 0.470947 0.383789
vt 0.971191 0.516357
vt 0.971680 0.514404
vt 0.972168 0.401367
vt 0.701660 0.873901
vt 0.698730 0.873657
vt 0.698730 0.874390
vt 0.914551 0.632812
vt 0.915527 0.636230
vt 0.915527 0.632324
vt 0.698730 0.874390
vt 0.702637 0.874634
vt 0.701660 0.873901
vt 0.702637 0.869751
vt 0.701660 0.873901
vt 0.702637 0.874512
vt 0.702637 0.869751
vt 0.701660 0.869751
vt 0.701660 0.873901
vt 0.915527 0.632324
vt 0.911621 0.632324
vt 0.914551 0.632812
vt 0.358887 0.405762
vt 0.363037 0.405762
vt 0.362793 0.266113
vt 0.486572 0.358887
vt 0.481445 0.358887
vt 0.481445 0.500488
vt 0.682129 0.998205
vt 0.682129 0.880005
vt 0.677246 0.878540
vt 0.372314 0.431152
vt 0.372559 0.316895
vt 0.368896 0.317871
vt 0.413330 0.464844
vt 0.413330 0.578125
vt 0.417480 0.578613
vt 0.292725 0.316895
vt 0.287842 0.317383
vt 0.291260 0.433105
vt 0.473877 0.270020
vt 0.469727 0.270020
vt 0.470947 0.383789
vt 0.451904 0.111816
vt 0.450684 0.173828
vt 0.453369 0.170898
vt 0.964844 0.312500
vt 0.963867 0.371582
vt 0.966309 0.374023
vt 0.916992 0.370117
vt 0.916016 0.370605
vt 0.917480 0.374023
vt 0.912109 0.369629
vt 0.916016 0.370605
vt 0.916992 0.370117
vt 0.901855 0.106934
vt 0.901367 0.163086
vt 0.904297 0.161133
vt 0.419434 0.149902
vt 0.421143 0.095215
vt 0.418701 0.093750
vt 0.977539 0.247559
vt 0.978027 0.366699
vt 0.979004 0.366699
vt 0.677246 0.878540
vt 0.677246 0.998076
vt 0.682129 0.998205
vt 0.362793 0.266113
vt 0.358887 0.265625
vt 0.358887 0.405762
vt 0.525391 0.879822
vt 0.525391 0.998525
vt 0.530762 0.999339
vt 0.427002 0.275879
vt 0.426270 0.275391
vt 0.425781 0.414062
vt 0.481445 0.500488
vt 0.486328 0.498535
vt 0.486572 0.358887
vt 0.417480 0.578613
vt 0.417236 0.464355
vt 0.413330 0.464844
vt 0.532227 0.383789
vt 0.531738 0.383789
vt 0.531250 0.498535
vt 0.651855 0.894409
vt 0.652832 0.898865
vt 0.652344 0.893616
vt 0.652344 0.893616
vt 0.648438 0.893555
vt 0.651855 0.894409
vt 0.915527 0.632080
vt 0.915527 0.631592
vt 0.912109 0.631592
vt 0.915527 0.632080
vt 0.912109 0.631592
vt 0.911621 0.632080
vt 0.911621 0.628418
vt 0.911621 0.632080
vt 0.912109 0.631592
vt 0.912109 0.631592
vt 0.912109 0.628418
vt 0.911621 0.628418
vt 0.411621 0.084473
vt 0.410400 0.121582
vt 0.413086 0.121582
vt 0.948730 0.869629
vt 0.947754 0.906860
vt 0.950684 0.906738
vt 0.530762 0.999339
vt 0.530762 0.878418
vt 0.525391 0.879822
vt 0.972168 0.630371
vt 0.971680 0.514404
vt 0.971191 0.516357
vt 0.470947 0.383789
vt 0.473877 0.383789
vt 0.473877 0.270020
vt 0.287598 0.430664
vt 0.291260 0.433105
vt 0.287842 0.317383
vt 0.368896 0.317871
vt 0.368896 0.431152
vt 0.372314 0.431152
vt 0.866211 0.474609
vt 0.866211 0.475586
vt 0.871094 0.476074
vt 0.870605 0.471191
vt 0.870605 0.475098
vt 0.871582 0.476074
vt 0.870605 0.477051
vt 0.870605 0.481445
vt 0.871582 0.480957
vt 0.866211 0.477051
vt 0.866211 0.478027
vt 0.870605 0.477051
vt 0.871582 0.476562
vt 0.870605 0.477051
vt 0.871582 0.480957
vt 0.870605 0.477051
vt 0.871094 0.476562
vt 0.866211 0.477051
vt 0.871582 0.476074
vt 0.871582 0.471191
vt 0.870605 0.471191
vt 0.871094 0.476074
vt 0.870605 0.475098
vt 0.866211 0.474609
vt 0.447021 0.262207
vt 0.442139 0.261230
vt 0.441650 0.362305
vt 0.372559 0.212402
vt 0.368652 0.213379
vt 0.368408 0.313965
vt 0.729492 0.882324
vt 0.729980 0.998014
vt 0.734375 0.998465
vt 0.846191 0.490234
vt 0.845703 0.374512
vt 0.842285 0.375000
vt 0.260498 0.164551
vt 0.260742 0.248535
vt 0.264648 0.247070
vt 0.476562 0.169922
vt 0.474609 0.169922
vt 0.474121 0.253906
vt 0.453369 0.194824
vt 0.453857 0.278809
vt 0.457764 0.279785
vt 0.969238 0.864258
vt 0.966797 0.864136
vt 0.967773 0.929626
vt 0.395508 0.182617
vt 0.398193 0.182617
vt 0.396484 0.117188
vt 0.905762 0.374023
vt 0.903809 0.374023
vt 0.905762 0.377930
vt 0.849609 0.097168
vt 0.848633 0.097168
vt 0.848633 0.125000
vt 0.848633 0.125000
vt 0.849609 0.125000
vt 0.849609 0.097168
vt 0.945801 0.421875
vt 0.946289 0.421875
vt 0.946289 0.389648
vt 0.919922 0.665039
vt 0.915039 0.665771
vt 0.917480 0.749512
vt 0.457764 0.279785
vt 0.458252 0.195801
vt 0.453369 0.194824
vt 0.264648 0.247070
vt 0.265381 0.163574
vt 0.260498 0.164551
vt 0.474121 0.253906
vt 0.478760 0.254395
vt 0.476562 0.169922
vt 0.946289 0.389648
vt 0.945801 0.389648
vt 0.945801 0.421875
vt 0.369141 0.548584
vt 0.369141 0.580811
vt 0.399170 0.580811
vt 0.327637 0.548584
vt 0.297607 0.548584
vt 0.297607 0.580811
vt 0.064514 0.333984
vt 0.063782 0.333984
vt 0.063782 0.366211
vt 0.169556 0.161133
vt 0.170288 0.097168
vt 0.167236 0.096680
vt 0.457520 0.104492
vt 0.457275 0.166992
vt 0.460449 0.166992
vt 0.964355 0.703125
vt 0.960938 0.702881
vt 0.963867 0.777222
vt 0.060883 0.112793
vt 0.057648 0.113281
vt 0.058044 0.187500
vt 0.167236 0.096680
vt 0.167358 0.159180
vt 0.169556 0.161133
vt 0.460449 0.166992
vt 0.460693 0.102539
vt 0.457520 0.104492
vt 0.581543 0.868286
vt 0.581543 0.998043
vt 0.585938 0.998054
vt 0.498535 0.998037
vt 0.498535 0.868042
vt 0.493408 0.870117
vt 0.961426 0.458008
vt 0.960449 0.458008
vt 0.960449 0.622803
vt 0.249268 0.416016
vt 0.243164 0.414551
vt 0.249268 0.580811
vt 0.353027 0.380371
vt 0.348145 0.379883
vt 0.348145 0.545166
vt 0.975586 0.510254
vt 0.975586 0.639404
vt 0.976562 0.639893
vt 0.399170 0.580811
vt 0.399170 0.548584
vt 0.369141 0.548584
vt 0.297607 0.580811
vt 0.327637 0.580811
vt 0.327637 0.548584
vt 0.063782 0.366211
vt 0.064514 0.366211
vt 0.064514 0.333984
vt 0.368408 0.313965
vt 0.374023 0.312988
vt 0.372559 0.212402
vt 0.441650 0.362305
vt 0.447266 0.363770
vt 0.447021 0.262207
vt 0.842285 0.375000
vt 0.840820 0.490723
vt 0.846191 0.490234
vt 0.734375 0.998465
vt 0.734863 0.882568
vt 0.729492 0.882324
vt 0.884277 0.876709
vt 0.883789 0.876038
vt 0.880371 0.876892
vt 0.884766 0.871948
vt 0.883789 0.876038
vt 0.884277 0.876099
vt 0.968262 0.861450
vt 0.969727 0.795410
vt 0.966797 0.796143
vt 0.393311 0.117188
vt 0.391846 0.182129
vt 0.394775 0.183105
vt 0.918457 0.283203
vt 0.916504 0.368164
vt 0.920898 0.368652
vt 0.861816 0.456055
vt 0.866699 0.456543
vt 0.866211 0.372559
vt 0.865234 0.164551
vt 0.860352 0.165039
vt 0.861328 0.250000
vt 0.451660 0.256348
vt 0.453857 0.170898
vt 0.448975 0.171387
vt 0.866211 0.372559
vt 0.862305 0.373047
vt 0.861816 0.456055
vt 0.448975 0.171387
vt 0.449463 0.254883
vt 0.451660 0.256348
vt 0.861328 0.250000
vt 0.865234 0.248535
vt 0.865234 0.164551
vt 0.904297 0.502686
vt 0.901855 0.506348
vt 0.903809 0.506348
vt 0.243164 0.578857
vt 0.249268 0.580811
vt 0.243164 0.414551
vt 0.348145 0.545166
vt 0.353027 0.545654
vt 0.353027 0.380371
vt 0.976562 0.639893
vt 0.976562 0.510254
vt 0.975586 0.510254
vt 0.493408 0.870117
vt 0.493408 1.000208
vt 0.498535 0.998037
vt 0.585938 0.998054
vt 0.585938 0.868286
vt 0.581543 0.868286
vt 0.960449 0.622803
vt 0.961426 0.623047
vt 0.961426 0.458008
vt 0.537109 0.098633
vt 0.536621 0.098633
vt 0.536621 0.126465
vt 0.536621 0.126465
vt 0.537109 0.126465
vt 0.537109 0.098633
vt 0.906250 0.161133
vt 0.908203 0.161133
vt 0.906738 0.097656
vt 0.959473 0.125000
vt 0.958496 0.125000
vt 0.958496 0.290527
vt 0.384521 0.408691
vt 0.384521 0.546387
vt 0.389648 0.546143
vt 0.134277 0.416016
vt 0.134277 0.277832
vt 0.129761 0.278320
vt 0.305664 0.545166
vt 0.310547 0.545654
vt 0.310547 0.380371
vt 0.865234 0.875916
vt 0.866211 0.875977
vt 0.866211 0.871094
vt 0.225830 0.578857
vt 0.231934 0.578857
vt 0.225830 0.413574
vt 0.160156 0.235352
vt 0.160156 0.097656
vt 0.159424 0.097656
vt 0.389648 0.546143
vt 0.389648 0.406738
vt 0.384521 0.408691
vt 0.958496 0.290527
vt 0.959473 0.290527
vt 0.959473 0.125000
vt 0.231934 0.415039
vt 0.225830 0.413574
vt 0.231934 0.578857
vt 0.129761 0.278320
vt 0.129761 0.416016
vt 0.134277 0.416016
vt 0.310547 0.380371
vt 0.305664 0.379883
vt 0.305664 0.545166
vt 0.159424 0.097656
vt 0.159424 0.234863
vt 0.160156 0.235352
vt 0.487793 0.865967
vt 0.492188 0.864868
vt 0.487793 0.865112
vt 0.492188 0.864868
vt 0.489990 0.865845
vt 0.492920 0.865601
vt 0.492188 0.860718
vt 0.492188 0.864868
vt 0.492920 0.865601
vt 0.492920 0.865601
vt 0.492920 0.860718
vt 0.492188 0.860718
vt 0.056824 0.112305
vt 0.060242 0.111816
vt 0.058502 0.082520
vt 0.949707 0.530518
vt 0.953125 0.531250
vt 0.951172 0.501221
vt 0.335693 0.146484
vt 0.337891 0.145996
vt 0.337646 0.093750
vt 0.957031 0.626709
vt 0.954590 0.626221
vt 0.956543 0.678955
vt 0.866211 0.871094
vt 0.865234 0.871826
vt 0.865234 0.875916
vt 0.860840 0.870483
vt 0.865234 0.871826
vt 0.866211 0.871094
vt 0.069580 0.083984
vt 0.068542 0.108398
vt 0.070129 0.109863
vt 0.206909 0.109375
vt 0.207031 0.083496
vt 0.204956 0.085449
vt 0.509277 0.869995
vt 0.509277 0.997921
vt 0.514648 0.997890
vt 0.960449 0.831909
vt 0.959473 0.831787
vt 0.959473 0.997427
vt 0.627441 0.871826
vt 0.627441 0.998103
vt 0.631836 0.997971
vt 0.338135 0.379883
vt 0.333252 0.379395
vt 0.333252 0.545166
vt 0.207031 0.413086
vt 0.200928 0.413086
vt 0.200684 0.580566
vt 0.978027 0.498535
vt 0.977539 0.371094
vt 0.976562 0.371094
vt 0.462891 0.101074
vt 0.460693 0.100098
vt 0.462402 0.153320
vt 0.539551 0.093262
vt 0.537598 0.094238
vt 0.537598 0.146484
vt 0.973633 0.747803
vt 0.973145 0.810059
vt 0.975586 0.809448
vt 0.979004 0.550049
vt 0.977539 0.611572
vt 0.979492 0.612305
vt 0.497559 0.861816
vt 0.498291 0.861084
vt 0.493164 0.860718
vt 0.493164 0.860718
vt 0.493164 0.861572
vt 0.497559 0.861816
vt 0.498535 0.861206
vt 0.497559 0.861816
vt 0.498291 0.865967
vt 0.497559 0.861816
vt 0.497559 0.865845
vt 0.498291 0.865967
vt 0.876953 0.496094
vt 0.879883 0.496094
vt 0.879883 0.495605
vt 0.550293 0.160156
vt 0.552246 0.105469
vt 0.549805 0.105957
vt 0.495605 0.151367
vt 0.495850 0.097168
vt 0.493652 0.096191
vt 0.404785 0.219238
vt 0.404785 0.319336
vt 0.409180 0.318848
vt 0.437256 0.363281
vt 0.437012 0.262207
vt 0.432617 0.261719
vt 0.835938 0.997490
vt 0.839844 0.998177
vt 0.839844 0.876953
vt 0.986328 0.675293
vt 0.986328 0.575684
vt 0.985352 0.575439
vt 0.716309 0.876587
vt 0.712402 0.877258
vt 0.716309 0.998421
vt 0.839844 0.876953
vt 0.836426 0.876648
vt 0.835938 0.997490
vt 0.985352 0.575439
vt 0.985352 0.675781
vt 0.986328 0.675293
vt 0.711914 0.999666
vt 0.716309 0.998421
vt 0.712402 0.877258
vt 0.432617 0.261719
vt 0.432373 0.361816
vt 0.437256 0.363281
vt 0.409180 0.318848
vt 0.408936 0.219238
vt 0.404785 0.219238
vt 0.847168 0.606445
vt 0.846680 0.606201
vt 0.844238 0.606689
vt 0.846680 0.606201
vt 0.847168 0.606445
vt 0.846680 0.602051
vt 0.846680 0.606201
vt 0.843750 0.605957
vt 0.844238 0.606689
vt 0.499023 0.326172
vt 0.494873 0.326660
vt 0.494873 0.327148
vt 0.494873 0.327148
vt 0.500000 0.327148
vt 0.499023 0.326172
vt 0.499023 0.326172
vt 0.500000 0.327148
vt 0.500000 0.322266
vt 0.500000 0.322266
vt 0.499023 0.322266
vt 0.499023 0.326172
vt 0.959473 0.997427
vt 0.960449 0.997515
vt 0.960449 0.831909
vt 0.200684 0.580566
vt 0.207031 0.578125
vt 0.207031 0.413086
vt 0.333252 0.545166
vt 0.338379 0.547363
vt 0.338135 0.379883
vt 0.631836 0.997971
vt 0.631836 0.871704
vt 0.627441 0.871826
vt 0.123108 0.142090
vt 0.123657 0.086426
vt 0.121826 0.085938
vt 0.965332 0.628174
vt 0.964355 0.683838
vt 0.965820 0.683594
vt 0.514648 0.997890
vt 0.514648 0.870239
vt 0.509277 0.869995
vt 0.545898 0.866211
vt 0.546387 0.871094
vt 0.547363 0.871094
vt 0.547363 0.871094
vt 0.547363 0.866821
vt 0.545898 0.866211
vt 0.547363 0.866821
vt 0.547363 0.865234
vt 0.545898 0.866211
vt 0.547363 0.865356
vt 0.547363 0.866821
vt 0.552734 0.866821
vt 0.552734 0.866821
vt 0.552734 0.865967
vt 0.547363 0.865356
vt 0.689941 0.999220
vt 0.690430 0.866089
vt 0.689453 0.865845
vt 0.136963 0.421387
vt 0.136841 0.579834
vt 0.143555 0.582031
vt 0.021332 0.421387
vt 0.022308 0.422363
vt 0.021347 0.208984
vt 0.515137 0.717529
vt 0.520508 0.717285
vt 0.520508 0.503906
vt 0.495117 0.721436
vt 0.501465 0.717529
vt 0.501465 0.507080
vt 0.427002 0.578857
vt 0.427002 0.420410
vt 0.421387 0.419922
vt 0.486816 0.341797
vt 0.486572 0.498535
vt 0.487549 0.498535
vt 0.264893 0.389160
vt 0.265869 0.389160
vt 0.265869 0.176270
vt 0.153320 0.412598
vt 0.153320 0.578613
vt 0.160034 0.576416
vt 0.399658 0.410645
vt 0.399658 0.578857
vt 0.405273 0.578613
vt 0.526855 0.717529
vt 0.532227 0.717285
vt 0.532227 0.504150
vt 0.467773 0.507812
vt 0.461182 0.504150
vt 0.461182 0.717041
vt 0.398193 0.377441
vt 0.398193 0.545654
vt 0.399414 0.545654
vt 0.616699 0.862061
vt 0.615723 0.862061
vt 0.615723 0.867310
vt 0.615723 0.867310
vt 0.617188 0.868652
vt 0.616699 0.862061
vt 0.503906 0.860596
vt 0.498779 0.861450
vt 0.499512 0.862061
vt 0.498779 0.867310
vt 0.499512 0.862061
vt 0.498779 0.861450
vt 0.498779 0.867310
vt 0.499512 0.867188
vt 0.499512 0.862061
vt 0.499512 0.862061
vt 0.503906 0.861694
vt 0.503906 0.860596
vt 0.611328 0.868164
vt 0.617188 0.868652
vt 0.615723 0.867310
vt 0.615723 0.867310
vt 0.611328 0.867065
vt 0.611328 0.868164
vt 0.265869 0.176270
vt 0.264893 0.176270
vt 0.264893 0.389160
vt 0.405273 0.578613
vt 0.405273 0.410645
vt 0.399658 0.410645
vt 0.689941 0.999220
vt 0.689453 0.865845
vt 0.686035 0.867432
vt 0.940430 0.997450
vt 0.942871 0.998876
vt 0.940918 0.908569
vt 0.959473 0.909851
vt 0.957031 0.911255
vt 0.957520 1.000150
vt 0.971191 0.234863
vt 0.968262 0.234863
vt 0.968750 0.304688
vt 0.083252 0.104004
vt 0.081177 0.183105
vt 0.083862 0.183594
vt 0.962891 0.197266
vt 0.963379 0.117676
vt 0.960449 0.118164
vt 0.825684 0.999751
vt 0.825195 0.867432
vt 0.821777 0.865845
vt 0.788086 0.998018
vt 0.791992 0.997786
vt 0.788086 0.866455
vt 0.847168 0.998018
vt 0.850098 0.998018
vt 0.850098 0.865845
vt 0.979004 0.945923
vt 0.979004 0.813721
vt 0.978516 0.813721
vt 0.605469 0.862061
vt 0.599609 0.862061
vt 0.604492 0.863159
vt 0.604492 0.863159
vt 0.604492 0.868286
vt 0.605469 0.862061
vt 0.907227 0.752441
vt 0.910645 0.752441
vt 0.911133 0.751709
vt 0.911133 0.751709
vt 0.907227 0.751709
vt 0.907227 0.752441
vt 0.939941 0.630859
vt 0.937012 0.629883
vt 0.937988 0.667725
vt 0.968750 0.304688
vt 0.971191 0.303223
vt 0.971191 0.234863
vt 0.035980 0.177246
vt 0.038818 0.178223
vt 0.038788 0.108887
vt 0.962402 0.123047
vt 0.965332 0.122070
vt 0.964355 0.084961
vt 0.038788 0.108887
vt 0.035767 0.108887
vt 0.035980 0.177246
vt 0.881836 0.248535
vt 0.884766 0.249023
vt 0.884766 0.155273
vt 0.957520 0.530029
vt 0.955078 0.531006
vt 0.955078 0.624268
vt 0.410645 0.122070
vt 0.410156 0.216309
vt 0.412842 0.216309
vt 0.500000 0.252441
vt 0.502441 0.158691
vt 0.499512 0.158691
vt 0.955078 0.624268
vt 0.958008 0.624268
vt 0.957520 0.530029
vt 0.884766 0.155273
vt 0.881836 0.155273
vt 0.881836 0.248535
vt 0.978516 0.813721
vt 0.978516 0.945282
vt 0.979004 0.945923
vt 0.850098 0.865845
vt 0.845703 0.864624
vt 0.847168 0.998018
vt 0.792969 0.864624
vt 0.788086 0.866455
vt 0.791992 0.997786
vt 0.821777 0.865845
vt 0.821289 0.999222
vt 0.825684 0.999751
vt 0.686035 0.867432
vt 0.685547 0.999753
vt 0.689941 0.999220
vt 0.967773 0.471191
vt 0.969727 0.470215
vt 0.969727 0.400879
vt 0.050293 0.108887
vt 0.048218 0.107422
vt 0.049988 0.177734
vt 0.909668 0.870605
vt 0.914551 0.870850
vt 0.914551 0.870117
vt 0.421387 0.419922
vt 0.421387 0.577881
vt 0.427002 0.578857
vt 0.520508 0.503906
vt 0.515137 0.506836
vt 0.515137 0.717529
vt 0.160034 0.576416
vt 0.158569 0.412109
vt 0.153320 0.412598
vt 0.159790 0.576416
vt 0.160156 0.412109
vt 0.158325 0.412109
vt 0.532227 0.504150
vt 0.526855 0.504639
vt 0.526855 0.717529
vt 0.461182 0.717041
vt 0.467285 0.718262
vt 0.467773 0.507812
vt 0.399414 0.545654
vt 0.399414 0.377441
vt 0.398193 0.377441
vt 0.501465 0.507080
vt 0.495117 0.503906
vt 0.495117 0.721436
vt 0.143555 0.582031
vt 0.143677 0.420410
vt 0.136963 0.421387
vt 0.002756 0.083984
vt -0.000019 0.083984
vt 0.001129 0.122070
vt 0.232056 0.245605
vt 0.229126 0.245605
vt 0.230347 0.283691
vt 0.917480 0.881470
vt 0.917480 0.878052
vt 0.916992 0.880859
vt 0.917480 0.881470
vt 0.916992 0.880859
vt 0.913574 0.881653
vt 0.009247 0.324707
vt 0.005814 0.323730
vt 0.005833 0.451172
vt 0.538574 0.718018
vt 0.542480 0.718018
vt 0.541992 0.602051
vt 0.364990 0.462402
vt 0.364746 0.578613
vt 0.368408 0.578369
vt 0.378906 0.417969
vt 0.378906 0.290527
vt 0.375977 0.291504
vt 0.552734 0.474121
vt 0.553223 0.346680
vt 0.552246 0.346680
vt 0.541992 0.602051
vt 0.538574 0.590820
vt 0.538574 0.718018
vt 0.005833 0.451172
vt 0.009659 0.439941
vt 0.009247 0.324707
vt 0.375977 0.291504
vt 0.375488 0.406250
vt 0.378906 0.417969
vt 0.368408 0.578369
vt 0.368408 0.451172
vt 0.364990 0.462402
vt 0.383301 0.274414
vt 0.382812 0.274414
vt 0.382324 0.401855
vt 0.980957 0.393555
vt 0.979980 0.433594
vt 0.982422 0.433594
vt 0.210571 0.084473
vt 0.210327 0.110352
vt 0.212402 0.111816
vt 0.248047 0.117676
vt 0.249634 0.090820
vt 0.247559 0.091797
vt 0.663574 0.863037
vt 0.663574 0.868286
vt 0.664551 0.868164
vt 0.664551 0.868164
vt 0.664551 0.862915
vt 0.663574 0.863037
vt 0.659180 0.862061
vt 0.659180 0.863281
vt 0.663574 0.863037
vt 0.663574 0.861816
vt 0.663574 0.863037
vt 0.664551 0.862915
vt 0.663574 0.863037
vt 0.663574 0.861816
vt 0.659180 0.862061
vt 0.952637 0.530762
vt 0.954102 0.503174
vt 0.952148 0.504150
vt 0.390869 0.112305
vt 0.391113 0.085449
vt 0.389160 0.084473
vt 0.384277 0.401367
vt 0.384277 0.188477
vt 0.383301 0.188477
vt 0.098267 0.579102
vt 0.103882 0.578857
vt 0.103882 0.429199
vt 0.022247 0.426758
vt 0.016617 0.426758
vt 0.016953 0.578613
vt 0.096863 0.581543
vt 0.098267 0.579102
vt 0.098328 0.429688
vt 0.467773 0.504639
vt 0.468018 0.717529
vt 0.473877 0.720703
vt 0.538086 0.717041
vt 0.538086 0.504639
vt 0.532227 0.504150
vt 0.295166 0.356445
vt 0.296387 0.356445
vt 0.296387 0.204590
vt 0.941895 0.383789
vt 0.943848 0.294434
vt 0.941406 0.295410
vt 0.957520 0.534668
vt 0.957031 0.623047
vt 0.959473 0.624268
vt 0.849609 0.110352
vt 0.849121 0.182129
vt 0.852539 0.182129
vt 0.279785 0.099609
vt 0.279053 0.171875
vt 0.282227 0.171875
vt 0.285400 0.300293
vt 0.288086 0.300293
vt 0.285889 0.221680
vt 0.963867 0.920288
vt 0.961426 0.920593
vt 0.961426 0.999002
vt 0.375977 0.544189
vt 0.378906 0.542480
vt 0.378906 0.417969
vt 0.282227 0.171875
vt 0.281982 0.100098
vt 0.279785 0.099609
vt 0.852539 0.182129
vt 0.852539 0.109375
vt 0.849609 0.110352
vt 0.005833 0.451172
vt 0.005787 0.575684
vt 0.009247 0.577393
vt 0.383301 0.188477
vt 0.383301 0.401367
vt 0.384277 0.401367
vt 0.016953 0.578613
vt 0.022247 0.579102
vt 0.022247 0.426758
vt 0.382812 0.149902
vt 0.382812 0.274414
vt 0.383301 0.274414
vt 0.364990 0.462402
vt 0.368408 0.451172
vt 0.368164 0.326172
vt 0.378906 0.417969
vt 0.375488 0.406250
vt 0.375977 0.544189
vt 0.009247 0.577393
vt 0.009659 0.439941
vt 0.005833 0.451172
vt 0.538574 0.466309
vt 0.538574 0.590820
vt 0.541992 0.602051
vt 0.552246 0.346680
vt 0.553223 0.346680
vt 0.552734 0.221680
vt 0.122803 0.293457
vt 0.123901 0.293457
vt 0.123901 0.282227
vt 0.866211 0.458008
vt 0.865234 0.458008
vt 0.865234 0.485840
vt 0.865234 0.485840
vt 0.866211 0.485840
vt 0.866211 0.458008
vt 0.913574 0.885376
vt 0.913574 0.885925
vt 0.918945 0.883484
vt 0.141968 0.247559
vt 0.129883 0.247559
vt 0.129883 0.275391
vt 0.064392 0.265625
vt 0.064392 0.237793
vt 0.052277 0.237793
vt 0.426270 0.272949
vt 0.427246 0.272949
vt 0.427246 0.261719
vt 0.123901 0.282227
vt 0.122803 0.282227
vt 0.122803 0.293457
vt 0.129883 0.275391
vt 0.141968 0.275391
vt 0.141968 0.247559
vt 0.052277 0.237793
vt 0.052277 0.265625
vt 0.064392 0.265625
vt 0.918945 0.883484
vt 0.916992 0.889099
vt 0.917480 0.889099
vt 0.547363 0.865479
vt 0.552734 0.865845
vt 0.552734 0.865112
vt 0.905273 0.656006
vt 0.906738 0.616455
vt 0.903809 0.616211
vt 0.388184 0.208984
vt 0.389160 0.208984
vt 0.389160 0.181152
vt 0.545898 0.865601
vt 0.547852 0.865356
vt 0.547363 0.861206
vt 0.547363 0.861206
vt 0.546387 0.861206
vt 0.545898 0.865601
vt 0.389160 0.181152
vt 0.388184 0.181152
vt 0.388184 0.208984
vt 0.098328 0.429688
vt 0.096985 0.428711
vt 0.096863 0.581543
vt 0.427246 0.261719
vt 0.426270 0.261719
vt 0.426270 0.272949
vt 0.532227 0.504150
vt 0.532227 0.717285
vt 0.538086 0.717041
vt 0.473877 0.720703
vt 0.473877 0.503662
vt 0.467773 0.504639
vt 0.296387 0.204590
vt 0.295166 0.204590
vt 0.295166 0.356445
vt 0.103882 0.429199
vt 0.098572 0.429688
vt 0.098267 0.579102
vt 0.475342 0.256836
vt 0.475098 0.355957
vt 0.479736 0.355469
vt 0.937988 0.388672
vt 0.937500 0.388672
vt 0.937500 0.413086
vt 0.487305 0.943115
vt 0.461426 0.943115
vt 0.461426 0.970932
vt 0.487305 0.999583
vt 0.487305 0.971771
vt 0.461426 0.971756
vt 0.865234 0.866577
vt 0.866211 0.865967
vt 0.861328 0.865845
vt 0.861328 0.865845
vt 0.861328 0.866577
vt 0.865234 0.866577
vt 0.621582 0.863892
vt 0.625977 0.865112
vt 0.626953 0.864136
vt 0.866211 0.481445
vt 0.867188 0.481934
vt 0.871582 0.480957
vt 0.867676 0.486328
vt 0.867188 0.481934
vt 0.866211 0.481445
vt 0.866211 0.481445
vt 0.866699 0.486328
vt 0.867676 0.486328
vt 0.937500 0.413086
vt 0.937988 0.413086
vt 0.937988 0.388672
vt 0.142212 0.291504
vt 0.142944 0.291504
vt 0.142944 0.264160
vt 0.461426 0.970932
vt 0.487305 0.970932
vt 0.487305 0.943115
vt 0.461426 0.971756
vt 0.461426 0.999580
vt 0.487305 0.999583
vt 0.363525 0.238770
vt 0.363525 0.405273
vt 0.364502 0.405273
vt 0.142944 0.264160
vt 0.142212 0.263672
vt 0.142212 0.291504
vt 0.479736 0.355469
vt 0.479492 0.256348
vt 0.475342 0.256836
vt 0.576660 0.998054
vt 0.581055 0.998039
vt 0.581055 0.868286
vt 0.475098 0.355957
vt 0.475342 0.256836
vt 0.474365 0.255859
vt 0.206909 0.412109
vt 0.206909 0.578125
vt 0.213379 0.579346
vt 0.300293 0.545166
vt 0.300293 0.377930
vt 0.295166 0.378906
vt 0.906250 0.503418
vt 0.905762 0.503418
vt 0.905762 0.531250
vt 0.905762 0.531250
vt 0.906250 0.531250
vt 0.906250 0.503418
vt 0.449707 0.169434
vt 0.450439 0.169434
vt 0.450439 0.145020
vt 0.450439 0.145020
vt 0.449707 0.145020
vt 0.449707 0.169434
vt 0.870117 0.373047
vt 0.865234 0.370605
vt 0.866211 0.467773
vt 0.169312 0.312012
vt 0.174194 0.310059
vt 0.173950 0.214844
vt 0.278076 0.205566
vt 0.277588 0.300293
vt 0.282227 0.301758
vt 0.401855 0.166992
vt 0.400635 0.264160
vt 0.405273 0.262695
vt 0.541016 0.998298
vt 0.541016 0.871704
vt 0.536621 0.871460
vt 0.807617 0.998623
vt 0.812012 0.998143
vt 0.812012 0.900452
vt 0.852051 0.495117
vt 0.847168 0.494629
vt 0.847656 0.591797
vt 0.806641 0.998748
vt 0.808105 0.998620
vt 0.807129 0.901001
vt 0.752441 0.872314
vt 0.752441 0.998440
vt 0.756348 0.998200
vt 0.880859 0.746826
vt 0.879883 0.746094
vt 0.876465 0.747559
vt 0.880859 0.742188
vt 0.879883 0.746094
vt 0.880859 0.746826
vt 0.756348 0.998200
vt 0.756348 0.871704
vt 0.752441 0.872314
vt 0.536621 0.871460
vt 0.536133 0.997873
vt 0.541016 0.998298
vt 0.975586 0.366699
vt 0.976562 0.366699
vt 0.977051 0.236328
vt 0.213379 0.579346
vt 0.213257 0.412598
vt 0.206909 0.412109
vt 0.295166 0.378906
vt 0.295166 0.545654
vt 0.300293 0.545166
vt 0.581055 0.868286
vt 0.576660 0.868286
vt 0.576660 0.998054
vt 0.506836 0.219727
vt 0.508301 0.217773
vt 0.507324 0.173340
vt 0.983887 0.433594
vt 0.985352 0.435547
vt 0.985352 0.388672
vt 0.812012 0.900452
vt 0.807129 0.901001
vt 0.807617 0.998623
vt 0.847656 0.591797
vt 0.852051 0.592529
vt 0.852051 0.495117
vt 0.935547 0.202148
vt 0.937012 0.127930
vt 0.934082 0.128418
vt 0.113892 0.188965
vt 0.115417 0.115234
vt 0.112305 0.115234
vt 0.859375 0.735840
vt 0.858887 0.739258
vt 0.859863 0.739746
vt 0.858887 0.739258
vt 0.855957 0.740234
vt 0.859863 0.739746
vt 0.173950 0.214844
vt 0.169800 0.216309
vt 0.169312 0.312012
vt 0.866211 0.467773
vt 0.870117 0.468262
vt 0.870117 0.373047
vt 0.282227 0.301758
vt 0.281982 0.206055
vt 0.278076 0.205566
vt 0.405273 0.262695
vt 0.405029 0.167480
vt 0.401855 0.166992
vt 0.231812 0.287109
vt 0.234741 0.287109
vt 0.236450 0.201172
vt 0.855469 0.249023
vt 0.855469 0.164062
vt 0.853027 0.162109
vt 0.880859 0.612305
vt 0.879395 0.526367
vt 0.876465 0.528076
vt 0.217529 0.238770
vt 0.217651 0.407715
vt 0.218140 0.406738
vt 0.512695 0.324707
vt 0.509277 0.323730
vt 0.508301 0.499512
vt 0.444336 0.578125
vt 0.448242 0.578613
vt 0.443359 0.402344
vt 0.525391 0.498535
vt 0.525391 0.329590
vt 0.521484 0.330566
vt 0.153198 0.239746
vt 0.153931 0.407227
vt 0.157104 0.407715
vt 0.666504 0.869019
vt 0.666504 0.871948
vt 0.666992 0.871704
vt 0.666992 0.868530
vt 0.666504 0.869019
vt 0.666992 0.870850
vt 0.666504 0.869019
vt 0.666992 0.868530
vt 0.663086 0.869629
vt 0.891602 0.876892
vt 0.892578 0.876831
vt 0.892578 0.872681
vt 0.892578 0.872681
vt 0.891602 0.873413
vt 0.891602 0.876892
vt 0.879395 0.617920
vt 0.879395 0.613770
vt 0.878906 0.613770
vt 0.878906 0.613770
vt 0.878906 0.617188
vt 0.879395 0.617920
vt 0.896973 0.751587
vt 0.895020 0.751587
vt 0.897461 0.755371
vt 0.760742 0.872070
vt 0.755859 0.872314
vt 0.756836 0.997137
vt 0.843750 0.494141
vt 0.844238 0.591797
vt 0.848145 0.592285
vt 0.531250 0.998848
vt 0.536133 0.997913
vt 0.536133 0.871582
vt 0.879395 0.617920
vt 0.878906 0.617188
vt 0.875000 0.617676
vt 0.270508 0.299805
vt 0.270508 0.207031
vt 0.266602 0.206543
vt 0.148315 0.241699
vt 0.143799 0.335938
vt 0.148315 0.335449
vt 0.981934 0.436035
vt 0.980957 0.435547
vt 0.980957 0.551025
vt 0.738770 0.882996
vt 0.733887 0.884521
vt 0.733887 1.000415
vt 0.846191 0.257324
vt 0.842285 0.255859
vt 0.842285 0.371094
vt 0.625977 0.868774
vt 0.626953 0.864746
vt 0.625977 0.864990
vt 0.880371 0.868530
vt 0.879395 0.868652
vt 0.880371 0.872803
vt 0.841797 0.168457
vt 0.841797 0.253906
vt 0.845703 0.252441
vt 0.497070 0.252930
vt 0.500000 0.252930
vt 0.500000 0.167480
vt 0.876465 0.528076
vt 0.875977 0.613281
vt 0.880859 0.612305
vt 0.853027 0.162109
vt 0.851074 0.248047
vt 0.855469 0.249023
vt 0.324463 0.201172
vt 0.325195 0.286133
vt 0.329102 0.287598
vt 0.423340 0.192383
vt 0.421143 0.191895
vt 0.420898 0.276855
vt 0.218140 0.406738
vt 0.218140 0.238770
vt 0.217529 0.238770
vt 0.887207 0.616943
vt 0.891602 0.617920
vt 0.890625 0.617432
vt 0.891602 0.614502
vt 0.890625 0.617432
vt 0.891602 0.617920
vt 0.508301 0.499512
vt 0.512695 0.500244
vt 0.512695 0.324707
vt 0.448242 0.402344
vt 0.443359 0.402344
vt 0.448242 0.578613
vt 0.157104 0.407715
vt 0.157104 0.239258
vt 0.153198 0.239746
vt 0.521484 0.330566
vt 0.520996 0.499023
vt 0.525391 0.498535
vt 0.891602 0.613770
vt 0.890625 0.613770
vt 0.890625 0.617432
vt 0.500000 0.167480
vt 0.495361 0.166992
vt 0.497070 0.252930
vt 0.329102 0.287598
vt 0.329346 0.202148
vt 0.324463 0.201172
vt 0.236450 0.201172
vt 0.231567 0.201660
vt 0.231812 0.287109
vt 0.845703 0.252441
vt 0.846680 0.167480
vt 0.841797 0.168457
vt 0.114502 0.240234
vt 0.119263 0.239746
vt 0.116882 0.155273
vt 0.532227 0.872681
vt 0.530762 0.871094
vt 0.531250 0.998848
vt 0.536133 0.871582
vt 0.532227 0.872681
vt 0.531250 0.998848
vt 0.756836 0.997137
vt 0.760254 0.998264
vt 0.760742 0.872070
vt 0.064575 0.191895
vt 0.063660 0.237305
vt 0.065125 0.238281
vt 0.477051 0.083984
vt 0.476807 0.130371
vt 0.478760 0.129395
vt 0.420898 0.276855
vt 0.425537 0.277832
vt 0.423340 0.192383
vt 0.848145 0.592285
vt 0.848633 0.493652
vt 0.843750 0.494141
vt 0.733887 1.000415
vt 0.737793 0.997967
vt 0.738770 0.882996
vt 0.737793 0.997967
vt 0.738770 0.998170
vt 0.738770 0.882996
vt 0.266602 0.206543
vt 0.266602 0.299805
vt 0.270508 0.299805
vt 0.842285 0.371094
vt 0.845703 0.373535
vt 0.846191 0.257324
vt 0.143799 0.335938
vt 0.148315 0.241699
vt 0.143799 0.242188
vt 0.980957 0.551025
vt 0.981934 0.551270
vt 0.981934 0.436035
vt 0.990723 0.133301
vt 0.991699 0.094238
vt 0.990234 0.093262
vt 0.986816 0.727051
vt 0.986816 0.766968
vt 0.988281 0.766235
vt 0.590332 0.869629
vt 0.590332 0.998058
vt 0.594727 0.998074
vt 0.509277 1.000172
vt 0.509277 0.870605
vt 0.503906 0.869385
vt 0.219604 0.411133
vt 0.213135 0.414062
vt 0.213135 0.581543
vt 0.974609 0.366699
vt 0.975098 0.303711
vt 0.972656 0.305176
vt 0.978516 0.675049
vt 0.979492 0.613525
vt 0.978027 0.612061
vt 0.973633 0.501709
vt 0.971680 0.501953
vt 0.972168 0.565430
vt 0.357666 0.545410
vt 0.358643 0.545654
vt 0.358643 0.378906
vt 0.983398 0.495117
vt 0.982910 0.551025
vt 0.984863 0.552246
vt 0.528809 0.146973
vt 0.530273 0.089844
vt 0.528320 0.090820
vt 0.264648 0.173340
vt 0.267334 0.175293
vt 0.266357 0.112793
vt 0.205078 0.187988
vt 0.207764 0.186035
vt 0.206055 0.125000
vt 0.910156 0.092285
vt 0.908203 0.092773
vt 0.908691 0.146484
vt 0.918457 0.155762
vt 0.920410 0.156250
vt 0.918945 0.102051
vt 0.876465 0.471191
vt 0.871094 0.470703
vt 0.872559 0.472168
vt 0.872559 0.472168
vt 0.876465 0.472168
vt 0.876465 0.471191
vt 0.872559 0.472168
vt 0.871094 0.471680
vt 0.872070 0.476074
vt 0.872070 0.476074
vt 0.872559 0.476074
vt 0.872559 0.472168
vt 0.977539 0.367188
vt 0.977051 0.238281
vt 0.976562 0.238281
vt 0.358643 0.378906
vt 0.357666 0.378906
vt 0.357666 0.545410
vt 0.594727 0.998074
vt 0.594727 0.869629
vt 0.590332 0.869629
vt 0.333008 0.378906
vt 0.328125 0.378418
vt 0.328125 0.545166
vt 0.503906 0.869385
vt 0.503906 0.998069
vt 0.509277 1.000172
vt 0.213135 0.581543
vt 0.219482 0.578369
vt 0.219604 0.411133
vt 0.934570 0.896667
vt 0.937988 0.897888
vt 0.936035 0.867432
vt 0.053772 0.112793
vt 0.057220 0.111328
vt 0.055481 0.082031
vt 0.544434 0.100098
vt 0.542480 0.099609
vt 0.543945 0.151855
vt 0.218750 0.092773
vt 0.216675 0.093262
vt 0.216919 0.145020
vt 0.328125 0.545166
vt 0.333252 0.546143
vt 0.333008 0.378906
vt 0.894043 0.498535
vt 0.896973 0.499512
vt 0.897949 0.499023
vt 0.897949 0.499023
vt 0.896973 0.499512
vt 0.898438 0.502930
vt 0.893066 0.256348
vt 0.896484 0.256348
vt 0.896973 0.161133
vt 0.873535 0.468262
vt 0.873535 0.373047
vt 0.869629 0.373047
vt 0.278320 0.205078
vt 0.274170 0.204590
vt 0.273926 0.299805
vt 0.173462 0.214844
vt 0.174072 0.310059
vt 0.178101 0.310059
vt 0.068604 0.183594
vt 0.071655 0.184082
vt 0.070129 0.110352
vt 0.284912 0.127930
vt 0.281982 0.128418
vt 0.283203 0.201660
vt 0.869629 0.373047
vt 0.868652 0.468262
vt 0.873535 0.468262
vt 0.178101 0.310059
vt 0.178345 0.214355
vt 0.173462 0.214844
vt 0.273926 0.299805
vt 0.278564 0.300293
vt 0.278320 0.205078
vt 0.896973 0.161133
vt 0.892090 0.161133
vt 0.893066 0.256348
vt 0.876465 0.867798
vt 0.875488 0.868286
vt 0.875000 0.872437
vt 0.875000 0.872437
vt 0.875977 0.872437
vt 0.876465 0.867798
vt 0.871094 0.867920
vt 0.875488 0.868286
vt 0.876465 0.867432
vt 0.924316 0.156738
vt 0.925781 0.102051
vt 0.923828 0.102539
vt 0.912109 0.146973
vt 0.912109 0.093262
vt 0.910156 0.092773
vt 0.943848 0.394043
vt 0.943359 0.422852
vt 0.945801 0.421875
vt 0.983398 0.232910
vt 0.982422 0.260254
vt 0.984375 0.261230
vt 0.364502 0.405273
vt 0.364502 0.238770
vt 0.363525 0.238770
vt 0.488037 0.997934
vt 0.493164 0.998049
vt 0.493164 0.868042
vt 0.378906 0.545654
vt 0.384277 0.546387
vt 0.378906 0.406250
vt 0.018875 0.092285
vt 0.018631 0.144043
vt 0.020737 0.145508
vt 0.151245 0.153809
vt 0.152954 0.100586
vt 0.150879 0.102051
vt 0.981445 0.251953
vt 0.982422 0.228027
vt 0.980957 0.226562
vt 0.935059 0.284668
vt 0.935059 0.310059
vt 0.937012 0.308594
vt 0.080261 0.117676
vt 0.078979 0.183594
vt 0.081848 0.183594
vt 0.968262 0.632080
vt 0.969727 0.565918
vt 0.966797 0.566162
vt 0.969238 0.785278
vt 0.969238 0.849243
vt 0.971191 0.850220
vt 0.968262 0.399902
vt 0.970215 0.334961
vt 0.968262 0.335938
vt 0.981445 0.948700
vt 0.984863 0.946442
vt 0.983398 0.889771
vt 0.336182 0.090820
vt 0.332520 0.088379
vt 0.334717 0.147461
vt 0.865723 0.870605
vt 0.866211 0.865967
vt 0.865234 0.866577
vt 0.865234 0.866577
vt 0.864746 0.870605
vt 0.865723 0.870605
vt 0.384277 0.406738
vt 0.378906 0.406250
vt 0.384277 0.546387
vt 0.493164 0.868042
vt 0.488037 0.868164
vt 0.488037 0.997934
vt 0.209229 0.183594
vt 0.210571 0.112305
vt 0.207275 0.114258
vt 0.387939 0.102051
vt 0.386230 0.170898
vt 0.389404 0.172852
vt 0.972656 0.303223
vt 0.975098 0.304199
vt 0.974609 0.242188
vt 0.328125 0.359375
vt 0.329590 0.358398
vt 0.328613 0.296875
vt 0.959473 0.457520
vt 0.959473 0.623047
vt 0.960449 0.622803
vt 0.141235 0.278320
vt 0.136719 0.277832
vt 0.136719 0.416016
vt 0.305420 0.545166
vt 0.305664 0.379395
vt 0.300293 0.379883
vt 0.194580 0.413086
vt 0.194702 0.579102
vt 0.200928 0.578857
vt 0.200928 0.578857
vt 0.200684 0.413086
vt 0.194580 0.413086
vt 0.893066 0.867920
vt 0.891602 0.871704
vt 0.892578 0.872314
vt 0.892578 0.872314
vt 0.891602 0.871704
vt 0.888184 0.872314
vt 0.581055 0.865112
vt 0.582031 0.865967
vt 0.582031 0.861084
vt 0.582031 0.865967
vt 0.581055 0.865112
vt 0.577637 0.866211
vt 0.581055 0.865112
vt 0.576660 0.865356
vt 0.576660 0.866333
vt 0.582031 0.861084
vt 0.581055 0.861084
vt 0.581055 0.865112
vt 0.266113 0.175293
vt 0.266113 0.202637
vt 0.266846 0.202637
vt 0.266846 0.202637
vt 0.266846 0.175293
vt 0.266113 0.175293
vt 0.174683 0.098145
vt 0.172607 0.097168
vt 0.174194 0.163086
vt 0.971680 0.808960
vt 0.973633 0.807739
vt 0.973633 0.743164
vt 0.883789 0.868896
vt 0.884766 0.870361
vt 0.884766 0.868164
vt 0.880371 0.869019
vt 0.883789 0.868896
vt 0.884766 0.868164
vt 0.884766 0.868164
vt 0.880371 0.868408
vt 0.880371 0.869019
vt 0.985840 0.846313
vt 0.985840 0.946350
vt 0.986816 0.946411
vt 0.720703 0.998942
vt 0.725098 0.997887
vt 0.720703 0.883545
vt 0.545898 0.215820
vt 0.542480 0.215820
vt 0.542480 0.331055
vt 0.291260 0.312500
vt 0.291260 0.212402
vt 0.287109 0.211914
vt 0.253174 0.209961
vt 0.253174 0.242188
vt 0.253906 0.242188
vt 0.266846 0.580811
vt 0.296875 0.580811
vt 0.296875 0.548584
vt 0.520020 0.865967
vt 0.525391 0.866211
vt 0.525391 0.865234
vt 0.253906 0.242188
vt 0.253906 0.209961
vt 0.253174 0.209961
vt 0.296875 0.548584
vt 0.266846 0.548584
vt 0.266846 0.580811
vt 0.965820 0.545654
vt 0.965820 0.577881
vt 0.966797 0.577881
vt 0.966797 0.577881
vt 0.966797 0.545654
vt 0.965820 0.545654
vt 0.375000 0.096680
vt 0.375000 0.124512
vt 0.375732 0.124512
vt 0.375732 0.124512
vt 0.375732 0.096680
vt 0.375000 0.096680
vt 0.843750 0.609375
vt 0.845215 0.493164
vt 0.839844 0.494629
vt 0.720703 0.999088
vt 0.721191 0.883362
vt 0.715820 0.881836
vt 0.270020 0.300781
vt 0.275635 0.300293
vt 0.274414 0.206543
vt 0.915527 0.624512
vt 0.918945 0.623535
vt 0.918945 0.539795
vt 0.889160 0.164551
vt 0.889648 0.248535
vt 0.893066 0.248535
vt 0.387939 0.175781
vt 0.384766 0.174805
vt 0.383789 0.261230
vt 0.122314 0.281250
vt 0.121338 0.195312
vt 0.117859 0.195312
vt 0.918945 0.539795
vt 0.914551 0.538330
vt 0.915527 0.624512
vt 0.893066 0.248535
vt 0.894043 0.162598
vt 0.889160 0.164551
vt 0.383789 0.261230
vt 0.387939 0.259766
vt 0.387939 0.175781
vt 0.117859 0.195312
vt 0.117493 0.278809
vt 0.122314 0.281250
vt 0.437256 0.261719
vt 0.437012 0.362793
vt 0.442139 0.362793
vt 0.358398 0.580811
vt 0.358398 0.548584
vt 0.328369 0.548584
vt 0.520020 0.865845
vt 0.520996 0.865112
vt 0.520020 0.860718
vt 0.525391 0.865234
vt 0.520996 0.865112
vt 0.520020 0.865967
vt 0.884277 0.746338
vt 0.880859 0.746094
vt 0.880859 0.746826
vt 0.884766 0.747070
vt 0.884277 0.746338
vt 0.882324 0.746826
vt 0.884277 0.746338
vt 0.884766 0.747070
vt 0.884277 0.742188
vt 0.328369 0.548584
vt 0.328369 0.580811
vt 0.358398 0.580811
vt 0.361816 0.261230
vt 0.363770 0.175781
vt 0.359131 0.175781
vt 0.916992 0.412109
vt 0.914551 0.497070
vt 0.919434 0.497559
vt 0.859375 0.164551
vt 0.854492 0.165039
vt 0.854980 0.250000
vt -0.000321 0.278320
vt 0.004585 0.278809
vt 0.004288 0.194824
vt 0.164673 0.336426
vt 0.170288 0.336914
vt 0.169922 0.242676
vt 0.986816 0.946411
vt 0.986816 0.846313
vt 0.985840 0.846313
vt 0.725098 0.882568
vt 0.720703 0.883545
vt 0.725098 0.997887
vt 0.542480 0.331055
vt 0.545898 0.331543
vt 0.545898 0.215820
vt 0.442139 0.362793
vt 0.442139 0.261719
vt 0.437256 0.261719
vt 0.287109 0.211914
vt 0.287354 0.312012
vt 0.291260 0.312500
vt 0.974609 0.366699
vt 0.975586 0.366699
vt 0.976074 0.229004
vt 0.300293 0.379883
vt 0.300293 0.545654
vt 0.305420 0.545166
vt 0.136719 0.416016
vt 0.141235 0.416016
vt 0.141235 0.278320
vt 0.359131 0.175781
vt 0.359619 0.259277
vt 0.361816 0.261230
vt 0.854980 0.250000
vt 0.858887 0.248535
vt 0.859375 0.164551
vt 0.004288 0.194824
vt 0.000226 0.195312
vt -0.000321 0.278320
vt 0.909668 0.373535
vt 0.907227 0.377441
vt 0.909180 0.377441
vt 0.960449 0.622803
vt 0.960449 0.456543
vt 0.959473 0.457520
vt 0.274414 0.206543
vt 0.270264 0.207520
vt 0.270020 0.300781
vt 0.839844 0.494629
vt 0.839844 0.610352
vt 0.843750 0.609375
vt 0.715820 0.881836
vt 0.716309 0.997665
vt 0.720703 0.999088
vt 0.169922 0.242676
vt 0.165161 0.242188
vt 0.164673 0.336426
vt 0.943848 0.539795
vt 0.945801 0.540771
vt 0.945312 0.500977
vt 0.989258 0.296875
vt 0.990723 0.295898
vt 0.989746 0.256836

g UnrealEdObject

s 0
f 1/1 2/2 3/3
f 4/4 5/5 6/6
f 7/7 8/8 9/9
f 10/10 11/11 12/12
f 13/13 14/14 15/15
f 16/16 17/17 18/18
f 19/19 20/20 21/21
f 22/22 23/23 24/24
f 25/25 26/26 27/27
f 28/28 29/29 30/30
f 31/31 32/32 33/33
f 34/34 35/35 36/36
f 37/37 38/38 39/39
f 40/40 41/41 42/42
f 43/43 44/44 45/45
f 46/46 47/47 48/48
f 49/49 50/50 51/51
f 52/52 53/53 54/54
f 55/55 56/56 57/57
f 58/58 59/59 60/60
f 61/61 62/62 63/63
f 64/64 65/65 66/66
f 67/67 68/68 69/69
f 70/70 71/71 72/72
f 73/73 74/74 75/75
f 76/76 77/77 78/78
f 79/79 80/80 81/81
f 82/82 83/83 84/84
f 85/85 86/86 87/87
f 88/88 89/89 90/90
f 91/91 92/92 93/93
f 94/94 95/95 96/96
f 97/97 98/98 99/99
f 100/100 101/101 102/102
f 103/103 104/104 105/105
f 106/106 107/107 108/108
f 109/109 110/110 111/111
f 112/112 113/113 114/114
f 115/115 116/116 117/117
f 118/118 119/119 120/120
f 121/121 122/122 123/123
f 124/124 125/125 126/126
f 127/127 128/128 129/129
f 130/130 131/131 132/132
f 133/133 134/134 135/135
f 136/136 137/137 138/138
f 139/139 140/140 141/141
f 142/142 143/143 144/144
f 145/145 146/146 147/147
f 148/148 149/149 150/150
f 151/151 152/152 153/153
f 154/154 155/155 156/156
f 157/157 158/158 159/159
f 160/160 161/161 162/162
f 163/163 164/164 165/165
f 166/166 167/167 168/168
f 169/169 170/170 171/171
f 172/172 173/173 174/174
f 175/175 176/176 177/177
f 178/178 179/179 180/180
f 181/181 182/182 183/183
f 184/184 185/185 186/186
f 187/187 188/188 189/189
f 190/190 191/191 192/192
f 193/193 194/194 195/195
f 196/196 197/197 198/198
f 199/199 200/200 201/201
f 202/202 203/203 204/204
f 205/205 206/206 207/207
f 208/208 209/209 210/210
f 211/211 212/212 213/213
f 214/214 215/215 216/216
f 217/217 218/218 219/219
f 220/220 221/221 222/222
f 223/223 224/224 225/225
f 226/226 227/227 228/228
f 229/229 230/230 231/231
f 232/232 233/233 234/234
f 235/235 236/236 237/237
f 238/238 239/239 240/240
f 241/241 242/242 243/243
f 244/244 245/245 246/246
f 247/247 248/248 249/249
f 250/250 251/251 252/252
f 253/253 254/254 255/255
f 256/256 257/257 258/258
f 259/259 260/260 261/261
f 262/262 263/263 264/264
f 265/265 266/266 267/267
f 268/268 269/269 270/270
f 271/271 272/272 273/273
f 274/274 275/275 276/276
f 277/277 278/278 279/279
f 280/280 281/281 282/282
f 283/283 284/284 285/285
f 286/286 287/287 288/288
f 289/289 290/290 291/291
f 292/292 293/293 294/294
f 295/295 296/296 297/297
f 298/298 299/299 300/300
f 301/301 302/302 303/303
f 304/304 305/305 306/306
f 307/307 308/308 309/309
f 310/310 311/311 312/312
f 313/313 314/314 315/315
f 316/316 317/317 318/318
f 319/319 320/320 321/321
f 322/322 323/323 324/324
f 325/325 326/326 327/327
f 328/328 329/329 330/330
f 331/331 332/332 333/333
f 334/334 335/335 336/336
f 337/337 338/338 339/339
f 340/340 341/341 342/342
f 343/343 344/344 345/345
f 346/346 347/347 348/348
f 349/349 350/350 351/351
f 352/352 353/353 354/354
f 355/355 356/356 357/357
f 358/358 359/359 360/360
f 361/361 362/362 363/363
f 364/364 365/365 366/366
f 367/367 368/368 369/369
f 370/370 371/371 372/372
f 373/373 374/374 375/375
f 376/376 377/377 378/378
f 379/379 380/380 381/381
f 382/382 383/383 384/384
f 385/385 386/386 387/387
f 388/388 389/389 390/390
f 391/391 392/392 393/393
f 394/394 395/395 396/396
f 397/397 398/398 399/399
f 400/400 401/401 402/402
f 403/403 404/404 405/405
f 406/406 407/407 408/408
f 409/409 410/410 411/411
f 412/412 413/413 414/414
f 415/415 416/416 417/417
f 418/418 419/419 420/420
f 421/421 422/422 423/423
f 424/424 425/425 426/426
f 427/427 428/428 429/429
f 430/430 431/431 432/432
f 433/433 434/434 435/435
f 436/436 437/437 438/438
f 439/439 440/440 441/441
f 442/442 443/443 444/444
f 445/445 446/446 447/447
f 448/448 449/449 450/450
f 451/451 452/452 453/453
f 454/454 455/455 456/456
f 457/457 458/458 459/459
f 460/460 461/461 462/462
f 463/463 464/464 465/465
f 466/466 467/467 468/468
f 469/469 470/470 471/471
f 472/472 473/473 474/474
f 475/475 476/476 477/477
f 478/478 479/479 480/480
f 481/481 482/482 483/483
f 484/484 485/485 486/486
f 487/487 488/488 489/489
f 490/490 491/491 492/492
f 493/493 494/494 495/495
f 496/496 497/497 498/498
f 499/499 500/500 501/501
f 502/502 503/503 504/504
f 505/505 506/506 507/507
f 508/508 509/509 510/510
f 511/511 512/512 513/513
f 514/514 515/515 516/516
f 517/517 518/518 519/519
f 520/520 521/521 522/522
f 523/523 524/524 525/525
f 526/526 527/527 528/528
f 529/529 530/530 531/531
f 532/532 533/533 534/534
f 535/535 536/536 537/537
f 538/538 539/539 540/540
f 541/541 542/542 543/543
f 544/544 545/545 546/546
f 547/547 548/548 549/549
f 550/550 551/551 552/552
f 553/553 554/554 555/555
f 556/556 557/557 558/558
f 559/559 560/560 561/561
f 562/562 563/563 564/564
f 565/565 566/566 567/567
f 568/568 569/569 570/570
f 571/571 572/572 573/573
f 574/574 575/575 576/576
f 577/577 578/578 579/579
f 580/580 581/581 582/582
f 583/583 584/584 585/585
f 586/586 587/587 588/588
f 589/589 590/590 591/591
f 592/592 593/593 594/594
f 595/595 596/596 597/597
f 598/598 599/599 600/600
f 601/601 602/602 603/603
f 604/604 605/605 606/606
f 607/607 608/608 609/609
f 610/610 611/611 612/612
f 613/613 614/614 615/615
f 616/616 617/617 618/618
f 619/619 620/620 621/621
f 622/622 623/623 624/624
f 625/625 626/626 627/627
f 628/628 629/629 630/630
f 631/631 632/632 633/633
f 634/634 635/635 636/636
f 637/637 638/638 639/639
f 640/640 641/641 642/642
f 643/643 644/644 645/645
f 646/646 647/647 648/648
f 649/649 650/650 651/651
f 652/652 653/653 654/654
f 655/655 656/656 657/657
f 658/658 659/659 660/660
f 661/661 662/662 663/663
f 664/664 665/665 666/666
f 667/667 668/668 669/669
f 670/670 671/671 672/672
f 673/673 674/674 675/675
f 676/676 677/677 678/678
f 679/679 680/680 681/681
f 682/682 683/683 684/684
f 685/685 686/686 687/687
f 688/688 689/689 690/690
f 691/691 692/692 693/693
f 694/694 695/695 696/696
f 697/697 698/698 699/699
f 700/700 701/701 702/702
f 703/703 704/704 705/705
f 706/706 707/707 708/708
f 709/709 710/710 711/711
f 712/712 713/713 714/714
f 715/715 716/716 717/717
f 718/718 719/719 720/720
f 721/721 722/722 723/723
f 724/724 725/725 726/726
f 727/727 728/728 729/729
f 730/730 731/731 732/732
f 733/733 734/734 735/735
f 736/736 737/737 738/738
f 739/739 740/740 741/741
f 742/742 743/743 744/744
f 745/745 746/746 747/747
f 748/748 749/749 750/750
f 751/751 752/752 753/753
f 754/754 755/755 756/756
f 757/757 758/758 759/759
f 760/760 761/761 762/762
f 763/763 764/764 765/765
f 766/766 767/767 768/768
f 769/769 770/770 771/771
f 772/772 773/773 774/774
f 775/775 776/776 777/777
f 778/778 779/779 780/780
f 781/781 782/782 783/783
f 784/784 785/785 786/786
f 787/787 788/788 789/789
f 790/790 791/791 792/792
f 793/793 794/794 795/795
f 796/796 797/797 798/798
f 799/799 800/800 801/801
f 802/802 803/803 804/804
f 805/805 806/806 807/807
f 808/808 809/809 810/810
f 811/811 812/812 813/813
f 814/814 815/815 816/816
f 817/817 818/818 819/819
f 820/820 821/821 822/822
f 823/823 824/824 825/825
f 826/826 827/827 828/828
f 829/829 830/830 831/831
f 832/832 833/833 834/834
f 835/835 836/836 837/837
f 838/838 839/839 840/840
f 841/841 842/842 843/843
f 844/844 845/845 846/846
f 847/847 848/848 849/849
f 850/850 851/851 852/852
f 853/853 854/854 855/855
f 856/856 857/857 858/858
f 859/859 860/860 861/861
f 862/862 863/863 864/864
f 865/865 866/866 867/867
f 868/868 869/869 870/870
f 871/871 872/872 873/873
f 874/874 875/875 876/876
f 877/877 878/878 879/879
f 880/880 881/881 882/882
f 883/883 884/884 885/885
f 886/886 887/887 888/888
f 889/889 890/890 891/891
f 892/892 893/893 894/894
f 895/895 896/896 897/897
f 898/898 899/899 900/900
f 901/901 902/902 903/903
f 904/904 905/905 906/906
f 907/907 908/908 909/909
f 910/910 911/911 912/912
f 913/913 914/914 915/915
f 916/916 917/917 918/918
f 919/919 920/920 921/921
f 922/922 923/923 924/924
f 925/925 926/926 927/927
f 928/928 929/929 930/930
f 931/931 932/932 933/933
f 934/934 935/935 936/936
f 937/937 938/938 939/939
f 940/940 941/941 942/942
f 943/943 944/944 945/945
f 946/946 947/947 948/948
f 949/949 950/950 951/951
f 952/952 953/953 954/954
f 955/955 956/956 957/957
f 958/958 959/959 960/960
f 961/961 962/962 963/963
f 964/964 965/965 966/966
f 967/967 968/968 969/969
f 970/970 971/971 972/972
f 973/973 974/974 975/975
f 976/976 977/977 978/978
f 979/979 980/980 981/981
f 982/982 983/983 984/984
f 985/985 986/986 987/987
f 988/988 989/989 990/990
f 991/991 992/992 993/993
f 994/994 995/995 996/996
f 997/997 998/998 999/999
f 1000/1000 1001/1001 1002/1002
f 1003/1003 1004/1004 1005/1005
f 1006/1006 1007/1007 1008/1008
f 1009/1009 1010/1010 1011/1011
f 1012/1012 1013/1013 1014/1014
f 1015/1015 1016/1016 1017/1017
f 1018/1018 1019/1019 1020/1020
f 1021/1021 1022/1022 1023/1023
f 1024/1024 1025/1025 1026/1026
f 1027/1027 1028/1028 1029/1029
f 1030/1030 1031/1031 1032/1032
f 1033/1033 1034/1034 1035/1035
f 1036/1036 1037/1037 1038/1038
f 1039/1039 1040/1040 1041/1041
f 1042/1042 1043/1043 1044/1044
f 1045/1045 1046/1046 1047/1047
f 1048/1048 1049/1049 1050/1050
f 1051/1051 1052/1052 1053/1053
f 1054/1054 1055/1055 1056/1056
f 1057/1057 1058/1058 1059/1059
f 1060/1060 1061/1061 1062/1062
f 1063/1063 1064/1064 1065/1065
f 1066/1066 1067/1067 1068/1068
f 1069/1069 1070/1070 1071/1071
f 1072/1072 1073/1073 1074/1074
f 1075/1075 1076/1076 1077/1077
f 1078/1078 1079/1079 1080/1080
f 1081/1081 1082/1082 1083/1083
f 1084/1084 1085/1085 1086/1086
f 1087/1087 1088/1088 1089/1089
f 1090/1090 1091/1091 1092/1092
f 1093/1093 1094/1094 1095/1095
f 1096/1096 1097/1097 1098/1098
f 1099/1099 1100/1100 1101/1101
f 1102/1102 1103/1103 1104/1104
f 1105/1105 1106/1106 1107/1107
f 1108/1108 1109/1109 1110/1110
f 1111/1111 1112/1112 1113/1113
f 1114/1114 1115/1115 1116/1116
f 1117/1117 1118/1118 1119/1119
f 1120/1120 1121/1121 1122/1122
f 1123/1123 1124/1124 1125/1125
f 1126/1126 1127/1127 1128/1128
f 1129/1129 1130/1130 1131/1131
f 1132/1132 1133/1133 1134/1134
f 1135/1135 1136/1136 1137/1137
f 1138/1138 1139/1139 1140/1140
f 1141/1141 1142/1142 1143/1143
f 1144/1144 1145/1145 1146/1146
f 1147/1147 1148/1148 1149/1149
f 1150/1150 1151/1151 1152/1152
f 1153/1153 1154/1154 1155/1155
f 1156/1156 1157/1157 1158/1158
f 1159/1159 1160/1160 1161/1161
f 1162/1162 1163/1163 1164/1164
f 1165/1165 1166/1166 1167/1167
f 1168/1168 1169/1169 1170/1170
f 1171/1171 1172/1172 1173/1173
f 1174/1174 1175/1175 1176/1176
f 1177/1177 1178/1178 1179/1179
f 1180/1180 1181/1181 1182/1182
f 1183/1183 1184/1184 1185/1185
f 1186/1186 1187/1187 1188/1188
f 1189/1189 1190/1190 1191/1191
f 1192/1192 1193/1193 1194/1194
f 1195/1195 1196/1196 1197/1197
f 1198/1198 1199/1199 1200/1200
f 1201/1201 1202/1202 1203/1203
f 1204/1204 1205/1205 1206/1206
f 1207/1207 1208/1208 1209/1209
f 1210/1210 1211/1211 1212/1212
f 1213/1213 1214/1214 1215/1215
f 1216/1216 1217/1217 1218/1218
f 1219/1219 1220/1220 1221/1221
f 1222/1222 1223/1223 1224/1224
f 1225/1225 1226/1226 1227/1227
f 1228/1228 1229/1229 1230/1230
f 1231/1231 1232/1232 1233/1233
f 1234/1234 1235/1235 1236/1236
f 1237/1237 1238/1238 1239/1239
f 1240/1240 1241/1241 1242/1242
f 1243/1243 1244/1244 1245/1245
f 1246/1246 1247/1247 1248/1248
f 1249/1249 1250/1250 1251/1251
f 1252/1252 1253/1253 1254/1254
f 1255/1255 1256/1256 1257/1257
f 1258/1258 1259/1259 1260/1260
f 1261/1261 1262/1262 1263/1263
f 1264/1264 1265/1265 1266/1266
f 1267/1267 1268/1268 1269/1269
f 1270/1270 1271/1271 1272/1272
f 1273/1273 1274/1274 1275/1275
f 1276/1276 1277/1277 1278/1278
f 1279/1279 1280/1280 1281/1281
f 1282/1282 1283/1283 1284/1284
f 1285/1285 1286/1286 1287/1287
f 1288/1288 1289/1289 1290/1290
f 1291/1291 1292/1292 1293/1293
f 1294/1294 1295/1295 1296/1296
f 1297/1297 1298/1298 1299/1299
f 1300/1300 1301/1301 1302/1302
f 1303/1303 1304/1304 1305/1305
f 1306/1306 1307/1307 1308/1308
f 1309/1309 1310/1310 1311/1311
f 1312/1312 1313/1313 1314/1314
f 1315/1315 1316/1316 1317/1317
f 1318/1318 1319/1319 1320/1320
f 1321/1321 1322/1322 1323/1323
f 1324/1324 1325/1325 1326/1326
f 1327/1327 1328/1328 1329/1329
f 1330/1330 1331/1331 1332/1332
f 1333/1333 1334/1334 1335/1335
f 1336/1336 1337/1337 1338/1338
f 1339/1339 1340/1340 1341/1341
f 1342/1342 1343/1343 1344/1344
f 1345/1345 1346/1346 1347/1347
f 1348/1348 1349/1349 1350/1350
f 1351/1351 1352/1352 1353/1353
f 1354/1354 1355/1355 1356/1356
f 1357/1357 1358/1358 1359/1359
f 1360/1360 1361/1361 1362/1362
f 1363/1363 1364/1364 1365/1365
f 1366/1366 1367/1367 1368/1368
f 1369/1369 1370/1370 1371/1371
f 1372/1372 1373/1373 1374/1374
f 1375/1375 1376/1376 1377/1377
f 1378/1378 1379/1379 1380/1380
f 1381/1381 1382/1382 1383/1383
f 1384/1384 1385/1385 1386/1386
f 1387/1387 1388/1388 1389/1389
f 1390/1390 1391/1391 1392/1392
f 1393/1393 1394/1394 1395/1395
f 1396/1396 1397/1397 1398/1398
f 1399/1399 1400/1400 1401/1401
f 1402/1402 1403/1403 1404/1404
f 1405/1405 1406/1406 1407/1407
f 1408/1408 1409/1409 1410/1410
f 1411/1411 1412/1412 1413/1413
f 1414/1414 1415/1415 1416/1416
f 1417/1417 1418/1418 1419/1419
f 1420/1420 1421/1421 1422/1422
f 1423/1423 1424/1424 1425/1425
f 1426/1426 1427/1427 1428/1428
f 1429/1429 1430/1430 1431/1431
f 1432/1432 1433/1433 1434/1434
f 1435/1435 1436/1436 1437/1437
f 1438/1438 1439/1439 1440/1440
f 1441/1441 1442/1442 1443/1443
f 1444/1444 1445/1445 1446/1446
f 1447/1447 1448/1448 1449/1449
f 1450/1450 1451/1451 1452/1452
f 1453/1453 1454/1454 1455/1455
f 1456/1456 1457/1457 1458/1458
f 1459/1459 1460/1460 1461/1461
f 1462/1462 1463/1463 1464/1464
f 1465/1465 1466/1466 1467/1467
f 1468/1468 1469/1469 1470/1470
f 1471/1471 1472/1472 1473/1473
f 1474/1474 1475/1475 1476/1476
f 1477/1477 1478/1478 1479/1479
f 1480/1480 1481/1481 1482/1482
f 1483/1483 1484/1484 1485/1485
f 1486/1486 1487/1487 1488/1488
f 1489/1489 1490/1490 1491/1491
f 1492/1492 1493/1493 1494/1494
f 1495/1495 1496/1496 1497/1497
f 1498/1498 1499/1499 1500/1500
f 1501/1501 1502/1502 1503/1503
f 1504/1504 1505/1505 1506/1506
f 1507/1507 1508/1508 1509/1509
f 1510/1510 1511/1511 1512/1512
f 1513/1513 1514/1514 1515/1515
f 1516/1516 1517/1517 1518/1518
f 1519/1519 1520/1520 1521/1521
f 1522/1522 1523/1523 1524/1524
f 1525/1525 1526/1526 1527/1527
f 1528/1528 1529/1529 1530/1530
f 1531/1531 1532/1532 1533/1533
f 1534/1534 1535/1535 1536/1536
f 1537/1537 1538/1538 1539/1539
f 1540/1540 1541/1541 1542/1542
f 1543/1543 1544/1544 1545/1545
f 1546/1546 1547/1547 1548/1548
f 1549/1549 1550/1550 1551/1551
f 1552/1552 1553/1553 1554/1554
f 1555/1555 1556/1556 1557/1557
f 1558/1558 1559/1559 1560/1560
f 1561/1561 1562/1562 1563/1563
f 1564/1564 1565/1565 1566/1566
f 1567/1567 1568/1568 1569/1569
f 1570/1570 1571/1571 1572/1572
f 1573/1573 1574/1574 1575/1575
f 1576/1576 1577/1577 1578/1578
f 1579/1579 1580/1580 1581/1581
f 1582/1582 1583/1583 1584/1584
f 1585/1585 1586/1586 1587/1587
f 1588/1588 1589/1589 1590/1590
f 1591/1591 1592/1592 1593/1593
f 1594/1594 1595/1595 1596/1596
f 1597/1597 1598/1598 1599/1599
f 1600/1600 1601/1601 1602/1602
f 1603/1603 1604/1604 1605/1605
f 1606/1606 1607/1607 1608/1608
f 1609/1609 1610/1610 1611/1611
f 1612/1612 1613/1613 1614/1614
f 1615/1615 1616/1616 1617/1617
f 1618/1618 1619/1619 1620/1620
f 1621/1621 1622/1622 1623/1623
f 1624/1624 1625/1625 1626/1626
f 1627/1627 1628/1628 1629/1629
f 1630/1630 1631/1631 1632/1632
f 1633/1633 1634/1634 1635/1635
f 1636/1636 1637/1637 1638/1638
f 1639/1639 1640/1640 1641/1641
f 1642/1642 1643/1643 1644/1644
f 1645/1645 1646/1646 1647/1647
f 1648/1648 1649/1649 1650/1650
f 1651/1651 1652/1652 1653/1653
f 1654/1654 1655/1655 1656/1656
f 1657/1657 1658/1658 1659/1659
f 1660/1660 1661/1661 1662/1662
f 1663/1663 1664/1664 1665/1665
f 1666/1666 1667/1667 1668/1668
f 1669/1669 1670/1670 1671/1671
f 1672/1672 1673/1673 1674/1674
f 1675/1675 1676/1676 1677/1677
f 1678/1678 1679/1679 1680/1680
f 1681/1681 1682/1682 1683/1683
f 1684/1684 1685/1685 1686/1686
f 1687/1687 1688/1688 1689/1689
f 1690/1690 1691/1691 1692/1692
f 1693/1693 1694/1694 1695/1695
f 1696/1696 1697/1697 1698/1698
f 1699/1699 1700/1700 1701/1701
f 1702/1702 1703/1703 1704/1704
f 1705/1705 1706/1706 1707/1707
f 1708/1708 1709/1709 1710/1710
f 1711/1711 1712/1712 1713/1713
f 1714/1714 1715/1715 1716/1716
f 1717/1717 1718/1718 1719/1719
f 1720/1720 1721/1721 1722/1722
f 1723/1723 1724/1724 1725/1725
f 1726/1726 1727/1727 1728/1728
f 1729/1729 1730/1730 1731/1731
f 1732/1732 1733/1733 1734/1734
f 1735/1735 1736/1736 1737/1737
f 1738/1738 1739/1739 1740/1740
f 1741/1741 1742/1742 1743/1743
f 1744/1744 1745/1745 1746/1746
f 1747/1747 1748/1748 1749/1749
f 1750/1750 1751/1751 1752/1752
f 1753/1753 1754/1754 1755/1755
f 1756/1756 1757/1757 1758/1758
f 1759/1759 1760/1760 1761/1761
f 1762/1762 1763/1763 1764/1764
f 1765/1765 1766/1766 1767/1767
f 1768/1768 1769/1769 1770/1770
f 1771/1771 1772/1772 1773/1773
f 1774/1774 1775/1775 1776/1776
f 1777/1777 1778/1778 1779/1779
f 1780/1780 1781/1781 1782/1782
f 1783/1783 1784/1784 1785/1785
f 1786/1786 1787/1787 1788/1788
f 1789/1789 1790/1790 1791/1791
f 1792/1792 1793/1793 1794/1794
f 1795/1795 1796/1796 1797/1797
f 1798/1798 1799/1799 1800/1800
f 1801/1801 1802/1802 1803/1803
f 1804/1804 1805/1805 1806/1806
f 1807/1807 1808/1808 1809/1809
f 1810/1810 1811/1811 1812/1812
f 1813/1813 1814/1814 1815/1815
f 1816/1816 1817/1817 1818/1818
f 1819/1819 1820/1820 1821/1821
f 1822/1822 1823/1823 1824/1824
f 1825/1825 1826/1826 1827/1827
f 1828/1828 1829/1829 1830/1830
f 1831/1831 1832/1832 1833/1833
f 1834/1834 1835/1835 1836/1836
f 1837/1837 1838/1838 1839/1839
f 1840/1840 1841/1841 1842/1842
f 1843/1843 1844/1844 1845/1845
f 1846/1846 1847/1847 1848/1848
f 1849/1849 1850/1850 1851/1851
f 1852/1852 1853/1853 1854/1854
f 1855/1855 1856/1856 1857/1857
f 1858/1858 1859/1859 1860/1860
f 1861/1861 1862/1862 1863/1863
f 1864/1864 1865/1865 1866/1866
f 1867/1867 1868/1868 1869/1869
f 1870/1870 1871/1871 1872/1872
f 1873/1873 1874/1874 1875/1875
f 1876/1876 1877/1877 1878/1878
f 1879/1879 1880/1880 1881/1881
f 1882/1882 1883/1883 1884/1884
f 1885/1885 1886/1886 1887/1887
f 1888/1888 1889/1889 1890/1890
f 1891/1891 1892/1892 1893/1893
f 1894/1894 1895/1895 1896/1896
f 1897/1897 1898/1898 1899/1899
f 1900/1900 1901/1901 1902/1902
f 1903/1903 1904/1904 1905/1905
f 1906/1906 1907/1907 1908/1908
f 1909/1909 1910/1910 1911/1911
f 1912/1912 1913/1913 1914/1914
f 1915/1915 1916/1916 1917/1917
f 1918/1918 1919/1919 1920/1920
f 1921/1921 1922/1922 1923/1923
f 1924/1924 1925/1925 1926/1926
f 1927/1927 1928/1928 1929/1929
f 1930/1930 1931/1931 1932/1932
f 1933/1933 1934/1934 1935/1935
f 1936/1936 1937/1937 1938/1938
f 1939/1939 1940/1940 1941/1941
f 1942/1942 1943/1943 1944/1944
f 1945/1945 1946/1946 1947/1947
f 1948/1948 1949/1949 1950/1950
f 1951/1951 1952/1952 1953/1953
f 1954/1954 1955/1955 1956/1956
f 1957/1957 1958/1958 1959/1959
f 1960/1960 1961/1961 1962/1962
f 1963/1963 1964/1964 1965/1965
f 1966/1966 1967/1967 1968/1968
f 1969/1969 1970/1970 1971/1971
f 1972/1972 1973/1973 1974/1974
f 1975/1975 1976/1976 1977/1977
f 1978/1978 1979/1979 1980/1980
f 1981/1981 1982/1982 1983/1983
f 1984/1984 1985/1985 1986/1986
f 1987/1987 1988/1988 1989/1989
f 1990/1990 1991/1991 1992/1992
f 1993/1993 1994/1994 1995/1995
f 1996/1996 1997/1997 1998/1998
f 1999/1999 2000/2000 2001/2001
f 2002/2002 2003/2003 2004/2004
f 2005/2005 2006/2006 2007/2007
f 2008/2008 2009/2009 2010/2010
f 2011/2011 2012/2012 2013/2013
f 2014/2014 2015/2015 2016/2016
f 2017/2017 2018/2018 2019/2019
f 2020/2020 2021/2021 2022/2022
f 2023/2023 2024/2024 2025/2025
f 2026/2026 2027/2027 2028/2028
f 2029/2029 2030/2030 2031/2031
f 2032/2032 2033/2033 2034/2034
f 2035/2035 2036/2036 2037/2037
f 2038/2038 2039/2039 2040/2040
f 2041/2041 2042/2042 2043/2043
f 2044/2044 2045/2045 2046/2046
f 2047/2047 2048/2048 2049/2049
f 2050/2050 2051/2051 2052/2052
f 2053/2053 2054/2054 2055/2055
f 2056/2056 2057/2057 2058/2058
f 2059/2059 2060/2060 2061/2061
f 2062/2062 2063/2063 2064/2064
f 2065/2065 2066/2066 2067/2067
f 2068/2068 2069/2069 2070/2070
f 2071/2071 2072/2072 2073/2073
f 2074/2074 2075/2075 2076/2076
f 2077/2077 2078/2078 2079/2079
f 2080/2080 2081/2081 2082/2082
f 2083/2083 2084/2084 2085/2085
f 2086/2086 2087/2087 2088/2088
f 2089/2089 2090/2090 2091/2091
f 2092/2092 2093/2093 2094/2094
f 2095/2095 2096/2096 2097/2097
f 2098/2098 2099/2099 2100/2100
f 2101/2101 2102/2102 2103/2103
f 2104/2104 2105/2105 2106/2106
f 2107/2107 2108/2108 2109/2109
f 2110/2110 2111/2111 2112/2112
f 2113/2113 2114/2114 2115/2115
f 2116/2116 2117/2117 2118/2118
f 2119/2119 2120/2120 2121/2121
f 2122/2122 2123/2123 2124/2124
f 2125/2125 2126/2126 2127/2127
f 2128/2128 2129/2129 2130/2130
f 2131/2131 2132/2132 2133/2133
f 2134/2134 2135/2135 2136/2136
f 2137/2137 2138/2138 2139/2139
f 2140/2140 2141/2141 2142/2142
f 2143/2143 2144/2144 2145/2145
f 2146/2146 2147/2147 2148/2148
f 2149/2149 2150/2150 2151/2151
f 2152/2152 2153/2153 2154/2154
f 2155/2155 2156/2156 2157/2157
f 2158/2158 2159/2159 2160/2160
f 2161/2161 2162/2162 2163/2163
f 2164/2164 2165/2165 2166/2166
f 2167/2167 2168/2168 2169/2169
f 2170/2170 2171/2171 2172/2172
f 2173/2173 2174/2174 2175/2175
f 2176/2176 2177/2177 2178/2178
f 2179/2179 2180/2180 2181/2181
f 2182/2182 2183/2183 2184/2184
f 2185/2185 2186/2186 2187/2187
f 2188/2188 2189/2189 2190/2190
f 2191/2191 2192/2192 2193/2193
f 2194/2194 2195/2195 2196/2196
f 2197/2197 2198/2198 2199/2199
f 2200/2200 2201/2201 2202/2202
f 2203/2203 2204/2204 2205/2205
f 2206/2206 2207/2207 2208/2208
f 2209/2209 2210/2210 2211/2211
f 2212/2212 2213/2213 2214/2214
f 2215/2215 2216/2216 2217/2217
f 2218/2218 2219/2219 2220/2220
f 2221/2221 2222/2222 2223/2223
f 2224/2224 2225/2225 2226/2226
f 2227/2227 2228/2228 2229/2229
f 2230/2230 2231/2231 2232/2232
f 2233/2233 2234/2234 2235/2235
f 2236/2236 2237/2237 2238/2238
f 2239/2239 2240/2240 2241/2241
f 2242/2242 2243/2243 2244/2244
f 2245/2245 2246/2246 2247/2247
f 2248/2248 2249/2249 2250/2250
f 2251/2251 2252/2252 2253/2253
f 2254/2254 2255/2255 2256/2256
f 2257/2257 2258/2258 2259/2259
f 2260/2260 2261/2261 2262/2262
f 2263/2263 2264/2264 2265/2265
f 2266/2266 2267/2267 2268/2268
f 2269/2269 2270/2270 2271/2271
f 2272/2272 2273/2273 2274/2274
f 2275/2275 2276/2276 2277/2277
f 2278/2278 2279/2279 2280/2280
f 2281/2281 2282/2282 2283/2283
f 2284/2284 2285/2285 2286/2286
f 2287/2287 2288/2288 2289/2289
f 2290/2290 2291/2291 2292/2292
f 2293/2293 2294/2294 2295/2295
f 2296/2296 2297/2297 2298/2298
f 2299/2299 2300/2300 2301/2301
f 2302/2302 2303/2303 2304/2304
f 2305/2305 2306/2306 2307/2307
f 2308/2308 2309/2309 2310/2310
f 2311/2311 2312/2312 2313/2313
f 2314/2314 2315/2315 2316/2316
f 2317/2317 2318/2318 2319/2319
f 2320/2320 2321/2321 2322/2322
f 2323/2323 2324/2324 2325/2325
f 2326/2326 2327/2327 2328/2328
f 2329/2329 2330/2330 2331/2331
f 2332/2332 2333/2333 2334/2334
f 2335/2335 2336/2336 2337/2337
f 2338/2338 2339/2339 2340/2340
f 2341/2341 2342/2342 2343/2343
f 2344/2344 2345/2345 2346/2346
f 2347/2347 2348/2348 2349/2349
f 2350/2350 2351/2351 2352/2352
f 2353/2353 2354/2354 2355/2355
f 2356/2356 2357/2357 2358/2358
f 2359/2359 2360/2360 2361/2361
f 2362/2362 2363/2363 2364/2364
f 2365/2365 2366/2366 2367/2367
f 2368/2368 2369/2369 2370/2370
f 2371/2371 2372/2372 2373/2373
f 2374/2374 2375/2375 2376/2376
f 2377/2377 2378/2378 2379/2379
f 2380/2380 2381/2381 2382/2382
f 2383/2383 2384/2384 2385/2385
f 2386/2386 2387/2387 2388/2388
f 2389/2389 2390/2390 2391/2391
f 2392/2392 2393/2393 2394/2394
f 2395/2395 2396/2396 2397/2397
f 2398/2398 2399/2399 2400/2400
f 2401/2401 2402/2402 2403/2403
f 2404/2404 2405/2405 2406/2406
f 2407/2407 2408/2408 2409/2409
f 2410/2410 2411/2411 2412/2412
f 2413/2413 2414/2414 2415/2415
f 2416/2416 2417/2417 2418/2418
f 2419/2419 2420/2420 2421/2421
f 2422/2422 2423/2423 2424/2424
f 2425/2425 2426/2426 2427/2427
f 2428/2428 2429/2429 2430/2430
f 2431/2431 2432/2432 2433/2433
f 2434/2434 2435/2435 2436/2436
f 2437/2437 2438/2438 2439/2439
f 2440/2440 2441/2441 2442/2442
f 2443/2443 2444/2444 2445/2445
f 2446/2446 2447/2447 2448/2448
f 2449/2449 2450/2450 2451/2451
f 2452/2452 2453/2453 2454/2454
f 2455/2455 2456/2456 2457/2457
f 2458/2458 2459/2459 2460/2460
f 2461/2461 2462/2462 2463/2463
f 2464/2464 2465/2465 2466/2466
f 2467/2467 2468/2468 2469/2469
f 2470/2470 2471/2471 2472/2472
f 2473/2473 2474/2474 2475/2475
f 2476/2476 2477/2477 2478/2478
f 2479/2479 2480/2480 2481/2481
f 2482/2482 2483/2483 2484/2484
f 2485/2485 2486/2486 2487/2487
f 2488/2488 2489/2489 2490/2490
f 2491/2491 2492/2492 2493/2493
f 2494/2494 2495/2495 2496/2496
f 2497/2497 2498/2498 2499/2499
f 2500/2500 2501/2501 2502/2502
f 2503/2503 2504/2504 2505/2505
f 2506/2506 2507/2507 2508/2508
f 2509/2509 2510/2510 2511/2511
f 2512/2512 2513/2513 2514/2514
f 2515/2515 2516/2516 2517/2517
f 2518/2518 2519/2519 2520/2520
f 2521/2521 2522/2522 2523/2523
f 2524/2524 2525/2525 2526/2526
f 2527/2527 2528/2528 2529/2529
f 2530/2530 2531/2531 2532/2532
f 2533/2533 2534/2534 2535/2535
f 2536/2536 2537/2537 2538/2538
f 2539/2539 2540/2540 2541/2541
f 2542/2542 2543/2543 2544/2544
f 2545/2545 2546/2546 2547/2547
f 2548/2548 2549/2549 2550/2550
f 2551/2551 2552/2552 2553/2553
f 2554/2554 2555/2555 2556/2556
f 2557/2557 2558/2558 2559/2559
f 2560/2560 2561/2561 2562/2562
f 2563/2563 2564/2564 2565/2565
f 2566/2566 2567/2567 2568/2568
f 2569/2569 2570/2570 2571/2571
f 2572/2572 2573/2573 2574/2574
f 2575/2575 2576/2576 2577/2577
f 2578/2578 2579/2579 2580/2580
f 2581/2581 2582/2582 2583/2583
f 2584/2584 2585/2585 2586/2586
f 2587/2587 2588/2588 2589/2589
f 2590/2590 2591/2591 2592/2592
f 2593/2593 2594/2594 2595/2595
f 2596/2596 2597/2597 2598/2598
f 2599/2599 2600/2600 2601/2601
f 2602/2602 2603/2603 2604/2604
f 2605/2605 2606/2606 2607/2607
f 2608/2608 2609/2609 2610/2610
f 2611/2611 2612/2612 2613/2613
f 2614/2614 2615/2615 2616/2616
f 2617/2617 2618/2618 2619/2619
f 2620/2620 2621/2621 2622/2622
f 2623/2623 2624/2624 2625/2625
f 2626/2626 2627/2627 2628/2628
f 2629/2629 2630/2630 2631/2631
f 2632/2632 2633/2633 2634/2634
f 2635/2635 2636/2636 2637/2637
f 2638/2638 2639/2639 2640/2640
f 2641/2641 2642/2642 2643/2643
f 2644/2644 2645/2645 2646/2646
f 2647/2647 2648/2648 2649/2649
f 2650/2650 2651/2651 2652/2652
f 2653/2653 2654/2654 2655/2655
f 2656/2656 2657/2657 2658/2658
f 2659/2659 2660/2660 2661/2661
f 2662/2662 2663/2663 2664/2664
f 2665/2665 2666/2666 2667/2667
f 2668/2668 2669/2669 2670/2670
f 2671/2671 2672/2672 2673/2673
f 2674/2674 2675/2675 2676/2676
f 2677/2677 2678/2678 2679/2679
f 2680/2680 2681/2681 2682/2682
f 2683/2683 2684/2684 2685/2685
f 2686/2686 2687/2687 2688/2688
f 2689/2689 2690/2690 2691/2691
f 2692/2692 2693/2693 2694/2694
f 2695/2695 2696/2696 2697/2697
f 2698/2698 2699/2699 2700/2700
f 2701/2701 2702/2702 2703/2703
f 2704/2704 2705/2705 2706/2706
f 2707/2707 2708/2708 2709/2709
f 2710/2710 2711/2711 2712/2712
f 2713/2713 2714/2714 2715/2715
f 2716/2716 2717/2717 2718/2718
f 2719/2719 2720/2720 2721/2721
f 2722/2722 2723/2723 2724/2724
f 2725/2725 2726/2726 2727/2727
f 2728/2728 2729/2729 2730/2730
f 2731/2731 2732/2732 2733/2733
f 2734/2734 2735/2735 2736/2736
f 2737/2737 2738/2738 2739/2739
f 2740/2740 2741/2741 2742/2742
f 2743/2743 2744/2744 2745/2745
f 2746/2746 2747/2747 2748/2748
f 2749/2749 2750/2750 2751/2751
f 2752/2752 2753/2753 2754/2754
f 2755/2755 2756/2756 2757/2757
f 2758/2758 2759/2759 2760/2760
f 2761/2761 2762/2762 2763/2763
f 2764/2764 2765/2765 2766/2766
f 2767/2767 2768/2768 2769/2769
f 2770/2770 2771/2771 2772/2772
f 2773/2773 2774/2774 2775/2775
f 2776/2776 2777/2777 2778/2778
f 2779/2779 2780/2780 2781/2781
f 2782/2782 2783/2783 2784/2784
f 2785/2785 2786/2786 2787/2787
f 2788/2788 2789/2789 2790/2790
f 2791/2791 2792/2792 2793/2793
f 2794/2794 2795/2795 2796/2796
f 2797/2797 2798/2798 2799/2799
f 2800/2800 2801/2801 2802/2802
f 2803/2803 2804/2804 2805/2805
f 2806/2806 2807/2807 2808/2808
f 2809/2809 2810/2810 2811/2811
f 2812/2812 2813/2813 2814/2814
f 2815/2815 2816/2816 2817/2817
f 2818/2818 2819/2819 2820/2820
f 2821/2821 2822/2822 2823/2823
f 2824/2824 2825/2825 2826/2826
f 2827/2827 2828/2828 2829/2829
f 2830/2830 2831/2831 2832/2832
f 2833/2833 2834/2834 2835/2835
f 2836/2836 2837/2837 2838/2838
f 2839/2839 2840/2840 2841/2841
f 2842/2842 2843/2843 2844/2844
f 2845/2845 2846/2846 2847/2847
f 2848/2848 2849/2849 2850/2850
f 2851/2851 2852/2852 2853/2853
f 2854/2854 2855/2855 2856/2856
f 2857/2857 2858/2858 2859/2859
f 2860/2860 2861/2861 2862/2862
f 2863/2863 2864/2864 2865/2865
f 2866/2866 2867/2867 2868/2868
f 2869/2869 2870/2870 2871/2871
f 2872/2872 2873/2873 2874/2874
f 2875/2875 2876/2876 2877/2877
f 2878/2878 2879/2879 2880/2880
f 2881/2881 2882/2882 2883/2883
f 2884/2884 2885/2885 2886/2886
f 2887/2887 2888/2888 2889/2889
f 2890/2890 2891/2891 2892/2892
f 2893/2893 2894/2894 2895/2895
f 2896/2896 2897/2897 2898/2898
f 2899/2899 2900/2900 2901/2901
f 2902/2902 2903/2903 2904/2904
f 2905/2905 2906/2906 2907/2907
f 2908/2908 2909/2909 2910/2910
f 2911/2911 2912/2912 2913/2913
f 2914/2914 2915/2915 2916/2916
f 2917/2917 2918/2918 2919/2919
f 2920/2920 2921/2921 2922/2922
f 2923/2923 2924/2924 2925/2925
f 2926/2926 2927/2927 2928/2928
f 2929/2929 2930/2930 2931/2931
f 2932/2932 2933/2933 2934/2934
f 2935/2935 2936/2936 2937/2937
f 2938/2938 2939/2939 2940/2940
f 2941/2941 2942/2942 2943/2943
f 2944/2944 2945/2945 2946/2946
f 2947/2947 2948/2948 2949/2949
f 2950/2950 2951/2951 2952/2952
f 2953/2953 2954/2954 2955/2955
f 2956/2956 2957/2957 2958/2958
f 2959/2959 2960/2960 2961/2961
f 2962/2962 2963/2963 2964/2964
f 2965/2965 2966/2966 2967/2967
f 2968/2968 2969/2969 2970/2970
f 2971/2971 2972/2972 2973/2973
f 2974/2974 2975/2975 2976/2976
f 2977/2977 2978/2978 2979/2979
f 2980/2980 2981/2981 2982/2982
f 2983/2983 2984/2984 2985/2985
f 2986/2986 2987/2987 2988/2988
f 2989/2989 2990/2990 2991/2991
f 2992/2992 2993/2993 2994/2994
f 2995/2995 2996/2996 2997/2997
f 2998/2998 2999/2999 3000/3000
f 3001/3001 3002/3002 3003/3003
f 3004/3004 3005/3005 3006/3006
f 3007/3007 3008/3008 3009/3009
f 3010/3010 3011/3011 3012/3012
f 3013/3013 3014/3014 3015/3015
f 3016/3016 3017/3017 3018/3018
f 3019/3019 3020/3020 3021/3021
f 3022/3022 3023/3023 3024/3024
f 3025/3025 3026/3026 3027/3027
f 3028/3028 3029/3029 3030/3030
f 3031/3031 3032/3032 3033/3033
f 3034/3034 3035/3035 3036/3036
f 3037/3037 3038/3038 3039/3039
f 3040/3040 3041/3041 3042/3042
f 3043/3043 3044/3044 3045/3045
f 3046/3046 3047/3047 3048/3048
f 3049/3049 3050/3050 3051/3051
f 3052/3052 3053/3053 3054/3054
f 3055/3055 3056/3056 3057/3057
f 3058/3058 3059/3059 3060/3060
f 3061/3061 3062/3062 3063/3063
f 3064/3064 3065/3065 3066/3066
f 3067/3067 3068/3068 3069/3069
f 3070/3070 3071/3071 3072/3072
f 3073/3073 3074/3074 3075/3075
f 3076/3076 3077/3077 3078/3078
f 3079/3079 3080/3080 3081/3081
f 3082/3082 3083/3083 3084/3084
f 3085/3085 3086/3086 3087/3087
f 3088/3088 3089/3089 3090/3090
f 3091/3091 3092/3092 3093/3093
f 3094/3094 3095/3095 3096/3096
f 3097/3097 3098/3098 3099/3099
f 3100/3100 3101/3101 3102/3102
f 3103/3103 3104/3104 3105/3105
f 3106/3106 3107/3107 3108/3108
f 3109/3109 3110/3110 3111/3111
f 3112/3112 3113/3113 3114/3114
f 3115/3115 3116/3116 3117/3117
f 3118/3118 3119/3119 3120/3120
f 3121/3121 3122/3122 3123/3123
f 3124/3124 3125/3125 3126/3126
f 3127/3127 3128/3128 3129/3129
f 3130/3130 3131/3131 3132/3132
f 3133/3133 3134/3134 3135/3135
f 3136/3136 3137/3137 3138/3138
f 3139/3139 3140/3140 3141/3141
f 3142/3142 3143/3143 3144/3144
f 3145/3145 3146/3146 3147/3147
f 3148/3148 3149/3149 3150/3150
f 3151/3151 3152/3152 3153/3153
f 3154/3154 3155/3155 3156/3156
f 3157/3157 3158/3158 3159/3159
f 3160/3160 3161/3161 3162/3162
f 3163/3163 3164/3164 3165/3165
f 3166/3166 3167/3167 3168/3168
f 3169/3169 3170/3170 3171/3171
f 3172/3172 3173/3173 3174/3174
f 3175/3175 3176/3176 3177/3177
f 3178/3178 3179/3179 3180/3180
f 3181/3181 3182/3182 3183/3183
f 3184/3184 3185/3185 3186/3186
f 3187/3187 3188/3188 3189/3189
f 3190/3190 3191/3191 3192/3192
f 3193/3193 3194/3194 3195/3195
f 3196/3196 3197/3197 3198/3198
f 3199/3199 3200/3200 3201/3201
f 3202/3202 3203/3203 3204/3204
f 3205/3205 3206/3206 3207/3207
f 3208/3208 3209/3209 3210/3210
f 3211/3211 3212/3212 3213/3213
f 3214/3214 3215/3215 3216/3216
f 3217/3217 3218/3218 3219/3219
f 3220/3220 3221/3221 3222/3222
f 3223/3223 3224/3224 3225/3225
f 3226/3226 3227/3227 3228/3228
f 3229/3229 3230/3230 3231/3231
f 3232/3232 3233/3233 3234/3234
f 3235/3235 3236/3236 3237/3237
f 3238/3238 3239/3239 3240/3240
f 3241/3241 3242/3242 3243/3243
f 3244/3244 3245/3245 3246/3246
f 3247/3247 3248/3248 3249/3249
f 3250/3250 3251/3251 3252/3252
f 3253/3253 3254/3254 3255/3255
f 3256/3256 3257/3257 3258/3258
f 3259/3259 3260/3260 3261/3261
f 3262/3262 3263/3263 3264/3264
f 3265/3265 3266/3266 3267/3267
f 3268/3268 3269/3269 3270/3270
f 3271/3271 3272/3272 3273/3273
f 3274/3274 3275/3275 3276/3276
f 3277/3277 3278/3278 3279/3279
f 3280/3280 3281/3281 3282/3282
f 3283/3283 3284/3284 3285/3285
f 3286/3286 3287/3287 3288/3288
f 3289/3289 3290/3290 3291/3291
f 3292/3292 3293/3293 3294/3294
f 3295/3295 3296/3296 3297/3297
f 3298/3298 3299/3299 3300/3300
f 3301/3301 3302/3302 3303/3303
f 3304/3304 3305/3305 3306/3306
f 3307/3307 3308/3308 3309/3309
f 3310/3310 3311/3311 3312/3312
f 3313/3313 3314/3314 3315/3315
f 3316/3316 3317/3317 3318/3318
f 3319/3319 3320/3320 3321/3321
f 3322/3322 3323/3323 3324/3324
f 3325/3325 3326/3326 3327/3327
f 3328/3328 3329/3329 3330/3330
f 3331/3331 3332/3332 3333/3333
f 3334/3334 3335/3335 3336/3336
f 3337/3337 3338/3338 3339/3339
f 3340/3340 3341/3341 3342/3342
f 3343/3343 3344/3344 3345/3345
f 3346/3346 3347/3347 3348/3348
f 3349/3349 3350/3350 3351/3351
f 3352/3352 3353/3353 3354/3354
f 3355/3355 3356/3356 3357/3357
f 3358/3358 3359/3359 3360/3360
f 3361/3361 3362/3362 3363/3363
f 3364/3364 3365/3365 3366/3366
f 3367/3367 3368/3368 3369/3369
f 3370/3370 3371/3371 3372/3372
f 3373/3373 3374/3374 3375/3375
f 3376/3376 3377/3377 3378/3378
f 3379/3379 3380/3380 3381/3381
f 3382/3382 3383/3383 3384/3384
f 3385/3385 3386/3386 3387/3387
f 3388/3388 3389/3389 3390/3390
f 3391/3391 3392/3392 3393/3393
f 3394/3394 3395/3395 3396/3396
f 3397/3397 3398/3398 3399/3399
f 3400/3400 3401/3401 3402/3402
f 3403/3403 3404/3404 3405/3405
f 3406/3406 3407/3407 3408/3408
f 3409/3409 3410/3410 3411/3411
f 3412/3412 3413/3413 3414/3414
f 3415/3415 3416/3416 3417/3417
f 3418/3418 3419/3419 3420/3420
f 3421/3421 3422/3422 3423/3423
f 3424/3424 3425/3425 3426/3426
f 3427/3427 3428/3428 3429/3429
f 3430/3430 3431/3431 3432/3432
f 3433/3433 3434/3434 3435/3435
f 3436/3436 3437/3437 3438/3438
f 3439/3439 3440/3440 3441/3441
f 3442/3442 3443/3443 3444/3444
f 3445/3445 3446/3446 3447/3447
f 3448/3448 3449/3449 3450/3450
f 3451/3451 3452/3452 3453/3453
f 3454/3454 3455/3455 3456/3456
f 3457/3457 3458/3458 3459/3459
f 3460/3460 3461/3461 3462/3462
f 3463/3463 3464/3464 3465/3465
f 3466/3466 3467/3467 3468/3468
f 3469/3469 3470/3470 3471/3471
f 3472/3472 3473/3473 3474/3474
f 3475/3475 3476/3476 3477/3477
f 3478/3478 3479/3479 3480/3480
f 3481/3481 3482/3482 3483/3483
f 3484/3484 3485/3485 3486/3486
f 3487/3487 3488/3488 3489/3489
f 3490/3490 3491/3491 3492/3492
f 3493/3493 3494/3494 3495/3495
f 3496/3496 3497/3497 3498/3498
f 3499/3499 3500/3500 3501/3501
f 3502/3502 3503/3503 3504/3504
f 3505/3505 3506/3506 3507/3507
f 3508/3508 3509/3509 3510/3510
f 3511/3511 3512/3512 3513/3513
f 3514/3514 3515/3515 3516/3516
f 3517/3517 3518/3518 3519/3519
f 3520/3520 3521/3521 3522/3522
f 3523/3523 3524/3524 3525/3525
f 3526/3526 3527/3527 3528/3528
f 3529/3529 3530/3530 3531/3531
f 3532/3532 3533/3533 3534/3534
f 3535/3535 3536/3536 3537/3537
f 3538/3538 3539/3539 3540/3540
f 3541/3541 3542/3542 3543/3543
f 3544/3544 3545/3545 3546/3546
f 3547/3547 3548/3548 3549/3549
f 3550/3550 3551/3551 3552/3552
f 3553/3553 3554/3554 3555/3555
f 3556/3556 3557/3557 3558/3558
f 3559/3559 3560/3560 3561/3561
f 3562/3562 3563/3563 3564/3564
f 3565/3565 3566/3566 3567/3567
f 3568/3568 3569/3569 3570/3570
f 3571/3571 3572/3572 3573/3573
f 3574/3574 3575/3575 3576/3576
f 3577/3577 3578/3578 3579/3579
f 3580/3580 3581/3581 3582/3582
f 3583/3583 3584/3584 3585/3585
f 3586/3586 3587/3587 3588/3588
f 3589/3589 3590/3590 3591/3591
f 3592/3592 3593/3593 3594/3594
f 3595/3595 3596/3596 3597/3597
f 3598/3598 3599/3599 3600/3600
f 3601/3601 3602/3602 3603/3603
f 3604/3604 3605/3605 3606/3606
f 3607/3607 3608/3608 3609/3609
f 3610/3610 3611/3611 3612/3612
f 3613/3613 3614/3614 3615/3615
f 3616/3616 3617/3617 3618/3618
f 3619/3619 3620/3620 3621/3621
f 3622/3622 3623/3623 3624/3624
f 3625/3625 3626/3626 3627/3627
f 3628/3628 3629/3629 3630/3630
f 3631/3631 3632/3632 3633/3633
f 3634/3634 3635/3635 3636/3636
f 3637/3637 3638/3638 3639/3639
f 3640/3640 3641/3641 3642/3642
f 3643/3643 3644/3644 3645/3645
f 3646/3646 3647/3647 3648/3648
f 3649/3649 3650/3650 3651/3651
f 3652/3652 3653/3653 3654/3654
f 3655/3655 3656/3656 3657/3657
f 3658/3658 3659/3659 3660/3660
f 3661/3661 3662/3662 3663/3663
f 3664/3664 3665/3665 3666/3666
f 3667/3667 3668/3668 3669/3669
f 3670/3670 3671/3671 3672/3672
f 3673/3673 3674/3674 3675/3675
f 3676/3676 3677/3677 3678/3678
f 3679/3679 3680/3680 3681/3681
f 3682/3682 3683/3683 3684/3684
f 3685/3685 3686/3686 3687/3687
f 3688/3688 3689/3689 3690/3690
f 3691/3691 3692/3692 3693/3693
f 3694/3694 3695/3695 3696/3696
f 3697/3697 3698/3698 3699/3699
f 3700/3700 3701/3701 3702/3702
f 3703/3703 3704/3704 3705/3705
f 3706/3706 3707/3707 3708/3708
f 3709/3709 3710/3710 3711/3711
f 3712/3712 3713/3713 3714/3714
f 3715/3715 3716/3716 3717/3717
f 3718/3718 3719/3719 3720/3720
f 3721/3721 3722/3722 3723/3723
f 3724/3724 3725/3725 3726/3726
f 3727/3727 3728/3728 3729/3729
f 3730/3730 3731/3731 3732/3732
f 3733/3733 3734/3734 3735/3735
f 3736/3736 3737/3737 3738/3738
f 3739/3739 3740/3740 3741/3741
f 3742/3742 3743/3743 3744/3744
f 3745/3745 3746/3746 3747/3747
f 3748/3748 3749/3749 3750/3750
f 3751/3751 3752/3752 3753/3753
f 3754/3754 3755/3755 3756/3756
f 3757/3757 3758/3758 3759/3759
f 3760/3760 3761/3761 3762/3762
f 3763/3763 3764/3764 3765/3765
f 3766/3766 3767/3767 3768/3768
f 3769/3769 3770/3770 3771/3771
f 3772/3772 3773/3773 3774/3774
f 3775/3775 3776/3776 3777/3777
f 3778/3778 3779/3779 3780/3780
f 3781/3781 3782/3782 3783/3783
f 3784/3784 3785/3785 3786/3786
f 3787/3787 3788/3788 3789/3789
f 3790/3790 3791/3791 3792/3792
f 3793/3793 3794/3794 3795/3795
f 3796/3796 3797/3797 3798/3798
f 3799/3799 3800/3800 3801/3801
f 3802/3802 3803/3803 3804/3804
f 3805/3805 3806/3806 3807/3807
f 3808/3808 3809/3809 3810/3810
f 3811/3811 3812/3812 3813/3813
f 3814/3814 3815/3815 3816/3816
f 3817/3817 3818/3818 3819/3819
f 3820/3820 3821/3821 3822/3822
f 3823/3823 3824/3824 3825/3825
f 3826/3826 3827/3827 3828/3828
f 3829/3829 3830/3830 3831/3831
f 3832/3832 3833/3833 3834/3834
f 3835/3835 3836/3836 3837/3837
f 3838/3838 3839/3839 3840/3840
f 3841/3841 3842/3842 3843/3843
f 3844/3844 3845/3845 3846/3846
f 3847/3847 3848/3848 3849/3849
f 3850/3850 3851/3851 3852/3852
f 3853/3853 3854/3854 3855/3855
f 3856/3856 3857/3857 3858/3858
f 3859/3859 3860/3860 3861/3861
f 3862/3862 3863/3863 3864/3864
f 3865/3865 3866/3866 3867/3867
f 3868/3868 3869/3869 3870/3870
f 3871/3871 3872/3872 3873/3873
f 3874/3874 3875/3875 3876/3876
f 3877/3877 3878/3878 3879/3879
f 3880/3880 3881/3881 3882/3882
f 3883/3883 3884/3884 3885/3885
f 3886/3886 3887/3887 3888/3888
f 3889/3889 3890/3890 3891/3891
f 3892/3892 3893/3893 3894/3894
f 3895/3895 3896/3896 3897/3897
f 3898/3898 3899/3899 3900/3900
f 3901/3901 3902/3902 3903/3903
f 3904/3904 3905/3905 3906/3906
f 3907/3907 3908/3908 3909/3909
f 3910/3910 3911/3911 3912/3912
f 3913/3913 3914/3914 3915/3915
f 3916/3916 3917/3917 3918/3918
f 3919/3919 3920/3920 3921/3921
f 3922/3922 3923/3923 3924/3924
f 3925/3925 3926/3926 3927/3927
f 3928/3928 3929/3929 3930/3930
f 3931/3931 3932/3932 3933/3933
f 3934/3934 3935/3935 3936/3936
f 3937/3937 3938/3938 3939/3939
f 3940/3940 3941/3941 3942/3942
f 3943/3943 3944/3944 3945/3945
f 3946/3946 3947/3947 3948/3948
f 3949/3949 3950/3950 3951/3951
f 3952/3952 3953/3953 3954/3954
f 3955/3955 3956/3956 3957/3957
f 3958/3958 3959/3959 3960/3960
f 3961/3961 3962/3962 3963/3963
f 3964/3964 3965/3965 3966/3966
f 3967/3967 3968/3968 3969/3969
f 3970/3970 3971/3971 3972/3972
f 3973/3973 3974/3974 3975/3975
f 3976/3976 3977/3977 3978/3978
f 3979/3979 3980/3980 3981/3981
f 3982/3982 3983/3983 3984/3984
f 3985/3985 3986/3986 3987/3987
f 3988/3988 3989/3989 3990/3990
f 3991/3991 3992/3992 3993/3993
f 3994/3994 3995/3995 3996/3996
f 3997/3997 3998/3998 3999/3999
f 4000/4000 4001/4001 4002/4002
f 4003/4003 4004/4004 4005/4005
f 4006/4006 4007/4007 4008/4008
f 4009/4009 4010/4010 4011/4011
f 4012/4012 4013/4013 4014/4014
f 4015/4015 4016/4016 4017/4017
f 4018/4018 4019/4019 4020/4020
f 4021/4021 4022/4022 4023/4023
f 4024/4024 4025/4025 4026/4026
f 4027/4027 4028/4028 4029/4029
f 4030/4030 4031/4031 4032/4032
f 4033/4033 4034/4034 4035/4035
f 4036/4036 4037/4037 4038/4038
f 4039/4039 4040/4040 4041/4041
f 4042/4042 4043/4043 4044/4044
f 4045/4045 4046/4046 4047/4047
f 4048/4048 4049/4049 4050/4050
f 4051/4051 4052/4052 4053/4053
f 4054/4054 4055/4055 4056/4056
f 4057/4057 4058/4058 4059/4059
f 4060/4060 4061/4061 4062/4062
f 4063/4063 4064/4064 4065/4065
f 4066/4066 4067/4067 4068/4068
f 4069/4069 4070/4070 4071/4071
f 4072/4072 4073/4073 4074/4074
f 4075/4075 4076/4076 4077/4077
f 4078/4078 4079/4079 4080/4080
f 4081/4081 4082/4082 4083/4083
f 4084/4084 4085/4085 4086/4086
f 4087/4087 4088/4088 4089/4089
f 4090/4090 4091/4091 4092/4092
f 4093/4093 4094/4094 4095/4095
f 4096/4096 4097/4097 4098/4098
f 4099/4099 4100/4100 4101/4101
f 4102/4102 4103/4103 4104/4104
f 4105/4105 4106/4106 4107/4107
f 4108/4108 4109/4109 4110/4110
f 4111/4111 4112/4112 4113/4113
f 4114/4114 4115/4115 4116/4116
f 4117/4117 4118/4118 4119/4119
f 4120/4120 4121/4121 4122/4122
f 4123/4123 4124/4124 4125/4125
f 4126/4126 4127/4127 4128/4128
f 4129/4129 4130/4130 4131/4131
f 4132/4132 4133/4133 4134/4134
f 4135/4135 4136/4136 4137/4137
f 4138/4138 4139/4139 4140/4140
f 4141/4141 4142/4142 4143/4143
f 4144/4144 4145/4145 4146/4146
f 4147/4147 4148/4148 4149/4149
f 4150/4150 4151/4151 4152/4152
f 4153/4153 4154/4154 4155/4155
f 4156/4156 4157/4157 4158/4158
f 4159/4159 4160/4160 4161/4161
f 4162/4162 4163/4163 4164/4164
f 4165/4165 4166/4166 4167/4167
f 4168/4168 4169/4169 4170/4170
f 4171/4171 4172/4172 4173/4173
f 4174/4174 4175/4175 4176/4176
f 4177/4177 4178/4178 4179/4179
f 4180/4180 4181/4181 4182/4182
f 4183/4183 4184/4184 4185/4185
f 4186/4186 4187/4187 4188/4188
f 4189/4189 4190/4190 4191/4191
f 4192/4192 4193/4193 4194/4194
f 4195/4195 4196/4196 4197/4197
f 4198/4198 4199/4199 4200/4200
f 4201/4201 4202/4202 4203/4203
f 4204/4204 4205/4205 4206/4206
f 4207/4207 4208/4208 4209/4209
f 4210/4210 4211/4211 4212/4212
f 4213/4213 4214/4214 4215/4215
f 4216/4216 4217/4217 4218/4218
f 4219/4219 4220/4220 4221/4221
f 4222/4222 4223/4223 4224/4224
f 4225/4225 4226/4226 4227/4227
f 4228/4228 4229/4229 4230/4230
f 4231/4231 4232/4232 4233/4233
f 4234/4234 4235/4235 4236/4236
f 4237/4237 4238/4238 4239/4239
f 4240/4240 4241/4241 4242/4242
f 4243/4243 4244/4244 4245/4245
f 4246/4246 4247/4247 4248/4248
f 4249/4249 4250/4250 4251/4251
f 4252/4252 4253/4253 4254/4254
f 4255/4255 4256/4256 4257/4257
f 4258/4258 4259/4259 4260/4260
f 4261/4261 4262/4262 4263/4263
f 4264/4264 4265/4265 4266/4266
f 4267/4267 4268/4268 4269/4269
f 4270/4270 4271/4271 4272/4272
f 4273/4273 4274/4274 4275/4275
f 4276/4276 4277/4277 4278/4278
f 4279/4279 4280/4280 4281/4281
f 4282/4282 4283/4283 4284/4284
f 4285/4285 4286/4286 4287/4287
f 4288/4288 4289/4289 4290/4290
f 4291/4291 4292/4292 4293/4293
f 4294/4294 4295/4295 4296/4296
f 4297/4297 4298/4298 4299/4299
f 4300/4300 4301/4301 4302/4302
f 4303/4303 4304/4304 4305/4305
f 4306/4306 4307/4307 4308/4308
f 4309/4309 4310/4310 4311/4311
f 4312/4312 4313/4313 4314/4314
f 4315/4315 4316/4316 4317/4317
f 4318/4318 4319/4319 4320/4320
f 4321/4321 4322/4322 4323/4323
f 4324/4324 4325/4325 4326/4326
f 4327/4327 4328/4328 4329/4329
f 4330/4330 4331/4331 4332/4332
f 4333/4333 4334/4334 4335/4335
f 4336/4336 4337/4337 4338/4338
f 4339/4339 4340/4340 4341/4341
f 4342/4342 4343/4343 4344/4344
f 4345/4345 4346/4346 4347/4347
f 4348/4348 4349/4349 4350/4350
f 4351/4351 4352/4352 4353/4353
f 4354/4354 4355/4355 4356/4356
f 4357/4357 4358/4358 4359/4359
f 4360/4360 4361/4361 4362/4362
f 4363/4363 4364/4364 4365/4365
f 4366/4366 4367/4367 4368/4368
f 4369/4369 4370/4370 4371/4371
f 4372/4372 4373/4373 4374/4374
f 4375/4375 4376/4376 4377/4377
f 4378/4378 4379/4379 4380/4380
f 4381/4381 4382/4382 4383/4383
f 4384/4384 4385/4385 4386/4386
f 4387/4387 4388/4388 4389/4389
f 4390/4390 4391/4391 4392/4392
f 4393/4393 4394/4394 4395/4395
f 4396/4396 4397/4397 4398/4398
f 4399/4399 4400/4400 4401/4401
f 4402/4402 4403/4403 4404/4404
f 4405/4405 4406/4406 4407/4407
f 4408/4408 4409/4409 4410/4410
f 4411/4411 4412/4412 4413/4413
f 4414/4414 4415/4415 4416/4416
f 4417/4417 4418/4418 4419/4419
f 4420/4420 4421/4421 4422/4422
f 4423/4423 4424/4424 4425/4425
f 4426/4426 4427/4427 4428/4428
f 4429/4429 4430/4430 4431/4431
f 4432/4432 4433/4433 4434/4434
f 4435/4435 4436/4436 4437/4437
f 4438/4438 4439/4439 4440/4440
f 4441/4441 4442/4442 4443/4443
f 4444/4444 4445/4445 4446/4446
f 4447/4447 4448/4448 4449/4449
f 4450/4450 4451/4451 4452/4452
f 4453/4453 4454/4454 4455/4455
f 4456/4456 4457/4457 4458/4458
f 4459/4459 4460/4460 4461/4461
f 4462/4462 4463/4463 4464/4464
f 4465/4465 4466/4466 4467/4467
f 4468/4468 4469/4469 4470/4470
f 4471/4471 4472/4472 4473/4473
f 4474/4474 4475/4475 4476/4476
f 4477/4477 4478/4478 4479/4479
f 4480/4480 4481/4481 4482/4482
f 4483/4483 4484/4484 4485/4485
f 4486/4486 4487/4487 4488/4488
f 4489/4489 4490/4490 4491/4491
f 4492/4492 4493/4493 4494/4494
f 4495/4495 4496/4496 4497/4497
f 4498/4498 4499/4499 4500/4500
f 4501/4501 4502/4502 4503/4503
f 4504/4504 4505/4505 4506/4506
f 4507/4507 4508/4508 4509/4509
f 4510/4510 4511/4511 4512/4512
f 4513/4513 4514/4514 4515/4515
f 4516/4516 4517/4517 4518/4518
f 4519/4519 4520/4520 4521/4521
f 4522/4522 4523/4523 4524/4524
f 4525/4525 4526/4526 4527/4527
f 4528/4528 4529/4529 4530/4530
f 4531/4531 4532/4532 4533/4533
f 4534/4534 4535/4535 4536/4536
f 4537/4537 4538/4538 4539/4539
f 4540/4540 4541/4541 4542/4542
f 4543/4543 4544/4544 4545/4545
f 4546/4546 4547/4547 4548/4548
f 4549/4549 4550/4550 4551/4551
f 4552/4552 4553/4553 4554/4554
f 4555/4555 4556/4556 4557/4557
f 4558/4558 4559/4559 4560/4560
f 4561/4561 4562/4562 4563/4563
f 4564/4564 4565/4565 4566/4566
f 4567/4567 4568/4568 4569/4569
f 4570/4570 4571/4571 4572/4572
f 4573/4573 4574/4574 4575/4575
f 4576/4576 4577/4577 4578/4578
f 4579/4579 4580/4580 4581/4581
f 4582/4582 4583/4583 4584/4584
f 4585/4585 4586/4586 4587/4587
f 4588/4588 4589/4589 4590/4590
f 4591/4591 4592/4592 4593/4593
f 4594/4594 4595/4595 4596/4596
f 4597/4597 4598/4598 4599/4599
f 4600/4600 4601/4601 4602/4602
f 4603/4603 4604/4604 4605/4605
f 4606/4606 4607/4607 4608/4608
f 4609/4609 4610/4610 4611/4611
f 4612/4612 4613/4613 4614/4614
f 4615/4615 4616/4616 4617/4617
f 4618/4618 4619/4619 4620/4620
f 4621/4621 4622/4622 4623/4623
f 4624/4624 4625/4625 4626/4626
f 4627/4627 4628/4628 4629/4629
f 4630/4630 4631/4631 4632/4632
f 4633/4633 4634/4634 4635/4635
f 4636/4636 4637/4637 4638/4638
f 4639/4639 4640/4640 4641/4641
f 4642/4642 4643/4643 4644/4644
f 4645/4645 4646/4646 4647/4647
f 4648/4648 4649/4649 4650/4650
f 4651/4651 4652/4652 4653/4653
f 4654/4654 4655/4655 4656/4656
f 4657/4657 4658/4658 4659/4659
f 4660/4660 4661/4661 4662/4662
f 4663/4663 4664/4664 4665/4665
f 4666/4666 4667/4667 4668/4668
f 4669/4669 4670/4670 4671/4671
f 4672/4672 4673/4673 4674/4674
f 4675/4675 4676/4676 4677/4677
f 4678/4678 4679/4679 4680/4680
f 4681/4681 4682/4682 4683/4683
f 4684/4684 4685/4685 4686/4686
f 4687/4687 4688/4688 4689/4689
f 4690/4690 4691/4691 4692/4692
f 4693/4693 4694/4694 4695/4695
f 4696/4696 4697/4697 4698/4698
f 4699/4699 4700/4700 4701/4701
f 4702/4702 4703/4703 4704/4704
f 4705/4705 4706/4706 4707/4707
f 4708/4708 4709/4709 4710/4710
f 4711/4711 4712/4712 4713/4713
f 4714/4714 4715/4715 4716/4716
f 4717/4717 4718/4718 4719/4719
f 4720/4720 4721/4721 4722/4722
f 4723/4723 4724/4724 4725/4725
f 4726/4726 4727/4727 4728/4728
f 4729/4729 4730/4730 4731/4731
f 4732/4732 4733/4733 4734/4734
f 4735/4735 4736/4736 4737/4737
f 4738/4738 4739/4739 4740/4740
f 4741/4741 4742/4742 4743/4743
f 4744/4744 4745/4745 4746/4746
f 4747/4747 4748/4748 4749/4749
f 4750/4750 4751/4751 4752/4752
f 4753/4753 4754/4754 4755/4755
f 4756/4756 4757/4757 4758/4758
f 4759/4759 4760/4760 4761/4761
f 4762/4762 4763/4763 4764/4764
f 4765/4765 4766/4766 4767/4767
f 4768/4768 4769/4769 4770/4770
f 4771/4771 4772/4772 4773/4773
f 4774/4774 4775/4775 4776/4776
f 4777/4777 4778/4778 4779/4779
f 4780/4780 4781/4781 4782/4782
f 4783/4783 4784/4784 4785/4785
f 4786/4786 4787/4787 4788/4788
f 4789/4789 4790/4790 4791/4791
f 4792/4792 4793/4793 4794/4794
f 4795/4795 4796/4796 4797/4797
f 4798/4798 4799/4799 4800/4800
f 4801/4801 4802/4802 4803/4803
f 4804/4804 4805/4805 4806/4806
f 4807/4807 4808/4808 4809/4809
f 4810/4810 4811/4811 4812/4812
f 4813/4813 4814/4814 4815/4815
f 4816/4816 4817/4817 4818/4818
f 4819/4819 4820/4820 4821/4821
f 4822/4822 4823/4823 4824/4824
f 4825/4825 4826/4826 4827/4827
f 4828/4828 4829/4829 4830/4830
f 4831/4831 4832/4832 4833/4833
f 4834/4834 4835/4835 4836/4836
f 4837/4837 4838/4838 4839/4839
f 4840/4840 4841/4841 4842/4842
f 4843/4843 4844/4844 4845/4845
f 4846/4846 4847/4847 4848/4848
f 4849/4849 4850/4850 4851/4851
f 4852/4852 4853/4853 4854/4854
f 4855/4855 4856/4856 4857/4857
f 4858/4858 4859/4859 4860/4860
f 4861/4861 4862/4862 4863/4863
f 4864/4864 4865/4865 4866/4866
f 4867/4867 4868/4868 4869/4869
f 4870/4870 4871/4871 4872/4872
f 4873/4873 4874/4874 4875/4875
f 4876/4876 4877/4877 4878/4878
f 4879/4879 4880/4880 4881/4881
f 4882/4882 4883/4883 4884/4884
f 4885/4885 4886/4886 4887/4887
f 4888/4888 4889/4889 4890/4890
f 4891/4891 4892/4892 4893/4893
f 4894/4894 4895/4895 4896/4896
f 4897/4897 4898/4898 4899/4899
f 4900/4900 4901/4901 4902/4902
f 4903/4903 4904/4904 4905/4905
f 4906/4906 4907/4907 4908/4908
f 4909/4909 4910/4910 4911/4911
f 4912/4912 4913/4913 4914/4914
f 4915/4915 4916/4916 4917/4917
f 4918/4918 4919/4919 4920/4920
f 4921/4921 4922/4922 4923/4923
f 4924/4924 4925/4925 4926/4926
f 4927/4927 4928/4928 4929/4929
f 4930/4930 4931/4931 4932/4932
f 4933/4933 4934/4934 4935/4935
f 4936/4936 4937/4937 4938/4938
f 4939/4939 4940/4940 4941/4941
f 4942/4942 4943/4943 4944/4944
f 4945/4945 4946/4946 4947/4947
f 4948/4948 4949/4949 4950/4950
f 4951/4951 4952/4952 4953/4953
f 4954/4954 4955/4955 4956/4956
f 4957/4957 4958/4958 4959/4959
f 4960/4960 4961/4961 4962/4962
f 4963/4963 4964/4964 4965/4965
f 4966/4966 4967/4967 4968/4968
f 4969/4969 4970/4970 4971/4971
f 4972/4972 4973/4973 4974/4974
f 4975/4975 4976/4976 4977/4977
f 4978/4978 4979/4979 4980/4980
f 4981/4981 4982/4982 4983/4983
f 4984/4984 4985/4985 4986/4986
f 4987/4987 4988/4988 4989/4989
f 4990/4990 4991/4991 4992/4992
f 4993/4993 4994/4994 4995/4995
f 4996/4996 4997/4997 4998/4998
f 4999/4999 5000/5000 5001/5001
f 5002/5002 5003/5003 5004/5004
f 5005/5005 5006/5006 5007/5007
f 5008/5008 5009/5009 5010/5010
f 5011/5011 5012/5012 5013/5013
f 5014/5014 5015/5015 5016/5016
f 5017/5017 5018/5018 5019/5019
f 5020/5020 5021/5021 5022/5022
f 5023/5023 5024/5024 5025/5025
f 5026/5026 5027/5027 5028/5028
f 5029/5029 5030/5030 5031/5031
f 5032/5032 5033/5033 5034/5034
f 5035/5035 5036/5036 5037/5037
f 5038/5038 5039/5039 5040/5040
f 5041/5041 5042/5042 5043/5043
f 5044/5044 5045/5045 5046/5046
f 5047/5047 5048/5048 5049/5049
f 5050/5050 5051/5051 5052/5052
f 5053/5053 5054/5054 5055/5055
f 5056/5056 5057/5057 5058/5058
f 5059/5059 5060/5060 5061/5061
f 5062/5062 5063/5063 5064/5064
f 5065/5065 5066/5066 5067/5067
f 5068/5068 5069/5069 5070/5070
f 5071/5071 5072/5072 5073/5073
f 5074/5074 5075/5075 5076/5076
f 5077/5077 5078/5078 5079/5079
f 5080/5080 5081/5081 5082/5082
f 5083/5083 5084/5084 5085/5085
f 5086/5086 5087/5087 5088/5088
f 5089/5089 5090/5090 5091/5091
f 5092/5092 5093/5093 5094/5094
f 5095/5095 5096/5096 5097/5097
f 5098/5098 5099/5099 5100/5100
f 5101/5101 5102/5102 5103/5103
f 5104/5104 5105/5105 5106/5106
f 5107/5107 5108/5108 5109/5109
f 5110/5110 5111/5111 5112/5112
f 5113/5113 5114/5114 5115/5115
f 5116/5116 5117/5117 5118/5118
f 5119/5119 5120/5120 5121/5121
f 5122/5122 5123/5123 5124/5124
f 5125/5125 5126/5126 5127/5127
f 5128/5128 5129/5129 5130/5130
f 5131/5131 5132/5132 5133/5133
f 5134/5134 5135/5135 5136/5136
f 5137/5137 5138/5138 5139/5139
f 5140/5140 5141/5141 5142/5142
f 5143/5143 5144/5144 5145/5145
f 5146/5146 5147/5147 5148/5148
f 5149/5149 5150/5150 5151/5151
f 5152/5152 5153/5153 5154/5154
f 5155/5155 5156/5156 5157/5157
f 5158/5158 5159/5159 5160/5160
f 5161/5161 5162/5162 5163/5163
f 5164/5164 5165/5165 5166/5166
f 5167/5167 5168/5168 5169/5169
f 5170/5170 5171/5171 5172/5172
f 5173/5173 5174/5174 5175/5175
f 5176/5176 5177/5177 5178/5178
f 5179/5179 5180/5180 5181/5181
f 5182/5182 5183/5183 5184/5184
f 5185/5185 5186/5186 5187/5187
f 5188/5188 5189/5189 5190/5190
f 5191/5191 5192/5192 5193/5193
f 5194/5194 5195/5195 5196/5196
f 5197/5197 5198/5198 5199/5199
f 5200/5200 5201/5201 5202/5202
f 5203/5203 5204/5204 5205/5205
f 5206/5206 5207/5207 5208/5208
f 5209/5209 5210/5210 5211/5211
f 5212/5212 5213/5213 5214/5214
f 5215/5215 5216/5216 5217/5217
f 5218/5218 5219/5219 5220/5220
f 5221/5221 5222/5222 5223/5223
f 5224/5224 5225/5225 5226/5226
f 5227/5227 5228/5228 5229/5229
f 5230/5230 5231/5231 5232/5232
f 5233/5233 5234/5234 5235/5235
f 5236/5236 5237/5237 5238/5238
f 5239/5239 5240/5240 5241/5241
f 5242/5242 5243/5243 5244/5244
f 5245/5245 5246/5246 5247/5247
f 5248/5248 5249/5249 5250/5250
f 5251/5251 5252/5252 5253/5253
f 5254/5254 5255/5255 5256/5256
f 5257/5257 5258/5258 5259/5259
f 5260/5260 5261/5261 5262/5262
f 5263/5263 5264/5264 5265/5265
f 5266/5266 5267/5267 5268/5268
f 5269/5269 5270/5270 5271/5271
f 5272/5272 5273/5273 5274/5274
f 5275/5275 5276/5276 5277/5277
f 5278/5278 5279/5279 5280/5280
f 5281/5281 5282/5282 5283/5283
f 5284/5284 5285/5285 5286/5286
f 5287/5287 5288/5288 5289/5289
f 5290/5290 5291/5291 5292/5292
f 5293/5293 5294/5294 5295/5295
f 5296/5296 5297/5297 5298/5298
f 5299/5299 5300/5300 5301/5301
f 5302/5302 5303/5303 5304/5304
f 5305/5305 5306/5306 5307/5307
f 5308/5308 5309/5309 5310/5310
f 5311/5311 5312/5312 5313/5313
f 5314/5314 5315/5315 5316/5316
f 5317/5317 5318/5318 5319/5319
f 5320/5320 5321/5321 5322/5322
f 5323/5323 5324/5324 5325/5325
f 5326/5326 5327/5327 5328/5328
f 5329/5329 5330/5330 5331/5331
f 5332/5332 5333/5333 5334/5334
f 5335/5335 5336/5336 5337/5337
f 5338/5338 5339/5339 5340/5340
f 5341/5341 5342/5342 5343/5343
f 5344/5344 5345/5345 5346/5346
f 5347/5347 5348/5348 5349/5349
f 5350/5350 5351/5351 5352/5352
f 5353/5353 5354/5354 5355/5355
f 5356/5356 5357/5357 5358/5358
f 5359/5359 5360/5360 5361/5361
f 5362/5362 5363/5363 5364/5364
f 5365/5365 5366/5366 5367/5367
f 5368/5368 5369/5369 5370/5370
f 5371/5371 5372/5372 5373/5373
f 5374/5374 5375/5375 5376/5376
f 5377/5377 5378/5378 5379/5379
f 5380/5380 5381/5381 5382/5382
f 5383/5383 5384/5384 5385/5385
f 5386/5386 5387/5387 5388/5388
f 5389/5389 5390/5390 5391/5391
f 5392/5392 5393/5393 5394/5394
f 5395/5395 5396/5396 5397/5397
f 5398/5398 5399/5399 5400/5400
f 5401/5401 5402/5402 5403/5403
f 5404/5404 5405/5405 5406/5406
f 5407/5407 5408/5408 5409/5409
f 5410/5410 5411/5411 5412/5412
f 5413/5413 5414/5414 5415/5415
f 5416/5416 5417/5417 5418/5418
f 5419/5419 5420/5420 5421/5421
f 5422/5422 5423/5423 5424/5424
f 5425/5425 5426/5426 5427/5427
f 5428/5428 5429/5429 5430/5430
f 5431/5431 5432/5432 5433/5433
f 5434/5434 5435/5435 5436/5436
f 5437/5437 5438/5438 5439/5439
f 5440/5440 5441/5441 5442/5442
f 5443/5443 5444/5444 5445/5445
f 5446/5446 5447/5447 5448/5448
f 5449/5449 5450/5450 5451/5451
f 5452/5452 5453/5453 5454/5454
f 5455/5455 5456/5456 5457/5457
f 5458/5458 5459/5459 5460/5460
f 5461/5461 5462/5462 5463/5463
f 5464/5464 5465/5465 5466/5466
f 5467/5467 5468/5468 5469/5469
f 5470/5470 5471/5471 5472/5472
f 5473/5473 5474/5474 5475/5475
f 5476/5476 5477/5477 5478/5478
f 5479/5479 5480/5480 5481/5481
f 5482/5482 5483/5483 5484/5484
f 5485/5485 5486/5486 5487/5487
f 5488/5488 5489/5489 5490/5490
f 5491/5491 5492/5492 5493/5493
f 5494/5494 5495/5495 5496/5496
f 5497/5497 5498/5498 5499/5499
f 5500/5500 5501/5501 5502/5502
f 5503/5503 5504/5504 5505/5505
f 5506/5506 5507/5507 5508/5508
f 5509/5509 5510/5510 5511/5511
f 5512/5512 5513/5513 5514/5514
f 5515/5515 5516/5516 5517/5517
f 5518/5518 5519/5519 5520/5520
f 5521/5521 5522/5522 5523/5523
f 5524/5524 5525/5525 5526/5526
f 5527/5527 5528/5528 5529/5529
f 5530/5530 5531/5531 5532/5532
f 5533/5533 5534/5534 5535/5535
f 5536/5536 5537/5537 5538/5538
f 5539/5539 5540/5540 5541/5541
f 5542/5542 5543/5543 5544/5544
f 5545/5545 5546/5546 5547/5547
f 5548/5548 5549/5549 5550/5550
f 5551/5551 5552/5552 5553/5553
f 5554/5554 5555/5555 5556/5556
f 5557/5557 5558/5558 5559/5559
f 5560/5560 5561/5561 5562/5562
f 5563/5563 5564/5564 5565/5565
f 5566/5566 5567/5567 5568/5568
f 5569/5569 5570/5570 5571/5571
f 5572/5572 5573/5573 5574/5574
f 5575/5575 5576/5576 5577/5577
f 5578/5578 5579/5579 5580/5580
f 5581/5581 5582/5582 5583/5583
f 5584/5584 5585/5585 5586/5586
f 5587/5587 5588/5588 5589/5589
f 5590/5590 5591/5591 5592/5592
f 5593/5593 5594/5594 5595/5595
f 5596/5596 5597/5597 5598/5598
f 5599/5599 5600/5600 5601/5601
f 5602/5602 5603/5603 5604/5604
f 5605/5605 5606/5606 5607/5607
f 5608/5608 5609/5609 5610/5610
f 5611/5611 5612/5612 5613/5613
f 5614/5614 5615/5615 5616/5616
f 5617/5617 5618/5618 5619/5619
f 5620/5620 5621/5621 5622/5622
f 5623/5623 5624/5624 5625/5625
f 5626/5626 5627/5627 5628/5628
f 5629/5629 5630/5630 5631/5631
f 5632/5632 5633/5633 5634/5634
f 5635/5635 5636/5636 5637/5637
f 5638/5638 5639/5639 5640/5640
f 5641/5641 5642/5642 5643/5643
f 5644/5644 5645/5645 5646/5646
f 5647/5647 5648/5648 5649/5649
f 5650/5650 5651/5651 5652/5652
f 5653/5653 5654/5654 5655/5655
f 5656/5656 5657/5657 5658/5658
f 5659/5659 5660/5660 5661/5661
f 5662/5662 5663/5663 5664/5664
f 5665/5665 5666/5666 5667/5667
f 5668/5668 5669/5669 5670/5670
f 5671/5671 5672/5672 5673/5673
f 5674/5674 5675/5675 5676/5676
f 5677/5677 5678/5678 5679/5679
f 5680/5680 5681/5681 5682/5682
f 5683/5683 5684/5684 5685/5685
f 5686/5686 5687/5687 5688/5688
f 5689/5689 5690/5690 5691/5691
f 5692/5692 5693/5693 5694/5694
f 5695/5695 5696/5696 5697/5697
f 5698/5698 5699/5699 5700/5700
f 5701/5701 5702/5702 5703/5703
f 5704/5704 5705/5705 5706/5706
f 5707/5707 5708/5708 5709/5709
f 5710/5710 5711/5711 5712/5712
f 5713/5713 5714/5714 5715/5715
f 5716/5716 5717/5717 5718/5718
f 5719/5719 5720/5720 5721/5721
f 5722/5722 5723/5723 5724/5724
f 5725/5725 5726/5726 5727/5727
f 5728/5728 5729/5729 5730/5730
f 5731/5731 5732/5732 5733/5733
f 5734/5734 5735/5735 5736/5736
f 5737/5737 5738/5738 5739/5739
f 5740/5740 5741/5741 5742/5742
f 5743/5743 5744/5744 5745/5745
f 5746/5746 5747/5747 5748/5748
f 5749/5749 5750/5750 5751/5751
f 5752/5752 5753/5753 5754/5754
f 5755/5755 5756/5756 5757/5757
f 5758/5758 5759/5759 5760/5760
f 5761/5761 5762/5762 5763/5763
f 5764/5764 5765/5765 5766/5766
f 5767/5767 5768/5768 5769/5769
f 5770/5770 5771/5771 5772/5772
f 5773/5773 5774/5774 5775/5775
f 5776/5776 5777/5777 5778/5778
f 5779/5779 5780/5780 5781/5781
f 5782/5782 5783/5783 5784/5784
f 5785/5785 5786/5786 5787/5787
f 5788/5788 5789/5789 5790/5790
f 5791/5791 5792/5792 5793/5793
f 5794/5794 5795/5795 5796/5796
f 5797/5797 5798/5798 5799/5799
f 5800/5800 5801/5801 5802/5802
f 5803/5803 5804/5804 5805/5805
f 5806/5806 5807/5807 5808/5808
f 5809/5809 5810/5810 5811/5811
f 5812/5812 5813/5813 5814/5814
f 5815/5815 5816/5816 5817/5817
f 5818/5818 5819/5819 5820/5820
f 5821/5821 5822/5822 5823/5823
f 5824/5824 5825/5825 5826/5826
f 5827/5827 5828/5828 5829/5829
f 5830/5830 5831/5831 5832/5832
f 5833/5833 5834/5834 5835/5835
f 5836/5836 5837/5837 5838/5838
f 5839/5839 5840/5840 5841/5841
f 5842/5842 5843/5843 5844/5844
f 5845/5845 5846/5846 5847/5847
f 5848/5848 5849/5849 5850/5850
f 5851/5851 5852/5852 5853/5853
f 5854/5854 5855/5855 5856/5856
f 5857/5857 5858/5858 5859/5859
f 5860/5860 5861/5861 5862/5862
f 5863/5863 5864/5864 5865/5865
f 5866/5866 5867/5867 5868/5868
f 5869/5869 5870/5870 5871/5871
f 5872/5872 5873/5873 5874/5874
f 5875/5875 5876/5876 5877/5877
f 5878/5878 5879/5879 5880/5880
f 5881/5881 5882/5882 5883/5883
f 5884/5884 5885/5885 5886/5886
f 5887/5887 5888/5888 5889/5889
f 5890/5890 5891/5891 5892/5892
f 5893/5893 5894/5894 5895/5895
f 5896/5896 5897/5897 5898/5898
f 5899/5899 5900/5900 5901/5901
f 5902/5902 5903/5903 5904/5904
f 5905/5905 5906/5906 5907/5907
f 5908/5908 5909/5909 5910/5910
f 5911/5911 5912/5912 5913/5913
f 5914/5914 5915/5915 5916/5916
f 5917/5917 5918/5918 5919/5919
f 5920/5920 5921/5921 5922/5922
f 5923/5923 5924/5924 5925/5925
f 5926/5926 5927/5927 5928/5928
f 5929/5929 5930/5930 5931/5931
f 5932/5932 5933/5933 5934/5934
f 5935/5935 5936/5936 5937/5937
f 5938/5938 5939/5939 5940/5940
f 5941/5941 5942/5942 5943/5943
f 5944/5944 5945/5945 5946/5946
f 5947/5947 5948/5948 5949/5949
f 5950/5950 5951/5951 5952/5952
f 5953/5953 5954/5954 5955/5955
f 5956/5956 5957/5957 5958/5958
f 5959/5959 5960/5960 5961/5961
f 5962/5962 5963/5963 5964/5964
f 5965/5965 5966/5966 5967/5967
f 5968/5968 5969/5969 5970/5970
f 5971/5971 5972/5972 5973/5973
f 5974/5974 5975/5975 5976/5976
f 5977/5977 5978/5978 5979/5979
f 5980/5980 5981/5981 5982/5982
f 5983/5983 5984/5984 5985/5985
f 5986/5986 5987/5987 5988/5988
f 5989/5989 5990/5990 5991/5991
f 5992/5992 5993/5993 5994/5994
f 5995/5995 5996/5996 5997/5997
f 5998/5998 5999/5999 6000/6000
f 6001/6001 6002/6002 6003/6003
f 6004/6004 6005/6005 6006/6006
f 6007/6007 6008/6008 6009/6009
f 6010/6010 6011/6011 6012/6012
f 6013/6013 6014/6014 6015/6015
f 6016/6016 6017/6017 6018/6018
f 6019/6019 6020/6020 6021/6021
f 6022/6022 6023/6023 6024/6024
f 6025/6025 6026/6026 6027/6027
f 6028/6028 6029/6029 6030/6030
f 6031/6031 6032/6032 6033/6033
f 6034/6034 6035/6035 6036/6036
f 6037/6037 6038/6038 6039/6039
f 6040/6040 6041/6041 6042/6042
f 6043/6043 6044/6044 6045/6045
f 6046/6046 6047/6047 6048/6048
f 6049/6049 6050/6050 6051/6051
f 6052/6052 6053/6053 6054/6054
f 6055/6055 6056/6056 6057/6057
f 6058/6058 6059/6059 6060/6060
f 6061/6061 6062/6062 6063/6063
f 6064/6064 6065/6065 6066/6066
f 6067/6067 6068/6068 6069/6069
f 6070/6070 6071/6071 6072/6072
f 6073/6073 6074/6074 6075/6075
f 6076/6076 6077/6077 6078/6078
f 6079/6079 6080/6080 6081/6081
f 6082/6082 6083/6083 6084/6084
f 6085/6085 6086/6086 6087/6087
f 6088/6088 6089/6089 6090/6090
f 6091/6091 6092/6092 6093/6093
f 6094/6094 6095/6095 6096/6096
f 6097/6097 6098/6098 6099/6099
f 6100/6100 6101/6101 6102/6102
f 6103/6103 6104/6104 6105/6105
f 6106/6106 6107/6107 6108/6108
f 6109/6109 6110/6110 6111/6111
f 6112/6112 6113/6113 6114/6114
f 6115/6115 6116/6116 6117/6117
f 6118/6118 6119/6119 6120/6120
f 6121/6121 6122/6122 6123/6123
f 6124/6124 6125/6125 6126/6126
f 6127/6127 6128/6128 6129/6129
f 6130/6130 6131/6131 6132/6132
f 6133/6133 6134/6134 6135/6135
f 6136/6136 6137/6137 6138/6138
f 6139/6139 6140/6140 6141/6141
f 6142/6142 6143/6143 6144/6144
f 6145/6145 6146/6146 6147/6147
f 6148/6148 6149/6149 6150/6150
f 6151/6151 6152/6152 6153/6153
f 6154/6154 6155/6155 6156/6156
f 6157/6157 6158/6158 6159/6159
f 6160/6160 6161/6161 6162/6162
f 6163/6163 6164/6164 6165/6165
f 6166/6166 6167/6167 6168/6168
f 6169/6169 6170/6170 6171/6171
f 6172/6172 6173/6173 6174/6174
f 6175/6175 6176/6176 6177/6177
f 6178/6178 6179/6179 6180/6180
f 6181/6181 6182/6182 6183/6183
f 6184/6184 6185/6185 6186/6186
f 6187/6187 6188/6188 6189/6189
f 6190/6190 6191/6191 6192/6192
f 6193/6193 6194/6194 6195/6195
f 6196/6196 6197/6197 6198/6198
f 6199/6199 6200/6200 6201/6201
f 6202/6202 6203/6203 6204/6204
f 6205/6205 6206/6206 6207/6207
f 6208/6208 6209/6209 6210/6210
f 6211/6211 6212/6212 6213/6213
f 6214/6214 6215/6215 6216/6216
f 6217/6217 6218/6218 6219/6219
f 6220/6220 6221/6221 6222/6222
f 6223/6223 6224/6224 6225/6225
f 6226/6226 6227/6227 6228/6228
f 6229/6229 6230/6230 6231/6231
f 6232/6232 6233/6233 6234/6234
f 6235/6235 6236/6236 6237/6237
f 6238/6238 6239/6239 6240/6240
f 6241/6241 6242/6242 6243/6243
f 6244/6244 6245/6245 6246/6246
f 6247/6247 6248/6248 6249/6249
f 6250/6250 6251/6251 6252/6252
f 6253/6253 6254/6254 6255/6255
f 6256/6256 6257/6257 6258/6258
f 6259/6259 6260/6260 6261/6261
f 6262/6262 6263/6263 6264/6264
f 6265/6265 6266/6266 6267/6267
f 6268/6268 6269/6269 6270/6270
f 6271/6271 6272/6272 6273/6273
f 6274/6274 6275/6275 6276/6276
f 6277/6277 6278/6278 6279/6279
f 6280/6280 6281/6281 6282/6282
f 6283/6283 6284/6284 6285/6285
f 6286/6286 6287/6287 6288/6288
f 6289/6289 6290/6290 6291/6291
f 6292/6292 6293/6293 6294/6294
f 6295/6295 6296/6296 6297/6297
f 6298/6298 6299/6299 6300/6300
f 6301/6301 6302/6302 6303/6303
f 6304/6304 6305/6305 6306/6306
f 6307/6307 6308/6308 6309/6309
f 6310/6310 6311/6311 6312/6312
f 6313/6313 6314/6314 6315/6315
f 6316/6316 6317/6317 6318/6318
f 6319/6319 6320/6320 6321/6321
f 6322/6322 6323/6323 6324/6324
f 6325/6325 6326/6326 6327/6327
f 6328/6328 6329/6329 6330/6330
f 6331/6331 6332/6332 6333/6333
f 6334/6334 6335/6335 6336/6336
f 6337/6337 6338/6338 6339/6339
f 6340/6340 6341/6341 6342/6342
f 6343/6343 6344/6344 6345/6345
f 6346/6346 6347/6347 6348/6348
f 6349/6349 6350/6350 6351/6351
f 6352/6352 6353/6353 6354/6354
f 6355/6355 6356/6356 6357/6357
f 6358/6358 6359/6359 6360/6360
f 6361/6361 6362/6362 6363/6363
f 6364/6364 6365/6365 6366/6366
f 6367/6367 6368/6368 6369/6369
f 6370/6370 6371/6371 6372/6372
f 6373/6373 6374/6374 6375/6375
f 6376/6376 6377/6377 6378/6378
f 6379/6379 6380/6380 6381/6381
f 6382/6382 6383/6383 6384/6384
f 6385/6385 6386/6386 6387/6387
f 6388/6388 6389/6389 6390/6390
f 6391/6391 6392/6392 6393/6393
f 6394/6394 6395/6395 6396/6396
f 6397/6397 6398/6398 6399/6399
f 6400/6400 6401/6401 6402/6402
f 6403/6403 6404/6404 6405/6405
f 6406/6406 6407/6407 6408/6408
f 6409/6409 6410/6410 6411/6411
f 6412/6412 6413/6413 6414/6414
f 6415/6415 6416/6416 6417/6417
f 6418/6418 6419/6419 6420/6420
f 6421/6421 6422/6422 6423/6423
f 6424/6424 6425/6425 6426/6426
f 6427/6427 6428/6428 6429/6429
f 6430/6430 6431/6431 6432/6432
f 6433/6433 6434/6434 6435/6435
f 6436/6436 6437/6437 6438/6438
f 6439/6439 6440/6440 6441/6441
f 6442/6442 6443/6443 6444/6444
f 6445/6445 6446/6446 6447/6447
f 6448/6448 6449/6449 6450/6450
f 6451/6451 6452/6452 6453/6453
f 6454/6454 6455/6455 6456/6456
f 6457/6457 6458/6458 6459/6459
f 6460/6460 6461/6461 6462/6462
f 6463/6463 6464/6464 6465/6465
f 6466/6466 6467/6467 6468/6468
f 6469/6469 6470/6470 6471/6471
f 6472/6472 6473/6473 6474/6474
f 6475/6475 6476/6476 6477/6477
f 6478/6478 6479/6479 6480/6480
f 6481/6481 6482/6482 6483/6483
f 6484/6484 6485/6485 6486/6486
f 6487/6487 6488/6488 6489/6489
f 6490/6490 6491/6491 6492/6492
f 6493/6493 6494/6494 6495/6495
f 6496/6496 6497/6497 6498/6498
f 6499/6499 6500/6500 6501/6501
f 6502/6502 6503/6503 6504/6504
f 6505/6505 6506/6506 6507/6507
f 6508/6508 6509/6509 6510/6510
f 6511/6511 6512/6512 6513/6513
f 6514/6514 6515/6515 6516/6516
f 6517/6517 6518/6518 6519/6519
f 6520/6520 6521/6521 6522/6522
f 6523/6523 6524/6524 6525/6525
f 6526/6526 6527/6527 6528/6528
f 6529/6529 6530/6530 6531/6531
f 6532/6532 6533/6533 6534/6534
f 6535/6535 6536/6536 6537/6537
f 6538/6538 6539/6539 6540/6540
f 6541/6541 6542/6542 6543/6543
f 6544/6544 6545/6545 6546/6546
f 6547/6547 6548/6548 6549/6549
f 6550/6550 6551/6551 6552/6552
f 6553/6553 6554/6554 6555/6555
f 6556/6556 6557/6557 6558/6558
f 6559/6559 6560/6560 6561/6561
f 6562/6562 6563/6563 6564/6564
f 6565/6565 6566/6566 6567/6567
f 6568/6568 6569/6569 6570/6570
f 6571/6571 6572/6572 6573/6573
f 6574/6574 6575/6575 6576/6576
f 6577/6577 6578/6578 6579/6579
f 6580/6580 6581/6581 6582/6582
f 6583/6583 6584/6584 6585/6585
f 6586/6586 6587/6587 6588/6588
f 6589/6589 6590/6590 6591/6591
f 6592/6592 6593/6593 6594/6594
f 6595/6595 6596/6596 6597/6597
f 6598/6598 6599/6599 6600/6600
f 6601/6601 6602/6602 6603/6603
f 6604/6604 6605/6605 6606/6606
f 6607/6607 6608/6608 6609/6609
f 6610/6610 6611/6611 6612/6612
f 6613/6613 6614/6614 6615/6615
f 6616/6616 6617/6617 6618/6618
f 6619/6619 6620/6620 6621/6621
f 6622/6622 6623/6623 6624/6624
f 6625/6625 6626/6626 6627/6627
f 6628/6628 6629/6629 6630/6630
f 6631/6631 6632/6632 6633/6633
f 6634/6634 6635/6635 6636/6636
f 6637/6637 6638/6638 6639/6639
f 6640/6640 6641/6641 6642/6642
f 6643/6643 6644/6644 6645/6645
f 6646/6646 6647/6647 6648/6648
f 6649/6649 6650/6650 6651/6651
f 6652/6652 6653/6653 6654/6654
f 6655/6655 6656/6656 6657/6657
f 6658/6658 6659/6659 6660/6660
f 6661/6661 6662/6662 6663/6663
f 6664/6664 6665/6665 6666/6666
f 6667/6667 6668/6668 6669/6669
f 6670/6670 6671/6671 6672/6672
f 6673/6673 6674/6674 6675/6675
f 6676/6676 6677/6677 6678/6678
f 6679/6679 6680/6680 6681/6681
f 6682/6682 6683/6683 6684/6684
f 6685/6685 6686/6686 6687/6687
f 6688/6688 6689/6689 6690/6690
f 6691/6691 6692/6692 6693/6693
f 6694/6694 6695/6695 6696/6696
f 6697/6697 6698/6698 6699/6699
f 6700/6700 6701/6701 6702/6702
f 6703/6703 6704/6704 6705/6705
f 6706/6706 6707/6707 6708/6708
f 6709/6709 6710/6710 6711/6711
f 6712/6712 6713/6713 6714/6714
f 6715/6715 6716/6716 6717/6717
f 6718/6718 6719/6719 6720/6720
f 6721/6721 6722/6722 6723/6723
f 6724/6724 6725/6725 6726/6726
f 6727/6727 6728/6728 6729/6729
f 6730/6730 6731/6731 6732/6732
f 6733/6733 6734/6734 6735/6735
f 6736/6736 6737/6737 6738/6738
f 6739/6739 6740/6740 6741/6741
f 6742/6742 6743/6743 6744/6744
f 6745/6745 6746/6746 6747/6747
f 6748/6748 6749/6749 6750/6750
f 6751/6751 6752/6752 6753/6753
f 6754/6754 6755/6755 6756/6756
f 6757/6757 6758/6758 6759/6759
f 6760/6760 6761/6761 6762/6762
f 6763/6763 6764/6764 6765/6765
f 6766/6766 6767/6767 6768/6768
f 6769/6769 6770/6770 6771/6771
f 6772/6772 6773/6773 6774/6774
f 6775/6775 6776/6776 6777/6777
f 6778/6778 6779/6779 6780/6780
f 6781/6781 6782/6782 6783/6783
f 6784/6784 6785/6785 6786/6786
f 6787/6787 6788/6788 6789/6789
f 6790/6790 6791/6791 6792/6792
f 6793/6793 6794/6794 6795/6795
f 6796/6796 6797/6797 6798/6798
f 6799/6799 6800/6800 6801/6801
f 6802/6802 6803/6803 6804/6804
f 6805/6805 6806/6806 6807/6807
f 6808/6808 6809/6809 6810/6810
f 6811/6811 6812/6812 6813/6813
f 6814/6814 6815/6815 6816/6816
f 6817/6817 6818/6818 6819/6819
f 6820/6820 6821/6821 6822/6822
f 6823/6823 6824/6824 6825/6825
f 6826/6826 6827/6827 6828/6828
f 6829/6829 6830/6830 6831/6831
f 6832/6832 6833/6833 6834/6834
f 6835/6835 6836/6836 6837/6837
f 6838/6838 6839/6839 6840/6840
f 6841/6841 6842/6842 6843/6843
f 6844/6844 6845/6845 6846/6846
f 6847/6847 6848/6848 6849/6849
f 6850/6850 6851/6851 6852/6852
f 6853/6853 6854/6854 6855/6855
f 6856/6856 6857/6857 6858/6858
f 6859/6859 6860/6860 6861/6861
f 6862/6862 6863/6863 6864/6864
f 6865/6865 6866/6866 6867/6867
f 6868/6868 6869/6869 6870/6870
f 6871/6871 6872/6872 6873/6873
f 6874/6874 6875/6875 6876/6876
f 6877/6877 6878/6878 6879/6879
f 6880/6880 6881/6881 6882/6882
f 6883/6883 6884/6884 6885/6885
f 6886/6886 6887/6887 6888/6888
f 6889/6889 6890/6890 6891/6891
f 6892/6892 6893/6893 6894/6894
f 6895/6895 6896/6896 6897/6897
f 6898/6898 6899/6899 6900/6900
f 6901/6901 6902/6902 6903/6903
f 6904/6904 6905/6905 6906/6906
f 6907/6907 6908/6908 6909/6909
f 6910/6910 6911/6911 6912/6912
f 6913/6913 6914/6914 6915/6915
f 6916/6916 6917/6917 6918/6918
f 6919/6919 6920/6920 6921/6921
f 6922/6922 6923/6923 6924/6924
f 6925/6925 6926/6926 6927/6927
f 6928/6928 6929/6929 6930/6930
f 6931/6931 6932/6932 6933/6933
f 6934/6934 6935/6935 6936/6936
f 6937/6937 6938/6938 6939/6939
f 6940/6940 6941/6941 6942/6942
f 6943/6943 6944/6944 6945/6945
f 6946/6946 6947/6947 6948/6948
f 6949/6949 6950/6950 6951/6951
f 6952/6952 6953/6953 6954/6954
f 6955/6955 6956/6956 6957/6957
f 6958/6958 6959/6959 6960/6960
f 6961/6961 6962/6962 6963/6963
f 6964/6964 6965/6965 6966/6966
f 6967/6967 6968/6968 6969/6969
f 6970/6970 6971/6971 6972/6972
f 6973/6973 6974/6974 6975/6975
f 6976/6976 6977/6977 6978/6978
f 6979/6979 6980/6980 6981/6981
f 6982/6982 6983/6983 6984/6984
f 6985/6985 6986/6986 6987/6987
f 6988/6988 6989/6989 6990/6990
f 6991/6991 6992/6992 6993/6993
f 6994/6994 6995/6995 6996/6996
f 6997/6997 6998/6998 6999/6999
f 7000/7000 7001/7001 7002/7002
f 7003/7003 7004/7004 7005/7005
f 7006/7006 7007/7007 7008/7008
f 7009/7009 7010/7010 7011/7011
f 7012/7012 7013/7013 7014/7014
f 7015/7015 7016/7016 7017/7017
f 7018/7018 7019/7019 7020/7020
f 7021/7021 7022/7022 7023/7023
f 7024/7024 7025/7025 7026/7026
f 7027/7027 7028/7028 7029/7029
f 7030/7030 7031/7031 7032/7032
f 7033/7033 7034/7034 7035/7035
f 7036/7036 7037/7037 7038/7038
f 7039/7039 7040/7040 7041/7041
f 7042/7042 7043/7043 7044/7044
f 7045/7045 7046/7046 7047/7047
f 7048/7048 7049/7049 7050/7050
f 7051/7051 7052/7052 7053/7053
f 7054/7054 7055/7055 7056/7056
f 7057/7057 7058/7058 7059/7059
f 7060/7060 7061/7061 7062/7062
f 7063/7063 7064/7064 7065/7065
f 7066/7066 7067/7067 7068/7068
f 7069/7069 7070/7070 7071/7071
f 7072/7072 7073/7073 7074/7074
f 7075/7075 7076/7076 7077/7077
f 7078/7078 7079/7079 7080/7080
f 7081/7081 7082/7082 7083/7083
f 7084/7084 7085/7085 7086/7086
f 7087/7087 7088/7088 7089/7089
f 7090/7090 7091/7091 7092/7092
f 7093/7093 7094/7094 7095/7095
f 7096/7096 7097/7097 7098/7098
f 7099/7099 7100/7100 7101/7101
f 7102/7102 7103/7103 7104/7104
f 7105/7105 7106/7106 7107/7107
f 7108/7108 7109/7109 7110/7110
f 7111/7111 7112/7112 7113/7113
f 7114/7114 7115/7115 7116/7116
f 7117/7117 7118/7118 7119/7119
f 7120/7120 7121/7121 7122/7122
f 7123/7123 7124/7124 7125/7125
f 7126/7126 7127/7127 7128/7128
f 7129/7129 7130/7130 7131/7131
f 7132/7132 7133/7133 7134/7134
f 7135/7135 7136/7136 7137/7137
f 7138/7138 7139/7139 7140/7140
f 7141/7141 7142/7142 7143/7143
f 7144/7144 7145/7145 7146/7146
f 7147/7147 7148/7148 7149/7149
f 7150/7150 7151/7151 7152/7152
f 7153/7153 7154/7154 7155/7155
f 7156/7156 7157/7157 7158/7158
f 7159/7159 7160/7160 7161/7161
f 7162/7162 7163/7163 7164/7164
f 7165/7165 7166/7166 7167/7167
f 7168/7168 7169/7169 7170/7170
f 7171/7171 7172/7172 7173/7173
f 7174/7174 7175/7175 7176/7176
f 7177/7177 7178/7178 7179/7179
f 7180/7180 7181/7181 7182/7182
f 7183/7183 7184/7184 7185/7185
f 7186/7186 7187/7187 7188/7188
f 7189/7189 7190/7190 7191/7191
f 7192/7192 7193/7193 7194/7194
f 7195/7195 7196/7196 7197/7197
f 7198/7198 7199/7199 7200/7200
f 7201/7201 7202/7202 7203/7203
f 7204/7204 7205/7205 7206/7206
f 7207/7207 7208/7208 7209/7209
f 7210/7210 7211/7211 7212/7212
f 7213/7213 7214/7214 7215/7215
f 7216/7216 7217/7217 7218/7218
f 7219/7219 7220/7220 7221/7221
f 7222/7222 7223/7223 7224/7224
f 7225/7225 7226/7226 7227/7227
f 7228/7228 7229/7229 7230/7230
f 7231/7231 7232/7232 7233/7233
f 7234/7234 7235/7235 7236/7236
f 7237/7237 7238/7238 7239/7239
f 7240/7240 7241/7241 7242/7242
f 7243/7243 7244/7244 7245/7245
f 7246/7246 7247/7247 7248/7248
f 7249/7249 7250/7250 7251/7251
f 7252/7252 7253/7253 7254/7254
f 7255/7255 7256/7256 7257/7257
f 7258/7258 7259/7259 7260/7260
f 7261/7261 7262/7262 7263/7263
f 7264/7264 7265/7265 7266/7266
f 7267/7267 7268/7268 7269/7269
f 7270/7270 7271/7271 7272/7272
f 7273/7273 7274/7274 7275/7275
f 7276/7276 7277/7277 7278/7278
f 7279/7279 7280/7280 7281/7281
f 7282/7282 7283/7283 7284/7284
f 7285/7285 7286/7286 7287/7287
f 7288/7288 7289/7289 7290/7290
f 7291/7291 7292/7292 7293/7293
f 7294/7294 7295/7295 7296/7296
f 7297/7297 7298/7298 7299/7299
f 7300/7300 7301/7301 7302/7302
f 7303/7303 7304/7304 7305/7305
f 7306/7306 7307/7307 7308/7308
f 7309/7309 7310/7310 7311/7311
f 7312/7312 7313/7313 7314/7314
f 7315/7315 7316/7316 7317/7317
f 7318/7318 7319/7319 7320/7320
f 7321/7321 7322/7322 7323/7323
f 7324/7324 7325/7325 7326/7326
f 7327/7327 7328/7328 7329/7329
f 7330/7330 7331/7331 7332/7332
f 7333/7333 7334/7334 7335/7335
f 7336/7336 7337/7337 7338/7338
f 7339/7339 7340/7340 7341/7341
f 7342/7342 7343/7343 7344/7344
f 7345/7345 7346/7346 7347/7347
f 7348/7348 7349/7349 7350/7350
f 7351/7351 7352/7352 7353/7353
f 7354/7354 7355/7355 7356/7356
f 7357/7357 7358/7358 7359/7359
f 7360/7360 7361/7361 7362/7362
f 7363/7363 7364/7364 7365/7365
f 7366/7366 7367/7367 7368/7368
f 7369/7369 7370/7370 7371/7371
f 7372/7372 7373/7373 7374/7374
f 7375/7375 7376/7376 7377/7377
f 7378/7378 7379/7379 7380/7380
f 7381/7381 7382/7382 7383/7383
f 7384/7384 7385/7385 7386/7386
f 7387/7387 7388/7388 7389/7389
f 7390/7390 7391/7391 7392/7392
f 7393/7393 7394/7394 7395/7395
f 7396/7396 7397/7397 7398/7398
f 7399/7399 7400/7400 7401/7401
f 7402/7402 7403/7403 7404/7404
f 7405/7405 7406/7406 7407/7407
f 7408/7408 7409/7409 7410/7410
f 7411/7411 7412/7412 7413/7413
f 7414/7414 7415/7415 7416/7416
f 7417/7417 7418/7418 7419/7419
f 7420/7420 7421/7421 7422/7422
f 7423/7423 7424/7424 7425/7425
f 7426/7426 7427/7427 7428/7428
f 7429/7429 7430/7430 7431/7431
f 7432/7432 7433/7433 7434/7434
f 7435/7435 7436/7436 7437/7437
f 7438/7438 7439/7439 7440/7440
f 7441/7441 7442/7442 7443/7443
f 7444/7444 7445/7445 7446/7446
f 7447/7447 7448/7448 7449/7449
f 7450/7450 7451/7451 7452/7452
f 7453/7453 7454/7454 7455/7455
f 7456/7456 7457/7457 7458/7458
f 7459/7459 7460/7460 7461/7461
f 7462/7462 7463/7463 7464/7464
f 7465/7465 7466/7466 7467/7467
f 7468/7468 7469/7469 7470/7470
f 7471/7471 7472/7472 7473/7473
f 7474/7474 7475/7475 7476/7476
f 7477/7477 7478/7478 7479/7479
f 7480/7480 7481/7481 7482/7482
f 7483/7483 7484/7484 7485/7485
f 7486/7486 7487/7487 7488/7488
f 7489/7489 7490/7490 7491/7491
f 7492/7492 7493/7493 7494/7494
f 7495/7495 7496/7496 7497/7497
f 7498/7498 7499/7499 7500/7500
f 7501/7501 7502/7502 7503/7503
f 7504/7504 7505/7505 7506/7506
f 7507/7507 7508/7508 7509/7509
f 7510/7510 7511/7511 7512/7512
f 7513/7513 7514/7514 7515/7515
f 7516/7516 7517/7517 7518/7518
f 7519/7519 7520/7520 7521/7521
f 7522/7522 7523/7523 7524/7524
f 7525/7525 7526/7526 7527/7527
f 7528/7528 7529/7529 7530/7530
f 7531/7531 7532/7532 7533/7533
f 7534/7534 7535/7535 7536/7536
f 7537/7537 7538/7538 7539/7539
f 7540/7540 7541/7541 7542/7542
f 7543/7543 7544/7544 7545/7545
f 7546/7546 7547/7547 7548/7548
f 7549/7549 7550/7550 7551/7551
f 7552/7552 7553/7553 7554/7554
f 7555/7555 7556/7556 7557/7557
f 7558/7558 7559/7559 7560/7560
f 7561/7561 7562/7562 7563/7563
f 7564/7564 7565/7565 7566/7566
f 7567/7567 7568/7568 7569/7569
f 7570/7570 7571/7571 7572/7572
f 7573/7573 7574/7574 7575/7575
f 7576/7576 7577/7577 7578/7578
f 7579/7579 7580/7580 7581/7581
f 7582/7582 7583/7583 7584/7584
f 7585/7585 7586/7586 7587/7587
f 7588/7588 7589/7589 7590/7590
f 7591/7591 7592/7592 7593/7593
f 7594/7594 7595/7595 7596/7596
f 7597/7597 7598/7598 7599/7599
f 7600/7600 7601/7601 7602/7602
f 7603/7603 7604/7604 7605/7605
f 7606/7606 7607/7607 7608/7608
f 7609/7609 7610/7610 7611/7611
f 7612/7612 7613/7613 7614/7614
f 7615/7615 7616/7616 7617/7617
f 7618/7618 7619/7619 7620/7620
f 7621/7621 7622/7622 7623/7623
f 7624/7624 7625/7625 7626/7626
f 7627/7627 7628/7628 7629/7629
f 7630/7630 7631/7631 7632/7632
f 7633/7633 7634/7634 7635/7635
f 7636/7636 7637/7637 7638/7638
f 7639/7639 7640/7640 7641/7641
f 7642/7642 7643/7643 7644/7644
f 7645/7645 7646/7646 7647/7647
f 7648/7648 7649/7649 7650/7650
f 7651/7651 7652/7652 7653/7653
f 7654/7654 7655/7655 7656/7656
f 7657/7657 7658/7658 7659/7659
f 7660/7660 7661/7661 7662/7662
f 7663/7663 7664/7664 7665/7665
f 7666/7666 7667/7667 7668/7668
f 7669/7669 7670/7670 7671/7671
f 7672/7672 7673/7673 7674/7674
f 7675/7675 7676/7676 7677/7677
f 7678/7678 7679/7679 7680/7680
f 7681/7681 7682/7682 7683/7683
f 7684/7684 7685/7685 7686/7686
f 7687/7687 7688/7688 7689/7689
f 7690/7690 7691/7691 7692/7692
f 7693/7693 7694/7694 7695/7695
f 7696/7696 7697/7697 7698/7698
f 7699/7699 7700/7700 7701/7701
f 7702/7702 7703/7703 7704/7704
f 7705/7705 7706/7706 7707/7707
f 7708/7708 7709/7709 7710/7710
f 7711/7711 7712/7712 7713/7713
f 7714/7714 7715/7715 7716/7716
f 7717/7717 7718/7718 7719/7719
f 7720/7720 7721/7721 7722/7722
f 7723/7723 7724/7724 7725/7725
f 7726/7726 7727/7727 7728/7728
f 7729/7729 7730/7730 7731/7731
f 7732/7732 7733/7733 7734/7734
f 7735/7735 7736/7736 7737/7737
f 7738/7738 7739/7739 7740/7740
f 7741/7741 7742/7742 7743/7743
f 7744/7744 7745/7745 7746/7746
f 7747/7747 7748/7748 7749/7749
f 7750/7750 7751/7751 7752/7752
f 7753/7753 7754/7754 7755/7755
f 7756/7756 7757/7757 7758/7758
f 7759/7759 7760/7760 7761/7761
f 7762/7762 7763/7763 7764/7764
f 7765/7765 7766/7766 7767/7767
f 7768/7768 7769/7769 7770/7770
f 7771/7771 7772/7772 7773/7773
f 7774/7774 7775/7775 7776/7776
f 7777/7777 7778/7778 7779/7779
f 7780/7780 7781/7781 7782/7782
f 7783/7783 7784/7784 7785/7785
f 7786/7786 7787/7787 7788/7788
f 7789/7789 7790/7790 7791/7791
f 7792/7792 7793/7793 7794/7794
f 7795/7795 7796/7796 7797/7797
f 7798/7798 7799/7799 7800/7800
f 7801/7801 7802/7802 7803/7803
f 7804/7804 7805/7805 7806/7806
f 7807/7807 7808/7808 7809/7809
f 7810/7810 7811/7811 7812/7812
f 7813/7813 7814/7814 7815/7815
f 7816/7816 7817/7817 7818/7818
f 7819/7819 7820/7820 7821/7821
f 7822/7822 7823/7823 7824/7824
f 7825/7825 7826/7826 7827/7827
f 7828/7828 7829/7829 7830/7830
f 7831/7831 7832/7832 7833/7833
f 7834/7834 7835/7835 7836/7836
f 7837/7837 7838/7838 7839/7839
f 7840/7840 7841/7841 7842/7842
f 7843/7843 7844/7844 7845/7845
f 7846/7846 7847/7847 7848/7848
f 7849/7849 7850/7850 7851/7851
f 7852/7852 7853/7853 7854/7854
f 7855/7855 7856/7856 7857/7857
f 7858/7858 7859/7859 7860/7860
f 7861/7861 7862/7862 7863/7863
f 7864/7864 7865/7865 7866/7866
f 7867/7867 7868/7868 7869/7869
f 7870/7870 7871/7871 7872/7872
f 7873/7873 7874/7874 7875/7875
f 7876/7876 7877/7877 7878/7878
f 7879/7879 7880/7880 7881/7881
f 7882/7882 7883/7883 7884/7884
f 7885/7885 7886/7886 7887/7887
f 7888/7888 7889/7889 7890/7890
f 7891/7891 7892/7892 7893/7893
f 7894/7894 7895/7895 7896/7896
f 7897/7897 7898/7898 7899/7899
f 7900/7900 7901/7901 7902/7902
f 7903/7903 7904/7904 7905/7905
f 7906/7906 7907/7907 7908/7908
f 7909/7909 7910/7910 7911/7911
f 7912/7912 7913/7913 7914/7914
f 7915/7915 7916/7916 7917/7917
f 7918/7918 7919/7919 7920/7920
f 7921/7921 7922/7922 7923/7923
f 7924/7924 7925/7925 7926/7926
f 7927/7927 7928/7928 7929/7929
f 7930/7930 7931/7931 7932/7932
f 7933/7933 7934/7934 7935/7935
f 7936/7936 7937/7937 7938/7938
f 7939/7939 7940/7940 7941/7941
f 7942/7942 7943/7943 7944/7944
f 7945/7945 7946/7946 7947/7947
f 7948/7948 7949/7949 7950/7950
f 7951/7951 7952/7952 7953/7953
f 7954/7954 7955/7955 7956/7956
f 7957/7957 7958/7958 7959/7959
f 7960/7960 7961/7961 7962/7962
f 7963/7963 7964/7964 7965/7965
f 7966/7966 7967/7967 7968/7968
f 7969/7969 7970/7970 7971/7971
f 7972/7972 7973/7973 7974/7974
f 7975/7975 7976/7976 7977/7977
f 7978/7978 7979/7979 7980/7980
f 7981/7981 7982/7982 7983/7983
f 7984/7984 7985/7985 7986/7986
f 7987/7987 7988/7988 7989/7989
f 7990/7990 7991/7991 7992/7992
f 7993/7993 7994/7994 7995/7995
f 7996/7996 7997/7997 7998/7998
f 7999/7999 8000/8000 8001/8001
f 8002/8002 8003/8003 8004/8004
f 8005/8005 8006/8006 8007/8007
f 8008/8008 8009/8009 8010/8010
f 8011/8011 8012/8012 8013/8013
f 8014/8014 8015/8015 8016/8016
f 8017/8017 8018/8018 8019/8019
f 8020/8020 8021/8021 8022/8022
f 8023/8023 8024/8024 8025/8025
f 8026/8026 8027/8027 8028/8028
f 8029/8029 8030/8030 8031/8031
f 8032/8032 8033/8033 8034/8034
f 8035/8035 8036/8036 8037/8037
f 8038/8038 8039/8039 8040/8040
f 8041/8041 8042/8042 8043/8043
f 8044/8044 8045/8045 8046/8046
f 8047/8047 8048/8048 8049/8049
f 8050/8050 8051/8051 8052/8052
f 8053/8053 8054/8054 8055/8055
f 8056/8056 8057/8057 8058/8058
f 8059/8059 8060/8060 8061/8061
f 8062/8062 8063/8063 8064/8064
f 8065/8065 8066/8066 8067/8067
f 8068/8068 8069/8069 8070/8070
f 8071/8071 8072/8072 8073/8073
f 8074/8074 8075/8075 8076/8076
f 8077/8077 8078/8078 8079/8079
f 8080/8080 8081/8081 8082/8082
f 8083/8083 8084/8084 8085/8085
f 8086/8086 8087/8087 8088/8088
f 8089/8089 8090/8090 8091/8091
f 8092/8092 8093/8093 8094/8094
f 8095/8095 8096/8096 8097/8097
f 8098/8098 8099/8099 8100/8100
f 8101/8101 8102/8102 8103/8103
f 8104/8104 8105/8105 8106/8106
f 8107/8107 8108/8108 8109/8109
f 8110/8110 8111/8111 8112/8112
f 8113/8113 8114/8114 8115/8115
f 8116/8116 8117/8117 8118/8118
f 8119/8119 8120/8120 8121/8121
f 8122/8122 8123/8123 8124/8124
f 8125/8125 8126/8126 8127/8127
f 8128/8128 8129/8129 8130/8130
f 8131/8131 8132/8132 8133/8133
f 8134/8134 8135/8135 8136/8136
f 8137/8137 8138/8138 8139/8139
f 8140/8140 8141/8141 8142/8142
f 8143/8143 8144/8144 8145/8145
f 8146/8146 8147/8147 8148/8148
f 8149/8149 8150/8150 8151/8151
f 8152/8152 8153/8153 8154/8154
f 8155/8155 8156/8156 8157/8157
f 8158/8158 8159/8159 8160/8160
f 8161/8161 8162/8162 8163/8163
f 8164/8164 8165/8165 8166/8166
f 8167/8167 8168/8168 8169/8169
f 8170/8170 8171/8171 8172/8172
f 8173/8173 8174/8174 8175/8175
f 8176/8176 8177/8177 8178/8178
f 8179/8179 8180/8180 8181/8181
f 8182/8182 8183/8183 8184/8184
f 8185/8185 8186/8186 8187/8187
f 8188/8188 8189/8189 8190/8190
f 8191/8191 8192/8192 8193/8193
f 8194/8194 8195/8195 8196/8196
f 8197/8197 8198/8198 8199/8199
f 8200/8200 8201/8201 8202/8202
f 8203/8203 8204/8204 8205/8205
f 8206/8206 8207/8207 8208/8208
f 8209/8209 8210/8210 8211/8211
f 8212/8212 8213/8213 8214/8214
f 8215/8215 8216/8216 8217/8217
f 8218/8218 8219/8219 8220/8220
f 8221/8221 8222/8222 8223/8223
f 8224/8224 8225/8225 8226/8226
f 8227/8227 8228/8228 8229/8229
f 8230/8230 8231/8231 8232/8232
f 8233/8233 8234/8234 8235/8235
f 8236/8236 8237/8237 8238/8238
f 8239/8239 8240/8240 8241/8241
f 8242/8242 8243/8243 8244/8244
f 8245/8245 8246/8246 8247/8247
f 8248/8248 8249/8249 8250/8250
f 8251/8251 8252/8252 8253/8253
f 8254/8254 8255/8255 8256/8256
f 8257/8257 8258/8258 8259/8259
f 8260/8260 8261/8261 8262/8262
f 8263/8263 8264/8264 8265/8265
f 8266/8266 8267/8267 8268/8268
f 8269/8269 8270/8270 8271/8271
f 8272/8272 8273/8273 8274/8274
f 8275/8275 8276/8276 8277/8277
f 8278/8278 8279/8279 8280/8280
f 8281/8281 8282/8282 8283/8283
f 8284/8284 8285/8285 8286/8286
f 8287/8287 8288/8288 8289/8289
f 8290/8290 8291/8291 8292/8292
f 8293/8293 8294/8294 8295/8295
f 8296/8296 8297/8297 8298/8298
f 8299/8299 8300/8300 8301/8301
f 8302/8302 8303/8303 8304/8304
f 8305/8305 8306/8306 8307/8307
f 8308/8308 8309/8309 8310/8310
f 8311/8311 8312/8312 8313/8313
f 8314/8314 8315/8315 8316/8316
f 8317/8317 8318/8318 8319/8319
f 8320/8320 8321/8321 8322/8322
f 8323/8323 8324/8324 8325/8325
f 8326/8326 8327/8327 8328/8328
f 8329/8329 8330/8330 8331/8331
f 8332/8332 8333/8333 8334/8334
f 8335/8335 8336/8336 8337/8337
f 8338/8338 8339/8339 8340/8340
f 8341/8341 8342/8342 8343/8343
f 8344/8344 8345/8345 8346/8346
f 8347/8347 8348/8348 8349/8349
f 8350/8350 8351/8351 8352/8352
f 8353/8353 8354/8354 8355/8355
f 8356/8356 8357/8357 8358/8358
f 8359/8359 8360/8360 8361/8361
f 8362/8362 8363/8363 8364/8364
f 8365/8365 8366/8366 8367/8367
f 8368/8368 8369/8369 8370/8370
f 8371/8371 8372/8372 8373/8373
f 8374/8374 8375/8375 8376/8376
f 8377/8377 8378/8378 8379/8379
f 8380/8380 8381/8381 8382/8382
f 8383/8383 8384/8384 8385/8385
f 8386/8386 8387/8387 8388/8388
f 8389/8389 8390/8390 8391/8391
f 8392/8392 8393/8393 8394/8394
f 8395/8395 8396/8396 8397/8397
f 8398/8398 8399/8399 8400/8400
f 8401/8401 8402/8402 8403/8403
f 8404/8404 8405/8405 8406/8406
f 8407/8407 8408/8408 8409/8409
f 8410/8410 8411/8411 8412/8412
f 8413/8413 8414/8414 8415/8415
f 8416/8416 8417/8417 8418/8418
f 8419/8419 8420/8420 8421/8421
f 8422/8422 8423/8423 8424/8424
f 8425/8425 8426/8426 8427/8427
f 8428/8428 8429/8429 8430/8430
f 8431/8431 8432/8432 8433/8433
f 8434/8434 8435/8435 8436/8436
f 8437/8437 8438/8438 8439/8439
f 8440/8440 8441/8441 8442/8442
f 8443/8443 8444/8444 8445/8445
f 8446/8446 8447/8447 8448/8448
f 8449/8449 8450/8450 8451/8451
f 8452/8452 8453/8453 8454/8454
f 8455/8455 8456/8456 8457/8457
f 8458/8458 8459/8459 8460/8460
f 8461/8461 8462/8462 8463/8463
f 8464/8464 8465/8465 8466/8466
f 8467/8467 8468/8468 8469/8469
f 8470/8470 8471/8471 8472/8472
f 8473/8473 8474/8474 8475/8475
f 8476/8476 8477/8477 8478/8478
f 8479/8479 8480/8480 8481/8481
f 8482/8482 8483/8483 8484/8484
f 8485/8485 8486/8486 8487/8487
f 8488/8488 8489/8489 8490/8490
f 8491/8491 8492/8492 8493/8493
f 8494/8494 8495/8495 8496/8496
f 8497/8497 8498/8498 8499/8499
f 8500/8500 8501/8501 8502/8502
f 8503/8503 8504/8504 8505/8505
f 8506/8506 8507/8507 8508/8508
f 8509/8509 8510/8510 8511/8511
f 8512/8512 8513/8513 8514/8514
f 8515/8515 8516/8516 8517/8517
f 8518/8518 8519/8519 8520/8520
f 8521/8521 8522/8522 8523/8523
f 8524/8524 8525/8525 8526/8526
f 8527/8527 8528/8528 8529/8529
f 8530/8530 8531/8531 8532/8532
f 8533/8533 8534/8534 8535/8535
f 8536/8536 8537/8537 8538/8538
f 8539/8539 8540/8540 8541/8541
f 8542/8542 8543/8543 8544/8544
f 8545/8545 8546/8546 8547/8547
f 8548/8548 8549/8549 8550/8550
f 8551/8551 8552/8552 8553/8553
f 8554/8554 8555/8555 8556/8556
f 8557/8557 8558/8558 8559/8559
f 8560/8560 8561/8561 8562/8562
f 8563/8563 8564/8564 8565/8565
f 8566/8566 8567/8567 8568/8568
f 8569/8569 8570/8570 8571/8571
f 8572/8572 8573/8573 8574/8574
f 8575/8575 8576/8576 8577/8577
f 8578/8578 8579/8579 8580/8580
f 8581/8581 8582/8582 8583/8583
f 8584/8584 8585/8585 8586/8586
f 8587/8587 8588/8588 8589/8589
f 8590/8590 8591/8591 8592/8592
f 8593/8593 8594/8594 8595/8595
f 8596/8596 8597/8597 8598/8598
f 8599/8599 8600/8600 8601/8601
f 8602/8602 8603/8603 8604/8604
f 8605/8605 8606/8606 8607/8607
f 8608/8608 8609/8609 8610/8610
f 8611/8611 8612/8612 8613/8613
f 8614/8614 8615/8615 8616/8616
f 8617/8617 8618/8618 8619/8619
f 8620/8620 8621/8621 8622/8622
f 8623/8623 8624/8624 8625/8625
f 8626/8626 8627/8627 8628/8628
f 8629/8629 8630/8630 8631/8631
f 8632/8632 8633/8633 8634/8634
f 8635/8635 8636/8636 8637/8637
f 8638/8638 8639/8639 8640/8640
f 8641/8641 8642/8642 8643/8643
f 8644/8644 8645/8645 8646/8646
f 8647/8647 8648/8648 8649/8649
f 8650/8650 8651/8651 8652/8652
f 8653/8653 8654/8654 8655/8655
f 8656/8656 8657/8657 8658/8658
f 8659/8659 8660/8660 8661/8661
f 8662/8662 8663/8663 8664/8664
f 8665/8665 8666/8666 8667/8667
f 8668/8668 8669/8669 8670/8670
f 8671/8671 8672/8672 8673/8673
f 8674/8674 8675/8675 8676/8676
f 8677/8677 8678/8678 8679/8679
f 8680/8680 8681/8681 8682/8682
f 8683/8683 8684/8684 8685/8685
f 8686/8686 8687/8687 8688/8688
f 8689/8689 8690/8690 8691/8691
f 8692/8692 8693/8693 8694/8694
f 8695/8695 8696/8696 8697/8697
f 8698/8698 8699/8699 8700/8700
f 8701/8701 8702/8702 8703/8703
f 8704/8704 8705/8705 8706/8706
f 8707/8707 8708/8708 8709/8709
f 8710/8710 8711/8711 8712/8712
f 8713/8713 8714/8714 8715/8715
f 8716/8716 8717/8717 8718/8718
f 8719/8719 8720/8720 8721/8721
f 8722/8722 8723/8723 8724/8724
f 8725/8725 8726/8726 8727/8727
f 8728/8728 8729/8729 8730/8730
f 8731/8731 8732/8732 8733/8733
f 8734/8734 8735/8735 8736/8736
f 8737/8737 8738/8738 8739/8739
f 8740/8740 8741/8741 8742/8742
f 8743/8743 8744/8744 8745/8745
f 8746/8746 8747/8747 8748/8748
f 8749/8749 8750/8750 8751/8751
f 8752/8752 8753/8753 8754/8754
f 8755/8755 8756/8756 8757/8757
f 8758/8758 8759/8759 8760/8760
f 8761/8761 8762/8762 8763/8763
f 8764/8764 8765/8765 8766/8766
f 8767/8767 8768/8768 8769/8769
f 8770/8770 8771/8771 8772/8772
f 8773/8773 8774/8774 8775/8775
f 8776/8776 8777/8777 8778/8778
f 8779/8779 8780/8780 8781/8781
f 8782/8782 8783/8783 8784/8784
f 8785/8785 8786/8786 8787/8787
f 8788/8788 8789/8789 8790/8790
f 8791/8791 8792/8792 8793/8793
f 8794/8794 8795/8795 8796/8796
f 8797/8797 8798/8798 8799/8799
f 8800/8800 8801/8801 8802/8802
f 8803/8803 8804/8804 8805/8805
f 8806/8806 8807/8807 8808/8808
f 8809/8809 8810/8810 8811/8811
f 8812/8812 8813/8813 8814/8814
f 8815/8815 8816/8816 8817/8817
f 8818/8818 8819/8819 8820/8820
f 8821/8821 8822/8822 8823/8823
f 8824/8824 8825/8825 8826/8826
f 8827/8827 8828/8828 8829/8829
f 8830/8830 8831/8831 8832/8832
f 8833/8833 8834/8834 8835/8835
f 8836/8836 8837/8837 8838/8838
f 8839/8839 8840/8840 8841/8841
f 8842/8842 8843/8843 8844/8844
f 8845/8845 8846/8846 8847/8847
f 8848/8848 8849/8849 8850/8850
f 8851/8851 8852/8852 8853/8853
f 8854/8854 8855/8855 8856/8856
f 8857/8857 8858/8858 8859/8859
f 8860/8860 8861/8861 8862/8862
f 8863/8863 8864/8864 8865/8865
f 8866/8866 8867/8867 8868/8868
f 8869/8869 8870/8870 8871/8871
f 8872/8872 8873/8873 8874/8874
f 8875/8875 8876/8876 8877/8877
f 8878/8878 8879/8879 8880/8880
f 8881/8881 8882/8882 8883/8883
f 8884/8884 8885/8885 8886/8886
f 8887/8887 8888/8888 8889/8889
f 8890/8890 8891/8891 8892/8892
f 8893/8893 8894/8894 8895/8895
f 8896/8896 8897/8897 8898/8898
f 8899/8899 8900/8900 8901/8901
f 8902/8902 8903/8903 8904/8904
f 8905/8905 8906/8906 8907/8907
f 8908/8908 8909/8909 8910/8910
f 8911/8911 8912/8912 8913/8913
f 8914/8914 8915/8915 8916/8916
f 8917/8917 8918/8918 8919/8919
f 8920/8920 8921/8921 8922/8922
f 8923/8923 8924/8924 8925/8925
f 8926/8926 8927/8927 8928/8928
f 8929/8929 8930/8930 8931/8931
f 8932/8932 8933/8933 8934/8934
f 8935/8935 8936/8936 8937/8937
f 8938/8938 8939/8939 8940/8940
f 8941/8941 8942/8942 8943/8943
f 8944/8944 8945/8945 8946/8946
f 8947/8947 8948/8948 8949/8949
f 8950/8950 8951/8951 8952/8952
f 8953/8953 8954/8954 8955/8955
f 8956/8956 8957/8957 8958/8958
f 8959/8959 8960/8960 8961/8961
f 8962/8962 8963/8963 8964/8964
f 8965/8965 8966/8966 8967/8967
f 8968/8968 8969/8969 8970/8970
f 8971/8971 8972/8972 8973/8973
f 8974/8974 8975/8975 8976/8976
f 8977/8977 8978/8978 8979/8979
f 8980/8980 8981/8981 8982/8982
f 8983/8983 8984/8984 8985/8985
f 8986/8986 8987/8987 8988/8988
f 8989/8989 8990/8990 8991/8991
f 8992/8992 8993/8993 8994/8994
f 8995/8995 8996/8996 8997/8997
f 8998/8998 8999/8999 9000/9000
f 9001/9001 9002/9002 9003/9003
f 9004/9004 9005/9005 9006/9006
f 9007/9007 9008/9008 9009/9009
f 9010/9010 9011/9011 9012/9012
f 9013/9013 9014/9014 9015/9015
f 9016/9016 9017/9017 9018/9018
f 9019/9019 9020/9020 9021/9021
f 9022/9022 9023/9023 9024/9024
f 9025/9025 9026/9026 9027/9027
f 9028/9028 9029/9029 9030/9030
f 9031/9031 9032/9032 9033/9033
f 9034/9034 9035/9035 9036/9036
f 9037/9037 9038/9038 9039/9039
f 9040/9040 9041/9041 9042/9042
f 9043/9043 9044/9044 9045/9045
f 9046/9046 9047/9047 9048/9048
f 9049/9049 9050/9050 9051/9051
f 9052/9052 9053/9053 9054/9054
f 9055/9055 9056/9056 9057/9057
f 9058/9058 9059/9059 9060/9060
f 9061/9061 9062/9062 9063/9063
f 9064/9064 9065/9065 9066/9066
f 9067/9067 9068/9068 9069/9069
f 9070/9070 9071/9071 9072/9072
f 9073/9073 9074/9074 9075/9075
f 9076/9076 9077/9077 9078/9078
f 9079/9079 9080/9080 9081/9081
f 9082/9082 9083/9083 9084/9084
f 9085/9085 9086/9086 9087/9087
f 9088/9088 9089/9089 9090/9090
f 9091/9091 9092/9092 9093/9093
f 9094/9094 9095/9095 9096/9096
f 9097/9097 9098/9098 9099/9099
f 9100/9100 9101/9101 9102/9102
f 9103/9103 9104/9104 9105/9105
f 9106/9106 9107/9107 9108/9108
f 9109/9109 9110/9110 9111/9111
f 9112/9112 9113/9113 9114/9114
f 9115/9115 9116/9116 9117/9117
f 9118/9118 9119/9119 9120/9120
f 9121/9121 9122/9122 9123/9123
f 9124/9124 9125/9125 9126/9126
f 9127/9127 9128/9128 9129/9129
f 9130/9130 9131/9131 9132/9132
f 9133/9133 9134/9134 9135/9135
f 9136/9136 9137/9137 9138/9138
f 9139/9139 9140/9140 9141/9141
f 9142/9142 9143/9143 9144/9144
f 9145/9145 9146/9146 9147/9147
f 9148/9148 9149/9149 9150/9150
f 9151/9151 9152/9152 9153/9153
f 9154/9154 9155/9155 9156/9156
f 9157/9157 9158/9158 9159/9159
f 9160/9160 9161/9161 9162/9162
f 9163/9163 9164/9164 9165/9165
f 9166/9166 9167/9167 9168/9168
f 9169/9169 9170/9170 9171/9171
f 9172/9172 9173/9173 9174/9174
f 9175/9175 9176/9176 9177/9177
f 9178/9178 9179/9179 9180/9180
f 9181/9181 9182/9182 9183/9183
f 9184/9184 9185/9185 9186/9186
f 9187/9187 9188/9188 9189/9189
f 9190/9190 9191/9191 9192/9192
f 9193/9193 9194/9194 9195/9195
f 9196/9196 9197/9197 9198/9198
f 9199/9199 9200/9200 9201/9201
f 9202/9202 9203/9203 9204/9204
f 9205/9205 9206/9206 9207/9207
f 9208/9208 9209/9209 9210/9210
f 9211/9211 9212/9212 9213/9213
f 9214/9214 9215/9215 9216/9216
f 9217/9217 9218/9218 9219/9219
f 9220/9220 9221/9221 9222/9222
f 9223/9223 9224/9224 9225/9225
f 9226/9226 9227/9227 9228/9228
f 9229/9229 9230/9230 9231/9231
f 9232/9232 9233/9233 9234/9234
f 9235/9235 9236/9236 9237/9237
f 9238/9238 9239/9239 9240/9240
f 9241/9241 9242/9242 9243/9243
f 9244/9244 9245/9245 9246/9246
f 9247/9247 9248/9248 9249/9249
f 9250/9250 9251/9251 9252/9252
f 9253/9253 9254/9254 9255/9255
f 9256/9256 9257/9257 9258/9258
f 9259/9259 9260/9260 9261/9261
f 9262/9262 9263/9263 9264/9264
f 9265/9265 9266/9266 9267/9267
f 9268/9268 9269/9269 9270/9270
f 9271/9271 9272/9272 9273/9273
f 9274/9274 9275/9275 9276/9276
f 9277/9277 9278/9278 9279/9279
f 9280/9280 9281/9281 9282/9282
f 9283/9283 9284/9284 9285/9285
f 9286/9286 9287/9287 9288/9288
f 9289/9289 9290/9290 9291/9291
f 9292/9292 9293/9293 9294/9294
f 9295/9295 9296/9296 9297/9297
f 9298/9298 9299/9299 9300/9300
f 9301/9301 9302/9302 9303/9303
f 9304/9304 9305/9305 9306/9306
f 9307/9307 9308/9308 9309/9309
f 9310/9310 9311/9311 9312/9312
f 9313/9313 9314/9314 9315/9315
f 9316/9316 9317/9317 9318/9318
f 9319/9319 9320/9320 9321/9321
f 9322/9322 9323/9323 9324/9324
f 9325/9325 9326/9326 9327/9327
f 9328/9328 9329/9329 9330/9330
f 9331/9331 9332/9332 9333/9333
f 9334/9334 9335/9335 9336/9336
f 9337/9337 9338/9338 9339/9339
f 9340/9340 9341/9341 9342/9342
f 9343/9343 9344/9344 9345/9345
f 9346/9346 9347/9347 9348/9348
f 9349/9349 9350/9350 9351/9351
f 9352/9352 9353/9353 9354/9354
f 9355/9355 9356/9356 9357/9357
f 9358/9358 9359/9359 9360/9360
f 9361/9361 9362/9362 9363/9363
f 9364/9364 9365/9365 9366/9366
f 9367/9367 9368/9368 9369/9369
f 9370/9370 9371/9371 9372/9372
f 9373/9373 9374/9374 9375/9375
f 9376/9376 9377/9377 9378/9378
f 9379/9379 9380/9380 9381/9381
f 9382/9382 9383/9383 9384/9384
f 9385/9385 9386/9386 9387/9387
f 9388/9388 9389/9389 9390/9390
f 9391/9391 9392/9392 9393/9393
f 9394/9394 9395/9395 9396/9396
f 9397/9397 9398/9398 9399/9399
f 9400/9400 9401/9401 9402/9402
f 9403/9403 9404/9404 9405/9405
f 9406/9406 9407/9407 9408/9408
f 9409/9409 9410/9410 9411/9411
f 9412/9412 9413/9413 9414/9414
f 9415/9415 9416/9416 9417/9417
f 9418/9418 9419/9419 9420/9420
f 9421/9421 9422/9422 9423/9423
f 9424/9424 9425/9425 9426/9426
f 9427/9427 9428/9428 9429/9429
f 9430/9430 9431/9431 9432/9432
f 9433/9433 9434/9434 9435/9435
f 9436/9436 9437/9437 9438/9438
f 9439/9439 9440/9440 9441/9441
f 9442/9442 9443/9443 9444/9444
f 9445/9445 9446/9446 9447/9447
f 9448/9448 9449/9449 9450/9450
f 9451/9451 9452/9452 9453/9453
f 9454/9454 9455/9455 9456/9456
f 9457/9457 9458/9458 9459/9459
f 9460/9460 9461/9461 9462/9462
f 9463/9463 9464/9464 9465/9465
f 9466/9466 9467/9467 9468/9468
f 9469/9469 9470/9470 9471/9471
f 9472/9472 9473/9473 9474/9474
f 9475/9475 9476/9476 9477/9477
f 9478/9478 9479/9479 9480/9480
f 9481/9481 9482/9482 9483/9483
f 9484/9484 9485/9485 9486/9486
f 9487/9487 9488/9488 9489/9489
f 9490/9490 9491/9491 9492/9492
f 9493/9493 9494/9494 9495/9495
f 9496/9496 9497/9497 9498/9498
f 9499/9499 9500/9500 9501/9501
f 9502/9502 9503/9503 9504/9504
f 9505/9505 9506/9506 9507/9507
f 9508/9508 9509/9509 9510/9510
f 9511/9511 9512/9512 9513/9513
f 9514/9514 9515/9515 9516/9516
f 9517/9517 9518/9518 9519/9519
f 9520/9520 9521/9521 9522/9522
f 9523/9523 9524/9524 9525/9525
f 9526/9526 9527/9527 9528/9528
f 9529/9529 9530/9530 9531/9531
f 9532/9532 9533/9533 9534/9534
f 9535/9535 9536/9536 9537/9537
f 9538/9538 9539/9539 9540/9540
f 9541/9541 9542/9542 9543/9543
f 9544/9544 9545/9545 9546/9546
f 9547/9547 9548/9548 9549/9549
f 9550/9550 9551/9551 9552/9552
f 9553/9553 9554/9554 9555/9555
f 9556/9556 9557/9557 9558/9558
f 9559/9559 9560/9560 9561/9561
f 9562/9562 9563/9563 9564/9564
f 9565/9565 9566/9566 9567/9567
f 9568/9568 9569/9569 9570/9570
f 9571/9571 9572/9572 9573/9573
f 9574/9574 9575/9575 9576/9576
f 9577/9577 9578/9578 9579/9579
f 9580/9580 9581/9581 9582/9582
f 9583/9583 9584/9584 9585/9585
f 9586/9586 9587/9587 9588/9588
f 9589/9589 9590/9590 9591/9591
f 9592/9592 9593/9593 9594/9594
f 9595/9595 9596/9596 9597/9597
f 9598/9598 9599/9599 9600/9600
f 9601/9601 9602/9602 9603/9603
f 9604/9604 9605/9605 9606/9606
f 9607/9607 9608/9608 9609/9609
f 9610/9610 9611/9611 9612/9612
f 9613/9613 9614/9614 9615/9615
f 9616/9616 9617/9617 9618/9618
f 9619/9619 9620/9620 9621/9621
f 9622/9622 9623/9623 9624/9624
f 9625/9625 9626/9626 9627/9627
f 9628/9628 9629/9629 9630/9630
f 9631/9631 9632/9632 9633/9633
f 9634/9634 9635/9635 9636/9636
f 9637/9637 9638/9638 9639/9639
f 9640/9640 9641/9641 9642/9642
f 9643/9643 9644/9644 9645/9645
f 9646/9646 9647/9647 9648/9648
f 9649/9649 9650/9650 9651/9651
f 9652/9652 9653/9653 9654/9654
f 9655/9655 9656/9656 9657/9657
f 9658/9658 9659/9659 9660/9660
f 9661/9661 9662/9662 9663/9663
f 9664/9664 9665/9665 9666/9666
f 9667/9667 9668/9668 9669/9669
f 9670/9670 9671/9671 9672/9672
f 9673/9673 9674/9674 9675/9675
f 9676/9676 9677/9677 9678/9678
f 9679/9679 9680/9680 9681/9681
f 9682/9682 9683/9683 9684/9684
f 9685/9685 9686/9686 9687/9687
f 9688/9688 9689/9689 9690/9690
f 9691/9691 9692/9692 9693/9693
f 9694/9694 9695/9695 9696/9696
f 9697/9697 9698/9698 9699/9699
f 9700/9700 9701/9701 9702/9702
f 9703/9703 9704/9704 9705/9705
f 9706/9706 9707/9707 9708/9708
f 9709/9709 9710/9710 9711/9711
f 9712/9712 9713/9713 9714/9714
f 9715/9715 9716/9716 9717/9717
f 9718/9718 9719/9719 9720/9720
f 9721/9721 9722/9722 9723/9723
f 9724/9724 9725/9725 9726/9726
f 9727/9727 9728/9728 9729/9729
f 9730/9730 9731/9731 9732/9732
f 9733/9733 9734/9734 9735/9735
f 9736/9736 9737/9737 9738/9738
f 9739/9739 9740/9740 9741/9741
f 9742/9742 9743/9743 9744/9744
f 9745/9745 9746/9746 9747/9747
f 9748/9748 9749/9749 9750/9750
f 9751/9751 9752/9752 9753/9753
f 9754/9754 9755/9755 9756/9756
f 9757/9757 9758/9758 9759/9759
f 9760/9760 9761/9761 9762/9762
f 9763/9763 9764/9764 9765/9765
f 9766/9766 9767/9767 9768/9768
f 9769/9769 9770/9770 9771/9771
f 9772/9772 9773/9773 9774/9774
f 9775/9775 9776/9776 9777/9777
f 9778/9778 9779/9779 9780/9780
f 9781/9781 9782/9782 9783/9783
f 9784/9784 9785/9785 9786/9786
f 9787/9787 9788/9788 9789/9789
f 9790/9790 9791/9791 9792/9792
f 9793/9793 9794/9794 9795/9795
f 9796/9796 9797/9797 9798/9798
f 9799/9799 9800/9800 9801/9801
f 9802/9802 9803/9803 9804/9804
f 9805/9805 9806/9806 9807/9807
f 9808/9808 9809/9809 9810/9810
f 9811/9811 9812/9812 9813/9813
f 9814/9814 9815/9815 9816/9816
f 9817/9817 9818/9818 9819/9819
f 9820/9820 9821/9821 9822/9822
f 9823/9823 9824/9824 9825/9825
f 9826/9826 9827/9827 9828/9828
f 9829/9829 9830/9830 9831/9831
f 9832/9832 9833/9833 9834/9834
f 9835/9835 9836/9836 9837/9837
f 9838/9838 9839/9839 9840/9840
f 9841/9841 9842/9842 9843/9843
f 9844/9844 9845/9845 9846/9846
f 9847/9847 9848/9848 9849/9849
f 9850/9850 9851/9851 9852/9852
f 9853/9853 9854/9854 9855/9855
f 9856/9856 9857/9857 9858/9858
f 9859/9859 9860/9860 9861/9861
f 9862/9862 9863/9863 9864/9864
f 9865/9865 9866/9866 9867/9867
f 9868/9868 9869/9869 9870/9870
f 9871/9871 9872/9872 9873/9873
f 9874/9874 9875/9875 9876/9876
f 9877/9877 9878/9878 9879/9879
f 9880/9880 9881/9881 9882/9882
f 9883/9883 9884/9884 9885/9885
f 9886/9886 9887/9887 9888/9888
f 9889/9889 9890/9890 9891/9891
f 9892/9892 9893/9893 9894/9894
f 9895/9895 9896/9896 9897/9897
f 9898/9898 9899/9899 9900/9900
f 9901/9901 9902/9902 9903/9903
f 9904/9904 9905/9905 9906/9906
f 9907/9907 9908/9908 9909/9909
f 9910/9910 9911/9911 9912/9912
f 9913/9913 9914/9914 9915/9915
f 9916/9916 9917/9917 9918/9918
f 9919/9919 9920/9920 9921/9921
f 9922/9922 9923/9923 9924/9924
f 9925/9925 9926/9926 9927/9927
f 9928/9928 9929/9929 9930/9930
f 9931/9931 9932/9932 9933/9933
f 9934/9934 9935/9935 9936/9936
f 9937/9937 9938/9938 9939/9939
f 9940/9940 9941/9941 9942/9942
f 9943/9943 9944/9944 9945/9945
f 9946/9946 9947/9947 9948/9948
f 9949/9949 9950/9950 9951/9951
f 9952/9952 9953/9953 9954/9954
f 9955/9955 9956/9956 9957/9957
f 9958/9958 9959/9959 9960/9960
f 9961/9961 9962/9962 9963/9963
f 9964/9964 9965/9965 9966/9966
f 9967/9967 9968/9968 9969/9969
f 9970/9970 9971/9971 9972/9972
f 9973/9973 9974/9974 9975/9975
f 9976/9976 9977/9977 9978/9978
f 9979/9979 9980/9980 9981/9981
f 9982/9982 9983/9983 9984/9984
f 9985/9985 9986/9986 9987/9987
f 9988/9988 9989/9989 9990/9990
f 9991/9991 9992/9992 9993/9993
f 9994/9994 9995/9995 9996/9996
f 9997/9997 9998/9998 9999/9999
f 10000/10000 10001/10001 10002/10002
f 10003/10003 10004/10004 10005/10005
f 10006/10006 10007/10007 10008/10008
f 10009/10009 10010/10010 10011/10011
f 10012/10012 10013/10013 10014/10014
f 10015/10015 10016/10016 10017/10017
f 10018/10018 10019/10019 10020/10020
f 10021/10021 10022/10022 10023/10023
f 10024/10024 10025/10025 10026/10026
f 10027/10027 10028/10028 10029/10029
f 10030/10030 10031/10031 10032/10032
f 10033/10033 10034/10034 10035/10035
f 10036/10036 10037/10037 10038/10038
f 10039/10039 10040/10040 10041/10041
f 10042/10042 10043/10043 10044/10044
f 10045/10045 10046/10046 10047/10047
f 10048/10048 10049/10049 10050/10050
f 10051/10051 10052/10052 10053/10053
f 10054/10054 10055/10055 10056/10056
f 10057/10057 10058/10058 10059/10059
f 10060/10060 10061/10061 10062/10062
f 10063/10063 10064/10064 10065/10065
f 10066/10066 10067/10067 10068/10068
f 10069/10069 10070/10070 10071/10071
f 10072/10072 10073/10073 10074/10074
f 10075/10075 10076/10076 10077/10077
f 10078/10078 10079/10079 10080/10080
f 10081/10081 10082/10082 10083/10083
f 10084/10084 10085/10085 10086/10086
f 10087/10087 10088/10088 10089/10089
f 10090/10090 10091/10091 10092/10092
f 10093/10093 10094/10094 10095/10095
f 10096/10096 10097/10097 10098/10098
f 10099/10099 10100/10100 10101/10101
f 10102/10102 10103/10103 10104/10104
f 10105/10105 10106/10106 10107/10107
f 10108/10108 10109/10109 10110/10110
f 10111/10111 10112/10112 10113/10113
f 10114/10114 10115/10115 10116/10116
f 10117/10117 10118/10118 10119/10119
f 10120/10120 10121/10121 10122/10122
f 10123/10123 10124/10124 10125/10125
f 10126/10126 10127/10127 10128/10128
f 10129/10129 10130/10130 10131/10131
f 10132/10132 10133/10133 10134/10134
f 10135/10135 10136/10136 10137/10137
f 10138/10138 10139/10139 10140/10140
f 10141/10141 10142/10142 10143/10143
f 10144/10144 10145/10145 10146/10146
f 10147/10147 10148/10148 10149/10149
f 10150/10150 10151/10151 10152/10152
f 10153/10153 10154/10154 10155/10155
f 10156/10156 10157/10157 10158/10158
f 10159/10159 10160/10160 10161/10161
f 10162/10162 10163/10163 10164/10164
f 10165/10165 10166/10166 10167/10167
f 10168/10168 10169/10169 10170/10170
f 10171/10171 10172/10172 10173/10173
f 10174/10174 10175/10175 10176/10176
f 10177/10177 10178/10178 10179/10179
f 10180/10180 10181/10181 10182/10182
f 10183/10183 10184/10184 10185/10185
f 10186/10186 10187/10187 10188/10188
f 10189/10189 10190/10190 10191/10191
f 10192/10192 10193/10193 10194/10194
f 10195/10195 10196/10196 10197/10197
f 10198/10198 10199/10199 10200/10200
f 10201/10201 10202/10202 10203/10203
f 10204/10204 10205/10205 10206/10206
f 10207/10207 10208/10208 10209/10209
f 10210/10210 10211/10211 10212/10212
f 10213/10213 10214/10214 10215/10215
f 10216/10216 10217/10217 10218/10218
f 10219/10219 10220/10220 10221/10221
f 10222/10222 10223/10223 10224/10224
f 10225/10225 10226/10226 10227/10227
f 10228/10228 10229/10229 10230/10230
f 10231/10231 10232/10232 10233/10233
f 10234/10234 10235/10235 10236/10236
f 10237/10237 10238/10238 10239/10239
f 10240/10240 10241/10241 10242/10242
f 10243/10243 10244/10244 10245/10245
f 10246/10246 10247/10247 10248/10248
f 10249/10249 10250/10250 10251/10251
f 10252/10252 10253/10253 10254/10254
f 10255/10255 10256/10256 10257/10257
f 10258/10258 10259/10259 10260/10260
f 10261/10261 10262/10262 10263/10263
f 10264/10264 10265/10265 10266/10266
f 10267/10267 10268/10268 10269/10269
f 10270/10270 10271/10271 10272/10272
f 10273/10273 10274/10274 10275/10275

g
